row_index,molecule_chembl_id,consensus_label,smiles,scaffold,true_label,pred_label,p_active,error_type
34,CHEMBL1084804,active_single,O=C(Cc1ccccc1-c1cccc(Cl)c1)NC1CCNCC1,O=C(Cc1ccccc1-c1ccccc1)NC1CCNCC1,1,1,0.7112384891550534,OK
35,CHEMBL1084805,active_single,CN(C(=O)Cc1ccccc1-c1cccc(Cl)c1)C1CCNCC1,O=C(Cc1ccccc1-c1ccccc1)NC1CCNCC1,1,1,0.8881346919890786,OK
48,CHEMBL1180285,active_single,CCN1CCC(c2ccccc2)=C(C(=O)OCCc2ccc(C)cc2)C1,O=C(OCCc1ccccc1)C1=C(c2ccccc2)CCNC1,1,0,0.37758297688914755,FN
68,CHEMBL120119,active_single,CCN1CCC(c2ccccc2)=C(C(=O)OCCc2ccc(C)cc2)C1.O=C(O)C(=O)O,O=C(OCCc1ccccc1)C1=C(c2ccccc2)CCNC1,1,0,0.4132259300609032,FN
76,CHEMBL121520,active_single,CCN1CCC(c2ccccc2)=C(C(=O)OCC2CCCCC2)C1.O=C(O)C(=O)O,O=C(OCC1CCCCC1)C1=C(c2ccccc2)CCNC1,1,1,0.9897539096881252,OK
78,CHEMBL123099,inactive_single,CCN1CCC(c2ccccc2)=C(C(=O)OCCc2ccc(OC)cc2)C1.O=C(O)C(=O)O,O=C(OCCc1ccccc1)C1=C(c2ccccc2)CCNC1,0,1,0.7391883493504455,FP
110,CHEMBL1424807,inactive_single,Clc1cccc(N2CCNCC2)c1Cl,c1ccc(N2CCNCC2)cc1,0,0,0.16557511453383814,OK
152,CHEMBL1632158,inactive_single,COC(=O)CCCCCN1CCC(CNC(=O)c2c3n(c4ccccc24)CCCO3)CC1,O=C(NCC1CCNCC1)c1c2n(c3ccccc13)CCCO2,0,1,0.7395915675361613,FP
153,CHEMBL1632174,inactive_single,O=C(O)CCCCCN1CCC(CNC(=O)c2c3n(c4ccccc24)CCCO3)CC1,O=C(NCC1CCNCC1)c1c2n(c3ccccc13)CCCO2,0,1,0.7871310674122359,FP
185,CHEMBL1683933,active_single,O=C(Nc1ccccc1-c1ccccc1)OC1CCN(CCCCCCCCNC[C@H](O)c2ccc(O)c3[nH]c(=O)ccc23)CC1,O=C(Nc1ccccc1-c1ccccc1)OC1CCN(CCCCCCCCNCCc2cccc3[nH]c(=O)ccc23)CC1,1,1,0.9999351466539367,OK
207,CHEMBL1773263,active_single,CC(C)N(CC[C@H](c1ccccc1)c1cc(CCCNC(=O)CCCCCCCCCCNC[C@H](O)c2ccc(O)c(NS(C)(=O)=O)c2)ccc1O)C(C)C,O=C(CCCCCCCCCCNCCc1ccccc1)NCCCc1cccc(Cc2ccccc2)c1,1,1,0.9997897265024964,OK
236,CHEMBL1779133,active_single,O=C(O[C@H]1C[N+]2(CCOc3ccccc3)CCC1CC2)N(Cc1ccsc1)c1ccccc1.[Br-],O=C(OC1C[N+]2(CCOc3ccccc3)CCC1CC2)N(Cc1ccsc1)c1ccccc1,1,1,0.9995965060548315,OK
238,CHEMBL1779135,active_single,CCCCN(C(=O)O[C@H]1C[N+]2(CCCc3ccccc3)CCC1CC2)c1ccccc1.[Br-],O=C(Nc1ccccc1)OC1C[N+]2(CCCc3ccccc3)CCC1CC2,1,1,0.999299421463072,OK
245,CHEMBL1802360,inactive_single,O=c1[nH]c2ccccc2n1C1CCN(CCCOc2ccc(F)cc2)CC1,O=c1[nH]c2ccccc2n1C1CCN(CCCOc2ccccc2)CC1,0,0,0.14809600682216764,OK
251,CHEMBL1900528,active_single,C[N+]1(C)[C@@H]2C[C@@H](OC(=O)C(O)(c3cccs3)c3cccs3)C[C@H]1[C@@H]1O[C@@H]12,O=C(OC1CC2[NH2+]C(C1)C1OC21)C(c1cccs1)c1cccs1,1,1,0.993691409126378,OK
276,CHEMBL1916224,inactive_single,CCOC(=O)N1CCC(N2CCC[C@@H](NC(=O)c3ccccc3C)C2)CC1,O=C(NC1CCCN(C2CCNCC2)C1)c1ccccc1,0,0,0.057895472344582775,OK
282,CHEMBL1921908,active_single,C[C@@](C(=O)O[C@H]1C[N+]2(CCc3ccc(Cl)s3)CCC1CC2)(c1ccccc1)N1CCCCC1,O=C(OC1C[N+]2(CCc3cccs3)CCC1CC2)C(c1ccccc1)N1CCCCC1,1,1,0.999584413596253,OK
283,CHEMBL1921909,active_single,Cc1ccc(CC[N+]23CCC(CC2)[C@@H](OC(=O)[C@](C)(c2ccccc2)N2CCCCC2)C3)s1,O=C(OC1C[N+]2(CCc3cccs3)CCC1CC2)C(c1ccccc1)N1CCCCC1,1,1,0.9993455879304697,OK
322,CHEMBL1922049,active_single,C[C@@](C(=O)O[C@H]1C[N+]2(CC(=O)Nc3cccnn3)CCC1CC2)(c1ccccc1)N1CCCCC1,O=C(C[N+]12CCC(CC1)C(OC(=O)C(c1ccccc1)N1CCCCC1)C2)Nc1cccnn1,1,1,0.9954674357421814,OK
335,CHEMBL1924028,active_single,CC(C(=O)OC1CC[N+](C)(C)CC1)(c1ccccc1)N1CCCC1,O=C(OC1CC[NH2+]CC1)C(c1ccccc1)N1CCCC1,1,1,0.9858156941253126,OK
367,CHEMBL1983100,inactive_single,O=C(CN1CCNCC1)NC1CCCCC1,O=C(CN1CCNCC1)NC1CCCCC1,0,0,0.3306816804185188,OK
370,CHEMBL200171,active_single,CO[C@]1(C#C[C@@](O)(c2ccccc2)c2cccnc2)CN2CCC1CC2,C(#CC1CN2CCC1CC2)C(c1ccccc1)c1cccnc1,1,1,0.9133264199975074,OK
375,CHEMBL200319,active_single,COC1(C#CC(O)(c2ccccc2)c2cccnc2)CN2CCC1CC2,C(#CC1CN2CCC1CC2)C(c1ccccc1)c1cccnc1,1,1,0.9039944443653392,OK
391,CHEMBL2021997,active_single,C[N@+]1(CCCOCc2ccccc2)C2CCC1C[C@@H](CC(C#N)(c1ccccc1)c1ccccc1)C2.[Br-],c1ccc(COCCC[NH+]2C3CCC2CC(CC(c2ccccc2)c2ccccc2)C3)cc1,1,1,0.9868472556726853,OK
426,CHEMBL205841,active_single,Cc1c(NC2CC2)nc(C2CCCC2)nc1N1CCCCCC1,c1c(NC2CC2)nc(C2CCCC2)nc1N1CCCCCC1,1,1,0.9938491242681113,OK
429,CHEMBL205976,active_single,Cc1c(NC2CC2)nc(C2CC2)nc1N1CC2CCC(C2)C1,c1c(NC2CC2)nc(C2CC2)nc1N1CC2CCC(C2)C1,1,1,0.9862327275021332,OK
438,CHEMBL207816,active_single,C1CCCN(c2nc(C3CC3)nc3c2CCCCN3)CC1,C1CCCN(c2nc(C3CC3)nc3c2CCCCN3)CC1,1,1,0.9576258962194147,OK
458,CHEMBL2112955,active_single,O=C(CCNC(=O)CNC(=O)CC(c1ccccc1)(c1ccccc1)c1ccccc1)NC[C@H]1CCCN(CC2CCCCC2)C1,O=C(CCNC(=O)CNC(=O)CC(c1ccccc1)(c1ccccc1)c1ccccc1)NCC1CCCN(CC2CCCCC2)C1,1,1,0.9933737788793031,OK
491,CHEMBL21731,active,CNCCCC12CCC(c3ccccc31)c1ccccc12,c1ccc2c(c1)C1CCC2c2ccccc21,1,0,0.4015722943471663,FN
545,CHEMBL222860,active_single,O=C1NC(c2cccs2)(c2cccs2)CN1C1CCN(Cc2ccccc2)CC1,O=C1NC(c2cccs2)(c2cccs2)CN1C1CCN(Cc2ccccc2)CC1,1,1,0.9973859137068608,OK
565,CHEMBL2311547,inactive_single,COc1ccc(CCOC(=O)C2=C(c3cccc(F)c3)CCN(C)C2)cc1OC,O=C(OCCc1ccccc1)C1=C(c2ccccc2)CCNC1,0,0,0.18544202186371475,OK
566,CHEMBL2312346,inactive,COc1ccc(CCOC(=O)C2=C(c3ccccc3)CCN(C)C2)cc1OC,O=C(OCCc1ccccc1)C1=C(c2ccccc2)CCNC1,0,0,0.2599220197447599,OK
609,CHEMBL2391367,inactive_single,CCC(=O)N1CCN(CC(=O)NC2CCCCC2)CC1,O=C(CN1CCNCC1)NC1CCCCC1,0,0,0.05200986684006178,OK
629,CHEMBL2441760,inactive_single,CN1CCC[C@H]1[C@@H]1COC(=O)N1,O=C1NC(C2CCCN2)CO1,0,0,0.056644655006044285,OK
630,CHEMBL2441761,inactive_single,CN1CCC[C@H]1[C@H]1COC(=O)N1,O=C1NC(C2CCCN2)CO1,0,0,0.10651966566272913,OK
641,CHEMBL262198,active_single,CCN1CCC(c2ccccc2)=C(C(=O)OCCc2ccccc2)C1.O=C(O)C(=O)O,O=C(OCCc1ccccc1)C1=C(c2ccccc2)CCNC1,1,0,0.6252871316318027,FN
643,CHEMBL264414,active_single,CO[C@]1(C#C[C@@](O)(c2ccccc2)C2CCCCCC2)CN2CCC1CC2,C(#CC(c1ccccc1)C1CCCCCC1)C1CN2CCC1CC2,1,1,0.9993349920133735,OK
672,CHEMBL287671,inactive_single,c1ccc(-c2ccc(N3CCN(Cc4c[nH]c5ncccc45)CC3)cc2)cc1,c1ccc(-c2ccc(N3CCN(Cc4c[nH]c5ncccc45)CC3)cc2)cc1,0,0,0.061319323543252986,OK
683,CHEMBL302145,active_single,NCc1cccc(NC(=O)[C@](O)(c2ccccc2)[C@@H]2CCC(F)(F)C2)c1,O=C(Nc1ccccc1)C(c1ccccc1)C1CCCC1,1,1,0.9829630011328222,OK
687,CHEMBL305660,active,CC(C)(C)c1ccc(C(=O)CCCN2CCC(OC(c3ccccc3)c3ccccc3)CC2)cc1,O=C(CCCN1CCC(OC(c2ccccc2)c2ccccc2)CC1)c1ccccc1,1,1,0.9928354831703369,OK
693,CHEMBL3084395,active_single,CN1[C@@H]2CC[C@H]1C[C@@H](CC(O)(c1ccccc1)c1ccccn1)C2,c1ccc(C(CC2CC3CCC(C2)N3)c2ccccn2)cc1,1,1,0.9705454618646268,OK
695,CHEMBL3084397,active_single,CCC(O)(C[C@H]1C[C@H]2CC[C@@H](C1)N2C)c1ccccc1,c1ccc(CCC2CC3CCC(C2)N3)cc1,1,1,0.9448810507027887,OK
742,CHEMBL3085060,active_single,C[N+]1(C)[C@@H]2CC[C@H]1C[C@@H](OC(=O)N(Cc1ccsc1)c1ccccc1)C2.[Br-],O=C(OC1CC2CCC(C1)[NH2+]2)N(Cc1ccsc1)c1ccccc1,1,1,0.9990477831152567,OK
762,CHEMBL3085091,active_single,CN1[C@@H]2CC[C@H]1C[C@H](OC(=O)N(Cc1ccsc1)c1ccsc1)C2,O=C(OC1CC2CCC(C1)N2)N(Cc1ccsc1)c1ccsc1,1,1,0.9995429324990214,OK
767,CHEMBL3087230,active_single,O=C(O[C@H]1C[N+]2(CCCc3ccncc3)CCC1CC2)C1(c2cccs2)CCCCCC1,O=C(OC1C[N+]2(CCCc3ccncc3)CCC1CC2)C1(c2cccs2)CCCCCC1,1,1,0.9972239294344776,OK
791,CHEMBL3087369,active_single,O=C(C[N+]12CCC(CC1)[C@@H](OC(=O)C1(C3=CC=CC3)CCCCCC1)C2)Nc1cnccn1,O=C(C[N+]12CCC(CC1)C(OC(=O)C1(C3=CC=CC3)CCCCCC1)C2)Nc1cnccn1,1,1,0.9950726146175389,OK
804,CHEMBL3087947,active_single,Cc1cnc(NC(=O)C[N+]23CCC(CC2)[C@@H](OC(=O)C2(C4=CC=CC4)CCCCCC2)C3)cn1,O=C(C[N+]12CCC(CC1)C(OC(=O)C1(C3=CC=CC3)CCCCCC1)C2)Nc1cnccn1,1,1,0.997773460549071,OK
805,CHEMBL3087948,active_single,Cc1cncc(NC(=O)C[N+]23CCC(CC2)[C@@H](OC(=O)C2(C4=CC=CC4)CCCCCC2)C3)n1,O=C(C[N+]12CCC(CC1)C(OC(=O)C1(C3=CC=CC3)CCCCCC1)C2)Nc1cnccn1,1,1,0.9965730352937682,OK
806,CHEMBL3087949,active_single,O=C(C[N+]12CCC(CC1)[C@@H](OC(=O)C1(C3=CC=CC3)CCCCCC1)C2)Nc1cncc(Cl)n1,O=C(C[N+]12CCC(CC1)C(OC(=O)C1(C3=CC=CC3)CCCCCC1)C2)Nc1cnccn1,1,1,0.998422668061697,OK
812,CHEMBL3087955,active_single,O=C(O[C@H]1C[N+]2(Cc3ccn(-c4ccccc4)n3)CCC1CC2)C1(C2=CC=CC2)CCCCCC1,O=C(OC1C[N+]2(Cc3ccn(-c4ccccc4)n3)CCC1CC2)C1(C2=CC=CC2)CCCCCC1,1,1,0.9990733595415117,OK
831,CHEMBL308924,inactive,CCO/C(O)=C1CN2CC(CCC2CN(C)C)C1=O,C=C1CN2CCCC(C2)C1=O,0,0,0.18511165967360138,OK
833,CHEMBL3091665,active_single,CC(C(=O)O[C@H]1C[C@@H]2[C@H]3O[C@H]3[C@H](C1)[N+]2(C)C)(c1cccs1)c1cccs1.[Br-],O=C(OC1CC2[NH2+]C(C1)C1OC21)C(c1cccs1)c1cccs1,1,1,0.9426404918458273,OK
834,CHEMBL3091666,active_single,COC(C(=O)O[C@H]1C[C@@H]2[C@H]3O[C@H]3[C@H](C1)[N+]2(C)C)(c1cccs1)c1cccs1.[Br-],O=C(OC1CC2[NH2+]C(C1)C1OC21)C(c1cccs1)c1cccs1,1,1,0.985175180718441,OK
838,CHEMBL3091670,active_single,C[N+]1(C)[C@@H]2C[C@H](OC(=O)C(CO)(c3cccs3)c3cccs3)C[C@H]1[C@@H]1O[C@@H]12.[Br-],O=C(OC1CC2[NH2+]C(C1)C1OC21)C(c1cccs1)c1cccs1,1,1,0.9712543205452048,OK
906,CHEMBL3354072,inactive_single,O=C1CCc2ccccc2N1CCCN1CCC(CCCO)CC1,O=C1CCc2ccccc2N1CCCN1CCCCC1,0,0,0.18076390819684646,OK
907,CHEMBL3354075,active_single,O=C1CCc2ccccc2N1CCCN1CCC(CCCCCCCCCO)CC1,O=C1CCc2ccccc2N1CCCN1CCCCC1,1,1,0.7263380350419384,OK
917,CHEMBL3401646,active_single,O=C(N[C@H]1CN2CCC1CC2)C1c2ccccc2Oc2ccccc21,O=C(NC1CN2CCC1CC2)C1c2ccccc2Oc2ccccc21,1,0,0.3137004915117184,FN
918,CHEMBL3401647,active_single,CN(C(=O)C1c2ccccc2Oc2ccccc21)[C@H]1CN2CCC1CC2,O=C(NC1CN2CCC1CC2)C1c2ccccc2Oc2ccccc21,1,0,0.6538730551696108,FN
939,CHEMBL3426697,active_single,O=C(CCN1CCC(OC(=O)Nc2ccccc2-c2ccccc2)CC1)NCCCCCNC[C@H](O)c1ccc(O)c2[nH]c(=O)ccc12,O=C(CCN1CCC(OC(=O)Nc2ccccc2-c2ccccc2)CC1)NCCCCCNCCc1cccc2[nH]c(=O)ccc12,1,1,0.9989951511841627,OK
955,CHEMBL345985,active_single,O=C(NC1CCN(CC2CCCC2)CC1)C(O)(c1ccccc1)C1CCCC1,O=C(NC1CCN(CC2CCCC2)CC1)C(c1ccccc1)C1CCCC1,1,1,0.9736739032979869,OK
961,CHEMBL3545181,active,C[N+]1(C)[C@@H]2C[C@@H](OC(=O)C(O)(c3cccs3)c3cccs3)C[C@H]1[C@@H]1O[C@@H]12.O.[Br-],O=C(OC1CC2[NH2+]C(C1)C1OC21)C(c1cccs1)c1cccs1,1,1,0.9602550385134023,OK
1032,CHEMBL3645318,active,CC(Cc1ccc(CC(=O)Nc2cccc(N(C)C(=O)CCN3CCC(OC(=O)Nc4ccccc4-c4ccccc4)CC3)c2)cc1)NC[C@H](O)c1ccc(O)c2[nH]c(=O)ccc12,O=C(CCN1CCC(OC(=O)Nc2ccccc2-c2ccccc2)CC1)Nc1cccc(NC(=O)Cc2ccc(CCNCCc3cccc4[nH]c(=O)ccc34)cc2)c1,1,1,0.9999178393473392,OK
1053,CHEMBL3645339,active,CN(C(=O)CCN1CCC(OC(=O)Nc2ccccc2-c2ccccc2)CC1)c1ccc(CNC(=O)Cc2ccc(CNC[C@H](O)c3ccc(O)c4[nH]c(=O)ccc34)cc2)cc1,O=C(Cc1ccc(CNCCc2cccc3[nH]c(=O)ccc23)cc1)NCc1ccc(NC(=O)CCN2CCC(OC(=O)Nc3ccccc3-c3ccccc3)CC2)cc1,1,1,0.9999731072743012,OK
1067,CHEMBL3645353,active,CC(Cc1cccc(CCC(=O)NCc2ccc(N(C)C(=O)CCN3CCC(OC(=O)Nc4ccccc4-c4ccccc4)CC3)cc2)c1)NC[C@H](O)c1ccc(O)c2[nH]c(=O)ccc12,O=C(CCc1cccc(CCNCCc2cccc3[nH]c(=O)ccc23)c1)NCc1ccc(NC(=O)CCN2CCC(OC(=O)Nc3ccccc3-c3ccccc3)CC2)cc1,1,1,0.9999223762332212,OK
1068,CHEMBL3645354,active,C[C@H](Cc1cccc(CCC(=O)NCc2ccc(N(C)C(=O)CCN3CCC(OC(=O)Nc4ccccc4-c4ccccc4)CC3)cc2)c1)NC[C@H](O)c1ccc(O)c2[nH]c(=O)ccc12,O=C(CCc1cccc(CCNCCc2cccc3[nH]c(=O)ccc23)c1)NCc1ccc(NC(=O)CCN2CCC(OC(=O)Nc3ccccc3-c3ccccc3)CC2)cc1,1,1,0.9999433655842055,OK
1069,CHEMBL3645355,active,C[C@@H](Cc1cccc(CCC(=O)NCc2ccc(N(C)C(=O)CCN3CCC(OC(=O)Nc4ccccc4-c4ccccc4)CC3)cc2)c1)NC[C@H](O)c1ccc(O)c2[nH]c(=O)ccc12,O=C(CCc1cccc(CCNCCc2cccc3[nH]c(=O)ccc23)c1)NCc1ccc(NC(=O)CCN2CCC(OC(=O)Nc3ccccc3-c3ccccc3)CC2)cc1,1,1,0.9999234490341218,OK
1089,CHEMBL370862,active_single,COC1(C#CC(O)(c2ccccn2)C2CCCC2)CN2CCC1CC2,C(#CC(c1ccccn1)C1CCCC1)C1CN2CCC1CC2,1,1,0.9956120627901768,OK
1092,CHEMBL372566,active_single,CO[C@]1(C#C[C@](O)(c2ccccc2)c2cccnc2)CN2CCC1CC2,C(#CC1CN2CCC1CC2)C(c1ccccc1)c1cccnc1,1,1,0.9133264199975074,OK
1096,CHEMBL373888,active_single,COc1nsnc1OCCOCCOc1nsnc1C1=CCCN(C)C1,C1=C(c2nsnc2OCCOCCOc2cnsn2)CNCC1,1,1,0.9781973483240889,OK
1104,CHEMBL375420,active_single,Cc1cccc(CN2CCC(N3CC(c4cccs4)(c4cccs4)NC3=O)CC2)c1,O=C1NC(c2cccs2)(c2cccs2)CN1C1CCN(Cc2ccccc2)CC1,1,1,0.993888251566415,OK
1111,CHEMBL376781,active_single,O=C1NC(c2cccs2)(c2cccs2)CN1C1CCN(Cc2cccc(F)c2)CC1,O=C1NC(c2cccs2)(c2cccs2)CN1C1CCN(Cc2ccccc2)CC1,1,1,0.9945848297740714,OK
1140,CHEMBL382213,active_single,COC1(C#CC(O)(c2ccccc2)c2cccnc2F)CN2CCC1CC2,C(#CC1CN2CCC1CC2)C(c1ccccc1)c1cccnc1,1,1,0.9578068702222153,OK
1168,CHEMBL3916700,active_single,COc1cc(NC(=O)OCCN(C)[C@H]2CC[C@H](OC(=O)C(O)(c3cccs3)c3cccs3)CC2)c(Cl)cc1CNC[C@H](O)c1ccc(O)c2[nH]c(=O)ccc12,O=C(Nc1ccc(CNCCc2cccc3[nH]c(=O)ccc23)cc1)OCCNC1CCC(OC(=O)C(c2cccs2)c2cccs2)CC1,1,1,0.9999269633337953,OK
1171,CHEMBL3920279,active_single,O=C(O[C@H]1C[N+]2(CCCCc3ccccc3)CCC1CC2)C1c2ccccc2Oc2ccccc21,O=C(OC1C[N+]2(CCCCc3ccccc3)CCC1CC2)C1c2ccccc2Oc2ccccc21,1,1,0.9970503213870456,OK
1178,CHEMBL3933797,active_single,O=C(O[C@H]1C[N+]2(CCCc3cccs3)CCC1CC2)C1(O)c2ccccc2Oc2ccccc21,O=C(OC1C[N+]2(CCCc3cccs3)CCC1CC2)C1c2ccccc2Oc2ccccc21,1,1,0.9943571051669639,OK
1182,CHEMBL394255,active_single,CN(C)C1(CNCC=C2CCOCC2)COc2ccccc2OC1,C(CNCC1COc2ccccc2OC1)=C1CCOCC1,1,1,0.9073651243764644,OK
1215,CHEMBL4074104,inactive_single,CC1CCN(CCCN2C(=O)CCc3ccccc32)CC1,O=C1CCc2ccccc2N1CCCN1CCCCC1,0,0,0.17234292292273135,OK
1225,CHEMBL409151,active_single,CO[C@]1(C#C[C@](O)(c2ccccc2)C2CCCCCC2)CN2CCC1CC2,C(#CC(c1ccccc1)C1CCCCCC1)C1CN2CCC1CC2,1,1,0.9986572576275967,OK
1249,CHEMBL415,active,CN(C)CCCN1c2ccccc2CCc2ccc(Cl)cc21,c1ccc2c(c1)CCc1ccccc1N2,1,0,0.37661847163091366,FN
1269,CHEMBL427013,active_single,COC1(C#CC(O)(c2ccccc2)c2ccc(F)nc2)CN2CCC1CC2,C(#CC1CN2CCC1CC2)C(c1ccccc1)c1cccnc1,1,1,0.9835053939200443,OK
1272,CHEMBL4284346,inactive_single,O=C1[C@@H]2[C@H]3CC[C@H](C3)[C@@H]2C(=O)N1CCCCN1CCN(c2cccc3sccc23)CC1,O=C1C2C3CCC(C3)C2C(=O)N1CCCCN1CCN(c2cccc3sccc23)CC1,0,0,0.15249868267507347,OK
1294,CHEMBL4436930,active_single,O=C(OC1C[N+]2(CCCc3cccc(F)c3)CCC1CC2)C(O)(c1ccccc1)c1ccccc1.[Br-],O=C(OC1C[N+]2(CCCc3ccccc3)CCC1CC2)C(c1ccccc1)c1ccccc1,1,1,0.9744900579380419,OK
1298,CHEMBL4441041,active_single,O=C(OC1C[N+]2(CCCc3cccc(C(F)(F)F)c3)CCC1CC2)C(O)(c1ccccc1)c1ccccc1.[Br-],O=C(OC1C[N+]2(CCCc3ccccc3)CCC1CC2)C(c1ccccc1)c1ccccc1,1,1,0.9591145095607594,OK
1304,CHEMBL4448944,active_single,O=C(OC1C[N+]2(CCCc3ccccc3)CCC1CC2)C(O)(c1ccccc1)c1ccccc1.[Br-],O=C(OC1C[N+]2(CCCc3ccccc3)CCC1CC2)C(c1ccccc1)c1ccccc1,1,1,0.9751840500704075,OK
1306,CHEMBL4450188,active_single,O=C(OC1C[N+]2(CCCc3ccc(F)cc3)CCC1CC2)C(O)(c1ccccc1)c1ccccc1.[Br-],O=C(OC1C[N+]2(CCCc3ccccc3)CCC1CC2)C(c1ccccc1)c1ccccc1,1,1,0.950274756999949,OK
1308,CHEMBL4451770,active_single,O=C(OCCc1ccc(Cl)c(Cl)c1)N(c1ccccc1)C1CN2CCC1CC2,O=C(OCCc1ccccc1)N(c1ccccc1)C1CN2CCC1CC2,1,1,0.9851082694013918,OK
1309,CHEMBL4452706,active_single,O=C(OC1C[N+]2(CCCc3cccc(Cl)c3)CCC1CC2)C(O)(c1ccccc1)c1ccccc1.[Br-],O=C(OC1C[N+]2(CCCc3ccccc3)CCC1CC2)C(c1ccccc1)c1ccccc1,1,1,0.9698668943493568,OK
1317,CHEMBL4463636,active_single,Cc1cccc(CCC[N+]23CCC(CC2)C(OC(=O)C(O)(c2ccccc2)c2ccccc2)C3)c1.[Br-],O=C(OC1C[N+]2(CCCc3ccccc3)CCC1CC2)C(c1ccccc1)c1ccccc1,1,1,0.9712832339751599,OK
1320,CHEMBL4470924,active_single,O=C(OC1C[N+]2(CCCc3cccc(Br)c3)CCC1CC2)C(O)(c1ccccc1)c1ccccc1.[Br-],O=C(OC1C[N+]2(CCCc3ccccc3)CCC1CC2)C(c1ccccc1)c1ccccc1,1,1,0.9745156145460524,OK
1326,CHEMBL4483083,active_single,O=C(O[C@H]1C[N+]2(CCCc3ccccc3)CCC1CC2)C(O)(c1ccccc1)c1ccccc1.[Br-],O=C(OC1C[N+]2(CCCc3ccccc3)CCC1CC2)C(c1ccccc1)c1ccccc1,1,1,0.9944763331746937,OK
1328,CHEMBL450463,inactive_single,Cc1ccc([C@@H]2CCCN2C)o1,c1coc(C2CCCN2)c1,0,0,0.4551983601713371,OK
1329,CHEMBL450729,inactive_single,CN1CCC[C@H]1c1ccco1,c1coc(C2CCCN2)c1,0,0,0.23947005190558365,OK
1332,CHEMBL451335,inactive_single,c1coc([C@@H]2CCCN2)c1,c1coc(C2CCCN2)c1,0,0,0.6501574503707275,OK
1333,CHEMBL4514058,active_single,O=C(O[C@@H]1C[N+]2(CCCc3ccccc3)CCC1CC2)C(O)(c1ccccc1)c1ccccc1.[Br-],O=C(OC1C[N+]2(CCCc3ccccc3)CCC1CC2)C(c1ccccc1)c1ccccc1,1,1,0.9863020759080771,OK
1335,CHEMBL4516342,active_single,O=C(OC1C[N+]2(CCCc3ccc(C(F)(F)F)cc3)CCC1CC2)C(O)(c1ccccc1)c1ccccc1.[Br-],O=C(OC1C[N+]2(CCCc3ccccc3)CCC1CC2)C(c1ccccc1)c1ccccc1,1,1,0.9557506819917495,OK
1337,CHEMBL4519930,active_single,O=C(OC1C[N+]2(CCCc3ccc(Cl)cc3)CCC1CC2)C(O)(c1ccccc1)c1ccccc1.[Br-],O=C(OC1C[N+]2(CCCc3ccccc3)CCC1CC2)C(c1ccccc1)c1ccccc1,1,1,0.9837110861734423,OK
1338,CHEMBL4521993,active_single,O=C(OC1C[N+]2(CCCc3ccc(OC(F)(F)F)cc3)CCC1CC2)C(O)(c1ccccc1)c1ccccc1.[Br-],O=C(OC1C[N+]2(CCCc3ccccc3)CCC1CC2)C(c1ccccc1)c1ccccc1,1,1,0.9464290044078346,OK
1341,CHEMBL4539799,active_single,O=C(OC1C[N+]2(CCCc3ccc(Br)cc3)CCC1CC2)C(O)(c1ccccc1)c1ccccc1.[Br-],O=C(OC1C[N+]2(CCCc3ccccc3)CCC1CC2)C(c1ccccc1)c1ccccc1,1,1,0.9668063037998789,OK
1345,CHEMBL4541647,active_single,O=C(OC1C[N+]2(CCCc3cccc(I)c3)CCC1CC2)C(O)(c1ccccc1)c1ccccc1.[Br-],O=C(OC1C[N+]2(CCCc3ccccc3)CCC1CC2)C(c1ccccc1)c1ccccc1,1,1,0.9773692356484298,OK
1348,CHEMBL45454,active_single,C[N+](C)(C)C[C@@H]1CS[C@@](c2ccccc2)(C2CCCCC2)O1.[I-],c1ccc(C2(C3CCCCC3)OCCS2)cc1,1,1,0.9438213734572413,OK
1349,CHEMBL4545504,active_single,COc1ccc(CCC[N+]23CCC(CC2)C(OC(=O)C(O)(c2ccccc2)c2ccccc2)C3)cc1.[Br-],O=C(OC1C[N+]2(CCCc3ccccc3)CCC1CC2)C(c1ccccc1)c1ccccc1,1,1,0.9809074036930894,OK
1358,CHEMBL4571841,active_single,O=C(OCCc1ccccc1)N(c1ccccc1)C1CN2CCC1CC2,O=C(OCCc1ccccc1)N(c1ccccc1)C1CN2CCC1CC2,1,1,0.9859975063081329,OK
1366,CHEMBL458416,inactive_single,Cc1ccc([C@@H]2CCCN2)o1,c1coc(C2CCCN2)c1,0,0,0.4867556517388015,OK
1369,CHEMBL4590868,active_single,Cc1ccc(CCC[N+]23CCC(CC2)C(OC(=O)C(O)(c2ccccc2)c2ccccc2)C3)cc1.[Br-],O=C(OC1C[N+]2(CCCc3ccccc3)CCC1CC2)C(c1ccccc1)c1ccccc1,1,1,0.927356758805743,OK
1372,CHEMBL460470,inactive_single,CN1CCCC1c1ccco1,c1coc(C2CCCN2)c1,0,0,0.28698583223839014,OK
1373,CHEMBL461087,inactive_single,c1coc(C2CCCN2)c1,c1coc(C2CCCN2)c1,0,0,0.6368507197910463,OK
1374,CHEMBL461088,inactive_single,c1coc([C@H]2CCCN2)c1,c1coc(C2CCCN2)c1,0,1,0.7281737245824854,FP
1375,CHEMBL461089,inactive_single,Cc1ccc([C@H]2CCCN2)o1,c1coc(C2CCCN2)c1,0,1,0.7464577604529484,FP
1376,CHEMBL461502,inactive_single,CN1CCC[C@@H]1c1ccco1,c1coc(C2CCCN2)c1,0,0,0.4179631962802247,OK
1377,CHEMBL461709,inactive_single,Cc1ccc([C@H]2CCCN2C)o1,c1coc(C2CCCN2)c1,0,0,0.4204775955066705,OK
1403,CHEMBL4642292,inactive_single,Cc1nccc2c1C(C)(C)Nc1cc(Br)ccc1-2,c1ccc2c(c1)NCc1cnccc1-2,0,0,0.08410685872792219,OK
1426,CHEMBL4650755,active_single,C[N+]1(C)[C@@H]2C[C@H](OC(=O)C(O)(c3cccs3)c3cccs3)C[C@H]1[C@@H]1O[C@@H]12,O=C(OC1CC2[NH2+]C(C1)C1OC21)C(c1cccs1)c1cccs1,1,1,0.993691409126378,OK
1435,CHEMBL4748337,inactive_single,Cn1ccc2c(NC(=O)CCN3CCCc4ccccc43)cccc21,O=C(CCN1CCCc2ccccc21)Nc1cccc2[nH]ccc12,0,0,0.01297728148599156,OK
1462,CHEMBL4778407,active_single,O=C(O[C@@H](Cc1c(Cl)c[n+]([O-])cc1Cl)c1ccc(OC(F)F)c(OCC2CC2)c1)C1CN(C(=O)c2ccc(COc3cccc(CN(C(=O)O[C@H]4CN5CCC4CC5)c4ccccc4)c3)cc2)C1,O=C(OC(Cc1cc[nH+]cc1)c1cccc(OCC2CC2)c1)C1CN(C(=O)c2ccc(COc3cccc(CN(C(=O)OC4CN5CCC4CC5)c4ccccc4)c3)cc2)C1,1,1,0.9999943669588218,OK
1584,CHEMBL495028,active_single,CN1CCN(Cc2cccc(C(=O)NCc3cccc(-c4cccc(CN5CCNCC5)c4)c3)c2)CC1,O=C(NCc1cccc(-c2cccc(CN3CCNCC3)c2)c1)c1cccc(CN2CCNCC2)c1,1,1,0.9677432672108957,OK
1599,CHEMBL505086,inactive_single,Cc1ccc(C2CCCN2)o1,c1coc(C2CCCN2)c1,0,0,0.5588498764135318,OK
1626,CHEMBL5086272,active_single,COc1ccc([C@H](Cc2c(Cl)c[n+]([O-])cc2Cl)OC(=O)c2ccc(CN(C(=O)O[C@H]3CN4CCC3CC4)c3nccs3)s2)cc1OC,O=C(OC(Cc1cc[nH+]cc1)c1ccccc1)c1ccc(CN(C(=O)OC2CN3CCC2CC3)c2nccs2)s1,1,1,0.998002002956906,OK
1637,CHEMBL513277,inactive_single,Cc1ccc(C2CCCN2C)o1,c1coc(C2CCCN2)c1,0,0,0.2974382226999484,OK
1731,CHEMBL5397387,active_single,COc1cc(C(=O)O[C@@H](Cc2c(Cl)c[n+]([O-])cc2Cl)c2ccc(OC)c(OC)c2)ccc1CNC(C(=O)O[C@H]1CN2CCC1CC2)c1ccccc1,O=C(OC(Cc1cc[nH+]cc1)c1ccccc1)c1ccc(CNC(C(=O)OC2CN3CCC2CC3)c2ccccc2)cc1,1,1,0.9998561259527888,OK
1737,CHEMBL5402697,active_single,COc1ccc([C@H](Cc2c(Cl)c[n+]([O-])cc2Cl)OC(=O)c2ccc(CNC(C(=O)O[C@H]3CN4CCC3CC4)c3ccccc3)cc2)cc1OC,O=C(OC(Cc1cc[nH+]cc1)c1ccccc1)c1ccc(CNC(C(=O)OC2CN3CCC2CC3)c2ccccc2)cc1,1,1,0.9999218516875147,OK
1739,CHEMBL540359,active_single,CC(C)OC(=O)c1ccc(NC(=O)N[C@@H](Cc2ccc(O)cc2)C(=O)N[C@H]2CCC[N+](C)(Cc3cccc(O)c3)C2)cc1.[I-],O=C(Nc1ccccc1)NC(Cc1ccccc1)C(=O)NC1CCC[NH+](Cc2ccccc2)C1,1,1,0.992250523148603,OK
1759,CHEMBL5433640,active_single,CCOc1cc(C(=O)O[C@@H](Cc2c(Cl)c[n+]([O-])cc2Cl)c2ccc(OC)c(OC)c2)ccc1CNC(C(=O)O[C@H]1CN2CCC1CC2)c1ccccc1,O=C(OC(Cc1cc[nH+]cc1)c1ccccc1)c1ccc(CNC(C(=O)OC2CN3CCC2CC3)c2ccccc2)cc1,1,1,0.9998058826176346,OK
1763,CHEMBL549577,active_single,O=C(O[C@H]1CN2CCC1CC2)C1c2ccccc2Oc2ccccc21,O=C(OC1CN2CCC1CC2)C1c2ccccc2Oc2ccccc21,1,1,0.956664850776647,OK
1779,CHEMBL5518087,active_single,CN1CCC(COC(=O)[C@](O)(c2ccccc2)c2cccc(OCCCNC(=O)c3ccc(CNC[C@H](O)c4ccc(O)c5[nH]c(=O)ccc45)cc3)c2)CC1,O=C(NCCCOc1cccc(C(C(=O)OCC2CCNCC2)c2ccccc2)c1)c1ccc(CNCCc2cccc3[nH]c(=O)ccc23)cc1,1,1,0.9990334456653868,OK
1780,CHEMBL5523340,active_single,O=C(NCCCCNC[C@H](O)c1ccc(O)c2[nH]c(=O)ccc12)c1ccc(C(=O)N2CCC(C(=O)O[C@H]3CN4CCC3CC4)(c3ccccc3)CC2)cc1,O=C(NCCCCNCCc1cccc2[nH]c(=O)ccc12)c1ccc(C(=O)N2CCC(C(=O)OC3CN4CCC3CC4)(c3ccccc3)CC2)cc1,1,1,0.9964784851385647,OK
1785,CHEMBL5527960,active_single,CCN1CCC(COC(=O)[C@](O)(c2ccccc2)c2cccc(OCCCNC(=O)c3cc(OC)c(CNC[C@H](O)c4ccc(O)c5[nH]c(=O)ccc45)cc3F)c2)CC1.O=C(O)C(F)(F)F.O=C(O)C(F)(F)F,O=C(NCCCOc1cccc(C(C(=O)OCC2CCNCC2)c2ccccc2)c1)c1ccc(CNCCc2cccc3[nH]c(=O)ccc23)cc1,1,1,0.996552258759067,OK
1806,CHEMBL5550055,active_single,O=C(N[C@@H](c1ccccc1)c1cccc(OCc2ccc(C(=O)NCCCNC[C@H](O)c3ccc(O)c4[nH]c(=O)ccc34)cc2)c1)O[C@@H]1CN2CCC1CC2,O=C(NC(c1ccccc1)c1cccc(OCc2ccc(C(=O)NCCCNCCc3cccc4[nH]c(=O)ccc34)cc2)c1)OC1CN2CCC1CC2,1,1,0.9961636383482761,OK
1810,CHEMBL555474,active_single,CCOC(=O)c1ccc(NC(=O)N[C@@H](Cc2ccc(O)cc2)C(=O)N[C@H]2CCC[N+](C)(Cc3ccc(F)cc3)C2)cc1.[I-],O=C(Nc1ccccc1)NC(Cc1ccccc1)C(=O)NC1CCC[NH+](Cc2ccccc2)C1,1,1,0.9308218434407949,OK
1836,CHEMBL5558825,active_single,O=C(NCCCOc1cccc([C@](O)(C(=O)OCC2CCN(C3CCCC3)CC2)c2ccccc2)c1)c1ccc(CNC[C@H](O)c2ccc(O)c3[nH]c(=O)ccc23)cc1,O=C(NCCCOc1cccc(C(C(=O)OCC2CCN(C3CCCC3)CC2)c2ccccc2)c1)c1ccc(CNCCc2cccc3[nH]c(=O)ccc23)cc1,1,1,0.9987084609444628,OK
1837,CHEMBL5559208,active_single,O=C(OCC1CCN(Cc2ccccc2)CC1)C(O)(c1ccccc1)c1ccccc1,O=C(OCC1CCN(Cc2ccccc2)CC1)C(c1ccccc1)c1ccccc1,1,1,0.9978880329083991,OK
1868,CHEMBL5639729,active_single,CN1CCC(Oc2nc3ccccc3n2-c2ccccc2)CC1,c1ccc(-n2c(OC3CCNCC3)nc3ccccc32)cc1,1,1,0.8395359766071746,OK
1881,CHEMBL569270,inactive_single,CNc1cc(-c2csc(N(C)C(=O)c3ccc(F)cc3)n2)ncn1,O=C(Nc1nc(-c2ccncn2)cs1)c1ccccc1,0,0,0.36533434668440634,OK
1887,CHEMBL571121,active_single,CN1CCC[C@@H]1c1ccc([C@](O)(c2ccccc2)C2CCCCC2)o1,c1ccc(C(c2ccc(C3CCCN3)o2)C2CCCCC2)cc1,1,1,0.9876192783738345,OK
1889,CHEMBL571341,active_single,CN1CCC[C@H]1c1ccc([C@](O)(c2ccccc2)C2CCCCC2)o1,c1ccc(C(c2ccc(C3CCCN3)o2)C2CCCCC2)cc1,1,1,0.9892312676774172,OK
1898,CHEMBL5756333,active_single,CN1CCCC1CCOC(=O)Nc1ccc(F)cc1-c1ccc(F)cc1,O=C(Nc1ccccc1-c1ccccc1)OCCC1CCCN1,1,1,0.9284459761102213,OK
1899,CHEMBL5757795,active_single,CN1CCCC1CCOC(=O)Nc1ccc(F)cc1-c1ccc(Cl)c(F)c1,O=C(Nc1ccccc1-c1ccccc1)OCCC1CCCN1,1,1,0.9219381355021138,OK
1902,CHEMBL5762077,active_single,CN1CCCC1CCOC(=O)Nc1ccccc1-c1ccccc1F,O=C(Nc1ccccc1-c1ccccc1)OCCC1CCCN1,1,1,0.9809682129629348,OK
1906,CHEMBL5764725,active_single,CN1CCCC1CCOC(=O)Nc1ccccc1-c1cccc(O)c1,O=C(Nc1ccccc1-c1ccccc1)OCCC1CCCN1,1,1,0.9836026102878891,OK
1911,CHEMBL576707,active_single,CN1CCCC1c1ccc(C(c2ccccc2)C2CCCCC2)o1,c1ccc(C(c2ccc(C3CCCN3)o2)C2CCCCC2)cc1,1,1,0.9929572798416963,OK
1913,CHEMBL5768559,active_single,CN1CCCC1CCOC(=O)Nc1ccc(F)cc1-c1cccc(N)c1,O=C(Nc1ccccc1-c1ccccc1)OCCC1CCCN1,1,1,0.8782087502929926,OK
1921,CHEMBL5774078,active_single,CN1CCCC1CCOC(=O)Nc1ccccc1-c1cc(F)c(F)c(F)c1,O=C(Nc1ccccc1-c1ccccc1)OCCC1CCCN1,1,1,0.96990577432884,OK
1922,CHEMBL5776594,active_single,CN1CCCC1CCOC(=O)Nc1ccc(F)cc1-c1ccc(F)c(Cl)c1,O=C(Nc1ccccc1-c1ccccc1)OCCC1CCCN1,1,1,0.941228371286957,OK
1927,CHEMBL5780376,active_single,CN1CCCC1CCOC(=O)Nc1ccc(F)cc1-c1cc(F)cc(Cl)c1,O=C(Nc1ccccc1-c1ccccc1)OCCC1CCCN1,1,1,0.9393924952696495,OK
1929,CHEMBL5781612,active_single,Cc1ccc(-c2cc(F)ccc2NC(=O)OCCC2CCCN2C)cc1C,O=C(Nc1ccccc1-c1ccccc1)OCCC1CCCN1,1,1,0.9101395590788258,OK
1933,CHEMBL5788508,inactive_single,Cc1ccc(Cl)c2[nH]c3c(C(=O)O)ccc(F)c3c12,c1ccc2c(c1)[nH]c1ccccc12,0,0,0.09970176202281854,OK
1935,CHEMBL5790426,active_single,CN1CCCC1CCOC(=O)Nc1ccc(C(F)(F)F)cc1-c1cccc(F)c1,O=C(Nc1ccccc1-c1ccccc1)OCCC1CCCN1,1,1,0.9630599004381658,OK
1941,CHEMBL5797563,active_single,CN1CCCC1CCOC(=O)Nc1ccccc1-c1cccc(F)c1F,O=C(Nc1ccccc1-c1ccccc1)OCCC1CCCN1,1,1,0.9743798370513701,OK
1944,CHEMBL5801760,active_single,CN1CCCC1CCOC(=O)Nc1ccc(CO)cc1-c1cccc(F)c1,O=C(Nc1ccccc1-c1ccccc1)OCCC1CCCN1,1,1,0.9724445984830633,OK
1948,CHEMBL5807156,active_single,CN1CCCC1CCOC(=O)Nc1ccccc1-c1ccc(Cl)cc1,O=C(Nc1ccccc1-c1ccccc1)OCCC1CCCN1,1,1,0.9909390111482563,OK
1959,CHEMBL5820986,active_single,Cc1cccc(-c2ccccc2NC(=O)OCCC2CCCN2C)c1,O=C(Nc1ccccc1-c1ccccc1)OCCC1CCCN1,1,1,0.9871158531905859,OK
1960,CHEMBL5821133,active_single,CN1CCCC1CCOC(=O)Nc1ccc(F)cc1-c1cc(F)cc(F)c1,O=C(Nc1ccccc1-c1ccccc1)OCCC1CCCN1,1,1,0.9364828710294132,OK
1963,CHEMBL5823753,active_single,CN1CCCC1CCOC(=O)Nc1ccc(F)cc1-c1ccc(O)c(Cl)c1,O=C(Nc1ccccc1-c1ccccc1)OCCC1CCCN1,1,1,0.9616422550341819,OK
1965,CHEMBL5824092,active_single,CN1CCCC1CCOC(=O)Nc1cc(F)ccc1-c1cccc(F)c1,O=C(Nc1ccccc1-c1ccccc1)OCCC1CCCN1,1,1,0.9239212580897448,OK
1966,CHEMBL5824333,active_single,CN1CCCC1CCOC(=O)Nc1ccccc1-c1ccc(F)cc1,O=C(Nc1ccccc1-c1ccccc1)OCCC1CCCN1,1,1,0.9719158929728553,OK
1969,CHEMBL5826982,active_single,CN1CCCC1CCOC(=O)Nc1ccc(Cl)cc1-c1cccc(Cl)c1,O=C(Nc1ccccc1-c1ccccc1)OCCC1CCCN1,1,1,0.9509048223192679,OK
1971,CHEMBL5828415,active_single,CN1CCCC1CCOC(=O)Nc1ccc(Cl)cc1-c1cc(F)cc(Cl)c1,O=C(Nc1ccccc1-c1ccccc1)OCCC1CCCN1,1,1,0.9317775222937866,OK
1974,CHEMBL583051,active_single,CN1CCCC1c1ccc(C(O)(c2ccccc2)C2CCCCC2)o1,c1ccc(C(c2ccc(C3CCCN3)o2)C2CCCCC2)cc1,1,1,0.9808582487340941,OK
1979,CHEMBL5839137,active_single,CN1CCCC1CCOC(=O)Nc1ccccc1-c1cccc(C(F)(F)F)c1,O=C(Nc1ccccc1-c1ccccc1)OCCC1CCCN1,1,1,0.9791784079095766,OK
1980,CHEMBL5839509,active_single,CN1CCCC1CCOC(=O)Nc1ccc(Cl)cc1-c1ccc(F)c(Cl)c1,O=C(Nc1ccccc1-c1ccccc1)OCCC1CCCN1,1,1,0.9336853542008867,OK
1981,CHEMBL5841371,active_single,CN1CCCC1CCOC(=O)Nc1ccccc1-c1cccc(Cl)c1,O=C(Nc1ccccc1-c1ccccc1)OCCC1CCCN1,1,1,0.9840016365077815,OK
1982,CHEMBL5841398,active_single,Cc1cccc(-c2cc(F)ccc2NC(=O)OCCC2CCCN2C)c1,O=C(Nc1ccccc1-c1ccccc1)OCCC1CCCN1,1,1,0.9507796082542072,OK
1984,CHEMBL5845992,active_single,CN1CCCC1CCOC(=O)Nc1ccc(Cl)cc1-c1ccc(F)cc1,O=C(Nc1ccccc1-c1ccccc1)OCCC1CCCN1,1,1,0.8988267150953837,OK
2000,CHEMBL5860992,active_single,CN1CCCC1CCOC(=O)Nc1ccc(C(F)(F)F)cc1-c1ccc(F)cc1,O=C(Nc1ccccc1-c1ccccc1)OCCC1CCCN1,1,1,0.8984400479218566,OK
2005,CHEMBL5866746,active_single,CN1CCCC1CCOC(=O)Nc1ccc(Cl)cc1-c1cc(F)cc(F)c1,O=C(Nc1ccccc1-c1ccccc1)OCCC1CCCN1,1,1,0.9367406447168789,OK
2013,CHEMBL5882068,active_single,CN1CCCC1CCOC(=O)Nc1ccccc1-c1ccc(N)c(Cl)c1,O=C(Nc1ccccc1-c1ccccc1)OCCC1CCCN1,1,1,0.9401485066873363,OK
2015,CHEMBL5884598,active_single,Cc1ccc(NC(=O)OCCC2CCCN2C)c(-c2cccc(F)c2)c1,O=C(Nc1ccccc1-c1ccccc1)OCCC1CCCN1,1,1,0.928563168536978,OK
2016,CHEMBL5884864,active_single,CN1CCCC1CCOC(=O)Nc1ccc(Cl)cc1-c1ccccc1,O=C(Nc1ccccc1-c1ccccc1)OCCC1CCCN1,1,1,0.9806547862585931,OK
2021,CHEMBL5888366,active_single,CN1CCCC1CCOC(=O)Nc1ccccc1-c1ccc(C(C)(C)C)cc1,O=C(Nc1ccccc1-c1ccccc1)OCCC1CCCN1,1,1,0.9813401093592514,OK
2029,CHEMBL5896444,active_single,CN1CCCC1CCOC(=O)Nc1ccc(CO)cc1-c1ccc(F)c(Cl)c1,O=C(Nc1ccccc1-c1ccccc1)OCCC1CCCN1,1,1,0.9558123745516939,OK
2033,CHEMBL5898637,active_single,CN1CCCC1CCOC(=O)Nc1ccc(Cl)cc1-c1cccc(F)c1,O=C(Nc1ccccc1-c1ccccc1)OCCC1CCCN1,1,1,0.9632106160241907,OK
2036,CHEMBL5902075,active_single,CN1CCCC1CCOC(=O)Nc1ccc(CO)cc1-c1ccccc1,O=C(Nc1ccccc1-c1ccccc1)OCCC1CCCN1,1,1,0.9882884368734249,OK
2038,CHEMBL5903775,active_single,CN1CCCC1CCOC(=O)Nc1ccc(F)cc1-c1cccc(Cl)c1,O=C(Nc1ccccc1-c1ccccc1)OCCC1CCCN1,1,1,0.9394215665637723,OK
2046,CHEMBL5913245,active_single,COc1ccc(-c2ccccc2)c(NC(=O)OCCC2CCCN2C)c1,O=C(Nc1ccccc1-c1ccccc1)OCCC1CCCN1,1,1,0.9919134568273931,OK
2047,CHEMBL5917125,active_single,CN1CCCC1CCOC(=O)Nc1ccc(F)cc1-c1cc(Cl)c(F)c(Cl)c1,O=C(Nc1ccccc1-c1ccccc1)OCCC1CCCN1,1,1,0.9201430575868825,OK
2063,CHEMBL5937219,active_single,Cc1ccc(-c2ccccc2NC(=O)OCCC2CCCN2C)cc1F,O=C(Nc1ccccc1-c1ccccc1)OCCC1CCCN1,1,1,0.9697669030481005,OK
2068,CHEMBL5940359,active_single,CN1CCCC1CCOC(=O)Nc1cc(F)ccc1-c1ccccc1,O=C(Nc1ccccc1-c1ccccc1)OCCC1CCCN1,1,1,0.9572579074047163,OK
2069,CHEMBL5940561,active_single,CN1CCCC1CCOC(=O)Nc1ccc(F)cc1-c1ccc(Cl)c(Cl)c1,O=C(Nc1ccccc1-c1ccccc1)OCCC1CCCN1,1,1,0.9593125333528768,OK
2071,CHEMBL5941194,active_single,CN1CCCC1CCOC(=O)Nc1ccccc1-c1cccc(N)c1,O=C(Nc1ccccc1-c1ccccc1)OCCC1CCCN1,1,1,0.9662157132790672,OK
2072,CHEMBL5941508,active_single,CN1CCCC1CCOC(=O)Nc1ccc(F)cc1-c1cccc(F)c1,O=C(Nc1ccccc1-c1ccccc1)OCCC1CCCN1,1,1,0.9548477619577301,OK
2081,CHEMBL5948778,active_single,CN1CCCC1CCOC(=O)Nc1ccccc1-c1ccc(F)c(Cl)c1,O=C(Nc1ccccc1-c1ccccc1)OCCC1CCCN1,1,1,0.9809257126895459,OK
2085,CHEMBL5950711,active_single,Cc1ccc(NC(=O)OCCC2CCCN2C)c(-c2ccccc2)c1,O=C(Nc1ccccc1-c1ccccc1)OCCC1CCCN1,1,1,0.9617840610878534,OK
2087,CHEMBL5953851,active_single,CN1CCCC1CCOC(=O)Nc1ccc(F)cc1-c1ccccc1,O=C(Nc1ccccc1-c1ccccc1)OCCC1CCCN1,1,1,0.9749995392042725,OK
2089,CHEMBL5954621,active_single,CN1CCCC1CCOC(=O)Nc1ccccc1-c1ccc(F)cc1F,O=C(Nc1ccccc1-c1ccccc1)OCCC1CCCN1,1,1,0.9789059783737387,OK
2095,CHEMBL5958418,active_single,CN1CCCC1CCOC(=O)Nc1ccccc1-c1c(F)cccc1F,O=C(Nc1ccccc1-c1ccccc1)OCCC1CCCN1,1,1,0.9762376115431605,OK
2099,CHEMBL5961507,active_single,Cc1cc(C)cc(-c2cc(F)ccc2NC(=O)OCCC2CCCN2C)c1,O=C(Nc1ccccc1-c1ccccc1)OCCC1CCCN1,1,1,0.9259935480111009,OK
2106,CHEMBL5964791,active_single,COc1ccc([C@H](Cc2c(Cl)c[n+]([O-])cc2Cl)OC(=O)c2cccc(CN3CCC(C(=O)O[C@H]4CN5CCC4CC5)(c4ccccc4)CC3)c2)cc1OC,O=C(OC(Cc1cc[nH+]cc1)c1ccccc1)c1cccc(CN2CCC(C(=O)OC3CN4CCC3CC4)(c3ccccc3)CC2)c1,1,1,0.9999952708055543,OK
2108,CHEMBL5966126,active_single,CN1CCCC1CCOC(=O)Nc1ccccc1-c1cccc(F)c1,O=C(Nc1ccccc1-c1ccccc1)OCCC1CCCN1,1,1,0.9876374726688194,OK
2119,CHEMBL5980689,active_single,CN1CCCC1CCOC(=O)Nc1ccccc1-c1cc(F)cc(F)c1,O=C(Nc1ccccc1-c1ccccc1)OCCC1CCCN1,1,1,0.9793617280201387,OK
2120,CHEMBL5981453,active_single,CN1CCCC1CCOC(=O)Nc1ccccc1-c1ccc(C(F)(F)F)cc1,O=C(Nc1ccccc1-c1ccccc1)OCCC1CCCN1,1,1,0.9741615243130167,OK
2123,CHEMBL5983761,active_single,CCc1cccc(-c2cc(F)ccc2NC(=O)OCCC2CCCN2C)c1,O=C(Nc1ccccc1-c1ccccc1)OCCC1CCCN1,1,1,0.9810252414284096,OK
2134,CHEMBL5995032,active_single,CN1CCCC1CCOC(=O)Nc1ccc(C(F)(F)F)cc1-c1cccc(Cl)c1,O=C(Nc1ccccc1-c1ccccc1)OCCC1CCCN1,1,1,0.9381273017316137,OK
2139,CHEMBL6001023,active_single,CN1CCCC1CCOC(=O)Nc1ccc(Cl)cc1-c1cc(Cl)cc(Cl)c1,O=C(Nc1ccccc1-c1ccccc1)OCCC1CCCN1,1,1,0.9552090646683598,OK
2140,CHEMBL6002718,active_single,CN1CCCC1CCOC(=O)Nc1ccccc1-c1ccccc1,O=C(Nc1ccccc1-c1ccccc1)OCCC1CCCN1,1,1,0.9918673561702253,OK
2145,CHEMBL6008811,active_single,CN1CCCC1CCOC(=O)Nc1ccc(CO)cc1-c1cccc(Cl)c1,O=C(Nc1ccccc1-c1ccccc1)OCCC1CCCN1,1,1,0.9645011204412407,OK
2147,CHEMBL6008919,active_single,CN1CCCC1CCOC(=O)Nc1ccccc1-c1cc(Cl)ccc1F,O=C(Nc1ccccc1-c1ccccc1)OCCC1CCCN1,1,1,0.9692562738595297,OK
2150,CHEMBL6012430,active_single,CN1CCCC1CCOC(=O)Nc1ccc(C(F)(F)F)cc1-c1ccccc1,O=C(Nc1ccccc1-c1ccccc1)OCCC1CCCN1,1,1,0.9744447237380524,OK
2151,CHEMBL6014818,active_single,CN1CCCC1CCOC(=O)Nc1ccc(F)cc1-c1cc(O)cc(Cl)c1,O=C(Nc1ccccc1-c1ccccc1)OCCC1CCCN1,1,1,0.9419476308902058,OK
2153,CHEMBL6019362,active_single,CN1CCCC1CCOC(=O)Nc1ccc(O)cc1-c1ccc(F)c(Cl)c1,O=C(Nc1ccccc1-c1ccccc1)OCCC1CCCN1,1,1,0.9176470583201881,OK
2157,CHEMBL6022182,active_single,CN1CCCC1CCOC(=O)Nc1ccccc1-c1cc(Cl)cc(Cl)c1,O=C(Nc1ccccc1-c1ccccc1)OCCC1CCCN1,1,1,0.9873247982950776,OK
2171,CHEMBL6042400,active_single,CN1CCCC1CCOC(=O)Nc1ccc(F)cc1-c1cc(Cl)cc(Cl)c1,O=C(Nc1ccccc1-c1ccccc1)OCCC1CCCN1,1,1,0.9492388337196696,OK
2181,CHEMBL6048712,active_single,CN1CCCC1CCOC(=O)Nc1ccc(F)cc1-c1ccc(F)c(F)c1,O=C(Nc1ccccc1-c1ccccc1)OCCC1CCCN1,1,1,0.9342838391514101,OK
2189,CHEMBL6057209,active,COc1ccc([C@H](Cc2c(Cl)c[n+]([O-])cc2Cl)OC(=O)c2ccc(CNC(CO)(C(=O)OCC3CCN(C)CC3)c3cccs3)s2)cc1OC,O=C(OC(Cc1cc[nH+]cc1)c1ccccc1)c1ccc(CNC(C(=O)OCC2CCNCC2)c2cccs2)s1,1,1,0.9997443221808472,OK
2198,CHEMBL6067739,active_single,O=C(O[C@H]1C[N+]2(CCCc3cccs3)CCC1CC2)C1(O)C2C=CC=CC2C2C=CC=CC21,O=C(OC1C[N+]2(CCCc3cccs3)CCC1CC2)C1C2C=CC=CC2C2C=CC=CC21,1,1,0.9929566255371337,OK
2244,CHEMBL7482,inactive_single,COc1noc2c1CN(Cc1ccccc1)CC2.Cl,c1ccc(CN2CCc3oncc3C2)cc1,0,0,0.11563846532608953,OK
2254,CHEMBL85568,active_single,O=C(c1ccccc1)N(Cc1ccccc1)C1CCN(Cc2ccccc2)CC1,O=C(c1ccccc1)N(Cc1ccccc1)C1CCN(Cc2ccccc2)CC1,1,1,0.9843286576867253,OK
2267,CHEMBL9967,active,CN1CCN(CC(=O)N2c3ccccc3C(=O)Nc3cccnc32)CC1,O=C1Nc2cccnc2N(C(=O)CN2CCNCC2)c2ccccc21,1,0,0.01465173237944796,FN
32,CHEMBL1083911,inactive,O=C(NCC1CCNCC1)c1ccccc1-c1nc(Cl)cs1,O=C(NCC1CCNCC1)c1ccccc1-c1nccs1,0,1,0.8314027074089927,FP
105,CHEMBL1323615,inactive_single,CN1c2ccccc2Sc2cc(N)ccc21,c1ccc2c(c1)Nc1ccccc1S2,0,0,0.46745210618084126,OK
112,CHEMBL143469,active_single,CN1CCC=C(c2nsnc2OCCCCCCCCCOc2nsnc2C2=CCCN(C)C2)C1,C1=C(c2nsnc2OCCCCCCCCCOc2nsnc2C2=CCCNC2)CNCC1,1,1,0.9945005243907252,OK
113,CHEMBL1459098,inactive_single,O=C(c1ccc(F)cc1)N1CCN2C(=O)c3ccccc3C12c1ccccc1,O=C(c1ccccc1)N1CCN2C(=O)c3ccccc3C12c1ccccc1,0,1,0.8148414535519554,FP
130,CHEMBL148129,active_single,O=C(NC1CCN(CC2CCCCCC2)CC1)C(O)(c1ccccc1)C1CCCC1,O=C(NC1CCN(CC2CCCCCC2)CC1)C(c1ccccc1)C1CCCC1,1,1,0.9890119490922386,OK
184,CHEMBL1683932,active_single,O=C(Nc1ccccc1-c1ccccc1)OC1CCN(CCCCCCCNC[C@H](O)c2ccc(O)c3[nH]c(=O)ccc23)CC1,O=C(Nc1ccccc1-c1ccccc1)OC1CCN(CCCCCCCNCCc2cccc3[nH]c(=O)ccc23)CC1,1,1,0.9998413578868295,OK
202,CHEMBL1773074,active_single,CC(C)N(CC[C@H](c1ccccc1)c1cc(CCCCOc2ccc(CCNC[C@H](O)c3ccc(O)c(CO)c3)cc2)ccc1O)C(C)C,c1ccc(CCNCCc2ccc(OCCCCc3cccc(Cc4ccccc4)c3)cc2)cc1,1,1,0.9966493973909696,OK
206,CHEMBL1773262,active_single,CC(C)N(CC[C@H](c1ccccc1)c1cc(CCNC[C@H](O)c2ccc(O)c(NS(C)(=O)=O)c2)ccc1O)C(C)C,c1ccc(CCNCCc2cccc(Cc3ccccc3)c2)cc1,1,1,0.9866388733238513,OK
208,CHEMBL1773264,active_single,CC(C)N(CC[C@H](c1ccccc1)c1cc(CCCCOc2ccc(CCNC[C@H](O)c3ccc(O)c(NS(C)(=O)=O)c3)cc2)ccc1O)C(C)C,c1ccc(CCNCCc2ccc(OCCCCc3cccc(Cc4ccccc4)c3)cc2)cc1,1,1,0.9972940151956544,OK
209,CHEMBL1773265,active_single,CC(C)N(CC[C@H](c1ccccc1)c1cc(CCCCOc2ccc(CCNC[C@H](O)c3ccc(O)c(O)c3)cc2)ccc1O)C(C)C,c1ccc(CCNCCc2ccc(OCCCCc3cccc(Cc4ccccc4)c3)cc2)cc1,1,1,0.997193710629817,OK
214,CHEMBL1779032,active_single,O=C(O[C@H]1CN2CCC1CC2)N(CCc1ccccc1)c1ccccc1,O=C(OC1CN2CCC1CC2)N(CCc1ccccc1)c1ccccc1,1,1,0.9945173241052566,OK
239,CHEMBL1779136,active_single,CCCCN(C(=O)O[C@H]1C[N+]2(CCCc3cccs3)CCC1CC2)c1ccccc1.[Br-],O=C(Nc1ccccc1)OC1C[N+]2(CCCc3cccs3)CCC1CC2,1,1,0.9990291209421261,OK
267,CHEMBL1910858,active_single,NC(=O)C(CCC1(N2CC(Oc3cccc(O)c3)C2)CCCC1)(c1ccccc1)c1ccccc1,c1ccc(OC2CN(C3(CCC(c4ccccc4)c4ccccc4)CCCC3)C2)cc1,1,1,0.9876067866826268,OK
285,CHEMBL1921911,active_single,C[C@@](C(=O)O[C@H]1C[N+]2(CCC3=CC4CCOC4C=C3)CCC1CC2)(c1ccccc1)N1CCCCC1,O=C(OC1C[N+]2(CCC3=CC4CCOC4C=C3)CCC1CC2)C(c1ccccc1)N1CCCCC1,1,1,0.9959632475771624,OK
308,CHEMBL1921934,active_single,C[C@@](C(=O)O[C@H]1C[N+]2(CCOc3ccncc3)CCC1CC2)(c1ccccc1)N1CCCCC1,O=C(OC1C[N+]2(CCOc3ccncc3)CCC1CC2)C(c1ccccc1)N1CCCCC1,1,1,0.9961662728630789,OK
324,CHEMBL1922051,active_single,C[C@@](C(=O)O[C@H]1C[N+]2(CC(=O)Nc3ccon3)CCC1CC2)(c1ccccc1)N1CCCCC1,O=C(C[N+]12CCC(CC1)C(OC(=O)C(c1ccccc1)N1CCCCC1)C2)Nc1ccon1,1,1,0.9821632648987426,OK
325,CHEMBL1922052,active_single,C[C@@](C(=O)O[C@H]1C[N+]2(CC(=O)Nc3ccon3)CCC1CC2)(c1cccs1)N1CCCCC1,O=C(C[N+]12CCC(CC1)C(OC(=O)C(c1cccs1)N1CCCCC1)C2)Nc1ccon1,1,1,0.9782279992860613,OK
329,CHEMBL1922056,active_single,C[C@@](C(=O)O[C@H]1C[N+]2(Cc3nc(-c4ccccc4)no3)CCC1CC2)(c1ccccc1)N1CCCCC1,O=C(OC1C[N+]2(Cc3nc(-c4ccccc4)no3)CCC1CC2)C(c1ccccc1)N1CCCCC1,1,1,0.9980503839990021,OK
336,CHEMBL1924029,active_single,CC(C(=O)OC1CC[N+](C)(C)CC1)(c1ccccc1)N1CCCCC1,O=C(OC1CC[NH2+]CC1)C(c1ccccc1)N1CCCCC1,1,1,0.9934439569789029,OK
339,CHEMBL1924032,active_single,CC(C(=O)OC1CC[N+](C)(C)CC1)(c1ccccc1)N1CCC(F)(F)CC1,O=C(OC1CC[NH2+]CC1)C(c1ccccc1)N1CCCCC1,1,1,0.9852666118222695,OK
340,CHEMBL1924033,active_single,CC1CCN(C(C)(C(=O)OC2CC[N+](C)(C)CC2)c2ccccc2)CC1,O=C(OC1CC[NH2+]CC1)C(c1ccccc1)N1CCCCC1,1,1,0.9709089712328893,OK
344,CHEMBL1924037,active_single,CC(C(=O)OC1CC[N+](C)(C)CC1)(c1ccc(Cl)cc1)N1CCCCC1,O=C(OC1CC[NH2+]CC1)C(c1ccccc1)N1CCCCC1,1,1,0.9925058800733246,OK
359,CHEMBL1940125,inactive_single,O=C(CCNS(=O)(=O)c1cccc2ncccc12)N1CCN(c2ccncc2)CC1,O=C(CCNS(=O)(=O)c1cccc2ncccc12)N1CCN(c2ccncc2)CC1,0,0,0.0027107690168376324,OK
374,CHEMBL200234,inactive_single,c1cc(N2CCNCC2)c2cc[nH]c2c1,c1cc(N2CCNCC2)c2cc[nH]c2c1,0,0,0.012299953182658375,OK
408,CHEMBL2042404,active_single,C[N+](C)(C)CC1COCC(c2ccccc2)(c2ccccc2)O1.[I-],c1ccc(C2(c3ccccc3)COCCO2)cc1,1,0,0.5196855883068165,FN
409,CHEMBL2042405,active_single,C[N+](C)(C)C[C@H]1COCC(c2ccccc2)(c2ccccc2)O1.[I-],c1ccc(C2(c3ccccc3)COCCO2)cc1,1,0,0.4310890291448203,FN
410,CHEMBL2042406,active_single,C[N+](C)(C)C[C@@H]1COCC(c2ccccc2)(c2ccccc2)O1.[I-],c1ccc(C2(c3ccccc3)COCCO2)cc1,1,0,0.45269947046997644,FN
412,CHEMBL2042552,active_single,CN(C)CC1COCC(c2ccccc2)(c2ccccc2)O1.O=C(O)C(=O)O,c1ccc(C2(c3ccccc3)COCCO2)cc1,1,1,0.859411846029094,OK
413,CHEMBL2042553,active_single,CN(C)C[C@H]1COCC(c2ccccc2)(c2ccccc2)O1.O=C(O)C(=O)O,c1ccc(C2(c3ccccc3)COCCO2)cc1,1,1,0.820344645400795,OK
414,CHEMBL2042554,active_single,CN(C)C[C@@H]1COCC(c2ccccc2)(c2ccccc2)O1.O=C(O)C(=O)O,c1ccc(C2(c3ccccc3)COCCO2)cc1,1,1,0.8425802473787504,OK
415,CHEMBL204353,active_single,Cc1c(NC2CC2)nc(C2CC2)nc1N1CCC2(CCCC2)CC1,c1c(NC2CC2)nc(C2CC2)nc1N1CCC2(CCCC2)CC1,1,1,0.9917617430350126,OK
439,CHEMBL2078942,active_single,CN(C)C[C@H]1COCC(c2ccccc2)(c2ccccc2)O1,c1ccc(C2(c3ccccc3)COCCO2)cc1,1,1,0.8840802177201526,OK
440,CHEMBL2078987,active_single,CN(C)C[C@@H]1COCC(c2ccccc2)(c2ccccc2)O1,c1ccc(C2(c3ccccc3)COCCO2)cc1,1,1,0.8993948080892358,OK
464,CHEMBL2114064,active_single,COc1ccc([S@@+]([O-])c2ccc(C(C#N)C3CCN(C4CCCCC4)CC3)cc2)cc1,c1ccc([SH+]c2ccc(CC3CCN(C4CCCCC4)CC3)cc2)cc1,1,1,0.892732827071116,OK
467,CHEMBL2115126,active_single,COc1ccc([S@+]([O-])c2ccc(C(C#N)C3CCN(C4CCCCC4)CC3)cc2)cc1,c1ccc([SH+]c2ccc(CC3CCN(C4CCCCC4)CC3)cc2)cc1,1,1,0.892732827071116,OK
498,CHEMBL220553,inactive_single,CN1CCC[C@H]1[C@H]1CNC(=O)O1,O=C1NCC(C2CCCN2)O1,0,0,0.01385119027561929,OK
520,CHEMBL2206608,active_single,CC(C)OC(=O)c1ccc(NC(=O)N[C@@H](Cc2ccc(O)cc2)C(=O)NCC[N+]2(Cc3ccc(Cl)cc3)CCCCC2)cc1,O=C(Nc1ccccc1)NC(Cc1ccccc1)C(=O)NCC[N+]1(Cc2ccccc2)CCCCC1,1,1,0.9992336931183612,OK
543,CHEMBL222689,active_single,C[N+]1(C)C2CCC1CC(N1CC(c3ccccc3)(c3ccccc3)NC1=O)C2,O=C1NC(c2ccccc2)(c2ccccc2)CN1C1CC2CCC(C1)[NH2+]2,1,1,0.9967005041666253,OK
560,CHEMBL225387,active_single,O=C1OC(c2ccccc2)(c2ccccc2)CN1C1CCN(Cc2ccccc2)CC1,O=C1OC(c2ccccc2)(c2ccccc2)CN1C1CCN(Cc2ccccc2)CC1,1,1,0.9866930102860851,OK
579,CHEMBL234099,active_single,Cc1c(N2CCCCCC2)nc(C2CC2)nc1N1CCCC1,c1c(N2CCCCCC2)nc(C2CC2)nc1N1CCCC1,1,1,0.9832572405603102,OK
590,CHEMBL234440,active_single,CN(C)C1(CNCCC2CCOCC2)COc2cc(Cl)c(Cl)cc2OC1,c1ccc2c(c1)OCC(CNCCC1CCOCC1)CO2,1,1,0.9437907426087071,OK
627,CHEMBL2441758,inactive_single,CN1CCC[C@H]1COC(N)=O,C1CCNC1,0,0,0.3899890504640888,OK
628,CHEMBL2441759,inactive_single,C[N+]1(C)CCC[C@H]1COC(N)=O,C1CC[NH2+]C1,0,0,0.5747540425206573,OK
653,CHEMBL27673,active,COc1ccccc1CNCCCCCCNCCCCCCCCNCCCCCCNCc1ccccc1OC,c1ccc(CNCCCCCCNCCCCCCCCNCCCCCCNCc2ccccc2)cc1,1,1,0.9972998905183602,OK
654,CHEMBL277642,active,C[C@@H]1OC(=O)[C@H]2C[C@H]3CCCC[C@@H]3[C@@H](/C=C/[C@H]3CCC[C@H](C)N3C)[C@@H]12,O=C1OCC2C1CC1CCCCC1C2C=CC1CCCCN1,1,0,0.23913828958170483,FN
728,CHEMBL3084466,active_single,C[N+]1(CCC2CCCCC2)[C@@H]2CC[C@H]1C[C@@H](CC(C#N)(c1ccccc1)c1ccccc1)C2.[Br-],c1ccc(C(CC2CC3CCC(C2)[NH+]3CCC2CCCCC2)c2ccccc2)cc1,1,1,0.9940582678360593,OK
752,CHEMBL3085074,active_single,C[N+]1(C)[C@@H]2CC[C@H]1C[C@H](OC(=O)N(CC1CCCCC1)c1ccsc1)C2.[Br-],O=C(OC1CC2CCC(C1)[NH2+]2)N(CC1CCCCC1)c1ccsc1,1,1,0.9992695287826739,OK
769,CHEMBL3087232,active_single,Cc1ccc(CCC[N+]23CCC(CC2)[C@@H](OC(=O)C2(C4=CC=CC4)CCCCCC2)C3)cn1,O=C(OC1C[N+]2(CCCc3cccnc3)CCC1CC2)C1(C2=CC=CC2)CCCCCC1,1,1,0.9918151913353804,OK
770,CHEMBL3087233,active_single,Cc1ccc(CCC[N+]23CCC(CC2)[C@@H](OC(=O)C2(C4=CC=CC4)CCCCCC2)C3)c(C)n1,O=C(OC1C[N+]2(CCCc3cccnc3)CCC1CC2)C1(C2=CC=CC2)CCCCCC1,1,1,0.996663640395166,OK
788,CHEMBL3087366,active_single,O=C(C[N+]12CCC(CC1)[C@@H](OC(=O)C1(C3=CC=CC3)CCCCCC1)C2)Nc1cncnc1,O=C(C[N+]12CCC(CC1)C(OC(=O)C1(C3=CC=CC3)CCCCCC1)C2)Nc1cncnc1,1,1,0.9965448490719778,OK
789,CHEMBL3087367,active_single,O=C(C[N+]12CCC(CC1)[C@@H](OC(=O)C1(C3=CC=CC3)CCCCCC1)C2)Nc1ccncn1,O=C(C[N+]12CCC(CC1)C(OC(=O)C1(C3=CC=CC3)CCCCCC1)C2)Nc1ccncn1,1,1,0.98818788431468,OK
799,CHEMBL3087377,active_single,Cc1nccc(NC(=O)C[N+]23CCC(CC2)[C@@H](OC(=O)C2(C4=CC=CC4)CCCCCC2)C3)n1,O=C(C[N+]12CCC(CC1)C(OC(=O)C1(C3=CC=CC3)CCCCCC1)C2)Nc1ccncn1,1,1,0.9922414605447699,OK
800,CHEMBL3087378,active_single,Cc1cc(NC(=O)C[N+]23CCC(CC2)[C@@H](OC(=O)C2(C4=CC=CC4)CCCCCC2)C3)ncn1,O=C(C[N+]12CCC(CC1)C(OC(=O)C1(C3=CC=CC3)CCCCCC1)C2)Nc1ccncn1,1,1,0.9866706286697482,OK
814,CHEMBL3087957,active_single,O=C(O[C@H]1C[N+]2(Cc3cc(-c4ccccc4)on3)CCC1CC2)C1(C2=CC=CC2)CCCCCC1,O=C(OC1C[N+]2(Cc3cc(-c4ccccc4)on3)CCC1CC2)C1(C2=CC=CC2)CCCCCC1,1,1,0.9996325992678362,OK
843,CHEMBL3105208,inactive_single,O=C(c1ccc(F)c(F)c1)N1CCN2C(=O)c3ccccc3C12c1ccccc1,O=C(c1ccccc1)N1CCN2C(=O)c3ccccc3C12c1ccccc1,0,1,0.857253055080846,FP
844,CHEMBL3105213,inactive_single,O=C(c1ccc(F)c(F)c1)N1CCN2C(=O)c3ccccc3C12c1ccc(Cl)cc1,O=C(c1ccccc1)N1CCN2C(=O)c3ccccc3C12c1ccccc1,0,1,0.8243510705979972,FP
845,CHEMBL3105228,inactive_single,O=C(c1ccc(F)c(F)c1)N1CCN2C(=O)c3ccccc3[C@@]12c1ccc(Cl)cc1,O=C(c1ccccc1)N1CCN2C(=O)c3ccccc3C12c1ccccc1,0,1,0.8202999372433557,FP
890,CHEMBL332645,inactive_single,CCN1CC=C(c2ccccc2)C(C(=O)Oc2ccccc2)C1.O=C(O)C(=O)O,O=C(Oc1ccccc1)C1CNCC=C1c1ccccc1,0,0,0.2935662368785276,OK
940,CHEMBL3426698,active_single,O=C(CCN1CCC(OC(=O)Nc2ccccc2-c2ccccc2)CC1)N[C@H]1CC[C@H](CNC[C@H](O)c2ccc(O)c3[nH]c(=O)ccc23)CC1,O=C(CCN1CCC(OC(=O)Nc2ccccc2-c2ccccc2)CC1)NC1CCC(CNCCc2cccc3[nH]c(=O)ccc23)CC1,1,1,0.9985614425189511,OK
969,CHEMBL358289,active_single,O=C(NC1CCN(CC2CCCCCC2)CC1)[C@](O)(c1ccccc1)[C@@H]1CCC(F)(F)C1,O=C(NC1CCN(CC2CCCCCC2)CC1)C(c1ccccc1)C1CCCC1,1,1,0.9957122978517199,OK
986,CHEMBL3639442,active,C[C@H](Cc1ccc(CCNC(=O)Cc2ccc(N(C)C(=O)CCN3CCC(OC(=O)Nc4ccccc4-c4ccccc4)CC3)cc2)cc1)NC[C@H](O)c1ccc(O)c2[nH]c(=O)ccc12,O=C(Cc1ccc(NC(=O)CCN2CCC(OC(=O)Nc3ccccc3-c3ccccc3)CC2)cc1)NCCc1ccc(CCNCCc2cccc3[nH]c(=O)ccc23)cc1,1,1,0.9998120274451108,OK
995,CHEMBL3645281,active,CC(Cc1cccc(CC(=O)NCCCN(C)C(=O)CCN2CCC(OC(=O)Nc3ccccc3-c3ccccc3)CC2)c1)NC[C@H](O)c1ccc(O)c2[nH]c(=O)ccc12,O=C(CCN1CCC(OC(=O)Nc2ccccc2-c2ccccc2)CC1)NCCCNC(=O)Cc1cccc(CCNCCc2cccc3[nH]c(=O)ccc23)c1,1,1,0.9989010085980528,OK
996,CHEMBL3645282,active,C[C@H](Cc1cccc(CC(=O)NCCCN(C)C(=O)CCN2CCC(OC(=O)Nc3ccccc3-c3ccccc3)CC2)c1)NC[C@H](O)c1ccc(O)c2[nH]c(=O)ccc12,O=C(CCN1CCC(OC(=O)Nc2ccccc2-c2ccccc2)CC1)NCCCNC(=O)Cc1cccc(CCNCCc2cccc3[nH]c(=O)ccc23)c1,1,1,0.9992728464954331,OK
1031,CHEMBL3645317,active,CC(Cc1cccc(CC(=O)Nc2cccc(N(C)C(=O)CCN3CCC(OC(=O)Nc4ccccc4-c4ccccc4)CC3)c2)c1)NC[C@H](O)c1ccc(O)c2[nH]c(=O)ccc12,O=C(CCN1CCC(OC(=O)Nc2ccccc2-c2ccccc2)CC1)Nc1cccc(NC(=O)Cc2cccc(CCNCCc3cccc4[nH]c(=O)ccc34)c2)c1,1,1,0.9997942689217195,OK
1033,CHEMBL3645319,active,COc1ccc(CC(=O)Nc2cccc(N(C)C(=O)CCN3CCC(OC(=O)Nc4ccccc4-c4ccccc4)CC3)c2)cc1CC(C)NC[C@H](O)c1ccc(O)c2[nH]c(=O)ccc12,O=C(CCN1CCC(OC(=O)Nc2ccccc2-c2ccccc2)CC1)Nc1cccc(NC(=O)Cc2cccc(CCNCCc3cccc4[nH]c(=O)ccc34)c2)c1,1,1,0.9996692812595775,OK
1044,CHEMBL3645330,active,CN(C(=O)CCN1CCC(OC(=O)Nc2ccccc2-c2ccccc2)CC1)c1ccc(CC(=O)NCc2cccc(CCNC[C@H](O)c3ccc(O)c4[nH]c(=O)ccc34)c2)cc1,O=C(Cc1ccc(NC(=O)CCN2CCC(OC(=O)Nc3ccccc3-c3ccccc3)CC2)cc1)NCc1cccc(CCNCCc2cccc3[nH]c(=O)ccc23)c1,1,1,0.9997871083820559,OK
1046,CHEMBL3645332,active,C[C@H](Cc1cccc(CNC(=O)Cc2ccc(N(C)C(=O)CCN3CCC(OC(=O)Nc4ccccc4-c4ccccc4)CC3)cc2)c1)NC[C@H](O)c1ccc(O)c2[nH]c(=O)ccc12,O=C(Cc1ccc(NC(=O)CCN2CCC(OC(=O)Nc3ccccc3-c3ccccc3)CC2)cc1)NCc1cccc(CCNCCc2cccc3[nH]c(=O)ccc23)c1,1,1,0.9999447202892003,OK
1047,CHEMBL3645333,active,C[C@@H](Cc1cccc(CNC(=O)Cc2ccc(N(C)C(=O)CCN3CCC(OC(=O)Nc4ccccc4-c4ccccc4)CC3)cc2)c1)NC[C@H](O)c1ccc(O)c2[nH]c(=O)ccc12,O=C(Cc1ccc(NC(=O)CCN2CCC(OC(=O)Nc3ccccc3-c3ccccc3)CC2)cc1)NCc1cccc(CCNCCc2cccc3[nH]c(=O)ccc23)c1,1,1,0.9999098152351494,OK
1048,CHEMBL3645334,active,Cc1ccc(CNC(=O)Cc2ccc(N(C)C(=O)CCN3CCC(OC(=O)Nc4ccccc4-c4ccccc4)CC3)cc2)cc1CC(C)NC[C@H](O)c1ccc(O)c2[nH]c(=O)ccc12,O=C(Cc1ccc(NC(=O)CCN2CCC(OC(=O)Nc3ccccc3-c3ccccc3)CC2)cc1)NCc1cccc(CCNCCc2cccc3[nH]c(=O)ccc23)c1,1,1,0.9998981889070311,OK
1049,CHEMBL3645335,active,Cc1c(CNC(=O)Cc2ccc(N(C)C(=O)CCN3CCC(OC(=O)Nc4ccccc4-c4ccccc4)CC3)cc2)cccc1CC(C)NC[C@H](O)c1ccc(O)c2[nH]c(=O)ccc12,O=C(Cc1ccc(NC(=O)CCN2CCC(OC(=O)Nc3ccccc3-c3ccccc3)CC2)cc1)NCc1cccc(CCNCCc2cccc3[nH]c(=O)ccc23)c1,1,1,0.9997477440531086,OK
1050,CHEMBL3645336,active,COc1ccc(CNC(=O)Cc2ccc(N(C)C(=O)CCN3CCC(OC(=O)Nc4ccccc4-c4ccccc4)CC3)cc2)cc1CC(C)NC[C@H](O)c1ccc(O)c2[nH]c(=O)ccc12,O=C(Cc1ccc(NC(=O)CCN2CCC(OC(=O)Nc3ccccc3-c3ccccc3)CC2)cc1)NCc1cccc(CCNCCc2cccc3[nH]c(=O)ccc23)c1,1,1,0.9999107454414894,OK
1051,CHEMBL3645337,active,CC(Cc1cc(CNC(=O)Cc2ccc(N(C)C(=O)CCN3CCC(OC(=O)Nc4ccccc4-c4ccccc4)CC3)cc2)ccc1F)NC[C@H](O)c1ccc(O)c2[nH]c(=O)ccc12,O=C(Cc1ccc(NC(=O)CCN2CCC(OC(=O)Nc3ccccc3-c3ccccc3)CC2)cc1)NCc1cccc(CCNCCc2cccc3[nH]c(=O)ccc23)c1,1,1,0.9999442772493231,OK
1065,CHEMBL3645351,active,CC(Cc1ccc(CCNC(=O)Cc2ccc(N(C)C(=O)CCN3CCC(OC(=O)Nc4ccccc4-c4ccccc4)CC3)cc2)cc1)NC[C@H](O)c1ccc(O)c2[nH]c(=O)ccc12,O=C(Cc1ccc(NC(=O)CCN2CCC(OC(=O)Nc3ccccc3-c3ccccc3)CC2)cc1)NCCc1ccc(CCNCCc2cccc3[nH]c(=O)ccc23)cc1,1,1,0.9997158272153074,OK
1066,CHEMBL3645352,active,C[C@@H](Cc1ccc(CCNC(=O)Cc2ccc(N(C)C(=O)CCN3CCC(OC(=O)Nc4ccccc4-c4ccccc4)CC3)cc2)cc1)NC[C@H](O)c1ccc(O)c2[nH]c(=O)ccc12,O=C(Cc1ccc(NC(=O)CCN2CCC(OC(=O)Nc3ccccc3-c3ccccc3)CC2)cc1)NCCc1ccc(CCNCCc2cccc3[nH]c(=O)ccc23)cc1,1,1,0.9996933623548535,OK
1081,CHEMBL3666067,active_single,C[C@H](NC[C@H](O)c1ccc(O)c2[nH]c(=O)ccc12)c1cccc(CC(=O)NCCCN(C)C(=O)CCN2CCC(OC(=O)Nc3ccccc3-c3ccccc3)CC2)c1,O=C(CCN1CCC(OC(=O)Nc2ccccc2-c2ccccc2)CC1)NCCCNC(=O)Cc1cccc(CNCCc2cccc3[nH]c(=O)ccc23)c1,1,1,0.9996198621182023,OK
1115,CHEMBL377241,active_single,CN[C@@H]1CCN(c2ccc(-n3ncc4cc(-c5ccc(C(F)(F)F)cc5)sc4c3=O)cn2)C1,O=c1c2sc(-c3ccccc3)cc2cnn1-c1ccc(N2CCCC2)nc1,1,0,0.14236009201573563,FN
1116,CHEMBL3775226,active_single,Cc1ncoc1-c1nnc(SCCCN2CC3CCN(c4ccc(C(F)(F)F)cc4F)C3C2)n1C,c1ccc(N2CCC3CN(CCCSc4nnc(-c5cnco5)[nH]4)CC32)cc1,1,0,0.22232436610630135,FN
1141,CHEMBL383248,active_single,COC1(C#CC(O)(c2ccccc2)c2cccnn2)CN2CCC1CC2,C(#CC1CN2CCC1CC2)C(c1ccccc1)c1cccnn1,1,1,0.9725947854627909,OK
1151,CHEMBL3892021,active_single,CN(CCCn1ccc2cc(CNC[C@H](O)c3ccc(O)c4[nH]c(=O)ccc34)ccc21)[C@H]1CC[C@H](OC(=O)C(O)(c2cccs2)c2cccs2)CC1,O=C(OC1CCC(NCCCn2ccc3cc(CNCCc4cccc5[nH]c(=O)ccc45)ccc32)CC1)C(c1cccs1)c1cccs1,1,1,0.9991701231231843,OK
1152,CHEMBL3896828,active,C[C@@H](Cc1cccc(CC(=O)NCCCN(C)C(=O)CCN2CCC(OC(=O)Nc3ccccc3-c3ccccc3)CC2)c1)NC[C@H](O)c1ccc(O)c2[nH]c(=O)ccc12,O=C(CCN1CCC(OC(=O)Nc2ccccc2-c2ccccc2)CC1)NCCCNC(=O)Cc1cccc(CCNCCc2cccc3[nH]c(=O)ccc23)c1,1,1,0.9988142058571325,OK
1159,CHEMBL3905582,active_single,Cn1c(SCCCN2CC[C@]3(C[C@@H]3c3ccc(C(F)(F)F)cc3)C2)nnc1-c1csnn1,c1ccc(C2CC23CCN(CCCSc2nnc(-c4csnn4)[nH]2)C3)cc1,1,1,0.8134229669541969,OK
1164,CHEMBL3911114,active_single,CN(CCCn1c(=O)oc2cc(CCNC[C@H](O)c3ccc(O)c4[nH]c(=O)ccc34)ccc21)[C@H]1CC[C@H](OC(=O)C(O)(c2cccs2)c2cccs2)CC1,O=C(OC1CCC(NCCCn2c(=O)oc3cc(CCNCCc4cccc5[nH]c(=O)ccc45)ccc32)CC1)C(c1cccs1)c1cccs1,1,1,0.9779084966193952,OK
1173,CHEMBL392186,active_single,CN(C)C1(CNCCC2CCOCC2)COc2ccc(F)cc2OC1,c1ccc2c(c1)OCC(CNCCC1CCOCC1)CO2,1,1,0.8495513892145955,OK
1176,CHEMBL3931995,active,O=C(O[C@H]1C[N+]2(CCOCc3ccccc3)CCC1CC2)C(O)(c1cccs1)c1cccs1,O=C(OC1C[N+]2(CCOCc3ccccc3)CCC1CC2)C(c1cccs1)c1cccs1,1,1,0.9995994800756608,OK
1212,CHEMBL4065555,active_single,C[N+](C)(C)CCCc1ccc2ccoc2c1.O=C[O-],c1ccc2occc2c1,1,0,0.006291027290861773,FN
1213,CHEMBL4067722,inactive_single,Cc1cc2c(cc1Cc1ccc(-c3cocn3)cc1)C(=O)N([C@H]1CCOC[C@@H]1O)C2,O=C1c2cc(Cc3ccc(-c4cocn4)cc3)ccc2CN1C1CCOCC1,0,0,0.0031479629387987703,OK
1236,CHEMBL4100938,active_single,C[N+](C)(C)CCc1ccc2ccoc2c1.O=C[O-],c1ccc2occc2c1,1,0,0.0049005621267059615,FN
1267,CHEMBL424416,active_single,O=C(N1CCCNCC1)[C@](O)(c1ccccc1)[C@@H]1CCC(F)(F)C1,O=C(C(c1ccccc1)C1CCCC1)N1CCCNCC1,1,1,0.9832007778118762,OK
1275,CHEMBL4294617,inactive_single,O=C1CC2(CCCC2)CC(=O)N1CCCCN1CCN(c2cccc3sccc23)CC1,O=C1CC2(CCCC2)CC(=O)N1CCCCN1CCN(c2cccc3sccc23)CC1,0,0,0.06683446174648534,OK
1286,CHEMBL435353,active_single,CN(C)C1(CNCCC2CCOCC2)COc2ccccc2OC1,c1ccc2c(c1)OCC(CNCCC1CCOCC1)CO2,1,1,0.952719266956912,OK
1318,CHEMBL4465556,active_single,CC(C)c1ncc(C(=O)N2CCOC3(CCN(Cc4ccc(F)c(CCNC[C@H](O)c5ccc(O)c6[nH]c(=O)sc56)c4)CC3)C2)s1,O=C(c1cncs1)N1CCOC2(CCN(Cc3cccc(CCNCCc4cccc5[nH]c(=O)sc45)c3)CC2)C1,1,1,0.7964705874760368,OK
1336,CHEMBL4519301,active_single,O=C(OC1CN2CCC1CC2)N(CCc1ccc(F)cc1)c1ccccc1,O=C(OC1CN2CCC1CC2)N(CCc1ccccc1)c1ccccc1,1,1,0.9464830128712575,OK
1355,CHEMBL4567385,active_single,O=C(OC1C[N+]2(CCCOCc3ccccc3)CCC1CC2)C(O)(c1ccccc1)c1ccccc1.[Br-],O=C(OC1C[N+]2(CCCOCc3ccccc3)CCC1CC2)C(c1ccccc1)c1ccccc1,1,1,0.987845390797933,OK
1365,CHEMBL4580590,active_single,COc1ccc(CCN(C(=O)OC2CN3CCC2CC3)c2ccccc2)cc1OC,O=C(OC1CN2CCC1CC2)N(CCc1ccccc1)c1ccccc1,1,1,0.8054366534643951,OK
1367,CHEMBL4585326,active_single,COc1ccc(CCN(C(=O)OC2CN3CCC2CC3)c2ccccc2)cc1,O=C(OC1CN2CCC1CC2)N(CCc1ccccc1)c1ccccc1,1,1,0.9433895434146956,OK
1378,CHEMBL4632545,active_single,O=C(Nc1ccc(F)cc1-c1ccc(Cl)cc1)OCC1CCNCC1,O=C(Nc1ccccc1-c1ccccc1)OCC1CCNCC1,1,1,0.999220329204172,OK
1380,CHEMBL4633165,active_single,O=C(Nc1ccc(F)cc1-c1ccc(Br)cc1)OCC1CCNCC1,O=C(Nc1ccccc1-c1ccccc1)OCC1CCNCC1,1,1,0.9980504200007455,OK
1382,CHEMBL4634066,active_single,C[N+](C)(C)C[C@@H]1COC(c2ccccc2)(c2ccccc2)CO1.[I-],c1ccc(C2(c3ccccc3)COCCO2)cc1,1,0,0.4894451571961226,FN
1388,CHEMBL4635566,active_single,O=C(Nc1ccccc1-c1ccc(Cl)cc1)OCC1CCNCC1,O=C(Nc1ccccc1-c1ccccc1)OCC1CCNCC1,1,1,0.9998482584558392,OK
1390,CHEMBL4636302,active_single,O=C(Nc1ccccc1-c1ccccc1)OCC1CCNCC1,O=C(Nc1ccccc1-c1ccccc1)OCC1CCNCC1,1,1,0.9997340362637515,OK
1391,CHEMBL4636528,active_single,O=C(Nc1ccc(F)cc1-c1ccc(F)c(Cl)c1)OCC1CCNCC1,O=C(Nc1ccccc1-c1ccccc1)OCC1CCNCC1,1,1,0.9989928379429462,OK
1393,CHEMBL4637155,active_single,O=C(Nc1ccc(F)cc1-c1cc(F)c(F)c(F)c1)OCC1CCNCC1,O=C(Nc1ccccc1-c1ccccc1)OCC1CCNCC1,1,1,0.9975194831351255,OK
1398,CHEMBL4640544,active_single,O=C(Nc1ccccc1-c1cc(F)c(F)c(F)c1)OCC1CCNCC1,O=C(Nc1ccccc1-c1ccccc1)OCC1CCNCC1,1,1,0.9992482837602195,OK
1400,CHEMBL4641288,active_single,COc1ccc(-c2cc(F)ccc2NC(=O)OCC2CCNCC2)cc1,O=C(Nc1ccccc1-c1ccccc1)OCC1CCNCC1,1,1,0.9959955890794988,OK
1411,CHEMBL4644852,active_single,O=C(Nc1ccc(F)cc1-c1ccccc1)OCC1CCNCC1,O=C(Nc1ccccc1-c1ccccc1)OCC1CCNCC1,1,1,0.9993402693740764,OK
1412,CHEMBL4644999,active_single,O=C(Nc1ccc(F)cc1-c1cc(Cl)cc(Cl)c1)OCC1CCNCC1,O=C(Nc1ccccc1-c1ccccc1)OCC1CCNCC1,1,1,0.999303763972813,OK
1418,CHEMBL4646717,active_single,O=C(Nc1ccc(F)cc1-c1ccccc1Cl)OCC1CCNCC1,O=C(Nc1ccccc1-c1ccccc1)OCC1CCNCC1,1,1,0.9991128028686981,OK
1419,CHEMBL4648196,active_single,O=C(Nc1ccc(F)cc1-c1ccc(F)cc1)OCC1CCNCC1,O=C(Nc1ccccc1-c1ccccc1)OCC1CCNCC1,1,1,0.9978349602609293,OK
1423,CHEMBL4649201,active_single,O=C(Nc1ccc(F)cc1-c1ccc(Cl)c(Cl)c1)OCC1CCNCC1,O=C(Nc1ccccc1-c1ccccc1)OCC1CCNCC1,1,1,0.9992395122437291,OK
1491,CHEMBL4849385,inactive_single,Fc1ccc2c(c1)C(C1=CCNCC1)=Nc1cc(Cl)ccc1N2,C1=C(C2=Nc3ccccc3Nc3ccccc32)CCNC1,0,1,0.8776019162573738,FP
1494,CHEMBL4852403,inactive_single,CN1CC=C(C2=Nc3cc(Cl)ccc3Nc3ccc(F)cc32)CC1,C1=C(C2=Nc3ccccc3Nc3ccccc32)CCNC1,0,1,0.7248911933222465,FP
1499,CHEMBL4855033,inactive_single,O=C(NC1CN2CCC1CC2)N1CCc2ccccc2[C@@H]1c1ccc(F)cc1,O=C(NC1CN2CCC1CC2)N1CCc2ccccc2C1c1ccccc1,0,0,0.020513245685518832,OK
1501,CHEMBL4856628,inactive_single,Cc1ccc2c(c1)N=C(C1=CCNCC1)c1cc(F)ccc1N2,C1=C(C2=Nc3ccccc3Nc3ccccc32)CCNC1,0,1,0.7843764104051084,FP
1507,CHEMBL486331,inactive_single,O=C(Nc1cccc(SC(F)(F)F)c1)N1CCC(N2CCC(n3c(=O)[nH]c4ccccc43)CC2)CC1,O=C(Nc1ccccc1)N1CCC(N2CCC(n3c(=O)[nH]c4ccccc43)CC2)CC1,0,0,0.006977790914101825,OK
1509,CHEMBL4863723,inactive_single,CC(=O)NC(=O)[C@H](CCCCN)NC(=O)[C@H](CCCNC(=N)N)NCCN1CCN(CC(=O)NC2CCN(CC(=O)N3c4ccccc4NC(=O)c4ccccc43)CC2)CC1.O=C(O)C(F)(F)F.O=C(O)C(F)(F)F.O=C(O)C(F)(F)F.O=C(O)C(F)(F)F.O=C(O)C(F)(F)F,O=C(CN1CCNCC1)NC1CCN(CC(=O)N2c3ccccc3NC(=O)c3ccccc32)CC1,0,0,0.06230584048635869,OK
1519,CHEMBL4873426,inactive_single,Cc1ccc2c(c1)N=C(C1=CCN(C)CC1)c1cc(F)ccc1N2,C1=C(C2=Nc3ccccc3Nc3ccccc32)CCNC1,0,0,0.5675349301984356,OK
1526,CHEMBL487788,inactive_single,O=C(Nc1cccc(SC(F)(F)F)c1)N1CCC(N2CCC(n3c(=O)[nH]c4c(F)cccc43)CC2)CC1,O=C(Nc1ccccc1)N1CCC(N2CCC(n3c(=O)[nH]c4ccccc43)CC2)CC1,0,0,0.00889216109162212,OK
1530,CHEMBL487985,inactive_single,O=C(Nc1cccc(SC(F)(F)F)c1)N1CCC(N2CCC(n3c(=O)[nH]c4ccc(F)cc43)CC2)CC1,O=C(Nc1ccccc1)N1CCC(N2CCC(n3c(=O)[nH]c4ccccc43)CC2)CC1,0,0,0.006836935978343002,OK
1531,CHEMBL487986,inactive_single,O=C(Nc1cccc(SC(F)(F)F)c1)N1CCC(N2CCC(n3c(=O)[nH]c4cc(Cl)ccc43)CC2)CC1,O=C(Nc1ccccc1)N1CCC(N2CCC(n3c(=O)[nH]c4ccccc43)CC2)CC1,0,0,0.008200076876875278,OK
1559,CHEMBL492701,active_single,C[C@H]1CN(Cc2cccc(-c3cccc(CNC(=O)c4ccc5c(c4)OCO5)c3)n2)CCN1,O=C(NCc1cccc(-c2cccc(CN3CCNCC3)n2)c1)c1ccc2c(c1)OCO2,1,0,0.437213363446637,FN
1595,CHEMBL500313,inactive_single,CN1CCC[C@H]1[C@@H]1CNC(=O)O1,O=C1NCC(C2CCCN2)O1,0,0,0.006057335520531783,OK
1596,CHEMBL501419,active_single,CCOC(=O)c1ccc(NC(=O)N[C@@H](Cc2ccc(O)cc2)C(=O)NC2CCN(Cc3ccc4c(c3)OCO4)C2)cc1,O=C(Nc1ccccc1)NC(Cc1ccccc1)C(=O)NC1CCN(Cc2ccc3c(c2)OCO3)C1,1,1,0.9839757858111942,OK
1630,CHEMBL5087564,active_single,COc1ccc([C@H](Cc2c(Cl)c[n+]([O-])cc2Cl)OC(=O)c2cccc(NC(C(=O)O[C@H]3CN4CCC3CC4)c3ccccc3)c2)cc1OC,O=C(OC(Cc1cc[nH+]cc1)c1ccccc1)c1cccc(NC(C(=O)OC2CN3CCC2CC3)c2ccccc2)c1,1,1,0.9998906523654815,OK
1639,CHEMBL515462,inactive_single,Br.OC(c1ccccc1)(c1ccccc1)C1CN2CCC1CC2,c1ccc(C(c2ccccc2)C2CN3CCC2CC3)cc1,0,0,0.4942901012001841,OK
1654,CHEMBL5184455,active_single,O=C(N[C@@H](c1ccccc1)c1cccc(OCc2ccc(C(=O)OCCCCNC[C@H](O)c3ccc(O)c4[nH]c(=O)ccc34)cc2)c1)O[C@H]1CN2CCC1CC2,O=C(NC(c1ccccc1)c1cccc(OCc2ccc(C(=O)OCCCCNCCc3cccc4[nH]c(=O)ccc34)cc2)c1)OC1CN2CCC1CC2,1,1,0.9996501029710855,OK
1655,CHEMBL5184598,active_single,O=C(N[C@H](c1ccccc1)c1cccc(OCc2ccc(C(=O)OCCCCNC[C@H](O)c3ccc(O)c4[nH]c(=O)ccc34)cc2)c1)O[C@H]1CN2CCC1CC2,O=C(NC(c1ccccc1)c1cccc(OCc2ccc(C(=O)OCCCCNCCc3cccc4[nH]c(=O)ccc34)cc2)c1)OC1CN2CCC1CC2,1,1,0.9996501029710855,OK
1665,CHEMBL519609,active_single,CCN(CC)CCCOC(=O)N1c2ccccc2Sc2ccccc21,c1ccc2c(c1)Nc1ccccc1S2,1,1,0.9763472889989421,OK
1669,CHEMBL5200887,active_single,COc1cc(C(=O)OCCCCNC[C@H](O)c2ccc(O)c3[nH]c(=O)ccc23)ccc1COc1cccc([C@@H](NC(=O)O[C@H]2CN3CCC2CC3)c2ccccc2)c1,O=C(NC(c1ccccc1)c1cccc(OCc2ccc(C(=O)OCCCCNCCc3cccc4[nH]c(=O)ccc34)cc2)c1)OC1CN2CCC1CC2,1,1,0.9993886166269964,OK
1670,CHEMBL5201074,inactive_single,C[C@@H](NC(=O)/N=C(N)NCCCc1ncn[nH]1)c1ccccc1.Cl.Cl,O=C(N=CNCCCc1ncn[nH]1)NCc1ccccc1,0,0,0.060610447232929646,OK
1676,CHEMBL5208201,active_single,O=C(NC(c1ccccc1)c1cccc(OCc2ccc(C(=O)OCCCCNC[C@H](O)c3ccc(O)c4[nH]c(=O)ccc34)cc2)c1)O[C@H]1CN2CCC1CC2,O=C(NC(c1ccccc1)c1cccc(OCc2ccc(C(=O)OCCCCNCCc3cccc4[nH]c(=O)ccc34)cc2)c1)OC1CN2CCC1CC2,1,1,0.9996501029710855,OK
1701,CHEMBL5265833,active_single,C#CCCCCCCN1CCC(COC(=O)Nc2ccc(F)cc2-c2ccc(F)c(Cl)c2)CC1,O=C(Nc1ccccc1-c1ccccc1)OCC1CCNCC1,1,1,0.9996543788068565,OK
1704,CHEMBL5270870,active_single,NCCCCCCCCN1CCC(COC(=O)Nc2ccc(F)cc2-c2ccc(F)c(Cl)c2)CC1,O=C(Nc1ccccc1-c1ccccc1)OCC1CCNCC1,1,1,0.9996011954141656,OK
1713,CHEMBL5279174,active_single,C#CCCCCCN1CCC(COC(=O)Nc2ccc(F)cc2-c2ccc(F)c(Cl)c2)CC1,O=C(Nc1ccccc1-c1ccccc1)OCC1CCNCC1,1,1,0.9995104553510545,OK
1714,CHEMBL5281043,active_single,NCCCCCCN1CCC(COC(=O)Nc2ccc(F)cc2-c2ccc(F)c(Cl)c2)CC1,O=C(Nc1ccccc1-c1ccccc1)OCC1CCNCC1,1,1,0.9991999912331171,OK
1765,CHEMBL549986,active_single,O=C(O[C@H]1C[N+]2(CCCOc3ccccc3)CCC1CC2)[C@@](O)(c1cccs1)C1CCCC1.[Br-],O=C(OC1C[N+]2(CCCOc3ccccc3)CCC1CC2)C(c1cccs1)C1CCCC1,1,1,0.9995266037136639,OK
1766,CHEMBL5505762,active_single,COc1cc(C(=O)NCCCOc2cccc([C@](O)(C(=O)O[C@@H]3CCCN(C)C3)c3ccccc3)c2)c(F)cc1CNC[C@H](O)c1ccc(O)c2[nH]c(=O)ccc12,O=C(NCCCOc1cccc(C(C(=O)OC2CCCNC2)c2ccccc2)c1)c1ccc(CNCCc2cccc3[nH]c(=O)ccc23)cc1,1,1,0.9945803361156088,OK
1781,CHEMBL5523404,active_single,CN1CCC[C@H](OC(=O)[C@](O)(c2ccccc2)c2cccc(OCCCNC(=O)c3ccc(CNC[C@H](O)c4ccc(O)c5[nH]c(=O)ccc45)cc3)c2)C1.O=CO.O=CO,O=C(NCCCOc1cccc(C(C(=O)OC2CCCNC2)c2ccccc2)c1)c1ccc(CNCCc2cccc3[nH]c(=O)ccc23)cc1,1,1,0.9966732221384513,OK
1788,CHEMBL5532029,active_single,CN1CCC[C@@H](OC(=O)[C@](O)(c2ccccc2)c2cccc(OCCCNC(=O)c3ccc(CNC[C@H](O)c4ccc(O)c5[nH]c(=O)ccc45)cc3)c2)C1,O=C(NCCCOc1cccc(C(C(=O)OC2CCCNC2)c2ccccc2)c1)c1ccc(CNCCc2cccc3[nH]c(=O)ccc23)cc1,1,1,0.9971026337175019,OK
1795,CHEMBL5542534,active_single,O=C(c1ccc(CNC[C@H](O)c2ccc(O)c3[nH]c(=O)ccc23)cc1)N1CC(COc2cccc([C@](O)(C(=O)OCC3CCN(Cc4ccccc4)CC3)c3ccccc3)c2)C1,O=C(OCC1CCN(Cc2ccccc2)CC1)C(c1ccccc1)c1cccc(OCC2CN(C(=O)c3ccc(CNCCc4cccc5[nH]c(=O)ccc45)cc3)C2)c1,1,1,0.9999443300018649,OK
1800,CHEMBL5543004,active_single,O=C(NCCCOc1cccc([C@](O)(C(=O)O)c2ccccc2)c1)c1ccc(CNC[C@H](O)c2ccc(O)c3[nH]c(=O)ccc23)cc1,O=C(NCCCOc1cccc(Cc2ccccc2)c1)c1ccc(CNCCc2cccc3[nH]c(=O)ccc23)cc1,1,1,0.9464971813597508,OK
1811,CHEMBL5554991,inactive_single,COC(=O)C(C)(C)c1cnnn1CCN1CCC(=C2c3ccc(Cl)cc3CCc3cccnc32)CC1,c1ccc2c(c1)CCc1cccnc1C2=C1CCN(CCn2ccnn2)CC1,0,0,0.09697296741754367,OK
1812,CHEMBL5555388,active_single,COc1cc(C(=O)NCCCOc2cccc([C@](O)(C(=O)O[C@@H]3CCCN(C)C3)c3ccccc3)c2)c(Cl)cc1CNC[C@H](O)c1ccc(O)c2[nH]c(=O)ccc12,O=C(NCCCOc1cccc(C(C(=O)OC2CCCNC2)c2ccccc2)c1)c1ccc(CNCCc2cccc3[nH]c(=O)ccc23)cc1,1,1,0.9930223468720628,OK
1813,CHEMBL5555464,active_single,COc1cc(C(=O)NCCCOc2cccc([C@](O)(C(=O)O[C@@H]3CCCN(C)C3)c3ccccc3)c2)ccc1CNC[C@H](O)c1ccc(O)c2[nH]c(=O)ccc12,O=C(NCCCOc1cccc(C(C(=O)OC2CCCNC2)c2ccccc2)c1)c1ccc(CNCCc2cccc3[nH]c(=O)ccc23)cc1,1,1,0.995528321465935,OK
1821,CHEMBL5556348,active_single,COc1cc(CNC[C@H](O)c2ccc(O)c3[nH]c(=O)ccc23)c(Cl)cc1C(=O)NCCCOc1cccc([C@](O)(C(=O)O[C@@H]2CCCN(C)C2)c2ccccc2)c1,O=C(NCCCOc1cccc(C(C(=O)OC2CCCNC2)c2ccccc2)c1)c1ccc(CNCCc2cccc3[nH]c(=O)ccc23)cc1,1,1,0.9898361544614261,OK
1838,CHEMBL5559271,active_single,Cc1cc(C(=O)NCCCOc2cccc([C@](O)(C(=O)O[C@@H]3CCCN(C)C3)c3ccccc3)c2)c(C)cc1CNC[C@H](O)c1ccc(O)c2[nH]c(=O)ccc12,O=C(NCCCOc1cccc(C(C(=O)OC2CCCNC2)c2ccccc2)c1)c1ccc(CNCCc2cccc3[nH]c(=O)ccc23)cc1,1,1,0.9911736770028786,OK
1846,CHEMBL5564521,inactive_single,CC(C)(C(=O)O)c1ccc(CCCN2CCC(=C3c4ccc(Cl)cc4CCc4cccnc43)CC2)nc1,c1ccc(CCCN2CCC(=C3c4ccccc4CCc4cccnc43)CC2)nc1,0,0,0.037301866522781814,OK
1847,CHEMBL5565071,inactive_single,NC(=O)c1cn(CCN2CCC(=C3c4ccc(Cl)cc4CCc4cccnc43)CC2)nn1,c1ccc2c(c1)CCc1cccnc1C2=C1CCN(CCn2ccnn2)CC1,0,0,0.018764162816089478,OK
1849,CHEMBL556635,active,O=C(O[C@H]1C[N+]2(CCCOc3ccccc3)CCC1CC2)[C@](O)(c1cccs1)C1CCCC1.[Br-],O=C(OC1C[N+]2(CCCOc3ccccc3)CCC1CC2)C(c1cccs1)C1CCCC1,1,1,0.9996720376516705,OK
1852,CHEMBL557808,active_single,C[N+](C)(C)C[C@@H]1C[S+]([O-])[C@@](c2ccccc2)(C2CCCCC2)O1.[I-],c1ccc(C2(C3CCCCC3)OCC[SH+]2)cc1,1,1,0.9254847245102275,OK
1872,CHEMBL564,active,CN(C)CCCN1c2ccccc2Sc2ccccc21,c1ccc2c(c1)Nc1ccccc1S2,1,1,0.9243410942354005,OK
1901,CHEMBL5760673,active_single,COc1ccc([C@H](Cc2c(Cl)c[n+]([O-])cc2Cl)OC(=O)c2ccc(CNC(C(=O)OC[C@@H]3CCCCN3C)c3ccccc3)s2)cc1OC,O=C(OC(Cc1cc[nH+]cc1)c1ccccc1)c1ccc(CNC(C(=O)OCC2CCCCN2)c2ccccc2)s1,1,1,0.9996240285681445,OK
1924,CHEMBL5777931,active_single,COc1ccc([C@H](Cc2c(Cl)c[n+]([O-])cc2Cl)OC(=O)c2ccc(CNC(C(=O)OCC3CCCCN3C)c3ccccc3)s2)cc1OC,O=C(OC(Cc1cc[nH+]cc1)c1ccccc1)c1ccc(CNC(C(=O)OCC2CCCCN2)c2ccccc2)s1,1,1,0.999541940368678,OK
1999,CHEMBL5859909,active,COc1ccc([C@H](Cc2c(Cl)c[n+]([O-])cc2Cl)OC(=O)c2ccc(CNC(C(=O)OC[C@H]3CCCCN3C)c3ccccc3)s2)cc1OC,O=C(OC(Cc1cc[nH+]cc1)c1ccccc1)c1ccc(CNC(C(=O)OCC2CCCCN2)c2ccccc2)s1,1,1,0.9992829545526023,OK
2004,CHEMBL5864176,active_single,COc1ccc([C@H](Cc2c(Cl)c[n+]([O-])cc2Cl)OC(=O)c2ccc(CNC(C(=O)OCC3CN(C)C3)c3ccccc3)s2)cc1OC,O=C(OC(Cc1cc[nH+]cc1)c1ccccc1)c1ccc(CNC(C(=O)OCC2CNC2)c2ccccc2)s1,1,1,0.9992642077535274,OK
2014,CHEMBL5882533,active_single,COc1ccc([C@H](Cc2c(Cl)c[n+]([O-])cc2Cl)OC(=O)c2ccc(CN3CC(C(=O)O[C@@H]4CCN(C)C4)(c4ccccc4)C3)s2)cc1OC,O=C(OC(Cc1cc[nH+]cc1)c1ccccc1)c1ccc(CN2CC(C(=O)OC3CCNC3)(c3ccccc3)C2)s1,1,1,0.9998869864015262,OK
2178,CHEMBL6047660,active,COc1ccc([C@H](Cc2c(Cl)c[n+]([O-])cc2Cl)OC(=O)c2ccc(CNC3CC(C(=O)OC4CCN(C)CC4)(c4ccccc4)C3)s2)cc1OC,O=C(OC(Cc1cc[nH+]cc1)c1ccccc1)c1ccc(CNC2CC(C(=O)OC3CCNCC3)(c3ccccc3)C2)s1,1,1,0.9996764666072007,OK
2195,CHEMBL6067689,active_single,COc1cc(C(=O)NCCCOc2cccc([C@](O)(C(=O)O[C@@H]3CCCN(C)C3)c3ccccc3)c2)c(OC)cc1CNC[C@H](O)c1ccc(O)c2[nH]c(=O)ccc12,O=C(NCCCOc1cccc(C(C(=O)OC2CCCNC2)c2ccccc2)c1)c1ccc(CNCCc2cccc3[nH]c(=O)ccc23)cc1,1,1,0.9926975988216409,OK
2196,CHEMBL6067690,active_single,CN1CCC[C@@H](OC(=O)[C@](O)(c2ccccc2)c2cccc(OCCCNC(=O)c3ccc(CNC[C@H](O)c4ccc(O)c5[nH]c(=O)ccc45)c(F)c3)c2)C1.O=CO,O=C(NCCCOc1cccc(C(C(=O)OC2CCCNC2)c2ccccc2)c1)c1ccc(CNCCc2cccc3[nH]c(=O)ccc23)cc1,1,1,0.9964420819994213,OK
2211,CHEMBL643,active,CC(CN1c2ccccc2Sc2ccccc21)N(C)C,c1ccc2c(c1)Nc1ccccc1S2,1,1,0.8434585133453204,OK
2233,CHEMBL71,active,CN(C)CCCN1c2ccccc2Sc2ccc(Cl)cc21,c1ccc2c(c1)Nc1ccccc1S2,1,1,0.972562357246147,OK
2234,CHEMBL71124,active_single,COc1ccc([S+]([O-])c2ccc(C(C)C3CCN(C4CCCCC4)CC3)cc2)cc1,c1ccc([SH+]c2ccc(CC3CCN(C4CCCCC4)CC3)cc2)cc1,1,1,0.8945425384128699,OK
2260,CHEMBL86309,active_single,O=C(Cc1ccccc1)N(c1ccccc1)C1CCN(Cc2ccccc2)CC1,O=C(Cc1ccccc1)N(c1ccccc1)C1CCN(Cc2ccccc2)CC1,1,1,0.9957477761341978,OK
30,CHEMBL1083402,active_single,O=S(=O)(CCC1CCNCC1)c1ccccc1-c1cccc(Cl)c1,O=S(=O)(CCC1CCNCC1)c1ccccc1-c1ccccc1,1,1,0.9423890077343201,OK
38,CHEMBL1090095,inactive_single,CCN1CCN(c2ccc(NC(=O)c3ccc(OC)cc3)cc2Cl)CC1,O=C(Nc1ccc(N2CCNCC2)cc1)c1ccccc1,0,0,0.08376915591683869,OK
39,CHEMBL1090759,inactive_single,CCN1CCN(c2ccc(NC(=O)c3cc(C(F)(F)F)cc(C(F)(F)F)c3)cc2Cl)CC1,O=C(Nc1ccc(N2CCNCC2)cc1)c1ccccc1,0,0,0.1459891218235344,OK
41,CHEMBL1092461,inactive_single,CCN1CCN(c2ccc(NC(=O)c3ccc(C)cc3)cc2Cl)CC1,O=C(Nc1ccc(N2CCNCC2)cc1)c1ccccc1,0,0,0.07492150315724526,OK
42,CHEMBL1093775,inactive_single,CCN1CCN(c2ccc(NC(=O)c3cccc(C)c3)cc2Cl)CC1,O=C(Nc1ccc(N2CCNCC2)cc1)c1ccccc1,0,0,0.13064711925068515,OK
43,CHEMBL1093933,inactive_single,CCN1CCN(c2ccc(NC(=O)c3ccc(F)c(F)c3)cc2Cl)CC1,O=C(Nc1ccc(N2CCNCC2)cc1)c1ccccc1,0,0,0.05577721466400337,OK
65,CHEMBL1200803,active_single,O=C(O)CCC(=O)O.O=C(O[C@H]1CN2CCC1CC2)N1CCc2ccccc2[C@@H]1c1ccccc1,O=C(OC1CN2CCC1CC2)N1CCc2ccccc2C1c1ccccc1,1,0,0.5826065106856222,FN
71,CHEMBL120472,active_single,CCN1CCC(c2ccccc2)=C(C(=O)OCCC2CCCCC2)C1.O=C(O)C(=O)O,O=C(OCCC1CCCCC1)C1=C(c2ccccc2)CCNC1,1,1,0.9539076391254003,OK
83,CHEMBL1289082,active_single,O=C(c1cccs1)N1CCOC2(CCN(Cc3ccc(Cl)cc3)CC2)C1,O=C(c1cccs1)N1CCOC2(CCN(Cc3ccccc3)CC2)C1,1,1,0.9583838124483687,OK
99,CHEMBL1290410,active_single,O=C(c1ccsc1)N1CCC2(CCN(Cc3ccccc3)CC2)CC1,O=C(c1ccsc1)N1CCC2(CCN(Cc3ccccc3)CC2)CC1,1,1,0.959031392446796,OK
103,CHEMBL130835,active_single,COc1ccccc1CN1CCC(C2CCN(C(=O)CCCCCCC(=O)N3CCC(C4CCN(Cc5ccccc5OC)CC4)CC3)CC2)CC1,O=C(CCCCCCC(=O)N1CCC(C2CCN(Cc3ccccc3)CC2)CC1)N1CCC(C2CCN(Cc3ccccc3)CC2)CC1,1,1,0.9769651237129888,OK
116,CHEMBL146291,active_single,O=C(NC1CCN(CC2CCCCCCC2)CC1)C(O)(c1ccccc1)C1CCCC1,O=C(NC1CCN(CC2CCCCCCC2)CC1)C(c1ccccc1)C1CCCC1,1,1,0.9879592059960863,OK
193,CHEMBL1683942,active_single,C[N+]1(CCCCCCCCCNC[C@H](O)c2ccc(O)c3[nH]c(=O)ccc23)[C@@H]2C[C@H](OC(=O)C(O)(c3cccs3)c3cccs3)C[C@@H]1[C@H]1O[C@H]12,O=C(OC1CC2C3OC3C(C1)[NH+]2CCCCCCCCCNCCc1cccc2[nH]c(=O)ccc12)C(c1cccs1)c1cccs1,1,1,0.9997280050475081,OK
200,CHEMBL1770373,active_single,c1ccc(Cc2ncc3c(n2)CCNCC3)cc1,c1ccc(Cc2ncc3c(n2)CCNCC3)cc1,1,0,0.09561984022158183,FN
240,CHEMBL1779137,active_single,CCCCN(C(=O)O[C@H]1C[N+]2(CCOc3ccccc3)CCC1CC2)c1ccccc1.[Br-],O=C(Nc1ccccc1)OC1C[N+]2(CCOc3ccccc3)CCC1CC2,1,1,0.9991409001821933,OK
249,CHEMBL1836646,active_single,Oc1cccc(F)c1-n1nc(OC2CCNCC2)c2c1CCCC2,c1ccc(-n2nc(OC3CCNCC3)c3c2CCCC3)cc1,1,1,0.8278037896673223,OK
253,CHEMBL1909073,active,CC[N+]1(CCOC(=O)C(O)(c2ccccc2)c2ccccc2)CCCCC1.[Br-],O=C(OCC[NH+]1CCCCC1)C(c1ccccc1)c1ccccc1,1,1,0.8152257564470224,OK
288,CHEMBL1921914,active_single,C[C@@](C(=O)O[C@H]1C[N+]2(CCC3CCCCC3)CCC1CC2)(c1cccs1)N1CCCCC1,O=C(OC1C[N+]2(CCC3CCCCC3)CCC1CC2)C(c1cccs1)N1CCCCC1,1,1,0.9993437356779284,OK
295,CHEMBL1921921,active_single,C[C@@](C(=O)O[C@H]1C[N+]2(CCCc3cccnc3)CCC1CC2)(c1ccccc1)N1CCCCC1,O=C(OC1C[N+]2(CCCc3cccnc3)CCC1CC2)C(c1ccccc1)N1CCCCC1,1,1,0.9942905433375672,OK
296,CHEMBL1921922,active_single,Cc1ccc(CCC[N+]23CCC(CC2)[C@@H](OC(=O)[C@](C)(c2ccccc2)N2CCCCC2)C3)cn1,O=C(OC1C[N+]2(CCCc3cccnc3)CCC1CC2)C(c1ccccc1)N1CCCCC1,1,1,0.9947341057686002,OK
297,CHEMBL1921923,active_single,C[C@@](C(=O)O[C@H]1C[N+]2(CCCc3cncnc3)CCC1CC2)(c1ccccc1)N1CCCCC1,O=C(OC1C[N+]2(CCCc3cncnc3)CCC1CC2)C(c1ccccc1)N1CCCCC1,1,1,0.9969648590377825,OK
323,CHEMBL1922050,active_single,C[C@@](C(=O)O[C@H]1C[N+]2(CC(=O)Nc3cnccn3)CCC1CC2)(c1ccccc1)N1CCCCC1,O=C(C[N+]12CCC(CC1)C(OC(=O)C(c1ccccc1)N1CCCCC1)C2)Nc1cnccn1,1,1,0.9954121400943927,OK
327,CHEMBL1922054,active_single,Cc1ccc2nc(C[N+]34CCC(CC3)[C@@H](OC(=O)[C@](C)(c3ccccc3)N3CCCCC3)C4)oc2c1,O=C(OC1C[N+]2(Cc3nc4ccccc4o3)CCC1CC2)C(c1ccccc1)N1CCCCC1,1,1,0.9986859028471958,OK
369,CHEMBL199981,active_single,CO[C@]1(C#CC(O)(c2ccc(Cl)cc2)c2ccc(Cl)cc2)CN2CCC1CC2,C(#CC1CN2CCC1CC2)C(c1ccccc1)c1ccccc1,1,1,0.9946865911103413,OK
371,CHEMBL200208,active_single,CO[C@@]1(C#CC(O)(c2ccccc2)c2ccccc2)CN2CCC1CC2,C(#CC1CN2CCC1CC2)C(c1ccccc1)c1ccccc1,1,1,0.9882910815563903,OK
372,CHEMBL200209,active_single,CO[C@]1(C#CC(O)(c2ccc(C)cc2)c2ccc(C)cc2)CN2CCC1CC2,C(#CC1CN2CCC1CC2)C(c1ccccc1)c1ccccc1,1,1,0.9870673421241875,OK
373,CHEMBL200210,active_single,COC1(C#CC(O)(c2ccccc2)c2ccccn2)CN2CCC1CC2,C(#CC1CN2CCC1CC2)C(c1ccccc1)c1ccccn1,1,1,0.99334028790495,OK
393,CHEMBL2023760,active_single,C[N@+]1(CC2CC2)C2CCC1C[C@@H](CC(C#N)(c1ccccc1)c1ccccc1)C2.[Br-],c1ccc(C(CC2CC3CCC(C2)[NH+]3CC2CC2)c2ccccc2)cc1,1,1,0.9741328927738447,OK
394,CHEMBL2023761,active_single,C[N@+]1(CC2CC2)C2CCC1C[C@H](CC(C#N)(c1ccccc1)c1ccccc1)C2,c1ccc(C(CC2CC3CCC(C2)[NH+]3CC2CC2)c2ccccc2)cc1,1,1,0.9944082810279758,OK
411,CHEMBL2042551,inactive_single,C[N+](C)(C)C[C@@H]1COC[C@@H](C(c2ccccc2)c2ccccc2)O1.[I-],c1ccc(C(c2ccccc2)C2COCCO2)cc1,0,0,0.36535034374231834,OK
417,CHEMBL205105,active_single,Cc1c(NC2CC2)nc(C2CC2)nc1N1CCCCC1,c1c(NC2CC2)nc(C2CC2)nc1N1CCCCC1,1,1,0.9921638174091741,OK
428,CHEMBL205944,active_single,CCC1CCN(c2nc(C3CC3)nc(NC3CC3)c2C)CC1,c1c(NC2CC2)nc(C2CC2)nc1N1CCCCC1,1,1,0.970547065603417,OK
441,CHEMBL208280,active_single,Cc1c(NC2CC2)nc(C2CC2)nc1N1CCC(C)CC1,c1c(NC2CC2)nc(C2CC2)nc1N1CCCCC1,1,1,0.96694876784606,OK
446,CHEMBL2092737,inactive_single,C[C@H]1O[C@@H]([C@@H]2CCCN2C)C[S@+]1[O-],C1CNC(C2C[SH+]CO2)C1,0,0,0.16618119151936914,OK
450,CHEMBL2093083,inactive_single,C[C@H]1O[C@@H]([C@@H]2CCCN2C)C[S@@+]1[O-],C1CNC(C2C[SH+]CO2)C1,0,0,0.1590869448243961,OK
457,CHEMBL2112589,active_single,CCN1CC[C@@H](c2ccccc2)[C@H](C(=O)OCCc2ccccc2)C1.O=C(O)C(=O)O,O=C(OCCc1ccccc1)C1CNCCC1c1ccccc1,1,1,0.6647377722562842,OK
480,CHEMBL2146598,inactive_single,O=c1[nH]c2ccccc2n1C1CCN(C2CCOCC2)CC1,O=c1[nH]c2ccccc2n1C1CCN(C2CCOCC2)CC1,0,0,0.0010662565377302603,OK
488,CHEMBL216927,active_single,COc1nsnc1OCCOCCOCCOCCOc1nsnc1C1=CCCN(C)C1,C1=C(c2nsnc2OCCOCCOCCOCCOc2cnsn2)CNCC1,1,1,0.993251233013023,OK
569,CHEMBL2313377,inactive_single,Cc1nc2sc(C(=O)NC3CC3)c(N)c2c(C)c1Cl,O=C(NC1CC1)c1cc2cccnc2s1,0,0,0.051221516758076444,OK
587,CHEMBL234260,active_single,CN(C)C1(CC2CCCCC2)COc2ccccc2OC1,c1ccc2c(c1)OCC(CC1CCCCC1)CO2,1,1,0.989988127648347,OK
619,CHEMBL2441750,inactive_single,CN(C)C[C@H]1CN(C)C(=O)O1,O=C1NCCO1,0,0,0.12315103784647465,OK
620,CHEMBL2441751,inactive_single,CN(C)C[C@@H]1CN(C)C(=O)O1,O=C1NCCO1,0,0,0.03490270978566642,OK
621,CHEMBL2441752,inactive_single,CN1C[C@@H](C[N+](C)(C)C)OC1=O,O=C1NCCO1,0,0,0.12176721575400473,OK
622,CHEMBL2441753,inactive_single,CN1C[C@H](C[N+](C)(C)C)OC1=O,O=C1NCCO1,0,0,0.030673539524809036,OK
623,CHEMBL2441754,inactive_single,CN(C)C[C@@H]1CNC(=O)O1,O=C1NCCO1,0,0,0.021961391956691036,OK
624,CHEMBL2441755,inactive_single,CN(C)C[C@H]1CNC(=O)O1,O=C1NCCO1,0,0,0.036503337151228755,OK
625,CHEMBL2441756,inactive_single,C[N+](C)(C)C[C@@H]1CNC(=O)O1,O=C1NCCO1,0,0,0.024298489209523037,OK
626,CHEMBL2441757,inactive_single,C[N+](C)(C)C[C@H]1CNC(=O)O1,O=C1NCCO1,0,0,0.023608050316477277,OK
637,CHEMBL257586,inactive_single,C[N+](C)(CCCC(O)(c1ccccc1)c1ccccc1)CC[N+](C)(C)CCCC(O)(c1ccccc1)c1ccccc1.[I-].[I-],c1ccc(C(CCC[NH2+]CC[NH2+]CCCC(c2ccccc2)c2ccccc2)c2ccccc2)cc1,0,0,0.11803866918087584,OK
639,CHEMBL258959,active_single,COC1(C#CC(C#N)(c2ccccc2)c2ccccc2)CN2CCC1CC2,C(#CC1CN2CCC1CC2)C(c1ccccc1)c1ccccc1,1,1,0.9969810800044155,OK
649,CHEMBL271108,active_single,CC(C)N(CC[C@H](c1ccccc1)c1cc(CCNC(=O)CCCCCNC(=O)COc2ccc(/C=C/C3=[N+]4C(=Cc5ccc(-c6cccs6)n5[B-]4(F)F)C=C3)cc2)ccc1O)C(C)C,O=C(CCCCCNC(=O)COc1ccc(C=CC2=[N+]3[BH2-]n4c(ccc4-c4cccs4)C=C3C=C2)cc1)NCCc1cccc(Cc2ccccc2)c1,1,1,0.9996105226194048,OK
650,CHEMBL271519,inactive_single,CCN1CCN(c2ccc(NC(=O)c3ccccc3)cc2Cl)CC1,O=C(Nc1ccc(N2CCNCC2)cc1)c1ccccc1,0,0,0.1973872689726995,OK
694,CHEMBL3084396,active_single,CN1[C@@H]2CC[C@H]1C[C@@H](CC(O)(c1cccs1)c1cccs1)C2,c1csc(C(CC2CC3CCC(C2)N3)c2cccs2)c1,1,1,0.9774852370374398,OK
721,CHEMBL3084459,active_single,C[N+]1(CC2CC2)[C@@H]2CC[C@H]1C[C@@H](CC(C#N)(c1ccccc1)c1ccccc1)C2.[Br-],c1ccc(C(CC2CC3CCC(C2)[NH+]3CC2CC2)c2ccccc2)cc1,1,1,0.96486262771523,OK
740,CHEMBL3085058,active_single,C[N+]1(C)[C@@H]2CC[C@H]1C[C@H](OC(=O)N(Cc1ccccc1)c1ccccc1)C2.[Br-],O=C(OC1CC2CCC(C1)[NH2+]2)N(Cc1ccccc1)c1ccccc1,1,1,0.9982463650795744,OK
743,CHEMBL3085061,active_single,C[N+]1(C)[C@@H]2CC[C@H]1C[C@H](OC(=O)N(Cc1ccc(Br)cc1)c1ccccc1)C2.[Br-],O=C(OC1CC2CCC(C1)[NH2+]2)N(Cc1ccccc1)c1ccccc1,1,1,0.9978579008463837,OK
744,CHEMBL3085062,active_single,COc1ccc(CN(C(=O)O[C@H]2C[C@H]3CC[C@@H](C2)[N+]3(C)C)c2ccccc2)cc1.[Br-],O=C(OC1CC2CCC(C1)[NH2+]2)N(Cc1ccccc1)c1ccccc1,1,1,0.997113899039123,OK
782,CHEMBL3087245,active_single,O=C(C[N+]12CCC(CC1)[C@@H](OC(=O)C1(C3=CC=CC3)CCCCCC1)C2)Nc1ncco1,O=C(C[N+]12CCC(CC1)C(OC(=O)C1(C3=CC=CC3)CCCCCC1)C2)Nc1ncco1,1,1,0.9939098369276146,OK
847,CHEMBL313918,inactive_single,C#CCC#CCO/N=C1CN2CCC1C2,N=C1CN2CCC1C2,0,0,0.5272943932532036,OK
871,CHEMBL3219051,active_single,CS(=O)(=O)Nc1cc([C@@H](O)CNCCCCCCCCCN2CC[C@@H](OC(=O)Nc3ccccc3-c3ccc(O)c(Cl)c3)C2)ccc1O,O=C(Nc1ccccc1-c1ccccc1)OC1CCN(CCCCCCCCCNCCc2ccccc2)C1,1,1,0.9999931494766576,OK
880,CHEMBL327664,inactive_single,OC1(C2=CN3CCC2CC3)c2ccccc2Oc2ccccc21,C1=C(C2c3ccccc3Oc3ccccc32)C2CCN1CC2,0,1,0.9375995325246972,FP
891,CHEMBL332980,active_single,CCN1CCC(c2ccccc2)=C(C(=O)OC2CCCCC2)C1.O=C(O)C(=O)O,O=C(OC1CCCCC1)C1=C(c2ccccc2)CCNC1,1,1,0.9619665519298594,OK
894,CHEMBL3350062,inactive_single,C[C@@H]1O[C@H]([C@H]2CCCN2C)C[S@@+]1[O-],C1CNC(C2C[SH+]CO2)C1,0,0,0.03814065826237886,OK
895,CHEMBL3350063,inactive_single,C[C@H]1O[C@@H]([C@H]2CCCN2C)C[S@+]1[O-],C1CNC(C2C[SH+]CO2)C1,0,0,0.16309870726061698,OK
896,CHEMBL3350064,inactive_single,C[C@@H]1O[C@H]([C@@H]2CCCN2C)C[S@@+]1[O-],C1CNC(C2C[SH+]CO2)C1,0,0,0.1121478689344986,OK
897,CHEMBL3351103,inactive_single,C[C@@H]1O[C@H]([C@H]2CCCN2C)C[S@+]1[O-],C1CNC(C2C[SH+]CO2)C1,0,0,0.026858365504993365,OK
898,CHEMBL3351104,inactive_single,C[C@H]1O[C@@H]([C@H]2CCCN2C)C[S@@+]1[O-],C1CNC(C2C[SH+]CO2)C1,0,0,0.15611141426784436,OK
899,CHEMBL3351105,inactive_single,C[C@@H]1O[C@H]([C@@H]2CCCN2C)C[S@+]1[O-],C1CNC(C2C[SH+]CO2)C1,0,0,0.08081298928808044,OK
912,CHEMBL3401641,active_single,O=C(N[C@H]1CN2CCC1CC2)C(O)(c1cccs1)c1cccs1,O=C(NC1CN2CCC1CC2)C(c1cccs1)c1cccs1,1,1,0.9026647389283227,OK
913,CHEMBL3401642,active_single,O=C(N[C@H]1CN2CCC1CC2)C(c1cccs1)c1cccs1,O=C(NC1CN2CCC1CC2)C(c1cccs1)c1cccs1,1,1,0.880120719128573,OK
924,CHEMBL3401653,active_single,CN(CCC[N+]12CCC(CC1)[C@@H](NC(=O)C1(O)c3ccccc3-c3ccccc31)C2)c1ccccc1.[Cl-],O=C(NC1C[N+]2(CCCNc3ccccc3)CCC1CC2)C1c2ccccc2-c2ccccc21,1,1,0.9811724041922093,OK
997,CHEMBL3645283,active,Cc1cc(CNC[C@H](O)c2ccc(O)c3[nH]c(=O)ccc23)ccc1NC(=O)CCCCN(C)C(=O)CCN1CCC(OC(=O)Nc2ccccc2-c2ccccc2)CC1,O=C(CCN1CCC(OC(=O)Nc2ccccc2-c2ccccc2)CC1)NCCCCC(=O)Nc1ccc(CNCCc2cccc3[nH]c(=O)ccc23)cc1,1,1,0.9998531098052408,OK
998,CHEMBL3645284,active,COc1cc(CNC[C@H](O)c2ccc(O)c3[nH]c(=O)ccc23)ccc1NC(=O)CCCCN(C)C(=O)CCN1CCC(OC(=O)Nc2ccccc2-c2ccccc2)CC1,O=C(CCN1CCC(OC(=O)Nc2ccccc2-c2ccccc2)CC1)NCCCCC(=O)Nc1ccc(CNCCc2cccc3[nH]c(=O)ccc23)cc1,1,1,0.9997226890618301,OK
999,CHEMBL3645285,active,COc1cc(NC(=O)CCCCN(C)C(=O)CCN2CCC(OC(=O)Nc3ccccc3-c3ccccc3)CC2)ccc1CNC[C@H](O)c1ccc(O)c2[nH]c(=O)ccc12,O=C(CCN1CCC(OC(=O)Nc2ccccc2-c2ccccc2)CC1)NCCCCC(=O)Nc1ccc(CNCCc2cccc3[nH]c(=O)ccc23)cc1,1,1,0.9991992736926257,OK
1000,CHEMBL3645286,active,COc1cc(NC(=O)CCCCN(C)C(=O)CCN2CCC(OC(=O)Nc3ccccc3-c3ccccc3)CC2)c(Cl)cc1CNC[C@H](O)c1ccc(O)c2[nH]c(=O)ccc12,O=C(CCN1CCC(OC(=O)Nc2ccccc2-c2ccccc2)CC1)NCCCCC(=O)Nc1ccc(CNCCc2cccc3[nH]c(=O)ccc23)cc1,1,1,0.9997506477449565,OK
1036,CHEMBL3645322,active,C[C@H](Cc1ccc(CCNC(=O)c2ccc(N(C)C(=O)CCN3CCC(OC(=O)Nc4ccccc4-c4ccccc4)CC3)cc2)cc1)NC[C@H](O)c1ccc(O)c2[nH]c(=O)ccc12,O=C(CCN1CCC(OC(=O)Nc2ccccc2-c2ccccc2)CC1)Nc1ccc(C(=O)NCCc2ccc(CCNCCc3cccc4[nH]c(=O)ccc34)cc2)cc1,1,1,0.9998226188781382,OK
1037,CHEMBL3645323,active,C[C@@H](Cc1ccc(CCNC(=O)c2ccc(N(C)C(=O)CCN3CCC(OC(=O)Nc4ccccc4-c4ccccc4)CC3)cc2)cc1)NC[C@H](O)c1ccc(O)c2[nH]c(=O)ccc12,O=C(CCN1CCC(OC(=O)Nc2ccccc2-c2ccccc2)CC1)Nc1ccc(C(=O)NCCc2ccc(CCNCCc3cccc4[nH]c(=O)ccc34)cc2)cc1,1,1,0.9997215489215269,OK
1054,CHEMBL3645340,active,CN(C(=O)CCN1CCC(OC(=O)Nc2ccccc2-c2ccccc2)CC1)c1ccc(CNC(=O)Cc2cccc(CCNC[C@H](O)c3ccc(O)c4[nH]c(=O)ccc34)c2)cc1,O=C(Cc1cccc(CCNCCc2cccc3[nH]c(=O)ccc23)c1)NCc1ccc(NC(=O)CCN2CCC(OC(=O)Nc3ccccc3-c3ccccc3)CC2)cc1,1,1,0.9998574280286937,OK
1055,CHEMBL3645341,active,CC(Cc1cccc(CC(=O)NCc2ccc(N(C)C(=O)CCN3CCC(OC(=O)Nc4ccccc4-c4ccccc4)CC3)cc2)c1)NC[C@H](O)c1ccc(O)c2[nH]c(=O)ccc12,O=C(Cc1cccc(CCNCCc2cccc3[nH]c(=O)ccc23)c1)NCc1ccc(NC(=O)CCN2CCC(OC(=O)Nc3ccccc3-c3ccccc3)CC2)cc1,1,1,0.9998939886884812,OK
1056,CHEMBL3645342,active,C[C@H](Cc1cccc(CC(=O)NCc2ccc(N(C)C(=O)CCN3CCC(OC(=O)Nc4ccccc4-c4ccccc4)CC3)cc2)c1)NC[C@H](O)c1ccc(O)c2[nH]c(=O)ccc12,O=C(Cc1cccc(CCNCCc2cccc3[nH]c(=O)ccc23)c1)NCc1ccc(NC(=O)CCN2CCC(OC(=O)Nc3ccccc3-c3ccccc3)CC2)cc1,1,1,0.9999277215242477,OK
1057,CHEMBL3645343,active,C[C@@H](Cc1cccc(CC(=O)NCc2ccc(N(C)C(=O)CCN3CCC(OC(=O)Nc4ccccc4-c4ccccc4)CC3)cc2)c1)NC[C@H](O)c1ccc(O)c2[nH]c(=O)ccc12,O=C(Cc1cccc(CCNCCc2cccc3[nH]c(=O)ccc23)c1)NCc1ccc(NC(=O)CCN2CCC(OC(=O)Nc3ccccc3-c3ccccc3)CC2)cc1,1,1,0.9998865311884738,OK
1059,CHEMBL3645345,active,COc1ccc(CC(=O)NCc2ccc(N(C)C(=O)CCN3CCC(OC(=O)Nc4ccccc4-c4ccccc4)CC3)cc2)cc1CC(C)NC[C@H](O)c1ccc(O)c2[nH]c(=O)ccc12,O=C(Cc1cccc(CCNCCc2cccc3[nH]c(=O)ccc23)c1)NCc1ccc(NC(=O)CCN2CCC(OC(=O)Nc3ccccc3-c3ccccc3)CC2)cc1,1,1,0.9998675806870204,OK
1060,CHEMBL3645346,active,COc1ccc(CC(=O)NCc2ccc(N(C)C(=O)CCN3CCC(OC(=O)Nc4ccccc4-c4ccccc4)CC3)cc2)cc1C[C@@H](C)NC[C@H](O)c1ccc(O)c2[nH]c(=O)ccc12,O=C(Cc1cccc(CCNCCc2cccc3[nH]c(=O)ccc23)c1)NCc1ccc(NC(=O)CCN2CCC(OC(=O)Nc3ccccc3-c3ccccc3)CC2)cc1,1,1,0.9998032633145676,OK
1061,CHEMBL3645347,active,COc1ccc(CC(=O)NCc2ccc(N(C)C(=O)CCN3CCC(OC(=O)Nc4ccccc4-c4ccccc4)CC3)cc2)cc1C[C@H](C)NC[C@H](O)c1ccc(O)c2[nH]c(=O)ccc12,O=C(Cc1cccc(CCNCCc2cccc3[nH]c(=O)ccc23)c1)NCc1ccc(NC(=O)CCN2CCC(OC(=O)Nc3ccccc3-c3ccccc3)CC2)cc1,1,1,0.999830324974686,OK
1062,CHEMBL3645348,active,CC(Cc1cc(CC(=O)NCc2ccc(N(C)C(=O)CCN3CCC(OC(=O)Nc4ccccc4-c4ccccc4)CC3)cc2)ccc1F)NC[C@H](O)c1ccc(O)c2[nH]c(=O)ccc12,O=C(Cc1cccc(CCNCCc2cccc3[nH]c(=O)ccc23)c1)NCc1ccc(NC(=O)CCN2CCC(OC(=O)Nc3ccccc3-c3ccccc3)CC2)cc1,1,1,0.9999345540174676,OK
1070,CHEMBL3645356,active,COc1ccc(CC(C)NC[C@H](O)c2ccc(O)c3[nH]c(=O)ccc23)cc1CC(=O)NCc1ccc(N(C)C(=O)CCN2CCC(OC(=O)Nc3ccccc3-c3ccccc3)CC2)cc1,O=C(Cc1cccc(CCNCCc2cccc3[nH]c(=O)ccc23)c1)NCc1ccc(NC(=O)CCN2CCC(OC(=O)Nc3ccccc3-c3ccccc3)CC2)cc1,1,1,0.9998320226358253,OK
1071,CHEMBL3645357,active,CC(Cc1ccc(F)c(CC(=O)NCc2ccc(N(C)C(=O)CCN3CCC(OC(=O)Nc4ccccc4-c4ccccc4)CC3)cc2)c1)NC[C@H](O)c1ccc(O)c2[nH]c(=O)ccc12,O=C(Cc1cccc(CCNCCc2cccc3[nH]c(=O)ccc23)c1)NCc1ccc(NC(=O)CCN2CCC(OC(=O)Nc3ccccc3-c3ccccc3)CC2)cc1,1,1,0.9999262860630774,OK
1077,CHEMBL3645363,active,CN(CCCCC(=O)Nc1ccc(CNC[C@H](O)c2ccc(O)c3[nH]c(=O)ccc23)cc1)C(=O)CCN1CCC(OC(=O)Nc2ccccc2-c2ccccc2)CC1,O=C(CCN1CCC(OC(=O)Nc2ccccc2-c2ccccc2)CC1)NCCCCC(=O)Nc1ccc(CNCCc2cccc3[nH]c(=O)ccc23)cc1,1,1,0.9998322159993288,OK
1082,CHEMBL3666068,active,Cc1cc(NC(=O)CCCCN(C)C(=O)CCN2CCC(OC(=O)Nc3ccccc3-c3ccccc3)CC2)c(C)cc1CNC[C@H](O)c1ccc(O)c2[nH]c(=O)ccc12,O=C(CCN1CCC(OC(=O)Nc2ccccc2-c2ccccc2)CC1)NCCCCC(=O)Nc1ccc(CNCCc2cccc3[nH]c(=O)ccc23)cc1,1,1,0.9997725938063899,OK
1094,CHEMBL373515,active_single,CN1CCC[C@H]1[C@H]1CSC(c2ccccc2)(c2ccccc2)O1,c1ccc(C2(c3ccccc3)OC(C3CCCN3)CS2)cc1,1,1,0.97037081417477,OK
1102,CHEMBL375073,active_single,CN1CCC[C@@H]1[C@@H]1CSC(c2ccccc2)(c2ccccc2)O1,c1ccc(C2(c3ccccc3)OC(C3CCCN3)CS2)cc1,1,1,0.9332555636468515,OK
1110,CHEMBL376295,active_single,COc1nsnc1OCCCOCCCOCCCOc1nsnc1-c1cccnc1,c1cncc(-c2nsnc2OCCCOCCCOCCCOc2cnsn2)c1,1,1,0.9930110696256153,OK
1117,CHEMBL377728,active_single,Cc1c(NC2CCCCC2)nc(C2CC2)nc1NC1CC1,c1c(NC2CCCCC2)nc(C2CC2)nc1NC1CC1,1,1,0.9904267106903283,OK
1129,CHEMBL380583,active_single,CO[C@]1(C#CC(O)(c2cccc(C)c2)c2cccc(C)c2)CN2CCC1CC2,C(#CC1CN2CCC1CC2)C(c1ccccc1)c1ccccc1,1,1,0.990693610088439,OK
1131,CHEMBL380926,active_single,Cc1c(NC2CC2)nc(C2CC2)nc1N1CCC(C(F)(F)F)CC1,c1c(NC2CC2)nc(C2CC2)nc1N1CCCCC1,1,1,0.9806980701234785,OK
1135,CHEMBL381333,active_single,Cc1c(NC2CC2)nc(C2CC2)nc1N1CCC(C)(C)CC1,c1c(NC2CC2)nc(C2CC2)nc1N1CCCCC1,1,1,0.9753358368302529,OK
1137,CHEMBL381623,active,CO[C@]1(C#CC(O)(c2ccccc2)c2ccccc2)CN2CCC1CC2,C(#CC1CN2CCC1CC2)C(c1ccccc1)c1ccccc1,1,1,0.9940414307426079,OK
1138,CHEMBL381752,active_single,Cc1c(NC2CC2)nc(C2CC2)nc1N1CCC(F)(F)CC1,c1c(NC2CC2)nc(C2CC2)nc1N1CCCCC1,1,1,0.9850711699818768,OK
1139,CHEMBL381878,active_single,CO[C@]1(C#CC(O)(c2ccc(F)cc2)c2ccc(F)cc2)CN2CCC1CC2,C(#CC1CN2CCC1CC2)C(c1ccccc1)c1ccccc1,1,1,0.9780751792450784,OK
1143,CHEMBL383389,active_single,CO[C@]1(C#CC(O)(c2cccc(F)c2)c2cccc(F)c2)CN2CCC1CC2,C(#CC1CN2CCC1CC2)C(c1ccccc1)c1ccccc1,1,1,0.9858904995708078,OK
1186,CHEMBL395110,active,CN1CCCC(CN2c3ccccc3Sc3ccccc32)C1,c1ccc2c(c1)Sc1ccccc1N2CC1CCCNC1,1,1,0.8890357250450335,OK
1190,CHEMBL3956822,active,CC(C(=O)O[C@H]1C[N+]2(CCCOc3ccccc3)CCC1CC2)(c1ccccc1)c1ccccc1,O=C(OC1C[N+]2(CCCOc3ccccc3)CCC1CC2)C(c1ccccc1)c1ccccc1,1,1,0.9991508217223188,OK
1192,CHEMBL3960091,active_single,CN(CCCn1nnc2cc(CNC[C@H](O)c3ccc(O)c4[nH]c(=O)ccc34)ccc21)[C@H]1CC[C@H](OC(=O)[C@](O)(c2cccs2)C2CCCC2)CC1,O=C(OC1CCC(NCCCn2nnc3cc(CNCCc4cccc5[nH]c(=O)ccc45)ccc32)CC1)C(c1cccs1)C1CCCC1,1,1,0.9982788852889088,OK
1208,CHEMBL404866,inactive_single,Cl.Cl.OC(CCCN1CCN(CCCC(O)(c2ccccc2)c2ccccc2)CC1)(c1ccccc1)c1ccccc1,c1ccc(C(CCCN2CCN(CCCC(c3ccccc3)c3ccccc3)CC2)c2ccccc2)cc1,0,1,0.8250445910580246,FP
1235,CHEMBL410061,active_single,COC1(C#CC(C)(c2ccccc2)c2ccccc2)CN2CCC1CC2,C(#CC1CN2CCC1CC2)C(c1ccccc1)c1ccccc1,1,1,0.9958680318279847,OK
1242,CHEMBL411514,active_single,COC(C#C[C@@]1(OC)CN2CCC1CC2)(c1ccccc1)c1ccccc1,C(#CC1CN2CCC1CC2)C(c1ccccc1)c1ccccc1,1,1,0.9987105467302456,OK
1253,CHEMBL4163770,inactive,NCC1CC1CN(C[C@H]1Cc2ccccc2CN1)[C@H]1CCCc2cccnc21,c1ccc2c(c1)CNC(CN(CC1CC1)C1CCCc3cccnc31)C2,0,0,0.05894628686042272,OK
1262,CHEMBL4211076,inactive_single,Cc1nnc2sc(C(=O)N3CC(c4ccccc4)C3)c(N)c2c1C,O=C(c1cc2ccnnc2s1)N1CC(c2ccccc2)C1,0,0,0.20231674735787755,OK
1268,CHEMBL426393,active_single,O=C1NC(c2ccccc2)(c2ccccc2)CN1C1CCN(CCOc2ccccc2)CC1,O=C1NC(c2ccccc2)(c2ccccc2)CN1C1CCN(CCOc2ccccc2)CC1,1,1,0.9937391638260457,OK
1273,CHEMBL4286717,inactive_single,CCC1(C)CC(=O)N(CCCCN2CCN(c3cccc4sccc34)CC2)C(=O)C1,O=C1CCCC(=O)N1CCCCN1CCN(c2cccc3sccc23)CC1,0,0,0.06632501444761536,OK
1284,CHEMBL434929,active_single,O=C1NC(c2ccccc2)(c2ccccc2)CN1C1CCN(c2ccccc2)CC1,O=C1NC(c2ccccc2)(c2ccccc2)CN1C1CCN(c2ccccc2)CC1,1,1,0.9521841712056898,OK
1297,CHEMBL443925,active_single,CCOC(=O)c1ccc(NC(=O)N[C@@H](Cc2ccc(O)cc2)C(=O)NC2CCN(Cc3cccc(C(F)(F)F)c3)C2)cc1,O=C(Nc1ccccc1)NC(Cc1ccccc1)C(=O)NC1CCN(Cc2ccccc2)C1,1,1,0.994504370495649,OK
1313,CHEMBL4457734,active_single,O=C(OC1C[N+]2(CCSc3ccccc3)CCC1CC2)C(O)(c1ccccc1)c1ccccc1.[Br-],O=C(OC1C[N+]2(CCSc3ccccc3)CCC1CC2)C(c1ccccc1)c1ccccc1,1,1,0.9975408566934756,OK
1315,CHEMBL4461243,active_single,O=C(OC1C[N+]2(CCCOc3ccccc3)CCC1CC2)C(O)(c1ccccc1)c1ccccc1.[Br-],O=C(OC1C[N+]2(CCCOc3ccccc3)CCC1CC2)C(c1ccccc1)c1ccccc1,1,1,0.9949972032542291,OK
1330,CHEMBL451040,active_single,CC(C)NC(=O)c1ccc(NC(=O)N[C@@H](Cc2ccc(O)cc2)C(=O)NC2CCN(Cc3ccc(C#N)cc3)C2)cc1,O=C(Nc1ccccc1)NC(Cc1ccccc1)C(=O)NC1CCN(Cc2ccccc2)C1,1,1,0.9861709878538464,OK
1346,CHEMBL4544820,inactive_single,CC(=O)N[C@@H](Cc1ccc(O)cc1)C(=O)N[C@@H](CCCCN)C(=O)NCCCCC1CCN(CC(=O)N2c3ccccc3NC(=O)c3ccccc32)CC1.O=C(O)C(F)(F)F.O=C(O)C(F)(F)F,O=C(CCc1ccccc1)NCC(=O)NCCCCC1CCN(CC(=O)N2c3ccccc3NC(=O)c3ccccc32)CC1,0,1,0.8987828994843355,FP
1360,CHEMBL457302,active_single,CC(C)COC(=O)c1ccc(NC(=O)N[C@@H](Cc2ccc(O)cc2)C(=O)NC2CCN(Cc3ccc(O)cc3)C2)cc1,O=C(Nc1ccccc1)NC(Cc1ccccc1)C(=O)NC1CCN(Cc2ccccc2)C1,1,1,0.9988191438235664,OK
1371,CHEMBL4597972,active,O=C(OC1C[N+]2(CCCOc3ccccc3)CCC1CC2)C(O)(c1ccccc1)c1ccccc1,O=C(OC1C[N+]2(CCCOc3ccccc3)CCC1CC2)C(c1ccccc1)c1ccccc1,1,1,0.9989363962587366,OK
1392,CHEMBL4636887,active_single,C[N+]1(C)CCC(COC(=O)Nc2ccc(F)cc2-c2cccc(Cl)c2)CC1.O=C[O-],O=C(Nc1ccccc1-c1ccccc1)OCC1CC[NH2+]CC1,1,1,0.9982438519098426,OK
1401,CHEMBL4641328,active_single,NCc1cc(C(=O)NCCN2CCC(N3CCC(n4c(=O)[nH]c5ccccc54)CC3)CC2)cc(C(=O)NCCN2CCN(CCCCC3CCN(CC(=O)N4c5ccccc5NC(=O)c5ccccc54)CC3)CC2)c1.O=C(O)C(F)(F)F.O=C(O)C(F)(F)F.O=C(O)C(F)(F)F.O=C(O)C(F)(F)F.O=C(O)C(F)(F)F.O=C(O)C(F)(F)F,O=C(NCCN1CCC(N2CCC(n3c(=O)[nH]c4ccccc43)CC2)CC1)c1cccc(C(=O)NCCN2CCN(CCCCC3CCN(CC(=O)N4c5ccccc5NC(=O)c5ccccc54)CC3)CC2)c1,1,0,0.2816892981716098,FN
1413,CHEMBL4645235,active_single,C[N+]1(C)CCC(COC(=O)Nc2ccc(F)cc2-c2ccc(F)c(Cl)c2)CC1.O=C[O-],O=C(Nc1ccccc1-c1ccccc1)OCC1CC[NH2+]CC1,1,1,0.9980609808385493,OK
1445,CHEMBL4759774,inactive_single,CC(C)(C)OC(=O)N1CCN(CC(=O)n2c3ccccc3c3ccccc32)CC1,O=C(CN1CCNCC1)n1c2ccccc2c2ccccc21,0,0,0.07264298972133507,OK
1459,CHEMBL4777127,inactive_single,O=C(CCN1CCCc2ccccc21)Nc1cccc2ccccc12,O=C(CCN1CCCc2ccccc21)Nc1cccc2ccccc12,0,0,0.042448857104798295,OK
1465,CHEMBL478069,inactive_single,OC(CC1C[N+]2(CCc3ccccc3)CCC1CC2)(c1ccccc1)c1ccccc1.[Br-],c1ccc(CC[N+]23CCC(CC2)C(CC(c2ccccc2)c2ccccc2)C3)cc1,0,0,0.5318465213297451,OK
1477,CHEMBL479526,active_single,COC(=O)c1ccc(NC(=O)N[C@@H](Cc2ccc(O)cc2)C(=O)NC2CCN(Cc3ccc(O)cc3)C2)cc1,O=C(Nc1ccccc1)NC(Cc1ccccc1)C(=O)NC1CCN(Cc2ccccc2)C1,1,1,0.9962856216530855,OK
1479,CHEMBL480299,active_single,CCOC(=O)c1ccc(NC(=O)N[C@@H](Cc2ccc(O)cc2)C(=O)NC2CCN(Cc3ccc(OC)cc3)C2)cc1,O=C(Nc1ccccc1)NC(Cc1ccccc1)C(=O)NC1CCN(Cc2ccccc2)C1,1,1,0.9938358060270447,OK
1481,CHEMBL480877,active_single,CCOC(=O)c1ccc(NC(=O)N[C@@H](Cc2ccc(O)cc2)C(=O)NC2CCN(Cc3cccc(Cl)c3)C2)cc1,O=C(Nc1ccccc1)NC(Cc1ccccc1)C(=O)NC1CCN(Cc2ccccc2)C1,1,1,0.9968567545919415,OK
1482,CHEMBL480878,active_single,CCOC(=O)c1ccc(NC(=O)N[C@@H](Cc2ccc(O)cc2)C(=O)NC2CCN(Cc3ccccc3)C2)cc1,O=C(Nc1ccccc1)NC(Cc1ccccc1)C(=O)NC1CCN(Cc2ccccc2)C1,1,1,0.9980211400254453,OK
1483,CHEMBL481153,active_single,O=C(OCCN1CCCC1)N1c2ccccc2Sc2ccccc21,O=C(OCCN1CCCC1)N1c2ccccc2Sc2ccccc21,1,1,0.9142083858047635,OK
1486,CHEMBL484476,inactive_single,OC(c1ccccc1)(c1ccccc1)C12CC[N+](CCCCCOc3ccccc3)(CC1)CC2.[Br-],c1ccc(OCCCCC[N+]23CCC(C(c4ccccc4)c4ccccc4)(CC2)CC3)cc1,0,0,0.3402836412898644,OK
1487,CHEMBL4846536,active_single,O=C(NC(c1ccccc1)c1cccc(OCCCCCCCCCNC[C@H](O)c2ccc(O)c3[nH]c(=O)ccc23)c1)O[C@H]1CN2CCC1CC2,O=C(NC(c1ccccc1)c1cccc(OCCCCCCCCCNCCc2cccc3[nH]c(=O)ccc23)c1)OC1CN2CCC1CC2,1,1,0.9999208400139494,OK
1493,CHEMBL4850216,inactive_single,O=C(OC1CN2CCC1CC2)N1CCc2ccccc2[C@@H]1c1ccc(F)cc1,O=C(OC1CN2CCC1CC2)N1CCc2ccccc2C1c1ccccc1,0,0,0.5485525832892791,OK
1504,CHEMBL4859485,inactive_single,O=C(OC1CN2CCC1CC2)N1CCc2ccccc2[C@@H]1c1ccc(F)c(F)c1,O=C(OC1CN2CCC1CC2)N1CCc2ccccc2C1c1ccccc1,0,0,0.5242807920986614,OK
1514,CHEMBL486982,active_single,CCCOC(=O)c1ccc(NC(=O)N[C@@H](Cc2ccc(O)cc2)C(=O)NC2CCN(Cc3ccc(O)cc3)C2)cc1,O=C(Nc1ccccc1)NC(Cc1ccccc1)C(=O)NC1CCN(Cc2ccccc2)C1,1,1,0.9979055288821089,OK
1515,CHEMBL486983,active_single,CC(C)OC(=O)c1ccc(NC(=O)N[C@@H](Cc2ccc(O)cc2)C(=O)NC2CCN(Cc3ccc(O)cc3)C2)cc1,O=C(Nc1ccccc1)NC(Cc1ccccc1)C(=O)NC1CCN(Cc2ccccc2)C1,1,1,0.9983865397010396,OK
1525,CHEMBL487764,active_single,CCNC(=O)c1ccc(NC(=O)N[C@@H](Cc2ccc(O)cc2)C(=O)NC2CCN(Cc3ccc(C#N)cc3)C2)cc1,O=C(Nc1ccccc1)NC(Cc1ccccc1)C(=O)NC1CCN(Cc2ccccc2)C1,1,1,0.9727615366600229,OK
1585,CHEMBL495102,active_single,CCOC(=O)c1ccc(NC(=O)N[C@@H](Cc2ccc(-c3ccccc3)cc2)C(=O)N[C@H]2CC[N+](C)(Cc3ccc4c(c3)OCO4)C2)cc1.[I-],O=C(Nc1ccccc1)NC(Cc1ccc(-c2ccccc2)cc1)C(=O)NC1CC[NH+](Cc2ccc3c(c2)OCO3)C1,1,1,0.9978638551538719,OK
1597,CHEMBL501727,inactive_single,CCOC(=O)c1ccc(NC(=O)N[C@H](Cc2ccc(O)cc2)C(=O)N[C@@H]2CCN(Cc3ccc(O)cc3)C2)cc1,O=C(Nc1ccccc1)NC(Cc1ccccc1)C(=O)NC1CCN(Cc2ccccc2)C1,0,1,0.9761901286462135,FP
1600,CHEMBL505452,active,CCOC(=O)c1ccc(NC(=O)N[C@@H](Cc2ccc(O)cc2)C(=O)NC2CCN(Cc3ccc(O)cc3)C2)cc1,O=C(Nc1ccccc1)NC(Cc1ccccc1)C(=O)NC1CCN(Cc2ccccc2)C1,1,1,0.9944577517387506,OK
1633,CHEMBL5090464,active_single,O=C(O[C@@H](Cc1c(Cl)c[n+]([O-])cc1Cl)c1ccc(OC(F)F)c(OCC2CC2)c1)c1ccc(CN(C(=O)O[C@H]2CN3CCC2CC3)c2ccccc2F)s1,O=C(OC(Cc1cc[nH+]cc1)c1cccc(OCC2CC2)c1)c1ccc(CN(C(=O)OC2CN3CCC2CC3)c2ccccc2)s1,1,1,0.9998314921297278,OK
1645,CHEMBL517087,active_single,CCOC(=O)c1ccc(NC(=O)N[C@@H](Cc2ccc(O)cc2)C(=O)NC2CCN(Cc3cccc(OC)c3)C2)cc1,O=C(Nc1ccccc1)NC(Cc1ccccc1)C(=O)NC1CCN(Cc2ccccc2)C1,1,1,0.9942923937782568,OK
1651,CHEMBL518001,active_single,CCOC(=O)c1ccc(NC(=O)N[C@@H](Cc2ccc(O)cc2)C(=O)NC2CCN(Cc3cccc(O)c3)C2)cc1,O=C(Nc1ccccc1)NC(Cc1ccccc1)C(=O)NC1CCN(Cc2ccccc2)C1,1,1,0.9948576190894947,OK
1667,CHEMBL519760,active_single,CCOC(=O)c1ccc(NC(=O)N[C@@H](Cc2ccc(O)cc2)C(=O)NC2CCN(Cc3ccccc3OC)C2)cc1,O=C(Nc1ccccc1)NC(Cc1ccccc1)C(=O)NC1CCN(Cc2ccccc2)C1,1,1,0.9800783596978412,OK
1675,CHEMBL5207792,active_single,O=C(N[C@@H](c1ccccc1)c1cccc(OCc2cnc(C(=O)O)cn2)c1)O[C@H]1CN2CCC1CC2,O=C(NC(c1ccccc1)c1cccc(OCc2cnccn2)c1)OC1CN2CCC1CC2,1,1,0.9919283632997958,OK
1679,CHEMBL521244,active_single,CCOC(=O)c1ccc(NC(=O)N[C@@H](Cc2ccc(O)cc2)C(=O)NC2CCN(Cc3cccc(C#N)c3)C2)cc1,O=C(Nc1ccccc1)NC(Cc1ccccc1)C(=O)NC1CCN(Cc2ccccc2)C1,1,1,0.9948047707964333,OK
1700,CHEMBL526009,active,CCOC(=O)c1ccc(NC(=O)N[C@@H](Cc2ccc(O)cc2)C(=O)N[C@H]2CCN(Cc3ccc(O)cc3)C2)cc1,O=C(Nc1ccccc1)NC(Cc1ccccc1)C(=O)NC1CCN(Cc2ccccc2)C1,1,1,0.994773771104739,OK
1718,CHEMBL5284728,inactive_single,O=C(O[C@H]1CN2CCC1CC2)N1CCc2ccccc2[C@@H]1c1ccc(F)cc1,O=C(OC1CN2CCC1CC2)N1CCc2ccccc2C1c1ccccc1,0,1,0.6901838965179051,FP
1725,CHEMBL539119,inactive_single,C[N+]1(Cc2cccc(-c3cccc(CNC(=O)c4ccc5c(c4)OCO5)c3)c2)CCNCC1.[I-],O=C(NCc1cccc(-c2cccc(C[NH+]3CCNCC3)c2)c1)c1ccc2c(c1)OCO2,0,0,0.5575240386782149,OK
1770,CHEMBL5512435,active_single,O=C(NCCCCNC[C@H](O)c1ccc(O)c2[nH]c(=O)ccc12)c1ccc(CNC2(C(=O)O[C@H]3CN4CCC3CC4)CCc3ccccc32)cc1,O=C(NCCCCNCCc1cccc2[nH]c(=O)ccc12)c1ccc(CNC2(C(=O)OC3CN4CCC3CC4)CCc3ccccc32)cc1,1,1,0.9694879640784685,OK
1776,CHEMBL551731,active_single,O=C(O[C@H]1C[N+]2(CCCOc3ccccc3)CCC1CC2)C(O)(c1ccccc1)c1ccccc1.[Br-],O=C(OC1C[N+]2(CCCOc3ccccc3)CCC1CC2)C(c1ccccc1)c1ccccc1,1,1,0.9979409278634993,OK
1784,CHEMBL5527849,active_single,COc1cc(C(=O)NCCCOc2cccc([C@](O)(C(=O)OCC3CCN(CC4CC4)CC3)c3ccccc3)c2)c(F)cc1CNC[C@H](O)c1ccc(O)c2[nH]c(=O)ccc12.O=CO.O=CO,O=C(NCCCOc1cccc(C(C(=O)OCC2CCN(CC3CC3)CC2)c2ccccc2)c1)c1ccc(CNCCc2cccc3[nH]c(=O)ccc23)cc1,1,1,0.995176079551017,OK
1786,CHEMBL553058,active_single,COc1nsnc1OCCOCCOCCOCCOc1nsnc1C1=CCCN(C)C1.Cl,C1=C(c2nsnc2OCCOCCOCCOCCOc2cnsn2)CNCC1,1,1,0.9872010171869227,OK
1815,CHEMBL5555669,active_single,O=C(NCCCOc1cccc([C@](O)(C(=O)OCC2CCN(C3CCC3)CC2)c2ccccc2)c1)c1ccc(CNC[C@H](O)c2ccc(O)c3[nH]c(=O)ccc23)cc1,O=C(NCCCOc1cccc(C(C(=O)OCC2CCN(C3CCC3)CC2)c2ccccc2)c1)c1ccc(CNCCc2cccc3[nH]c(=O)ccc23)cc1,1,1,0.9912939473806616,OK
1819,CHEMBL5556153,active_single,O=C(NCCCCNC[C@H](O)c1ccc(O)c2[nH]c(=O)ccc12)c1cccc(C(=O)NC2(C(=O)O[C@H]3CN4CCC3CC4)CCc3ccccc32)c1,O=C(NCCCCNCCc1cccc2[nH]c(=O)ccc12)c1cccc(C(=O)NC2(C(=O)OC3CN4CCC3CC4)CCc3ccccc32)c1,1,1,0.9630034755481451,OK
1848,CHEMBL556634,active_single,O=C(O[C@H]1C[N+]2(Cc3ccccc3)CCC1CC2)C(O)(c1cccs1)c1cccs1.[Br-],O=C(OC1C[N+]2(Cc3ccccc3)CCC1CC2)C(c1cccs1)c1cccs1,1,1,0.9988909488095247,OK
1895,CHEMBL5748947,active_single,COc1ccc([C@H](Cc2c(Cl)c[n+]([O-])cc2Cl)OC(=O)c2ccc(CNC(C(=O)OC[C@H]3CN(C)CCN3C)c3ccccc3)s2)cc1OC,O=C(OC(Cc1cc[nH+]cc1)c1ccccc1)c1ccc(CNC(C(=O)OCC2CNCCN2)c2ccccc2)s1,1,1,0.9978962466870734,OK
1916,CHEMBL5769236,active_single,COc1ccc([C@H](Cc2c(Cl)c[n+]([O-])cc2Cl)OC(=O)c2ccc(CNC(CO)(C(=O)OCC34CCN(CC3)CC4)c3ccccc3)s2)cc1OC,O=C(OC(Cc1cc[nH+]cc1)c1ccccc1)c1ccc(CNC(C(=O)OCC23CCN(CC2)CC3)c2ccccc2)s1,1,1,0.9989005283762424,OK
1930,CHEMBL5782982,active,COc1ccc([C@H](Cc2c(Cl)c[n+]([O-])cc2Cl)OC(=O)c2ccc(CNC(C(=O)OCCN3CCCC3)c3ccccc3)s2)cc1OC,O=C(OC(Cc1cc[nH+]cc1)c1ccccc1)c1ccc(CNC(C(=O)OCCN2CCCC2)c2ccccc2)s1,1,1,0.9984523453656975,OK
1989,CHEMBL5850090,active,COc1ccc([C@H](Cc2c(Cl)c[n+]([O-])cc2Cl)OC(=O)c2csc(CNC(C(=O)OCC3CCN(C)CC3)c3ccccc3)c2)cc1OC,O=C(OC(Cc1cc[nH+]cc1)c1ccccc1)c1csc(CNC(C(=O)OCC2CCNCC2)c2ccccc2)c1,1,1,0.9995969500891045,OK
2023,CHEMBL5889739,active_single,O=C(O[C@H]1C[N+]2(CCCOc3ccccc3)CCC1CC2)C(c1ccccc1)c1ccccc1,O=C(OC1C[N+]2(CCCOc3ccccc3)CCC1CC2)C(c1ccccc1)c1ccccc1,1,1,0.9998958854564944,OK
2030,CHEMBL5897667,active_single,COc1ccc([C@H](Cc2c(Cl)c[n+]([O-])cc2Cl)OC(=O)c2ccc(CNC(C(=O)OC[C@@H]3CN(C)CCN3C)c3ccccc3)s2)cc1OC,O=C(OC(Cc1cc[nH+]cc1)c1ccccc1)c1ccc(CNC(C(=O)OCC2CNCCN2)c2ccccc2)s1,1,1,0.998809446588297,OK
2102,CHEMBL5963235,active,COc1ccc([C@H](Cc2c(Cl)c[n+]([O-])cc2Cl)OC(=O)c2ccc(CNC(C(=O)OCC34CCN(CC3)CC4)c3ccccc3)s2)cc1OC,O=C(OC(Cc1cc[nH+]cc1)c1ccccc1)c1ccc(CNC(C(=O)OCC23CCN(CC2)CC3)c2ccccc2)s1,1,1,0.9975761650910551,OK
2110,CHEMBL5970263,active_single,COc1ccc([C@H](Cc2c(Cl)c[n+]([O-])cc2Cl)OC(=O)c2ccc(CNCC(C(=O)OCC3CCN(C)CC3)c3ccccc3)s2)cc1OC,O=C(OC(Cc1cc[nH+]cc1)c1ccccc1)c1ccc(CNCC(C(=O)OCC2CCNCC2)c2ccccc2)s1,1,1,0.9999111521639754,OK
2222,CHEMBL67873,active_single,O=C(NCCC1CCNCC1)[C@](O)(c1ccccc1)[C@@H]1CCC(F)(F)C1,O=C(NCCC1CCNCC1)C(c1ccccc1)C1CCCC1,1,1,0.9904894264047938,OK
2245,CHEMBL76897,active,C[N+]1(C)CCC(OC(=O)C(c2ccccc2)c2ccccc2)CC1.[I-],O=C(OC1CC[NH2+]CC1)C(c1ccccc1)c1ccccc1,1,1,0.9656210303506007,OK
2255,CHEMBL85678,inactive_single,CO/N=C1CN2CCC1C2,N=C1CN2CCC1C2,0,0,0.5957719368476301,OK
2257,CHEMBL85950,active_single,O=C(CCc1ccccc1)N(c1ccccc1)C1CCN(Cc2ccccc2)CC1,O=C(CCc1ccccc1)N(c1ccccc1)C1CCN(Cc2ccccc2)CC1,1,1,0.9884494641040573,OK
25,CHEMBL1082723,inactive_single,C[C@H]1Cc2c([nH]c3cc(Cl)c(F)cc23)[C@@]2(N1)C(=O)Nc1ccc(Cl)cc12,O=C1Nc2ccccc2C12NCCc1c2[nH]c2ccccc12,0,0,0.15576158409780835,OK
44,CHEMBL1101,active_single,OC(CCN1CCCCC1)(c1ccccc1)C1CC2C=CC1C2,C1=CC2CC1CC2C(CCN1CCCCC1)c1ccccc1,1,1,0.910051141669673,OK
67,CHEMBL1201027,active_single,C[N+]1(C)CCC(OC(=O)C(O)(c2ccccc2)C2CCCC2)C1.[Br-],O=C(OC1CC[NH2+]C1)C(c1ccccc1)C1CCCC1,1,1,0.9879769519526548,OK
70,CHEMBL1201335,active,C[N+]1(C)CCC(OC(=O)C(O)(c2ccccc2)C2CCCC2)C1,O=C(OC1CC[NH2+]C1)C(c1ccccc1)C1CCCC1,1,1,0.997662323438487,OK
100,CHEMBL1290635,active_single,O=C(c1ccccc1)N1CCOC2(CCN(Cc3ccc(Cl)cc3)CC2)C1,O=C(c1ccccc1)N1CCOC2(CCN(Cc3ccccc3)CC2)C1,1,1,0.9218291278420859,OK
108,CHEMBL1367424,inactive_single,CCOC(=O)N1CCC(NCCNC(=O)c2cccs2)CC1,O=C(NCCNC1CCNCC1)c1cccs1,0,0,0.11872711665099929,OK
115,CHEMBL146249,active_single,CC(C)=CCCN1CCC(NC(=O)[C@](O)(c2ccccc2)[C@H]2CC[C@@H](F)C2)CC1,O=C(NC1CCNCC1)C(c1ccccc1)C1CCCC1,1,1,0.9528120978961727,OK
118,CHEMBL146351,active_single,CC(C)=CCCN1CCC(NC(=O)[C@](O)(c2ccccc2)[C@H]2CCC(F)(F)C2)CC1,O=C(NC1CCNCC1)C(c1ccccc1)C1CCCC1,1,1,0.9833143378866329,OK
141,CHEMBL150219,active_single,CC(C)=CCCN1CCC(NC(=O)[C@](O)(c2ccccc2)[C@@H]2CCC(F)(F)C2)CC1,O=C(NC1CCNCC1)C(c1ccccc1)C1CCCC1,1,1,0.991402177173117,OK
154,CHEMBL166385,active_single,CCOC(=O)N(CC)CCCCC1CCN(CC(=O)N2c3ccccc3NC(=O)c3ccccc32)CC1,O=C1Nc2ccccc2N(C(=O)CN2CCCCC2)c2ccccc21,1,1,0.9742194247048821,OK
183,CHEMBL1683931,active_single,O=C(Nc1ccccc1-c1ccccc1)OC1CCN(CCCNC[C@H](O)c2ccc(O)c3[nH]c(=O)ccc23)CC1,O=C(Nc1ccccc1-c1ccccc1)OC1CCN(CCCNCCc2cccc3[nH]c(=O)ccc23)CC1,1,1,0.999317579810411,OK
190,CHEMBL1683939,active_single,NC(=O)C(c1ccccc1)(c1ccccc1)[C@@H]1CCN(CCCCCCCCCNCC(O)c2ccc(O)c3[nH]c(=O)ccc23)C1,O=c1ccc2c(CCNCCCCCCCCCN3CCC(C(c4ccccc4)c4ccccc4)C3)cccc2[nH]1,1,1,0.9977241550869316,OK
221,CHEMBL1779040,active_single,O=C(O[C@H]1CN2CCC1CC2)N(Cc1cccs1)Cc1cccs1,O=C(OC1CN2CCC1CC2)N(Cc1cccs1)Cc1cccs1,1,1,0.9761325269738584,OK
233,CHEMBL1779130,active_single,C[N+]12CCC(CC1)[C@@H](OC(=O)N(Cc1cccs1)c1ccccc1)C2.[Br-],O=C(OC1C[NH+]2CCC1CC2)N(Cc1cccs1)c1ccccc1,1,1,0.995698374310087,OK
237,CHEMBL1779134,active_single,CCCCN(C(=O)O[C@H]1C[N+]2(CCc3ccccc3)CCC1CC2)c1ccccc1.[Br-],O=C(Nc1ccccc1)OC1C[N+]2(CCc3ccccc3)CCC1CC2,1,1,0.998714500308601,OK
244,CHEMBL1794855,inactive_single,CCN(C)C1CCCc2ccncc21.O=C(O)/C=CC(=O)O.O=C(O)/C=CC(=O)O,c1cc2c(cn1)CCCC2,0,0,0.24765584949819833,OK
257,CHEMBL1910848,active,CC(C)(CCC(C(N)=O)(c1ccccc1)c1ccccc1)N1CC(Oc2ccccc2)C1,c1ccc(OC2CN(CCCC(c3ccccc3)c3ccccc3)C2)cc1,1,1,0.9676134039120635,OK
264,CHEMBL1910855,active_single,CC(C)(CCC(C(N)=O)(c1ccccc1)c1ccccc1)N1CC(Oc2ccccc2O)C1,c1ccc(OC2CN(CCCC(c3ccccc3)c3ccccc3)C2)cc1,1,1,0.9470721798760271,OK
265,CHEMBL1910856,active,CC(C)(CCC(C(N)=O)(c1ccccc1)c1ccccc1)N1CC(Oc2cccc(O)c2)C1,c1ccc(OC2CN(CCCC(c3ccccc3)c3ccccc3)C2)cc1,1,1,0.9535604434137066,OK
270,CHEMBL1910861,active_single,CC(C)(CCC(C(N)=O)(c1ccccc1)c1ccccc1)N1CC(Oc2ccc(Cl)c(O)c2)C1,c1ccc(OC2CN(CCCC(c3ccccc3)c3ccccc3)C2)cc1,1,1,0.9674302719001967,OK
271,CHEMBL1910862,active_single,CC(C)(CCC(C(N)=O)(c1ccccc1)c1ccccc1)N1CC(Oc2cc(O)cc(Cl)c2)C1,c1ccc(OC2CN(CCCC(c3ccccc3)c3ccccc3)C2)cc1,1,1,0.9661650629259501,OK
272,CHEMBL1910863,active_single,CC(C)(CCC(C(N)=O)(c1ccccc1)c1ccccc1)N1CC(Oc2cc(O)cc(F)c2)C1,c1ccc(OC2CN(CCCC(c3ccccc3)c3ccccc3)C2)cc1,1,1,0.9361773627970085,OK
273,CHEMBL1910864,active_single,CC(C)(CCC(C(N)=O)(c1ccccc1)c1ccccc1)N1CC(Oc2cc(O)c(Cl)cc2Cl)C1,c1ccc(OC2CN(CCCC(c3ccccc3)c3ccccc3)C2)cc1,1,1,0.9758703708768012,OK
274,CHEMBL1910865,active,CC(C)(CCC(C(N)=O)(c1ccccc1)c1ccccc1)N1CC(Oc2cccc(O)c2F)C1,c1ccc(OC2CN(CCCC(c3ccccc3)c3ccccc3)C2)cc1,1,1,0.9346053207675687,OK
275,CHEMBL1910866,active_single,CC(C)(CCC(C(N)=O)(c1ccccc1)c1ccccc1)N1CC(Oc2cc(O)ccc2F)C1,c1ccc(OC2CN(CCCC(c3ccccc3)c3ccccc3)C2)cc1,1,1,0.8409714309161432,OK
287,CHEMBL1921913,active_single,C[C@@](C(=O)O[C@H]1C[N+]2(CCc3c[nH]c4ccccc34)CCC1CC2)(c1ccccc1)N1CCCCC1,O=C(OC1C[N+]2(CCc3c[nH]c4ccccc34)CCC1CC2)C(c1ccccc1)N1CCCCC1,1,1,0.9878501329200783,OK
300,CHEMBL1921926,active_single,C[C@@](C(=O)O[C@H]1C[N+]2(CCCc3ccc4ncsc4c3)CCC1CC2)(c1ccccc1)N1CCCCC1,O=C(OC1C[N+]2(CCCc3ccc4ncsc4c3)CCC1CC2)C(c1ccccc1)N1CCCCC1,1,1,0.9983093299961944,OK
317,CHEMBL1921943,active_single,C[C@@](C(=O)O[C@H]1C[N+]2(CC(=O)Nc3ccccc3)CCC1CC2)(c1cccs1)N1CCCCC1,O=C(C[N+]12CCC(CC1)C(OC(=O)C(c1cccs1)N1CCCCC1)C2)Nc1ccccc1,1,1,0.999499765454256,OK
319,CHEMBL1921945,active_single,C[C@@](C(=O)O[C@H]1C[N+]2(CC(=O)Nc3cccc(F)c3)CCC1CC2)(c1cccs1)N1CCCCC1,O=C(C[N+]12CCC(CC1)C(OC(=O)C(c1cccs1)N1CCCCC1)C2)Nc1ccccc1,1,1,0.9973124351969216,OK
333,CHEMBL1924026,active_single,CC(C(=O)O[C@@H]1CC[N+](C)(C)C1)(c1ccccc1)C1CCCC1.[Br-],O=C(OC1CC[NH2+]C1)C(c1ccccc1)C1CCCC1,1,1,0.9690988748569549,OK
334,CHEMBL1924027,active_single,C[C@@](C(=O)OC1CC[N+](C)(C)CC1)(c1ccccc1)C1CCCC1.[Br-],O=C(OC1CC[NH2+]CC1)C(c1ccccc1)C1CCCC1,1,1,0.9789972396542499,OK
343,CHEMBL1924036,active_single,CC(C(=O)OC1CC[N+](C)(C)CC1)(c1cccs1)N1CCCCC1,O=C(OC1CC[NH2+]CC1)C(c1cccs1)N1CCCCC1,1,1,0.9911894616592271,OK
365,CHEMBL197408,inactive_single,COc1ccc(NC(=O)N2CCN(c3ccc(-c4ccccc4)cc3)CC2)cc1N1CCN(C)CC1,O=C(Nc1cccc(N2CCNCC2)c1)N1CCN(c2ccc(-c3ccccc3)cc2)CC1,0,0,0.02563606734783715,OK
404,CHEMBL2036989,inactive_single,C[C@@]12CCC[C@]3(C)C(=O)O[C@H](C[C@@]4(CO4)[C@]1(O)CCc1ccoc1)[C@H]23,O=C1OC2CC3(CO3)C(CCc3ccoc3)C3CCCC1C23,0,0,0.5506270305024139,OK
405,CHEMBL2042400,inactive_single,CC[C@H]1COC[C@@H](C[N+](C)(C)C)O1.[I-],C1COCCO1,0,0,0.004340562462767743,OK
406,CHEMBL2042401,inactive_single,CC[C@@H]1COC[C@@H](C[N+](C)(C)C)O1.[I-],C1COCCO1,0,0,0.008701767948198479,OK
416,CHEMBL204471,active_single,Cc1c(NC2CC2)nc(C2CC2)nc1N(C)Cc1ccccc1,c1ccc(CNc2cc(NC3CC3)nc(C3CC3)n2)cc1,1,1,0.9952761353008681,OK
420,CHEMBL205686,active_single,Cc1c(NC2CC2)nc(C2CC2)nc1N1CCCCCCC1,c1c(NC2CC2)nc(C2CC2)nc1N1CCCCCCC1,1,1,0.9951509974691465,OK
421,CHEMBL205737,active_single,Cc1c(NCc2cccs2)nc(C2CC2)nc1NC1CC1,c1csc(CNc2cc(NC3CC3)nc(C3CC3)n2)c1,1,1,0.9944195442092167,OK
470,CHEMBL211976,active_single,O=C(NCCC1CCNCC1)[C@H]1CCCN1C(=O)[C@@H]1C[C@@H](O)CN1C(=O)CC(c1ccccc1)(c1ccccc1)c1ccccc1,O=C(NCCC1CCNCC1)C1CCCN1C(=O)C1CCCN1C(=O)CC(c1ccccc1)(c1ccccc1)c1ccccc1,1,1,0.9923392119677756,OK
476,CHEMBL214029,active_single,O=C(NCCC1CCNCC1)[C@H]1CCCN1C(=O)[C@@H]1C[C@@H](O)CN1C(=O)CC(c1ccc(F)cc1)(c1ccc(F)cc1)c1ccc(F)cc1,O=C(NCCC1CCNCC1)C1CCCN1C(=O)C1CCCN1C(=O)CC(c1ccccc1)(c1ccccc1)c1ccccc1,1,1,0.9705186426081598,OK
477,CHEMBL214270,active_single,O=C(NCCC1CCNCC1)[C@H]1CCCN1C(=O)[C@@H]1CCCN1C(=O)CC(c1ccccc1)(c1ccccc1)c1ccccc1.O=C(O)C(F)(F)F,O=C(NCCC1CCNCC1)C1CCCN1C(=O)C1CCCN1C(=O)CC(c1ccccc1)(c1ccccc1)c1ccccc1,1,1,0.97684953895725,OK
486,CHEMBL215894,active_single,O=C(NC[C@@H]1CCCNC1)[C@H]1CCCN1C(=O)[C@@H]1C[C@@H](O)CN1C(=O)CC(c1ccc(Cl)cc1)(c1ccc(Cl)cc1)c1ccc(Cl)cc1,O=C(NCC1CCCNC1)C1CCCN1C(=O)C1CCCN1C(=O)CC(c1ccccc1)(c1ccccc1)c1ccccc1,1,1,0.965691231605659,OK
493,CHEMBL219118,active_single,COc1nsc(OCCCOCCCOCCCOc2nsnc2-c2cccnc2)n1,c1cncc(-c2nsnc2OCCCOCCCOCCCOc2ncns2)c1,1,1,0.9979454408712591,OK
561,CHEMBL227378,inactive,C[C@@H]1COC[C@H](C[N+](C)(C)C)O1.[I-],C1COCCO1,0,0,0.004651976818916861,OK
562,CHEMBL227429,inactive_single,C[C@H]1COC[C@H](C[N+](C)(C)C)O1.[I-],C1COCCO1,0,0,0.006054707446327684,OK
585,CHEMBL234257,active_single,CN(C)C1(CNCC2CCCCC2)COc2ccccc2OC1,c1ccc2c(c1)OCC(CNCC1CCCCC1)CO2,1,1,0.9940984921728147,OK
594,CHEMBL2377267,active_single,CCN(CC)CCOC(=O)C(O)(c1cccs1)C1CCCCC1,c1csc(CC2CCCCC2)c1,1,1,0.9994833952548411,OK
652,CHEMBL275914,active_single,O=C(NC[C@H]1CCCNC1)[C@H]1CCCN1C(=O)[C@@H]1CCCN1C(=O)CC(c1ccccc1)(c1ccccc1)c1ccccc1,O=C(NCC1CCCNC1)C1CCCN1C(=O)C1CCCN1C(=O)CC(c1ccccc1)(c1ccccc1)c1ccccc1,1,1,0.9533219116429326,OK
677,CHEMBL295388,active_single,CCN(CC)CCCCC1CCN(CC(=O)N2c3ccccc3NC(=O)c3ccccc32)CC1,O=C1Nc2ccccc2N(C(=O)CN2CCCCC2)c2ccccc21,1,1,0.9842344940653411,OK
682,CHEMBL301265,inactive_single,CCCN[C@H]1CCc2nc(N)sc2C1,c1nc2c(s1)CCCC2,0,0,0.06005833669610669,OK
686,CHEMBL305531,active_single,NCC1CCN(C(=O)[C@](O)(c2ccccc2)[C@@H]2CCC(F)(F)C2)C1,O=C(C(c1ccccc1)C1CCCC1)N1CCCC1,1,1,0.9825786272499173,OK
688,CHEMBL306903,active_single,O=C(NCC1CCNCC1)[C@](O)(c1ccccc1)[C@@H]1CCC(F)(F)C1,O=C(NCC1CCNCC1)C(c1ccccc1)C1CCCC1,1,1,0.9862383554766265,OK
711,CHEMBL3084413,active,C[N+]1(C)[C@@H]2CC[C@H]1C[C@@H](C=C(c1cccs1)c1cccs1)C2.[Br-],C(=C(c1cccs1)c1cccs1)C1CC2CCC(C1)[NH2+]2,1,1,0.9798559176851334,OK
772,CHEMBL3087235,active_single,O=C(O[C@H]1C[N+]2(CCCc3nc4ccccc4o3)CCC1CC2)C1(C2=CC=CC2)CCCCCC1,O=C(OC1C[N+]2(CCCc3nc4ccccc4o3)CCC1CC2)C1(C2=CC=CC2)CCCCCC1,1,1,0.9991709683757894,OK
773,CHEMBL3087236,active_single,NC(=O)C[N+]12CCC(CC1)[C@@H](OC(=O)C1(C3=CC=CC3)CCCCCC1)C2,O=C(OC1C[NH+]2CCC1CC2)C1(C2=CC=CC2)CCCCCC1,1,1,0.995958240824707,OK
781,CHEMBL3087244,active_single,O=C(C[N+]12CCC(CC1)[C@@H](OC(=O)C1(C3=CC=CC3)CCCCCC1)C2)Nc1ncns1,O=C(C[N+]12CCC(CC1)C(OC(=O)C1(C3=CC=CC3)CCCCCC1)C2)Nc1ncns1,1,1,0.9986380154430212,OK
810,CHEMBL3087953,active_single,O=C(O[C@H]1C[N+]2(Cc3nc(-c4ccccc4)no3)CCC1CC2)C1(C2=CC=CC2)CCCCCC1,O=C(OC1C[N+]2(Cc3nc(-c4ccccc4)no3)CCC1CC2)C1(C2=CC=CC2)CCCCCC1,1,1,0.9994272901477936,OK
813,CHEMBL3087956,active_single,O=C(O[C@H]1C[N+]2(Cc3csc(-c4ccccc4)n3)CCC1CC2)C1(C2=CC=CC2)CCCCCC1,O=C(OC1C[N+]2(Cc3csc(-c4ccccc4)n3)CCC1CC2)C1(C2=CC=CC2)CCCCCC1,1,1,0.9998667897026315,OK
816,CHEMBL3087959,active_single,CC(C(=O)OC1CC[N+](C)(C)CC1)(c1ccccc1)C1CCCC1,O=C(OC1CC[NH2+]CC1)C(c1ccccc1)C1CCCC1,1,1,0.9929283153529304,OK
820,CHEMBL3088076,active_single,C[N+]12CCC(CC1)[C@@H](OC(=O)C1(C3=CC=CC3)CCCCCC1)C2,O=C(OC1C[NH+]2CCC1CC2)C1(C2=CC=CC2)CCCCCC1,1,1,0.9982853127505765,OK
839,CHEMBL310016,active_single,O=C(c1ccco1)N(c1ccccc1)C1CCN(Cc2ccccc2)CC1,O=C(c1ccco1)N(c1ccccc1)C1CCN(Cc2ccccc2)CC1,1,1,0.9894143268785791,OK
846,CHEMBL310558,inactive_single,CCC(=O)OC1CC2CCCC1N2,C1CC2CCC(C1)N2,0,1,0.7155561777350085,FP
869,CHEMBL3219049,active_single,CS(=O)(=O)Nc1cc([C@@H](O)CNCCCCCCCCCCN2CCC(OC(=O)Nc3ccccc3-c3ccc(O)c(Cl)c3)CC2)ccc1O,O=C(Nc1ccccc1-c1ccccc1)OC1CCN(CCCCCCCCCCNCCc2ccccc2)CC1,1,1,0.9999832852520812,OK
885,CHEMBL3309715,inactive_single,C[C@@]1(C[N+](C)(C)C)COCCO1.[I-],C1COCCO1,0,0,0.06925849146647654,OK
886,CHEMBL3309717,inactive_single,C[C@H]1OCCO[C@@H]1C[N+](C)(C)C.[I-],C1COCCO1,0,0,0.013179405683632087,OK
887,CHEMBL3309718,inactive_single,C[N+](C)(C)C[C@@H]1COCCO1.[I-],C1COCCO1,0,0,0.006805610563264642,OK
905,CHEMBL3354071,active_single,CN1CCC=C(c2nsnc2OCCCCCCCCCCCCCC2CCN(CCCN3C(=O)CCc4ccccc43)CC2)C1,O=C1CCc2ccccc2N1CCCN1CCC(CCCCCCCCCCCCCOc2nsnc2C2=CCCNC2)CC1,1,1,0.9983317239197718,OK
910,CHEMBL3359597,inactive_single,C[C@@H]1OCCO[C@@H]1C[N+](C)(C)C.[I-],C1COCCO1,0,0,0.009356028770411867,OK
916,CHEMBL3401645,active_single,O=C(N[C@H]1CN2CCC1CC2)C1(O)c2ccccc2-c2ccccc21,O=C(NC1CN2CCC1CC2)C1c2ccccc2-c2ccccc21,1,1,0.7359118124542688,OK
927,CHEMBL3401656,active_single,CN(C(=O)C1c2ccccc2Oc2ccccc21)[C@H]1C[N+]2(CCCOc3ccc(-c4ccccc4)cc3)CCC1CC2.[Cl-],O=C(NC1C[N+]2(CCCOc3ccc(-c4ccccc4)cc3)CCC1CC2)C1c2ccccc2Oc2ccccc21,1,1,0.9722648415899064,OK
952,CHEMBL343644,active_single,CC(C)=CCCN1CCC(NC(=O)[C@](O)(c2ccccc2)[C@H]2CC[C@H](F)C2)CC1,O=C(NC1CCNCC1)C(c1ccccc1)C1CCCC1,1,1,0.9519562119892794,OK
972,CHEMBL359220,active_single,CC(C)=CCCN1CCC(NC(=O)[C@](O)(c2ccccc2)[C@H]2CC[C@H](O)C2)CC1,O=C(NC1CCNCC1)C(c1ccccc1)C1CCCC1,1,1,0.9444541881842683,OK
1029,CHEMBL3645315,active,C[C@H](Cc1cccc(CNC(=O)c2ccc(N(C)C(=O)CCN3CCC(OC(=O)Nc4ccccc4-c4ccccc4)CC3)cc2)c1)NC[C@H](O)c1ccc(O)c2[nH]c(=O)ccc12,O=C(CCN1CCC(OC(=O)Nc2ccccc2-c2ccccc2)CC1)Nc1ccc(C(=O)NCc2cccc(CCNCCc3cccc4[nH]c(=O)ccc34)c2)cc1,1,1,0.9999775705770154,OK
1030,CHEMBL3645316,active,C[C@@H](Cc1cccc(CNC(=O)c2ccc(N(C)C(=O)CCN3CCC(OC(=O)Nc4ccccc4-c4ccccc4)CC3)cc2)c1)NC[C@H](O)c1ccc(O)c2[nH]c(=O)ccc12,O=C(CCN1CCC(OC(=O)Nc2ccccc2-c2ccccc2)CC1)Nc1ccc(C(=O)NCc2cccc(CCNCCc3cccc4[nH]c(=O)ccc34)c2)cc1,1,1,0.9999672250878202,OK
1052,CHEMBL3645338,active,CN(C(=O)CCN1CCC(OC(=O)Nc2ccccc2-c2ccccc2)CC1)c1ccc(CNC(=O)Cc2cccc(CNC[C@H](O)c3ccc(O)c4[nH]c(=O)ccc34)c2)cc1,O=C(Cc1cccc(CNCCc2cccc3[nH]c(=O)ccc23)c1)NCc1ccc(NC(=O)CCN2CCC(OC(=O)Nc3ccccc3-c3ccccc3)CC2)cc1,1,1,0.9999535803692,OK
1114,CHEMBL376900,active_single,C[N+]1(C[C@H]2O[C@@H]2c2ccccc2)CCC(N2CC(c3ccccc3)(c3ccccc3)NC2=O)C1,O=C1NC(c2ccccc2)(c2ccccc2)CN1C1CC[NH+](CC2OC2c2ccccc2)C1,1,1,0.9623578282293846,OK
1120,CHEMBL378859,active_single,O=C(NCCC1CCNCC1)[C@H]1CCCN1C(=O)[C@@H]1C[C@@H](O)CN1C(=O)CC(c1ccc(Cl)cc1)(c1ccc(Cl)cc1)c1ccc(Cl)cc1,O=C(NCCC1CCNCC1)C1CCCN1C(=O)C1CCCN1C(=O)CC(c1ccccc1)(c1ccccc1)c1ccccc1,1,1,0.9945131367589447,OK
1122,CHEMBL378885,active_single,O=C(NC[C@@H]1CCCNC1)[C@H]1CCCN1C(=O)[C@@H]1C[C@@H](O)CN1C(=O)CC(c1ccccc1)(c1ccccc1)c1ccccc1,O=C(NCC1CCCNC1)C1CCCN1C(=O)C1CCCN1C(=O)CC(c1ccccc1)(c1ccccc1)c1ccccc1,1,1,0.952641688248947,OK
1132,CHEMBL380954,active_single,Cc1c(NCc2c(F)cccc2F)nc(C2CC2)nc1NC1CC1,c1ccc(CNc2cc(NC3CC3)nc(C3CC3)n2)cc1,1,1,0.9914520172674038,OK
1134,CHEMBL381259,active_single,Cc1c(NCc2ccccc2)nc(C2CC2)nc1NC1CC1,c1ccc(CNc2cc(NC3CC3)nc(C3CC3)n2)cc1,1,1,0.9969394857603087,OK
1145,CHEMBL385229,active_single,O=C(NC[C@@H]1CCCNC1)[C@H]1CCCN1C(=O)[C@@H]1CCCN1C(=O)CC(c1ccccc1)(c1ccccc1)c1ccccc1.O=C(O)C(F)(F)F,O=C(NCC1CCCNC1)C1CCCN1C(=O)C1CCCN1C(=O)CC(c1ccccc1)(c1ccccc1)c1ccccc1,1,1,0.8675955396849192,OK
1150,CHEMBL3890898,active_single,CN(CCCc1nc(-c2ccc(CNC[C@H](O)c3ccc(O)c4[nH]c(=O)ccc34)cc2)no1)[C@H]1CC[C@H](OC(=O)C(O)(c2cccs2)c2cccs2)CC1,O=C(OC1CCC(NCCCc2nc(-c3ccc(CNCCc4cccc5[nH]c(=O)ccc45)cc3)no2)CC1)C(c1cccs1)c1cccs1,1,1,0.9996362444418956,OK
1160,CHEMBL3906438,active_single,COc1cc(-c2noc(CCCN(C)[C@H]3CC[C@H](OC(=O)C(O)(c4cccs4)c4cccs4)CC3)n2)c(Cl)cc1CNC[C@H](O)c1ccc(O)c2[nH]c(=O)ccc12,O=C(OC1CCC(NCCCc2nc(-c3ccc(CNCCc4cccc5[nH]c(=O)ccc45)cc3)no2)CC1)C(c1cccs1)c1cccs1,1,1,0.9995149880571604,OK
1202,CHEMBL3978891,active,O=C(O[C@H]1C[N+]2(CCCOc3ccccc3)CCC1CC2)C(O)(c1ccccc1)c1ccco1,O=C(OC1C[N+]2(CCCOc3ccccc3)CCC1CC2)C(c1ccccc1)c1ccco1,1,1,0.9993819360773888,OK
1207,CHEMBL404557,inactive,C[C@@H]1COC[C@@H](C[N+](C)(C)C)O1.[I-],C1COCCO1,0,0,0.0036098269231176388,OK
1231,CHEMBL4097248,inactive_single,COc1cccc2c1CC[N+](C)(C)C2.O=C[O-],c1ccc2c(c1)CC[NH2+]C2,0,0,0.09361914369222823,OK
1240,CHEMBL4109862,active_single,CCC1([N+]23CCC(CC2)[C@@H](OC(=O)C2(O)c4ccccc4-c4ccccc42)C3)c2ccsc21,O=C(OC1C[N+]2(C3c4ccsc43)CCC1CC2)C1c2ccccc2-c2ccccc21,1,1,0.9967607606164655,OK
1255,CHEMBL4167221,inactive_single,NC[C@H]1CC[C@H](CN(C[C@H]2Cc3ccccc3CN2)[C@H]2CCCc3cccnc32)CC1,c1ccc2c(c1)CNC(CN(CC1CCCCC1)C1CCCc3cccnc31)C2,0,0,0.20936665795606488,OK
1258,CHEMBL4171643,inactive_single,N[C@H]1CC[C@H](CN(C[C@H]2Cc3ccccc3CN2)[C@H]2CCCc3cccnc32)CC1,c1ccc2c(c1)CNC(CN(CC1CCCCC1)C1CCCc3cccnc31)C2,0,0,0.27016030565010957,OK
1290,CHEMBL438822,active_single,O=C(NC[C@@H]1CCCNC1)[C@H]1CCCN1C(=O)[C@@H]1C[C@@H](O)CN1C(=O)CC(c1ccc(F)cc1)(c1ccc(F)cc1)c1ccc(F)cc1,O=C(NCC1CCCNC1)C1CCCN1C(=O)C1CCCN1C(=O)CC(c1ccccc1)(c1ccccc1)c1ccccc1,1,1,0.8363913379126786,OK
1347,CHEMBL4545030,active_single,COc1ccc(CCN(C(=O)OC2C[C@H]3CC[C@H](C2)N3C)c2ccccc2)cc1,O=C(OC1CC2CCC(C1)N2)N(CCc1ccccc1)c1ccccc1,1,1,0.9973305325479942,OK
1353,CHEMBL4563530,inactive_single,CC(=O)N[C@@H](CCC(N)=O)C(=O)N[C@@H](CC(C)C)C(=O)NCCCCC1CCN(CC(=O)N2c3ccccc3NC(=O)c3ccccc32)CC1.O=C(O)C(F)(F)F,O=C1Nc2ccccc2N(C(=O)CN2CCCCC2)c2ccccc21,0,1,0.7124352056444513,FP
1364,CHEMBL4579642,inactive_single,CC(=O)N[C@@H](CCC(N)=O)C(=O)N[C@@H](C)C(=O)N[C@@H](CC(C)C)C(=O)NCCCCC1CCN(CC(=O)N2c3ccccc3NC(=O)c3ccccc32)CC1.O=C(O)C(F)(F)F,O=C1Nc2ccccc2N(C(=O)CN2CCCCC2)c2ccccc21,0,1,0.7069186732508616,FP
1368,CHEMBL4589047,active_single,CC(=O)N[C@@H](Cc1c[nH]c2ccccc12)C(=O)N[C@@H](C)C(=O)N[C@@H](Cc1ccc(O)cc1)C(=O)NCCN1CCN(CCCCC2CCN(CC(=O)N3c4ccccc4NC(=O)c4ccccc43)CC2)CC1.O=C(O)C(F)(F)F.O=C(O)C(F)(F)F.O=C(O)C(F)(F)F,O=C(CCc1c[nH]c2ccccc12)NCC(=O)NC(Cc1ccccc1)C(=O)NCCN1CCN(CCCCC2CCN(CC(=O)N3c4ccccc4NC(=O)c4ccccc43)CC2)CC1,1,1,0.7416341404465677,OK
1428,CHEMBL466271,active_single,CCOC(=O)c1ccc(NC(=O)N[C@@H](Cc2ccc(Br)cc2)C(=O)N[C@H]2CC[N+](C)(Cc3ccc4c(c3)OCO4)C2)cc1.[I-],O=C(Nc1ccccc1)NC(Cc1ccccc1)C(=O)NC1CC[NH+](Cc2ccc3c(c2)OCO3)C1,1,1,0.9574954849932422,OK
1433,CHEMBL4745885,inactive_single,COC1CN(C(=O)CCN2CCCc3ccccc32)C1,O=C(CCN1CCCc2ccccc21)N1CCC1,0,0,0.008776060845006485,OK
1441,CHEMBL4757676,inactive_single,O=C(CN1CCc2ccc(Br)cc21)N1CCCCC1,O=C(CN1CCc2ccccc21)N1CCCCC1,0,0,0.02630483330384382,OK
1442,CHEMBL4758449,inactive_single,O=C(CCN1CCCc2ccccc21)N1CCC1,O=C(CCN1CCCc2ccccc21)N1CCC1,0,0,0.0037864119918145675,OK
1476,CHEMBL4793864,inactive_single,CC1Cc2ccccc2N1CC(=O)N1CCCCC1,O=C(CN1CCc2ccccc21)N1CCCCC1,0,0,0.045408695394995625,OK
1485,CHEMBL484475,inactive_single,OC(c1ccccc1)(c1ccccc1)C12CC[N+](CCCCc3ccccc3)(CC1)CC2.[Br-],c1ccc(CCCC[N+]23CCC(C(c4ccccc4)c4ccccc4)(CC2)CC3)cc1,0,0,0.05590260122525958,OK
1488,CHEMBL4847458,inactive_single,CC(=O)NC(=O)[C@H](CCCNC(=N)N)NC(=O)[C@H](C)NC(=O)CNCC(=O)NC1CCN(CC(=O)N2c3ccccc3NC(=O)c3ccccc32)CC1.O=C(O)C(F)(F)F.O=C(O)C(F)(F)F,O=C1Nc2ccccc2N(C(=O)CN2CCCCC2)c2ccccc21,0,0,0.07129185392246337,OK
1495,CHEMBL4852629,active_single,O=C(NC(c1ccccc1)c1cccc(OCCCCCCCCNC[C@H](O)c2ccc(O)c3[nH]c(=O)ccc23)c1)O[C@H]1CN2CCC1CC2,O=C(NC(c1ccccc1)c1cccc(OCCCCCCCCNCCc2cccc3[nH]c(=O)ccc23)c1)OC1CN2CCC1CC2,1,1,0.9998201170509866,OK
1496,CHEMBL4854091,active,O=C(N[C@@H](c1ccccc1)c1cccc(OCc2ccc(CCNC[C@H](O)c3ccc(O)c4[nH]c(=O)ccc34)cc2)c1)O[C@H]1CN2CCC1CC2,O=C(NC(c1ccccc1)c1cccc(OCc2ccc(CCNCCc3cccc4[nH]c(=O)ccc34)cc2)c1)OC1CN2CCC1CC2,1,1,0.9989657429310382,OK
1500,CHEMBL4856090,inactive_single,CC(=O)NC(=O)[C@H](CCCCN)NC(=O)[C@H](CCCNC(=N)N)NCCCC1CCN(CC(=O)N2c3ccccc3NC(=O)c3ccccc32)CC1.O=C(O)C(F)(F)F.O=C(O)C(F)(F)F.O=C(O)C(F)(F)F,O=C1Nc2ccccc2N(C(=O)CN2CCCCC2)c2ccccc21,0,0,0.4466417633308766,OK
1510,CHEMBL4865137,inactive_single,CC(=O)NC(=O)[C@H](CCCNC(=N)N)NC(=O)[C@H](C)NC(=O)[C@H](CCCNC(=N)N)NC1CCN(CC(=O)N2c3ccccc3NC(=O)c3ccccc32)CC1.O=C(O)C(F)(F)F.O=C(O)C(F)(F)F.O=C(O)C(F)(F)F,O=C1Nc2ccccc2N(C(=O)CN2CCCCC2)c2ccccc21,0,0,0.02320180827344958,OK
1570,CHEMBL493795,active,CN1CCC[C@H]1[C@H]1C[S+]([O-])C(c2ccccc2)(c2ccccc2)O1,c1ccc(C2(c3ccccc3)OC(C3CCCN3)C[SH+]2)cc1,1,1,0.8537853529334036,OK
1582,CHEMBL494998,inactive_single,O=C(NCc1cccc(-c2cccc(CN3CCOCC3)c2)c1)c1ccc2c(c1)OCO2,O=C(NCc1cccc(-c2cccc(CN3CCOCC3)c2)c1)c1ccc2c(c1)OCO2,0,1,0.9047089981490983,FP
1592,CHEMBL499519,active,CCCCCCCCCCCC(OC(=O)C(CCCCN(O)C(C)=O)NC(=O)c1coc(-c2ccccc2O)n1)C(C)C(=O)NC1CCCCN(O)C1=O,O=C(CCOC(=O)CNC(=O)c1coc(-c2ccccc2)n1)NC1CCCCNC1=O,1,1,0.999606419812465,OK
1594,CHEMBL500306,inactive_single,Br.OC(CC1CN2CCC1CC2)(c1ccccc1)c1ccccc1,c1ccc(C(CC2CN3CCC2CC3)c2ccccc2)cc1,0,0,0.49381647579200477,OK
1602,CHEMBL5070876,active_single,COc1ccc([C@H](Cc2c(Cl)c[n+]([O-])cc2Cl)OC(=O)c2ccc(CN(C(=O)O[C@H]3CN4CCC3CC4)c3ccccc3)s2)cc1OC,O=C(OC(Cc1cc[nH+]cc1)c1ccccc1)c1ccc(CN(C(=O)OC2CN3CCC2CC3)c2ccccc2)s1,1,1,0.9998948357369813,OK
1612,CHEMBL5076886,active,COc1ccc([C@H](Cc2c(Cl)c[n+]([O-])cc2Cl)OC(=O)c2ccc(CNC(C(=O)OC3C[C@H]4CC[C@H](C3)N4C)c3ccccc3)s2)cc1OC,O=C(OC(Cc1cc[nH+]cc1)c1ccccc1)c1ccc(CNC(C(=O)OC2CC3CCC(C2)N3)c2ccccc2)s1,1,1,0.9998173841358237,OK
1614,CHEMBL5077250,active_single,COc1ccc([C@H](Cc2c(Cl)c[n+]([O-])cc2Cl)OC(=O)c2ccc(CN(C(=O)O[C@H]3CN4CCC3CC4)c3cccc(C(F)F)c3)s2)cc1OC,O=C(OC(Cc1cc[nH+]cc1)c1ccccc1)c1ccc(CN(C(=O)OC2CN3CCC2CC3)c2ccccc2)s1,1,1,0.999838378954286,OK
1622,CHEMBL5084383,active_single,COc1ccc([C@H](Cc2c(Cl)c[n+]([O-])cc2Cl)OC(=O)c2ccc(CN(C(=O)O[C@H]3CN4CCC3CC4)c3cccc(F)c3)s2)cc1OC,O=C(OC(Cc1cc[nH+]cc1)c1ccccc1)c1ccc(CN(C(=O)OC2CN3CCC2CC3)c2ccccc2)s1,1,1,0.9997699215067741,OK
1623,CHEMBL5084829,active_single,CCOc1cc([C@H](Cc2c(Cl)c[n+]([O-])cc2Cl)OC(=O)c2ccc(CN(C(=O)O[C@H]3CN4CCC3CC4)c3ccccc3F)s2)ccc1OC(F)F,O=C(OC(Cc1cc[nH+]cc1)c1ccccc1)c1ccc(CN(C(=O)OC2CN3CCC2CC3)c2ccccc2)s1,1,1,0.9991322635295417,OK
1625,CHEMBL5085717,active_single,CC(C)Oc1cc([C@H](Cc2c(Cl)c[n+]([O-])cc2Cl)OC(=O)c2ccc(CN(C(=O)O[C@H]3CN4CCC3CC4)c3ccccc3F)s2)ccc1OC(F)F,O=C(OC(Cc1cc[nH+]cc1)c1ccccc1)c1ccc(CN(C(=O)OC2CN3CCC2CC3)c2ccccc2)s1,1,1,0.9995605889950339,OK
1628,CHEMBL5086769,active_single,COc1ccc([C@H](Cc2c(Cl)c[n+]([O-])cc2Cl)OC(=O)c2ccc(CN(C(=O)O[C@H]3CN4CCC3CC4)c3cccc(O)c3)s2)cc1OC,O=C(OC(Cc1cc[nH+]cc1)c1ccccc1)c1ccc(CN(C(=O)OC2CN3CCC2CC3)c2ccccc2)s1,1,1,0.9996706960609433,OK
1632,CHEMBL5090179,active_single,COc1cc([C@H](Cc2c(Cl)c[n+]([O-])cc2Cl)OC(=O)c2ccc(CN(C(=O)O[C@H]3CN4CCC3CC4)c3ccccc3F)s2)ccc1OC(F)F,O=C(OC(Cc1cc[nH+]cc1)c1ccccc1)c1ccc(CN(C(=O)OC2CN3CCC2CC3)c2ccccc2)s1,1,1,0.9985482328027611,OK
1634,CHEMBL5091461,active_single,COc1ccc([C@H](Cc2c(Cl)c[n+]([O-])cc2Cl)OC(=O)c2ccc(CN(C(=O)O[C@H]3CN4CCC3CC4)c3ccccc3F)s2)cc1OC,O=C(OC(Cc1cc[nH+]cc1)c1ccccc1)c1ccc(CN(C(=O)OC2CN3CCC2CC3)c2ccccc2)s1,1,1,0.9983437793849089,OK
1660,CHEMBL5193853,active_single,O=C(N[C@@H](c1ccccc1)c1cccc(OCc2cccc(C(=O)OCCCCNC[C@H](O)c3ccc(O)c4[nH]c(=O)ccc34)c2)c1)O[C@H]1CN2CCC1CC2,O=C(NC(c1ccccc1)c1cccc(OCc2cccc(C(=O)OCCCCNCCc3cccc4[nH]c(=O)ccc34)c2)c1)OC1CN2CCC1CC2,1,1,0.9998334574370308,OK
1692,CHEMBL523518,active,CN1CCC[C@@H]1[C@@H]1C[S+]([O-])C(c2ccccc2)(c2ccccc2)O1,c1ccc(C2(c3ccccc3)OC(C3CCCN3)C[SH+]2)cc1,1,1,0.8046107452921469,OK
1702,CHEMBL5267836,active_single,CN(C)c1ccc2c(-c3ccc(-c4cn(CCCCCn5cc(CCCCCCN6CCC(OC(=O)Nc7ccc(F)cc7-c7ccc(F)c(Cl)c7)CC6)nn5)nn4)cc3C(=O)[O-])c3ccc(=[N+](C)C)cc-3oc2c1,[N+]=c1ccc2c(-c3ccc(-c4cn(CCCCCn5cc(CCCCCCN6CCC(OC(=O)Nc7ccccc7-c7ccccc7)CC6)nn5)nn4)cc3)c3ccccc3oc-2c1,1,1,0.9998299138233078,OK
1706,CHEMBL527216,active_single,CCOC(=O)c1ccc(NC(=O)N[C@@H](Cc2ccc(F)cc2)C(=O)N[C@H]2CC[N+](C)(Cc3ccc4c(c3)OCO4)C2)cc1.[I-],O=C(Nc1ccccc1)NC(Cc1ccccc1)C(=O)NC1CC[NH+](Cc2ccc3c(c2)OCO3)C1,1,1,0.9224852485456205,OK
1712,CHEMBL527880,inactive_single,C[N+]1(C)CCC[C@@H]1c1ccco1.[I-],c1coc(C2CCC[NH2+]2)c1,0,0,0.056192388386392046,OK
1719,CHEMBL5287096,inactive_single,CC[C@@H]1C(=O)OC[C@@H]1Cc1c[n+](CCCCCC[N+](C)(C)CC(C)(C)CN2C(=O)c3cccc4cccc(c34)C2=O)cn1C.[Br-].[Br-],O=C1CC(Cc2c[n+](CCCCCC[NH2+]CCCN3C(=O)c4cccc5cccc(c45)C3=O)c[nH]2)CO1,0,0,0.006368253866481827,OK
1722,CHEMBL5289601,active_single,CN1/C(=C/C=C/C=C/C2=[N+](CCCCCC(=O)NCCCCCCCCN3CCC(COC(=O)Nc4ccc(F)cc4-c4ccc(F)c(Cl)c4)CC3)c3ccccc3C2(C)C)C(C)(C)c2ccccc21,O=C(CCCCC[N+]1=C(C=CC=CC=C2Cc3ccccc3N2)Cc2ccccc21)NCCCCCCCCN1CCC(COC(=O)Nc2ccccc2-c2ccccc2)CC1,1,1,0.9999304531915352,OK
1732,CHEMBL539885,active_single,CCOC(=O)c1ccc(NC(=O)N[C@@H](Cc2ccc(OC)cc2)C(=O)N[C@H]2CC[N+](C)(Cc3ccc4c(c3)OCO4)C2)cc1.[I-],O=C(Nc1ccccc1)NC(Cc1ccccc1)C(=O)NC1CC[NH+](Cc2ccc3c(c2)OCO3)C1,1,1,0.9423840769355782,OK
1733,CHEMBL5399363,active,COc1ccc([C@H](Cc2c(Cl)c[n+]([O-])cc2Cl)OC(=O)c2ccc(CNC(CO)(C(=O)O[C@H]3CN4CCC3CC4)c3ccccc3)s2)cc1OCC1CC1,O=C(OC(Cc1cc[nH+]cc1)c1cccc(OCC2CC2)c1)c1ccc(CNC(C(=O)OC2CN3CCC2CC3)c2ccccc2)s1,1,1,0.9999466708492999,OK
1740,CHEMBL540398,active_single,CCOC(=O)c1ccc(NC(=O)N[C@@H](Cc2ccc(Cl)c(Cl)c2)C(=O)N[C@H]2CC[N+](C)(Cc3ccc4c(c3)OCO4)C2)cc1.[I-],O=C(Nc1ccccc1)NC(Cc1ccccc1)C(=O)NC1CC[NH+](Cc2ccc3c(c2)OCO3)C1,1,1,0.9618902051716892,OK
1741,CHEMBL540399,active_single,CCOC(=O)c1ccc(NC(=O)N[C@@H](Cc2ccc(O)cc2)C(=O)N[C@H]2CC[N+](C)(Cc3ccc4c(c3)OCO4)C2)cc1.[I-],O=C(Nc1ccccc1)NC(Cc1ccccc1)C(=O)NC1CC[NH+](Cc2ccc3c(c2)OCO3)C1,1,1,0.9237109220799664,OK
1742,CHEMBL540400,active_single,CCOC(=O)c1ccc(NC(=O)N[C@@H](Cc2cccc(Cl)c2)C(=O)N[C@H]2CC[N+](C)(Cc3ccc4c(c3)OCO4)C2)cc1.[I-],O=C(Nc1ccccc1)NC(Cc1ccccc1)C(=O)NC1CC[NH+](Cc2ccc3c(c2)OCO3)C1,1,1,0.9576579246199709,OK
1758,CHEMBL543177,active_single,CCN1CCC(c2ccccc2)=C(C(=O)OCc2ccccc2)C1.Cl,O=C(OCc1ccccc1)C1=C(c2ccccc2)CCNC1,1,0,0.3619086585074745,FN
1774,CHEMBL551525,active_single,O=C(O[C@H]1CN2CCC1CC2)C1c2ccccc2CCc2ccccc21,O=C(OC1CN2CCC1CC2)C1c2ccccc2CCc2ccccc21,1,1,0.9106015902038108,OK
1787,CHEMBL553155,inactive_single,C[N+]1(C)CCC[C@H]1c1ccco1.[I-],c1coc(C2CCC[NH2+]2)c1,0,0,0.0798307772753987,OK
1791,CHEMBL553431,active_single,CCOC(=O)c1ccc(NC(=O)N[C@@H](Cc2ccc(N)cc2)C(=O)N[C@H]2CC[N+](C)(Cc3ccc4c(c3)OCO4)C2)cc1.[I-],O=C(Nc1ccccc1)NC(Cc1ccccc1)C(=O)NC1CC[NH+](Cc2ccc3c(c2)OCO3)C1,1,1,0.873107819490154,OK
1792,CHEMBL553433,active_single,CCOC(=O)c1ccc(NC(=O)N[C@@H](Cc2ccc(C#N)cc2)C(=O)N[C@H]2CC[N+](C)(Cc3ccc4c(c3)OCO4)C2)cc1.[I-],O=C(Nc1ccccc1)NC(Cc1ccccc1)C(=O)NC1CC[NH+](Cc2ccc3c(c2)OCO3)C1,1,1,0.9574319371262916,OK
1793,CHEMBL553446,active_single,CCOC(=O)c1ccc(NC(=O)N[C@@H](Cc2ccccc2Cl)C(=O)N[C@H]2CC[N+](C)(Cc3ccc4c(c3)OCO4)C2)cc1.[I-],O=C(Nc1ccccc1)NC(Cc1ccccc1)C(=O)NC1CC[NH+](Cc2ccc3c(c2)OCO3)C1,1,1,0.8766363941120462,OK
1801,CHEMBL554632,active_single,CCOC(=O)c1ccc(NC(=O)N[C@@H](Cc2ccc(C)cc2)C(=O)N[C@H]2CC[N+](C)(Cc3ccc4c(c3)OCO4)C2)cc1.[I-],O=C(Nc1ccccc1)NC(Cc1ccccc1)C(=O)NC1CC[NH+](Cc2ccc3c(c2)OCO3)C1,1,1,0.9763070339165263,OK
1805,CHEMBL554918,active_single,CCOC(=O)c1ccc(NC(=O)N[C@@H](Cc2ccc(C(=O)c3ccccc3)cc2)C(=O)N[C@H]2CC[N+](C)(Cc3ccc4c(c3)OCO4)C2)cc1.[I-],O=C(Nc1ccccc1)NC(Cc1ccc(C(=O)c2ccccc2)cc1)C(=O)NC1CC[NH+](Cc2ccc3c(c2)OCO3)C1,1,1,0.9957420241588291,OK
1807,CHEMBL555019,active_single,CCOC(=O)c1ccc(NC(=O)N[C@@H](Cc2ccc(Cl)cc2)C(=O)N[C@H]2CC[N+](C)(Cc3ccc4c(c3)OCO4)C2)cc1.[I-],O=C(Nc1ccccc1)NC(Cc1ccccc1)C(=O)NC1CC[NH+](Cc2ccc3c(c2)OCO3)C1,1,1,0.977386907362732,OK
1825,CHEMBL555707,active_single,CCOC(=O)c1ccc(NC(=O)N[C@@H](Cc2ccc(C(F)(F)F)cc2)C(=O)N[C@H]2CC[N+](C)(Cc3ccc4c(c3)OCO4)C2)cc1.[I-],O=C(Nc1ccccc1)NC(Cc1ccccc1)C(=O)NC1CC[NH+](Cc2ccc3c(c2)OCO3)C1,1,1,0.9425137583658008,OK
1874,CHEMBL5641756,active_single,CN1[C@@H]2CC[C@H]1C[C@H](OC(=O)N(c1ccccc1)c1ccccc1)C2,O=C(OC1CC2CCC(C1)N2)N(c1ccccc1)c1ccccc1,1,1,0.9987273660417718,OK
1879,CHEMBL568775,active_single,C[N+]1(C)CCC[C@@H]1c1ccc([C@@](O)(c2ccccc2)C2CCCCC2)o1.[I-],c1ccc(C(c2ccc(C3CCC[NH2+]3)o2)C2CCCCC2)cc1,1,1,0.8719500391040297,OK
1880,CHEMBL568870,active_single,C[N+]1(C)CCC[C@H]1c1ccc([C@](O)(c2ccccc2)C2CCCCC2)o1.[I-],c1ccc(C(c2ccc(C3CCC[NH2+]3)o2)C2CCCCC2)cc1,1,1,0.8944155451556918,OK
1882,CHEMBL569307,active_single,C[N+]1(C)CCC[C@@H]1c1ccc([C@](O)(c2ccccc2)C2CCCCC2)o1.[I-],c1ccc(C(c2ccc(C3CCC[NH2+]3)o2)C2CCCCC2)cc1,1,1,0.8640225493939176,OK
1883,CHEMBL569712,active_single,C[N+]1(C)CCCC1c1ccc(C(c2ccccc2)C2CCCCC2)o1.[I-],c1ccc(C(c2ccc(C3CCC[NH2+]3)o2)C2CCCCC2)cc1,1,1,0.9823695688275123,OK
1886,CHEMBL569760,active_single,C[N+]1(C)CCCC1c1ccc(C(O)(c2ccccc2)C2CCCCC2)o1.[I-],c1ccc(C(c2ccc(C3CCC[NH2+]3)o2)C2CCCCC2)cc1,1,1,0.9622419569198817,OK
1888,CHEMBL571123,active_single,CN1CCCC1c1ccc(C(c2ccccc2)c2ccccc2)o1,c1ccc(C(c2ccccc2)c2ccc(C3CCCN3)o2)cc1,1,1,0.8579520196133211,OK
1909,CHEMBL576663,active_single,CN1CCCC1c1ccc(C(O)(c2ccccc2)c2ccccc2)o1,c1ccc(C(c2ccccc2)c2ccc(C3CCCN3)o2)cc1,1,0,0.6060263514420293,FN
1986,CHEMBL5847323,active_single,O=C(O[C@H]1C[N+]2(CCOc3ccccc3)CCC1CC2)C1C2C=CC=CC2OC2C=CC=CC21,O=C(OC1C[N+]2(CCOc3ccccc3)CCC1CC2)C1C2C=CC=CC2OC2C=CC=CC21,1,1,0.9889115915017366,OK
2058,CHEMBL593443,inactive_single,C[C@H]1CO[C@H](C[N+](C)(C)C)CO1.[I-],C1COCCO1,0,0,0.004869736535436743,OK
2061,CHEMBL593620,inactive_single,C[C@@H]1OC[C@@H](C[N+](C)(C)C)OC1(C)C.[I-],C1COCCO1,0,0,0.021796004683958953,OK
2062,CHEMBL593685,inactive_single,C[C@H]1OC[C@@H](C[N+](C)(C)C)OC1(C)C.[I-],C1COCCO1,0,0,0.016704062968269966,OK
2064,CHEMBL593861,inactive_single,CC1(C)OC[C@@H](C[N+](C)(C)C)OC1(C)C.[I-],C1COCCO1,0,0,0.06703734872940426,OK
2065,CHEMBL593864,inactive_single,C[C@@H]1OC[C@@H](C[N+](C)(C)C)O[C@@H]1C.[I-],C1COCCO1,0,0,0.004210465913917394,OK
2066,CHEMBL593871,inactive_single,C[C@H]1OC[C@@H](C[N+](C)(C)C)O[C@@H]1C.[I-],C1COCCO1,0,0,0.004142101325907361,OK
2074,CHEMBL594376,inactive_single,C[C@@H]1CO[C@H](C[N+](C)(C)C)CO1.[I-],C1COCCO1,0,0,0.0048347352786161325,OK
2078,CHEMBL594801,inactive_single,CC1(C)COC[C@@H](C[N+](C)(C)C)O1.[I-],C1COCCO1,0,0,0.08193437966670832,OK
2079,CHEMBL594802,inactive_single,CC1(C)CO[C@H](C[N+](C)(C)C)CO1.[I-],C1COCCO1,0,0,0.1046056859454286,OK
2080,CHEMBL594803,inactive_single,C[C@@H]1O[C@H](C[N+](C)(C)C)COC1(C)C.[I-],C1COCCO1,0,0,0.04879780717230587,OK
2083,CHEMBL595022,inactive_single,C[C@H]1O[C@H](C[N+](C)(C)C)COC1(C)C.[I-],C1COCCO1,0,0,0.01780427778368186,OK
2086,CHEMBL595265,inactive_single,C[C@@H]1OC[C@@H](C[N+](C)(C)C)O[C@H]1C.[I-],C1COCCO1,0,0,0.0034813008332056886,OK
2122,CHEMBL59836,active,CC(C)=CCCN1CCC(NC(=O)[C@](O)(c2ccccc2)C2CCCC2)CC1,O=C(NC1CCNCC1)C(c1ccccc1)C1CCCC1,1,1,0.9651882569312032,OK
2182,CHEMBL6048818,active_single,COc1ccc([C@H](Cc2c(Cl)c[n+]([O-])cc2Cl)OC(=O)c2ccc(CNCC(C(=O)O[C@H]3CN4CCC3CC4)c3ccccc3)cc2)cc1OC,O=C(OC(Cc1cc[nH+]cc1)c1ccccc1)c1ccc(CNCC(C(=O)OC2CN3CCC2CC3)c2ccccc2)cc1,1,1,0.9999158918770099,OK
2204,CHEMBL608985,inactive_single,C[C@@H]1O[C@H](C[N+](C)(C)C)CO[C@@H]1C.[I-],C1COCCO1,0,0,0.005307195284644033,OK
2212,CHEMBL64788,inactive_single,COC(=O)C1CC2CCCC1N2,C1CC2CCC(C1)N2,0,0,0.5001511510443812,OK
2240,CHEMBL71799,active_single,NCC1CCC(NC(=O)[C@](O)(c2ccccc2)[C@@H]2CCC(F)(F)C2)CC1,O=C(NC1CCCCC1)C(c1ccccc1)C1CCCC1,1,1,0.9812714085766502,OK
2242,CHEMBL71971,active_single,COc1ccc(S(=O)(=O)c2ccc(C(C#N)N3CCN(C4CCCCC4)CC3)cc2)cc1,O=S(=O)(c1ccccc1)c1ccc(CN2CCN(C3CCCCC3)CC2)cc1,1,1,0.981416901088457,OK
5,CHEMBL106219,active_single,CCOC(=O)c1c(CC)n(Cc2ccccc2)c2ccc3c(c12)CN1CCc2cc(OC)ccc2C1O3,c1ccc(Cn2ccc3c4c(ccc32)OC2c3ccccc3CCN2C4)cc1,1,0,0.11241449475653144,FN
50,CHEMBL1189234,active,OC12C3C4CC5C6C4C1C6C(C53)N2Cc1ccccc1,c1ccc(CN2C3C4C5CC6C7C5C3C7C2C64)cc1,1,1,0.8767345058193157,OK
75,CHEMBL121298,inactive_single,CCN1CC=C(c2ccccc2)C(C(=O)OCCCCc2ccccc2)C1.O=C(O)C(=O)O,O=C(OCCCCc1ccccc1)C1CNCC=C1c1ccccc1,0,0,0.5365038617035733,OK
96,CHEMBL1290183,active_single,O=C(c1ccccc1)N1CCC2(CCN(Cc3cccc(Cl)c3)CC2)CC1,O=C(c1ccccc1)N1CCC2(CCN(Cc3ccccc3)CC2)CC1,1,1,0.8327106681017183,OK
97,CHEMBL1290184,active_single,Cc1cccc(CN2CCC3(CC2)CCN(C(=O)c2ccccc2)CC3)c1,O=C(c1ccccc1)N1CCC2(CCN(Cc3ccccc3)CC2)CC1,1,1,0.8326483952668982,OK
98,CHEMBL1290294,active_single,O=C(c1ccccc1)N1CCC2(CCN(Cc3ccccc3)CC2)CC1,O=C(c1ccccc1)N1CCC2(CCN(Cc3ccccc3)CC2)CC1,1,1,0.7730887036495282,OK
123,CHEMBL147105,active_single,O=C(NC1CCN(Cc2ccccn2)CC1)[C@](O)(c1ccccc1)[C@@H]1CCC(F)(F)C1,O=C(NC1CCN(Cc2ccccn2)CC1)C(c1ccccc1)C1CCCC1,1,1,0.9839849104235142,OK
129,CHEMBL147778,active_single,Cc1cccc(CN2CCC(NC(=O)[C@](O)(c3ccccc3)[C@@H]3CCC(F)(F)C3)CC2)n1,O=C(NC1CCN(Cc2ccccn2)CC1)C(c1ccccc1)C1CCCC1,1,1,0.9516749254025026,OK
134,CHEMBL148404,active_single,Nc1ccc(CN2CCC(NC(=O)[C@](O)(c3ccccc3)[C@@H]3CCC(F)(F)C3)CC2)nc1,O=C(NC1CCN(Cc2ccccn2)CC1)C(c1ccccc1)C1CCCC1,1,1,0.8515530668737168,OK
144,CHEMBL1559535,inactive_single,Cc1cc(N2CCNCC2)nc2ccccc12,c1ccc2nc(N3CCNCC3)ccc2c1,0,0,0.34747061797417206,OK
146,CHEMBL15936,inactive_single,c1cc2nsnc2c2c1CCNC2,c1cc2nsnc2c2c1CCNC2,0,0,0.11655533655937159,OK
151,CHEMBL1628227,active,CN(C)CCC=C1c2ccccc2COc2ccccc21,C=C1c2ccccc2COc2ccccc21,1,1,0.8233553528120828,OK
158,CHEMBL168149,active_single,CCN(CCCCC1CCN(CC(=O)N2c3ccccc3C(=O)N(C(=O)c3ccc(F)cc3)c3ccccc32)CC1)C(=O)c1ccc(F)cc1,O=C(NCCCCC1CCN(CC(=O)N2c3ccccc3C(=O)N(C(=O)c3ccccc3)c3ccccc32)CC1)c1ccccc1,1,1,0.9025354222167725,OK
198,CHEMBL1724,active_single,C[N+]1(C)CCCC(OC(=O)C(O)(c2ccccc2)c2ccccc2)C1.[Br-],O=C(OC1CCC[NH2+]C1)C(c1ccccc1)c1ccccc1,1,1,0.9897939320422836,OK
212,CHEMBL1777826,active_single,O=C(O[C@H]1CN2CCC1CC2)N(Cc1ccccc1)c1ccccc1,O=C(OC1CN2CCC1CC2)N(Cc1ccccc1)c1ccccc1,1,1,0.9958087691538144,OK
223,CHEMBL1779042,active_single,Cc1ccc(N(Cc2ccccc2)C(=O)O[C@H]2CN3CCC2CC3)cc1,O=C(OC1CN2CCC1CC2)N(Cc1ccccc1)c1ccccc1,1,1,0.9953534214858046,OK
224,CHEMBL1779043,active_single,O=C(O[C@H]1CN2CCC1CC2)N(Cc1ccccc1)c1ccc(F)cc1,O=C(OC1CN2CCC1CC2)N(Cc1ccccc1)c1ccccc1,1,1,0.9933131907772389,OK
225,CHEMBL1779044,active_single,O=C(O[C@H]1CN2CCC1CC2)N(Cc1cccc(F)c1)c1cccc(F)c1,O=C(OC1CN2CCC1CC2)N(Cc1ccccc1)c1ccccc1,1,1,0.9936330895605977,OK
226,CHEMBL1779045,active_single,Cc1cccc(N(Cc2cc(F)c(F)cc2F)C(=O)O[C@H]2CN3CCC2CC3)c1,O=C(OC1CN2CCC1CC2)N(Cc1ccccc1)c1ccccc1,1,1,0.9901593410016566,OK
227,CHEMBL1779046,active_single,O=C(O[C@H]1CN2CCC1CC2)N(Cc1cc(F)c(F)c(F)c1)c1cccc(F)c1,O=C(OC1CN2CCC1CC2)N(Cc1ccccc1)c1ccccc1,1,1,0.9758205509763389,OK
246,CHEMBL1834350,inactive_single,CCN/C(=NS(=O)(=O)c1cccc(Cl)c1)N1CC2(C=N1)CCNCC2,O=S(=O)(N=CN1CC2(C=N1)CCNCC2)c1ccccc1,0,0,0.5054425761327961,OK
258,CHEMBL1910849,active,CC(C)(CCC(C(N)=O)(c1ccccc1)c1ccccc1)N1CCC(Oc2ccccc2)CC1,c1ccc(OC2CCN(CCCC(c3ccccc3)c3ccccc3)CC2)cc1,1,1,0.9930651804672866,OK
263,CHEMBL1910854,active_single,CC(C)(CCC(C(N)=O)(c1ccccc1)c1ccccc1)N1CCC(Oc2cccc(O)c2)CC1,c1ccc(OC2CCN(CCCC(c3ccccc3)c3ccccc3)CC2)cc1,1,1,0.9903812136260689,OK
278,CHEMBL1921904,active_single,C[C@@](C(=O)O[C@H]1C[N+]2(CCc3ccc(F)cc3)CCC1CC2)(c1ccccc1)N1CCCCC1,O=C(OC1C[N+]2(CCc3ccccc3)CCC1CC2)C(c1ccccc1)N1CCCCC1,1,1,0.9951866426861117,OK
279,CHEMBL1921905,active_single,C[C@@](C(=O)O[C@H]1C[N+]2(CCc3cccc(Cl)c3)CCC1CC2)(c1ccccc1)N1CCCCC1,O=C(OC1C[N+]2(CCc3ccccc3)CCC1CC2)C(c1ccccc1)N1CCCCC1,1,1,0.9977947447057796,OK
280,CHEMBL1921906,active_single,C[C@@](C(=O)O[C@H]1C[N+]2(CCc3cccc(Cl)c3)CCC1CC2)(c1cccs1)N1CCCCC1,O=C(OC1C[N+]2(CCc3ccccc3)CCC1CC2)C(c1cccs1)N1CCCCC1,1,1,0.9970591566884928,OK
281,CHEMBL1921907,active_single,C[C@@](C(=O)O[C@H]1C[N+]2(CCc3cccc(Br)c3)CCC1CC2)(c1ccccc1)N1CCCCC1,O=C(OC1C[N+]2(CCc3ccccc3)CCC1CC2)C(c1ccccc1)N1CCCCC1,1,1,0.9976312944868959,OK
303,CHEMBL1921929,active_single,C[C@@](C(=O)O[C@H]1C[N+]2(CCOc3ccccc3)CCC1CC2)(c1ccccc1)N1CCCCC1,O=C(OC1C[N+]2(CCOc3ccccc3)CCC1CC2)C(c1ccccc1)N1CCCCC1,1,1,0.9991076507023898,OK
304,CHEMBL1921930,active_single,C[C@@](C(=O)O[C@H]1C[N+]2(CCOc3ccc(F)cc3)CCC1CC2)(c1ccccc1)N1CCCCC1,O=C(OC1C[N+]2(CCOc3ccccc3)CCC1CC2)C(c1ccccc1)N1CCCCC1,1,1,0.9983898687170711,OK
305,CHEMBL1921931,active_single,C[C@@](C(=O)O[C@H]1C[N+]2(CCOc3ccc(Cl)cc3)CCC1CC2)(c1ccccc1)N1CCCCC1,O=C(OC1C[N+]2(CCOc3ccccc3)CCC1CC2)C(c1ccccc1)N1CCCCC1,1,1,0.9996056319383474,OK
306,CHEMBL1921932,active_single,Cc1ccc(OCC[N+]23CCC(CC2)[C@@H](OC(=O)[C@](C)(c2ccccc2)N2CCCCC2)C3)cc1,O=C(OC1C[N+]2(CCOc3ccccc3)CCC1CC2)C(c1ccccc1)N1CCCCC1,1,1,0.9989721462206602,OK
307,CHEMBL1921933,active_single,Cc1cccc(OCC[N+]23CCC(CC2)[C@@H](OC(=O)[C@](C)(c2ccccc2)N2CCCCC2)C3)c1,O=C(OC1C[N+]2(CCOc3ccccc3)CCC1CC2)C(c1ccccc1)N1CCCCC1,1,1,0.9994280102343948,OK
309,CHEMBL1921935,active_single,C[C@@](C(=O)O[C@H]1C[N+]2(CCCOc3ccccc3)CCC1CC2)(c1cccs1)N1CCCCC1,O=C(OC1C[N+]2(CCCOc3ccccc3)CCC1CC2)C(c1cccs1)N1CCCCC1,1,1,0.9997334918213965,OK
311,CHEMBL1921937,active_single,C[C@@](C(=O)O[C@H]1C[N+]2(CCCOc3ccc(F)cc3)CCC1CC2)(c1cccs1)N1CCCCC1,O=C(OC1C[N+]2(CCCOc3ccccc3)CCC1CC2)C(c1cccs1)N1CCCCC1,1,1,0.9986785327248928,OK
326,CHEMBL1922053,active_single,C[C@@](C(=O)O[C@H]1C[N+]2(CC(=O)Nc3cncc(Cl)n3)CCC1CC2)(c1cccs1)N1CCCCC1,O=C(C[N+]12CCC(CC1)C(OC(=O)C(c1cccs1)N1CCCCC1)C2)Nc1cnccn1,1,1,0.9972666246721196,OK
332,CHEMBL1924025,active_single,C[C@@](C(=O)O[C@H]1C[N+]2(CCc3ccccc3F)CCC1CC2)(c1cccs1)N1CCCCC1,O=C(OC1C[N+]2(CCc3ccccc3)CCC1CC2)C(c1cccs1)N1CCCCC1,1,1,0.999146906995461,OK
354,CHEMBL1924047,active_single,C[C@@](C(=O)O[C@H]1C[N+]2(CCc3ccccc3)CCC1CC2)(c1ccccc1)N1CCCCC1,O=C(OC1C[N+]2(CCc3ccccc3)CCC1CC2)C(c1ccccc1)N1CCCCC1,1,1,0.9979774196997243,OK
355,CHEMBL1924048,active_single,C[C@@](C(=O)O[C@H]1C[N+]2(CCc3ccccc3)CCC1CC2)(c1cccs1)N1CCCCC1,O=C(OC1C[N+]2(CCc3ccccc3)CCC1CC2)C(c1cccs1)N1CCCCC1,1,1,0.9990170636746416,OK
356,CHEMBL1924049,active_single,C[C@@](C(=O)O[C@H]1C[N+]2(CCc3ccccc3F)CCC1CC2)(c1ccccc1)N1CCCCC1,O=C(OC1C[N+]2(CCc3ccccc3)CCC1CC2)C(c1ccccc1)N1CCCCC1,1,1,0.9988124688176183,OK
357,CHEMBL1924050,active_single,C[C@@](C(=O)O[C@H]1C[N+]2(CCc3cccc(F)c3)CCC1CC2)(c1ccccc1)N1CCCCC1,O=C(OC1C[N+]2(CCc3ccccc3)CCC1CC2)C(c1ccccc1)N1CCCCC1,1,1,0.9976907569798774,OK
358,CHEMBL1924051,active_single,C[C@@](C(=O)O[C@H]1C[N+]2(CCc3cccc(F)c3)CCC1CC2)(c1cccs1)N1CCCCC1,O=C(OC1C[N+]2(CCc3ccccc3)CCC1CC2)C(c1cccs1)N1CCCCC1,1,1,0.9969205897217723,OK
381,CHEMBL200957,active_single,COC1(C#CC(O)(c2ccccc2)C2CCC2)CN2CCC1CC2,C(#CC(c1ccccc1)C1CCC1)C1CN2CCC1CC2,1,1,0.9973668933940039,OK
382,CHEMBL201933,active_single,COC1(C#CC(O)(c2ccccc2)c2ccncc2)CN2CCC1CC2,C(#CC1CN2CCC1CC2)C(c1ccccc1)c1ccncc1,1,1,0.9774064137585777,OK
387,CHEMBL2021993,active_single,C[N@+]1(CCCOc2ccccc2)C2CCC1C[C@@H](CC(C#N)(c1ccccc1)c1ccccc1)C2.[Br-],c1ccc(OCCC[NH+]2C3CCC2CC(CC(c2ccccc2)c2ccccc2)C3)cc1,1,1,0.9919386205455996,OK
400,CHEMBL2024331,inactive_single,CCOC(=O)N1C2CCC1CC(N1CCC[C@@H](NC(=O)c3ccccc3C)C1)C2,O=C(NC1CCCN(C2CC3CCC(C2)N3)C1)c1ccccc1,0,0,0.0873087181603911,OK
418,CHEMBL205482,active_single,Nc1c(NC2CC2)nc(C2CC2)nc1N1CCCCCC1,c1c(NC2CC2)nc(C2CC2)nc1N1CCCCCC1,1,1,0.9853544058325662,OK
419,CHEMBL205654,active,Cc1c(NC2CC2)nc(C2CC2)nc1N1CCCCCC1,c1c(NC2CC2)nc(C2CC2)nc1N1CCCCCC1,1,1,0.9898112121924613,OK
431,CHEMBL206127,active_single,Brc1c(NC2CC2)nc(C2CC2)nc1N1CCCCCC1,c1c(NC2CC2)nc(C2CC2)nc1N1CCCCCC1,1,1,0.9937059744024226,OK
434,CHEMBL206753,active_single,Fc1c(NC2CC2)nc(C2CC2)nc1N1CCCCCC1,c1c(NC2CC2)nc(C2CC2)nc1N1CCCCCC1,1,1,0.9870274672363913,OK
443,CHEMBL208335,active_single,Cc1c(NC2(C)CC2)nc(C2CC2)nc1N1CCCCCC1,c1c(NC2CC2)nc(C2CC2)nc1N1CCCCCC1,1,1,0.9793756119379537,OK
444,CHEMBL2092735,inactive_single,C[C@H]1O[C@@H]([C@@H]2CCC[N+]2(C)C)C[S@+]1[O-].[I-],C1C[NH2+]C(C2C[SH+]CO2)C1,0,0,0.04902752078472974,OK
445,CHEMBL2092736,inactive_single,C[C@@H]1O[C@H]([C@@H]2CCC[N+]2(C)C)C[S@+]1[O-].[I-],C1C[NH2+]C(C2C[SH+]CO2)C1,0,0,0.030854119661852773,OK
447,CHEMBL2092820,inactive_single,C[C@@H]1O[C@H]([C@H]2CCC[N+]2(C)C)C[S@@+]1[O-].[I-],C1C[NH2+]C(C2C[SH+]CO2)C1,0,0,0.08286049154600346,OK
448,CHEMBL2093081,inactive_single,C[C@@H]1O[C@H]([C@H]2CCC[N+]2(C)C)C[S@+]1[O-].[I-],C1C[NH2+]C(C2C[SH+]CO2)C1,0,0,0.05112582286588568,OK
449,CHEMBL2093082,inactive,C[C@H]1O[C@@H]([C@@H]2CCC[N+]2(C)C)C[S@@+]1[O-].[I-],C1C[NH2+]C(C2C[SH+]CO2)C1,0,0,0.04412959934308954,OK
451,CHEMBL2093084,inactive_single,C[C@@H]1O[C@H]([C@@H]2CCC[N+]2(C)C)C[S@@+]1[O-].[I-],C1C[NH2+]C(C2C[SH+]CO2)C1,0,0,0.05067783423617734,OK
463,CHEMBL2112961,active_single,O=C(CNC(=O)[C@@H]1CCCN1C(=O)CC(c1ccccc1)(c1ccccc1)c1ccccc1)NC[C@H]1CCCN(CC2CCCCC2)C1,O=C(CNC(=O)C1CCCN1C(=O)CC(c1ccccc1)(c1ccccc1)c1ccccc1)NCC1CCCN(CC2CCCCC2)C1,1,1,0.9955225139400157,OK
472,CHEMBL212530,active_single,NC1CCCC(NC(=O)[C@H]2CCCN2C(=O)[C@@H]2CCCN2C(=O)CC(c2ccccc2)(c2ccccc2)c2ccccc2)C1.O=C(O)C(F)(F)F,O=C(NC1CCCCC1)C1CCCN1C(=O)C1CCCN1C(=O)CC(c1ccccc1)(c1ccccc1)c1ccccc1,1,1,0.8620470258396078,OK
503,CHEMBL2206588,active_single,CC(C)OC(=O)c1ccc(NC(=O)N[C@@H](Cc2ccc(O)cc2)C(=O)N2CC[N+](C)(CC3CCCCC3)CC2)cc1,O=C(Nc1ccccc1)NC(Cc1ccccc1)C(=O)N1CC[NH+](CC2CCCCC2)CC1,1,1,0.99727214572077,OK
508,CHEMBL2206595,active_single,CC(C)OC(=O)c1ccc(NC(=O)N[C@@H](Cc2ccc(O)cc2)C(=O)NCc2n(Cc3ccc(Cl)cc3)cc[n+]2Cc2ccc(Cl)cc2)cc1,O=C(Nc1ccccc1)NC(Cc1ccccc1)C(=O)NCc1n(Cc2ccccc2)cc[n+]1Cc1ccccc1,1,1,0.9988732152397917,OK
518,CHEMBL2206606,active_single,CC(C)OC(=O)c1ccc(NC(=O)N[C@@H](Cc2ccc(O)cc2)C(=O)NCC[N+](C)(C)C23CC4CC(CC(C4)C2)C3)cc1,O=C(Nc1ccccc1)NC(Cc1ccccc1)C(=O)NCC[NH2+]C12CC3CC(CC(C3)C1)C2,1,1,0.9941817437044267,OK
554,CHEMBL223188,active_single,O=C1N(C2CCN(Cc3ccccc3)CC2)CC(c2ccccc2)N1Cc1ccccc1,O=C1N(C2CCN(Cc3ccccc3)CC2)CC(c2ccccc2)N1Cc1ccccc1,1,1,0.9184284110298944,OK
570,CHEMBL232208,active_single,COC1CN(c2nc(C3CC3)nc(N3CCCCCC3)c2C)C1,c1c(N2CCCCCC2)nc(C2CC2)nc1N1CCC1,1,1,0.9553023209183535,OK
571,CHEMBL232416,active_single,c1c(N2CCCCCC2)nc(C2CC2)nc1N1CCC1,c1c(N2CCCCCC2)nc(C2CC2)nc1N1CCC1,1,1,0.94667385159539,OK
572,CHEMBL232419,active,Cc1c(N2CCCCCC2)nc(C2CC2)nc1N1CCC1,c1c(N2CCCCCC2)nc(C2CC2)nc1N1CCC1,1,1,0.9447362181716304,OK
573,CHEMBL232860,active_single,Cc1c(N2CCCCCC2)nc(C2CC2)nc1N1CC(C)C1,c1c(N2CCCCCC2)nc(C2CC2)nc1N1CCC1,1,1,0.9463695254790068,OK
578,CHEMBL233202,active_single,CN(C)C1(CNCCC2=CCSCC2)COc2ccccc2OC1,C1=C(CCNCC2COc3ccccc3OC2)CCSC1,1,1,0.9802345261324317,OK
610,CHEMBL2391368,inactive_single,O=C(CN1CCN(C2CCCC2)CC1)NC1CCCCC1,O=C(CN1CCN(C2CCCC2)CC1)NC1CCCCC1,0,0,0.08152727523272378,OK
612,CHEMBL2391382,inactive_single,CC(C)(C(=O)NC1CCCCC1)N1CCN(C2CCCC2)CC1,O=C(CN1CCN(C2CCCC2)CC1)NC1CCCCC1,0,0,0.18585995793161011,OK
615,CHEMBL242822,active_single,Cc1c(N2CCCCCC2)nc(C2CC2)nc1N1CC(O)C1,c1c(N2CCCCCC2)nc(C2CC2)nc1N1CCC1,1,1,0.9051934624194224,OK
616,CHEMBL242823,active_single,Cc1c(N2CCCCCC2)nc(C2CC2)nc1N1CC(Br)C1,c1c(N2CCCCCC2)nc(C2CC2)nc1N1CCC1,1,1,0.9634805247999257,OK
647,CHEMBL268175,inactive_single,C=CCOc1noc2c1CNCC2.Cl,c1noc2c1CNCC2,0,0,0.033640535994128536,OK
692,CHEMBL3084394,active_single,CN1[C@@H]2CC[C@H]1C[C@@H](CCC(O)(c1ccccc1)c1ccccc1)C2,c1ccc(C(CCC2CC3CCC(C2)N3)c2ccccc2)cc1,1,1,0.9383371177982003,OK
750,CHEMBL3085072,active_single,C[N+]1(C)[C@@H]2CC[C@H]1C[C@H](OC(=O)N(Cc1ccccc1)c1ccsc1)C2.[Br-],O=C(OC1CC2CCC(C1)[NH2+]2)N(Cc1ccccc1)c1ccsc1,1,1,0.9991683230711791,OK
753,CHEMBL3085075,active_single,C[N+]1(C)[C@@H]2CC[C@H]1C[C@@H](OC(=O)N(Cc1cccc(C#N)c1)c1ccsc1)C2.[Br-],O=C(OC1CC2CCC(C1)[NH2+]2)N(Cc1ccccc1)c1ccsc1,1,1,0.9988550650120009,OK
754,CHEMBL3085076,active_single,CN1[C@@H]2CC[C@H]1C[C@H](OC(=O)N(Cc1ccccc1)c1ccccc1)C2,O=C(OC1CC2CCC(C1)N2)N(Cc1ccccc1)c1ccccc1,1,1,0.9989356569673162,OK
780,CHEMBL3087243,active_single,O=C(C[N+]12CCC(CC1)[C@@H](OC(=O)C1(C3=CC=CC3)CCCCCC1)C2)Nc1nncs1,O=C(C[N+]12CCC(CC1)C(OC(=O)C1(C3=CC=CC3)CCCCCC1)C2)Nc1nncs1,1,1,0.9989358220873272,OK
808,CHEMBL3087951,active_single,O=C(C[N+]12CCC(CC1)[C@@H](OC(=O)C1(C3=CC=CC3)CCCCCC1)C2)NCCCNC(=O)c1ccccn1,O=C(C[N+]12CCC(CC1)C(OC(=O)C1(C3=CC=CC3)CCCCCC1)C2)NCCCNC(=O)c1ccccn1,1,1,0.9985033621949562,OK
809,CHEMBL3087952,active_single,O=C(O[C@H]1C[N+]2(Cc3nc4ccccc4o3)CCC1CC2)C1(C2=CC=CC2)CCCCCC1,O=C(OC1C[N+]2(Cc3nc4ccccc4o3)CCC1CC2)C1(C2=CC=CC2)CCCCCC1,1,1,0.9992062504923338,OK
817,CHEMBL3087960,active_single,C[N+]1(C)CCC(OC(=O)C2(c3ccccc3)CCCCCC2)CC1,O=C(OC1CC[NH2+]CC1)C1(c2ccccc2)CCCCCC1,1,1,0.9955152250669463,OK
841,CHEMBL3104092,inactive_single,CN1CCc2c(c3cccc4c3n2Cc2ccccc2C4)C1,c1ccc2c(c1)Cc1cccc3c4c(n(c13)C2)CCNC4,0,0,0.12540886820495048,OK
842,CHEMBL3104093,inactive_single,CN1CCc2c(c3cccc4c3n2CCc2ccccc2-4)C1,c1ccc2c(c1)CCn1c3c(c4cccc-2c41)CNCC3,0,0,0.035714413509062966,OK
849,CHEMBL314831,active_single,O=C(C1CCC1)N(c1ccc(Br)cc1)C1CCN(Cc2ccccc2)CC1,O=C(C1CCC1)N(c1ccccc1)C1CCN(Cc2ccccc2)CC1,1,1,0.9809761414652468,OK
876,CHEMBL3219056,active_single,CS(=O)(=O)Nc1cc([C@@H](O)CNCCc2ccc(OCCCN3CCC(OC(=O)Nc4ccccc4-c4ccc(O)c(Cl)c4)CC3)cc2)ccc1O,O=C(Nc1ccccc1-c1ccccc1)OC1CCN(CCCOc2ccc(CCNCCc3ccccc3)cc2)CC1,1,1,0.9999188278296873,OK
881,CHEMBL3289390,active_single,C[N+]1(C)CCC[C@@H](OC(=O)C(O)(c2ccccc2)c2ccccc2)C1.[Br-],O=C(OC1CCC[NH2+]C1)C(c1ccccc1)c1ccccc1,1,1,0.9827146113408967,OK
882,CHEMBL3289391,active_single,C[N+]1(C)CCC[C@H](OC(=O)C(O)(c2ccccc2)c2ccccc2)C1.[Br-],O=C(OC1CCC[NH2+]C1)C(c1ccccc1)c1ccccc1,1,1,0.9839440418164299,OK
901,CHEMBL3354067,active_single,CN1CCC=C(c2nsnc2OCCCCCC2CCN(CCCN3C(=O)CCc4ccccc43)CC2)C1,O=C1CCc2ccccc2N1CCCN1CCC(CCCCCOc2nsnc2C2=CCCNC2)CC1,1,1,0.9798243164465438,OK
919,CHEMBL3401648,active_single,O=C(N[C@H]1C[N+]2(CCCc3ccccc3)CCC1CC2)C(O)(c1cccs1)c1cccs1.[Br-],O=C(NC1C[N+]2(CCCc3ccccc3)CCC1CC2)C(c1cccs1)c1cccs1,1,1,0.9847626071382481,OK
953,CHEMBL343659,active_single,Cc1cccc(CN2CCC(NC(=O)C(O)(c3ccccc3)C3CCCC3)CC2)n1,O=C(NC1CCN(Cc2ccccn2)CC1)C(c1ccccc1)C1CCCC1,1,1,0.9080555543967894,OK
956,CHEMBL346194,active_single,O=C(NC1CCN(Cc2ccccn2)CC1)C(O)(c1ccccc1)C1CCCC1,O=C(NC1CCN(Cc2ccccn2)CC1)C(c1ccccc1)C1CCCC1,1,1,0.9685660226163043,OK
976,CHEMBL3629356,active_single,O=c1ccc2c([C@@H](O)CNCCCCCCCCCN3CCC(Cn4cnc(C(O)(c5ccccc5)c5ccccc5)n4)CC3)ccc(O)c2[nH]1,O=c1ccc2c(CCNCCCCCCCCCN3CCC(Cn4cnc(C(c5ccccc5)c5ccccc5)n4)CC3)cccc2[nH]1,1,1,0.9980706683629887,OK
983,CHEMBL3629538,inactive_single,COc1ccc(CCNC(=O)NCC2(c3ccccc3)CCN(C)CC2)cc1OC,O=C(NCCc1ccccc1)NCC1(c2ccccc2)CCNCC1,0,0,0.24150199225663968,OK
1025,CHEMBL3645311,active,CC(Cc1ccc(CNC(=O)c2cccc(N(C)C(=O)CCN3CCC(OC(=O)Nc4ccccc4-c4ccccc4)CC3)c2)cc1)NC[C@H](O)c1ccc(O)c2[nH]c(=O)ccc12,O=C(CCN1CCC(OC(=O)Nc2ccccc2-c2ccccc2)CC1)Nc1cccc(C(=O)NCc2ccc(CCNCCc3cccc4[nH]c(=O)ccc34)cc2)c1,1,1,0.9999414092943152,OK
1026,CHEMBL3645312,active,Cc1ccc(C(=O)NCc2ccc(CC(C)NC[C@H](O)c3ccc(O)c4[nH]c(=O)ccc34)cc2)cc1N(C)C(=O)CCN1CCC(OC(=O)Nc2ccccc2-c2ccccc2)CC1,O=C(CCN1CCC(OC(=O)Nc2ccccc2-c2ccccc2)CC1)Nc1cccc(C(=O)NCc2ccc(CCNCCc3cccc4[nH]c(=O)ccc34)cc2)c1,1,1,0.9995939714114791,OK
1027,CHEMBL3645313,active,C[C@H](Cc1ccc(CNC(=O)c2cccc(N(C)C(=O)CCN3CCC(OC(=O)Nc4ccccc4-c4ccccc4)CC3)c2)cc1)NC[C@H](O)c1ccc(O)c2[nH]c(=O)ccc12,O=C(CCN1CCC(OC(=O)Nc2ccccc2-c2ccccc2)CC1)Nc1cccc(C(=O)NCc2ccc(CCNCCc3cccc4[nH]c(=O)ccc34)cc2)c1,1,1,0.9999614610892861,OK
1028,CHEMBL3645314,active,C[C@@H](Cc1ccc(CNC(=O)c2cccc(N(C)C(=O)CCN3CCC(OC(=O)Nc4ccccc4-c4ccccc4)CC3)c2)cc1)NC[C@H](O)c1ccc(O)c2[nH]c(=O)ccc12,O=C(CCN1CCC(OC(=O)Nc2ccccc2-c2ccccc2)CC1)Nc1cccc(C(=O)NCc2ccc(CCNCCc3cccc4[nH]c(=O)ccc34)cc2)c1,1,1,0.9999377671544444,OK
1034,CHEMBL3645320,active,C[C@H](Cc1cccc(CCNC(=O)c2ccc(N(C)C(=O)CCN3CCC(OC(=O)Nc4ccccc4-c4ccccc4)CC3)cc2)c1)NC[C@H](O)c1ccc(O)c2[nH]c(=O)ccc12,O=C(CCN1CCC(OC(=O)Nc2ccccc2-c2ccccc2)CC1)Nc1ccc(C(=O)NCCc2cccc(CCNCCc3cccc4[nH]c(=O)ccc34)c2)cc1,1,1,0.9998931130427672,OK
1035,CHEMBL3645321,active,C[C@@H](Cc1cccc(CCNC(=O)c2ccc(N(C)C(=O)CCN3CCC(OC(=O)Nc4ccccc4-c4ccccc4)CC3)cc2)c1)NC[C@H](O)c1ccc(O)c2[nH]c(=O)ccc12,O=C(CCN1CCC(OC(=O)Nc2ccccc2-c2ccccc2)CC1)Nc1ccc(C(=O)NCCc2cccc(CCNCCc3cccc4[nH]c(=O)ccc34)c2)cc1,1,1,0.9998267132656552,OK
1073,CHEMBL3645359,active,CN(CCCC(=O)Nc1ccc(CCNC[C@H](O)c2ccc(O)c3[nH]c(=O)ccc23)cc1)C(=O)CCN1CCC(OC(=O)Nc2ccccc2-c2ccccc2)CC1,O=C(CCN1CCC(OC(=O)Nc2ccccc2-c2ccccc2)CC1)NCCCC(=O)Nc1ccc(CCNCCc2cccc3[nH]c(=O)ccc23)cc1,1,1,0.9996495014335375,OK
1074,CHEMBL3645360,active_single,C[C@@H](Cc1ccc(NC(=O)CCCN(C)C(=O)CCN2CCC(OC(=O)Nc3ccccc3-c3ccccc3)CC2)cc1)NC[C@H](O)c1ccc(O)c2[nH]c(=O)ccc12,O=C(CCN1CCC(OC(=O)Nc2ccccc2-c2ccccc2)CC1)NCCCC(=O)Nc1ccc(CCNCCc2cccc3[nH]c(=O)ccc23)cc1,1,1,0.9997591684231721,OK
1099,CHEMBL374452,active_single,C[N+]1(CCCc2ccccc2)CCC(N2CC(c3ccccc3)(c3ccccc3)NC2=O)C1,O=C1NC(c2ccccc2)(c2ccccc2)CN1C1CC[NH+](CCCc2ccccc2)C1,1,1,0.9971721574301504,OK
1118,CHEMBL377729,active_single,Cc1c(NC2CC2)nc([C@@H]2C[C@H]2C)nc1N1CCCCCC1,c1c(NC2CC2)nc(C2CC2)nc1N1CCCCCC1,1,1,0.9754655404142163,OK
1126,CHEMBL380135,active_single,c1c(NC2CC2)nc(C2CC2)nc1N1CCCCCC1,c1c(NC2CC2)nc(C2CC2)nc1N1CCCCCC1,1,1,0.9726443015371933,OK
1127,CHEMBL380314,active_single,Cc1c(N[C@H]2C[C@@H]2C)nc(C2CC2)nc1N1CCCCCC1,c1c(NC2CC2)nc(C2CC2)nc1N1CCCCCC1,1,1,0.9688839948843613,OK
1136,CHEMBL381469,active_single,CO[C@]1(C#CC(O)(c2cccnc2)c2cccnc2)CN2CCC1CC2,C(#CC1CN2CCC1CC2)C(c1cccnc1)c1cccnc1,1,1,0.8414833603821913,OK
1142,CHEMBL3833319,active,CN(CCN1CCC(OC(=O)Nc2ccccc2-c2ccccc2)CC1)C(=O)c1ccc(CN2CCC(C(N)=O)CC2)cc1,O=C(Nc1ccccc1-c1ccccc1)OC1CCN(CCNC(=O)c2ccc(CN3CCCCC3)cc2)CC1,1,1,0.9985312972083613,OK
1153,CHEMBL3896880,active_single,CCN(CCN1CCC(OC(=O)Nc2ccccc2-c2ccccc2)CC1)C(=O)c1ccc(CN2CCC(C(N)=O)CC2)cc1,O=C(Nc1ccccc1-c1ccccc1)OC1CCN(CCNC(=O)c2ccc(CN3CCCCC3)cc2)CC1,1,1,0.9992964317595461,OK
1155,CHEMBL389992,active_single,CC1CN(c2cc(N3CCCCCC3)nc(C3CC3)n2)C1,c1c(N2CCCCCC2)nc(C2CC2)nc1N1CCC1,1,1,0.9450953088845226,OK
1165,CHEMBL3914137,active_single,O=C(O[C@H]1C[N+]2(C/C=C/c3ccccc3)CCC1CC2)C1(O)c2ccccc2-c2ccccc21,O=C(OC1C[N+]2(CC=Cc3ccccc3)CCC1CC2)C1c2ccccc2-c2ccccc21,1,1,0.9985825491999536,OK
1174,CHEMBL3923686,active_single,CN(CCCn1c(=O)oc2cc(CNC[C@H](O)c3ccc(O)c4[nH]c(=O)ccc34)ccc21)[C@H]1CC[C@H](OC(=O)C2(C)c3ccccc3Oc3ccccc32)CC1,O=C(OC1CCC(NCCCn2c(=O)oc3cc(CNCCc4cccc5[nH]c(=O)ccc45)ccc32)CC1)C1c2ccccc2Oc2ccccc21,1,1,0.9914942160896199,OK
1183,CHEMBL3948099,active_single,CC1(C(=O)O[C@H]2C[N+]3(C/C=C/c4ccccc4)CCC2CC3)c2ccccc2-c2ccccc21,O=C(OC1C[N+]2(CC=Cc3ccccc3)CCC1CC2)C1c2ccccc2-c2ccccc21,1,1,0.9985330584315569,OK
1197,CHEMBL3965159,active,O=C(O[C@H]1C[N+]2(CCCc3cccs3)CCC1CC2)C(O)(c1cccs1)c1cccs1,O=C(OC1C[N+]2(CCCc3cccs3)CCC1CC2)C(c1cccs1)c1cccs1,1,1,0.9984450109364725,OK
1199,CHEMBL396761,active,Cc1c(N2CCCCCC2)nc(C2CC2)nc1N1CC(F)C1,c1c(N2CCCCCC2)nc(C2CC2)nc1N1CCC1,1,1,0.937439761475575,OK
1209,CHEMBL405117,active_single,N[C@H]1CCCC[C@@H]1NC(=O)[C@H]1CCCN1C(=O)[C@@H]1CCCN1C(=O)CC(c1ccccc1)(c1ccccc1)c1ccccc1.O=C(O)C(F)(F)F,O=C(NC1CCCCC1)C1CCCN1C(=O)C1CCCN1C(=O)CC(c1ccccc1)(c1ccccc1)c1ccccc1,1,1,0.8783776350015662,OK
1210,CHEMBL4061390,inactive_single,C[N+]1(C)CCC(OCc2nccs2)C1.O=C[O-],c1csc(COC2CC[NH2+]C2)n1,0,1,0.900613900542754,FP
1217,CHEMBL4079233,active_single,CCC(=O)NC1CN(CCCCC2CCN(CC(=O)N3c4ccccc4NC(=O)c4ccccc43)CC2)CCN(CCCCC2CCN(CC(=O)N3c4ccccc4NC(=O)c4ccccc43)CC2)C1.O=C(O)C(F)(F)F.O=C(O)C(F)(F)F.O=C(O)C(F)(F)F.O=C(O)C(F)(F)F,O=C1Nc2ccccc2N(C(=O)CN2CCC(CCCCN3CCCN(CCCCC4CCN(CC(=O)N5c6ccccc6NC(=O)c6ccccc65)CC4)CC3)CC2)c2ccccc21,1,1,0.9828557464715556,OK
1277,CHEMBL4297483,active_single,CN(CCCn1nnc2cc(CNC[C@H](O)c3ccc(O)c4[nH]c(=O)ccc34)ccc21)[C@H]1CC[C@H](OC(=O)C(O)(c2cccs2)c2cccs2)CC1,O=C(OC1CCC(NCCCn2nnc3cc(CNCCc4cccc5[nH]c(=O)ccc45)ccc32)CC1)C(c1cccs1)c1cccs1,1,1,0.9972768584678605,OK
1281,CHEMBL434388,active_single,Cc1c(N2CCCCCC2)nc(C2CC2)nc1N1CC(C)(C)C1,c1c(N2CCCCCC2)nc(C2CC2)nc1N1CCC1,1,1,0.9509482754067484,OK
1331,CHEMBL451043,active_single,O=C(Nc1ccc(C(=O)OCC2CC2)cc1)N[C@@H](Cc1ccc(O)cc1)C(=O)NC1CCN(Cc2ccc(O)cc2)C1,O=C(Nc1ccc(C(=O)OCC2CC2)cc1)NC(Cc1ccccc1)C(=O)NC1CCN(Cc2ccccc2)C1,1,1,0.9973152986435523,OK
1340,CHEMBL4535474,active,CNCc1ccccc1-c1csc([C@@H](C)Nc2nc(C)nc3cc(OC)c(OC)cc23)c1,c1ccc(-c2csc(CNc3ncnc4ccccc34)c2)cc1,1,1,0.9345039789105585,OK
1437,CHEMBL4752973,inactive_single,O=C(CCN1CCCc2ccccc21)Nc1ccc(Cl)cc1,O=C(CCN1CCCc2ccccc21)Nc1ccccc1,0,0,0.05367227283455384,OK
1456,CHEMBL4765133,inactive_single,O=C(CCN1CCCc2ccccc21)Nc1ccc(O)cc1F,O=C(CCN1CCCc2ccccc21)Nc1ccccc1,0,0,0.03060504957077708,OK
1478,CHEMBL4800495,inactive_single,CC1CCCCN1CC(=O)n1c2ccccc2c2ccccc21,O=C(CN1CCCCC1)n1c2ccccc2c2ccccc21,0,0,0.16864838767111118,OK
1498,CHEMBL4854418,active_single,O=C(NC(c1ccccc1)c1cccc(OCCCCCCCNC[C@H](O)c2ccc(O)c3[nH]c(=O)ccc23)c1)O[C@H]1CN2CCC1CC2,O=C(NC(c1ccccc1)c1cccc(OCCCCCCCNCCc2cccc3[nH]c(=O)ccc23)c1)OC1CN2CCC1CC2,1,1,0.9997617133890543,OK
1516,CHEMBL4870729,inactive_single,CC(=O)N[C@H](CCCN)C(=O)NC(=O)[C@H](C)NC(=O)[C@H](CCCNC(=N)N)NCCN1CCN(C(=O)CCCC2CCN(CC(=O)N3c4ccccc4NC(=O)c4ccccc43)CC2)CC1.O=C(O)C(F)(F)F.O=C(O)C(F)(F)F.O=C(O)C(F)(F)F.O=C(O)C(F)(F)F,O=C1Nc2ccccc2N(C(=O)CN2CCC(CCCC(=O)N3CCNCC3)CC2)c2ccccc21,0,0,0.2863408421959717,OK
1554,CHEMBL491456,inactive_single,OC(c1ccccc1)(c1ccccc1)C12CC[N+](CC3CC3)(CC1)CC2.[Br-],c1ccc(C(c2ccccc2)C23CC[N+](CC4CC4)(CC2)CC3)cc1,0,0,0.16102130738961373,OK
1593,CHEMBL499536,inactive_single,C[C@H](OC(=O)N[C@@H]1CN2CCC1CC2)c1ccccc1F,O=C(NC1CN2CCC1CC2)OCc1ccccc1,0,1,0.9540552505059404,FP
1604,CHEMBL5074599,active,COc1ccc([C@H](Cc2c(Cl)c[n+]([O-])cc2Cl)OC(=O)c2ccc(CNC(C(=O)O[C@H]3CN4CCC3CC4)c3ccccc3)s2)cc1OC,O=C(OC(Cc1cc[nH+]cc1)c1ccccc1)c1ccc(CNC(C(=O)OC2CN3CCC2CC3)c2ccccc2)s1,1,1,0.9997563858503388,OK
1609,CHEMBL5076558,active,COc1ccc([C@H](Cc2c(Cl)c[n+]([O-])cc2Cl)OC(=O)c2cccc(CNC(C(=O)O[C@H]3CN4CCC3CC4)c3ccccc3)c2)cc1OC,O=C(OC(Cc1cc[nH+]cc1)c1ccccc1)c1cccc(CNC(C(=O)OC2CN3CCC2CC3)c2ccccc2)c1,1,1,0.9999304134761909,OK
1610,CHEMBL5076637,active,COc1ccc([C@H](Cc2c(Cl)c[n+]([O-])cc2Cl)OC(=O)c2ccc(CNC(C(=O)O[C@H]3CN4CCC3CC4)c3ccccc3F)s2)cc1OC,O=C(OC(Cc1cc[nH+]cc1)c1ccccc1)c1ccc(CNC(C(=O)OC2CN3CCC2CC3)c2ccccc2)s1,1,1,0.9996065628011082,OK
1615,CHEMBL5077424,active,COc1ccc([C@H](Cc2c(Cl)c[n+]([O-])cc2Cl)OC(=O)c2ccc(CN(C)C(C(=O)O[C@H]3CN4CCC3CC4)c3ccccc3)s2)cc1OC,O=C(OC(Cc1cc[nH+]cc1)c1ccccc1)c1ccc(CNC(C(=O)OC2CN3CCC2CC3)c2ccccc2)s1,1,1,0.9997083365120664,OK
1635,CHEMBL5092058,inactive,Cc1cn([C@H](C)CC#N)c(=O)c2cc(Cn3nc(C(F)F)cc3Cl)nn12,O=c1[nH]ccn2nc(Cn3cccn3)cc12,0,0,0.14575966731658319,OK
1641,CHEMBL516,active,CN1CCC(=C2c3ccccc3C=Cc3ccccc32)CC1,C1=Cc2ccccc2C(=C2CCNCC2)c2ccccc21,1,0,0.25580460547324446,FN
1721,CHEMBL5289083,active_single,CN1/C(=C/C=C/C=C/C2=[N+](CCCCCC(=O)NCCCNCCCCCCN3CCC(COC(=O)Nc4ccc(F)cc4-c4ccc(F)c(Cl)c4)CC3)c3ccccc3C2(C)C)C(C)(C)c2ccccc21,O=C(CCCCC[N+]1=C(C=CC=CC=C2Cc3ccccc3N2)Cc2ccccc21)NCCCNCCCCCCN1CCC(COC(=O)Nc2ccccc2-c2ccccc2)CC1,1,1,0.9999593796498958,OK
1729,CHEMBL5395712,active,COc1ccc([C@H](Cc2c(Cl)c[n+]([O-])cc2Cl)OC(=O)c2ccc(CNC(C)(C(=O)O[C@H]3CN4CCC3CC4)c3ccccc3)s2)cc1OC,O=C(OC(Cc1cc[nH+]cc1)c1ccccc1)c1ccc(CNC(C(=O)OC2CN3CCC2CC3)c2ccccc2)s1,1,1,0.9996537133678066,OK
1744,CHEMBL5408238,active,COc1ccc([C@H](Cc2c(Cl)c[n+]([O-])cc2Cl)OC(=O)c2ccc(CNC(CO)(C(=O)O[C@H]3CN4CCC3CC4)c3ccccc3)s2)cc1OC,O=C(OC(Cc1cc[nH+]cc1)c1ccccc1)c1ccc(CNC(C(=O)OC2CN3CCC2CC3)c2ccccc2)s1,1,1,0.99980550911175,OK
1745,CHEMBL5409010,active_single,CCOc1cc([C@H](Cc2c(Cl)c[n+]([O-])cc2Cl)OC(=O)c2ccc(CN[C@](CO)(C(=O)O[C@H]3CN4CCC3CC4)c3ccccc3)s2)ccc1OC,O=C(OC(Cc1cc[nH+]cc1)c1ccccc1)c1ccc(CNC(C(=O)OC2CN3CCC2CC3)c2ccccc2)s1,1,1,0.9999232370737239,OK
1746,CHEMBL5410533,active,CCC(NCc1ccc(C(=O)O[C@@H](Cc2c(Cl)c[n+]([O-])cc2Cl)c2ccc(OC)c(OC)c2)s1)(C(=O)O[C@H]1CN2CCC1CC2)c1ccccc1,O=C(OC(Cc1cc[nH+]cc1)c1ccccc1)c1ccc(CNC(C(=O)OC2CN3CCC2CC3)c2ccccc2)s1,1,1,0.999552174553028,OK
1749,CHEMBL5417689,active_single,CCOc1cc([C@H](Cc2c(Cl)c[n+]([O-])cc2Cl)OC(=O)c2ccc(CN[C@@](CO)(C(=O)O[C@H]3CN4CCC3CC4)c3ccccc3)s2)ccc1OC,O=C(OC(Cc1cc[nH+]cc1)c1ccccc1)c1ccc(CNC(C(=O)OC2CN3CCC2CC3)c2ccccc2)s1,1,1,0.99967779182986,OK
1753,CHEMBL5420551,active_single,CCOc1cc([C@@H](Cc2c(Cl)c[n+]([O-])cc2Cl)OC(=O)c2ccc(CN[C@@](CO)(C(=O)O[C@H]3CN4CCC3CC4)c3ccccc3)s2)ccc1OC,O=C(OC(Cc1cc[nH+]cc1)c1ccccc1)c1ccc(CNC(C(=O)OC2CN3CCC2CC3)c2ccccc2)s1,1,1,0.9997549247635711,OK
1755,CHEMBL5426968,active_single,COc1ccc([C@H](Cc2c(Cl)c[n+]([O-])cc2Cl)OC(=O)c2ccc(CN[C@@H](C(=O)O[C@H]3CN4CCC3CC4)c3ccccc3)s2)cc1OC,O=C(OC(Cc1cc[nH+]cc1)c1ccccc1)c1ccc(CNC(C(=O)OC2CN3CCC2CC3)c2ccccc2)s1,1,1,0.999695812491272,OK
1756,CHEMBL5430170,active,COCC(NCc1ccc(C(=O)O[C@@H](Cc2c(Cl)c[n+]([O-])cc2Cl)c2ccc(OC)c(OC)c2)s1)(C(=O)O[C@H]1CN2CCC1CC2)c1ccccc1,O=C(OC(Cc1cc[nH+]cc1)c1ccccc1)c1ccc(CNC(C(=O)OC2CN3CCC2CC3)c2ccccc2)s1,1,1,0.9998738229416287,OK
1796,CHEMBL5542602,active_single,O=C(NCCCCNC[C@H](O)c1ccc(O)c2[nH]c(=O)ccc12)c1ccc(C(=O)C2CC(C(=O)O[C@H]3CN4CCC3CC4)(c3ccccc3)C2)cc1,O=C(NCCCCNCCc1cccc2[nH]c(=O)ccc12)c1ccc(C(=O)C2CC(C(=O)OC3CN4CCC3CC4)(c3ccccc3)C2)cc1,1,1,0.9991532544511768,OK
1824,CHEMBL5556756,active_single,O=C(c1ccc(OCc2ccc(CNC[C@H](O)c3ccc(O)c4[nH]c(=O)ccc34)cc2)cc1)N1CC(C(=O)OCC2CCN(Cc3ccccc3)CC2)(c2ccccc2)C1,O=C(c1ccc(OCc2ccc(CNCCc3cccc4[nH]c(=O)ccc34)cc2)cc1)N1CC(C(=O)OCC2CCN(Cc3ccccc3)CC2)(c2ccccc2)C1,1,1,0.9999511069158926,OK
1827,CHEMBL5557509,active_single,CN1CCC[C@@H](OC(=O)[C@](O)(c2ccccc2)c2cccc(OCCCNC(=O)c3ccc(CNC[C@H](O)c4ccc(O)c5[nH]c(=O)ccc45)nc3)c2)C1.O=CO.O=CO,O=C(NCCCOc1cccc(C(C(=O)OC2CCCNC2)c2ccccc2)c1)c1ccc(CNCCc2cccc3[nH]c(=O)ccc23)nc1,1,1,0.996878635740525,OK
1885,CHEMBL569729,active_single,C[N+]1(C)CCCC1c1ccc(C(O)(c2ccccc2)c2ccccc2)o1.[I-],c1ccc(C(c2ccccc2)c2ccc(C3CCC[NH2+]3)o2)cc1,1,1,0.8500458912850325,OK
1923,CHEMBL5776891,active_single,O=C(O[C@H]1C[N+]2(CCCOc3ccccc3)CCC1CC2)C1C2C=CC=CC2OC2C=CC=CC21,O=C(OC1C[N+]2(CCCOc3ccccc3)CCC1CC2)C1C2C=CC=CC2OC2C=CC=CC21,1,1,0.9916518564586891,OK
1938,CHEMBL5794152,active_single,COc1ccc([C@H](Cc2c(Cl)c[n+]([O-])cc2Cl)OC(=O)c2ccc(CNCC(C(=O)O[C@H]3CN4CCC3CC4)c3ccccc3)s2)cc1OC,O=C(OC(Cc1cc[nH+]cc1)c1ccccc1)c1ccc(CNCC(C(=O)OC2CN3CCC2CC3)c2ccccc2)s1,1,1,0.9999432409287623,OK
1973,CHEMBL583027,active_single,C[N+]1(C)CCCC1c1ccc(C(c2ccccc2)c2ccccc2)o1.[I-],c1ccc(C(c2ccccc2)c2ccc(C3CCC[NH2+]3)o2)cc1,1,1,0.9578275187657596,OK
2018,CHEMBL5885374,active_single,O=C(O[C@H]1C[N+]2(CCCOc3ccccc3)CCC1CC2)C1(O)C2C=CC=CC2OC2C=CC=CC21,O=C(OC1C[N+]2(CCCOc3ccccc3)CCC1CC2)C1C2C=CC=CC2OC2C=CC=CC21,1,1,0.9944061083624152,OK
2019,CHEMBL5887215,active_single,COc1ccc([C@H](Cc2c(Cl)c[n+]([O-])cc2Cl)OC(=O)c2ccc(CNC[C@@H](C(=O)O[C@H]3CN4CCC3CC4)c3ccccc3)s2)cc1OC,O=C(OC(Cc1cc[nH+]cc1)c1ccccc1)c1ccc(CNCC(C(=O)OC2CN3CCC2CC3)c2ccccc2)s1,1,1,0.999890186056828,OK
2073,CHEMBL5943156,active_single,CN(C(=O)CCN1CCC(OC(=O)Nc2ccccc2-c2ccccc2)CC1)c1cccc(CNC(=O)Cc2cccc(CNC[C@H](O)c3ccc(O)c4[nH]c(=O)ccc34)c2)c1,O=C(Cc1cccc(CNCCc2cccc3[nH]c(=O)ccc23)c1)NCc1cccc(NC(=O)CCN2CCC(OC(=O)Nc3ccccc3-c3ccccc3)CC2)c1,1,1,0.9999689314305517,OK
2075,CHEMBL5944352,active,COc1ccc([C@H](Cc2c(Cl)c[n+]([O-])cc2Cl)OC(=O)c2ccc(CNC(C(=O)OC[C@H]3CCCN(C)C3)c3ccccc3)s2)cc1OC,O=C(OC(Cc1cc[nH+]cc1)c1ccccc1)c1ccc(CNC(C(=O)OCC2CCCNC2)c2ccccc2)s1,1,1,0.9992504171145419,OK
2092,CHEMBL5956654,active,O=C(O[C@@H](Cc1c(Cl)c[n+]([O-])cc1Cl)c1ccc(OC(F)F)c(OCC2CC2)c1)c1ccc(CNC(C(=O)OCC23CCN(CC2)CC3)c2ccccc2)s1,O=C(OC(Cc1cc[nH+]cc1)c1cccc(OCC2CC2)c1)c1ccc(CNC(C(=O)OCC23CCN(CC2)CC3)c2ccccc2)s1,1,1,0.9998778625886549,OK
2093,CHEMBL5956786,active,COc1ccc([C@H](Cc2c(Cl)c[n+]([O-])cc2Cl)OC(=O)c2ccc(CNC(C(=O)OC[C@@H]3CCCN(C)C3)c3ccccc3)s2)cc1OC,O=C(OC(Cc1cc[nH+]cc1)c1ccccc1)c1ccc(CNC(C(=O)OCC2CCCNC2)c2ccccc2)s1,1,1,0.9991759204736954,OK
2111,CHEMBL5971941,active_single,COc1ccc([C@H](Cc2c(Cl)c[n+]([O-])cc2Cl)OC(=O)c2ccc(CNC[C@@](O)(C(=O)O[C@H]3CN4CCC3CC4)c3ccccc3)s2)cc1OC,O=C(OC(Cc1cc[nH+]cc1)c1ccccc1)c1ccc(CNCC(C(=O)OC2CN3CCC2CC3)c2ccccc2)s1,1,1,0.9998496044504157,OK
2128,CHEMBL5989940,active_single,COc1ccc([C@H](Cc2c(Cl)c[n+]([O-])cc2Cl)OC(=O)c2ccc(CNC[C@](O)(C(=O)O[C@H]3CN4CCC3CC4)c3ccccc3)s2)cc1OC,O=C(OC(Cc1cc[nH+]cc1)c1ccccc1)c1ccc(CNCC(C(=O)OC2CN3CCC2CC3)c2ccccc2)s1,1,1,0.999818869864575,OK
2162,CHEMBL6028144,active,COc1ccc(C(Cc2c(Cl)c[n+]([O-])cc2Cl)OC(=O)c2ccc(CNC(C(=O)OCC34CCN(CC3)CC4)c3ccccc3)s2)cc1OCC1CC1,O=C(OC(Cc1cc[nH+]cc1)c1cccc(OCC2CC2)c1)c1ccc(CNC(C(=O)OCC23CCN(CC2)CC3)c2ccccc2)s1,1,1,0.9998717328446745,OK
2165,CHEMBL6031610,active_single,CC1(C(=O)O[C@H]2C[N+]3(CCCOc4ccccc4)CCC2CC3)C2C=CC=CC2OC2C=CC=CC21,O=C(OC1C[N+]2(CCCOc3ccccc3)CCC1CC2)C1C2C=CC=CC2OC2C=CC=CC21,1,1,0.995212923728539,OK
2183,CHEMBL6049794,active,COc1ccc([C@H](Cc2c(Cl)c[n+]([O-])cc2Cl)OC(=O)c2ccc(CNCC(C)(C(=O)O[C@H]3CN4CCC3CC4)c3ccccc3)s2)cc1OC,O=C(OC(Cc1cc[nH+]cc1)c1ccccc1)c1ccc(CNCC(C(=O)OC2CN3CCC2CC3)c2ccccc2)s1,1,1,0.999780490276291,OK
2200,CHEMBL6067830,active_single,COc1ccc([C@H](Cc2c(Cl)c[n+]([O-])cc2Cl)OC(=O)c2ccc(CN(C)CC(C)(C(=O)O[C@H]3CN4CCC3CC4)c3ccccc3)s2)cc1OC,O=C(OC(Cc1cc[nH+]cc1)c1ccccc1)c1ccc(CNCC(C(=O)OC2CN3CCC2CC3)c2ccccc2)s1,1,1,0.9994043871181757,OK
2201,CHEMBL6067831,active_single,COc1ccc([C@H](Cc2c(Cl)c[n+]([O-])cc2Cl)OC(=O)c2ccc(CNC[C@H](C(=O)O[C@H]3CN4CCC3CC4)c3ccccc3)s2)cc1OC,O=C(OC(Cc1cc[nH+]cc1)c1ccccc1)c1ccc(CNCC(C(=O)OC2CN3CCC2CC3)c2ccccc2)s1,1,1,0.9999182048976244,OK
2202,CHEMBL6067832,active,COc1ccc([C@H](Cc2c(Cl)c[n+]([O-])cc2Cl)OC(=O)c2ccc(CN(C)CC(C)(C(=O)O[C@@H]3CN4CCC3CC4)c3ccccc3)s2)cc1OC,O=C(OC(Cc1cc[nH+]cc1)c1ccccc1)c1ccc(CNCC(C(=O)OC2CN3CCC2CC3)c2ccccc2)s1,1,1,0.9988877989398139,OK
2203,CHEMBL608151,active_single,CCOC[C@H]1[C@@H]2CNC[C@@]21c1ccc(Cl)c(Cl)c1,c1ccc(C23CNCC2C3)cc1,1,1,0.7211146420087342,OK
2208,CHEMBL6373,inactive_single,Br.Oc1noc2c1CNCC2,c1noc2c1CNCC2,0,0,0.020312930514476534,OK
2209,CHEMBL6375,inactive_single,C/C=C/COc1noc2c1CNCC2.Cl,c1noc2c1CNCC2,0,0,0.08414379645652281,OK
2210,CHEMBL6377,inactive_single,CC(C)COc1noc2c1CNCC2.Cl,c1noc2c1CNCC2,0,0,0.10684757839234062,OK
2214,CHEMBL6568,inactive_single,CCN1CCc2onc(OC)c2C1.Cl,c1noc2c1CNCC2,0,0,0.005450597123726838,OK
2220,CHEMBL6702,inactive_single,CC(C)Oc1noc2c1CNCC2.Cl,c1noc2c1CNCC2,0,0,0.08750597529703685,OK
2223,CHEMBL6807,inactive_single,C=C(Br)COc1noc2c1CNCC2.Cl,c1noc2c1CNCC2,0,0,0.017448022530174856,OK
2226,CHEMBL6859,inactive_single,CCCOc1noc2c1CNCC2.Cl,c1noc2c1CNCC2,0,0,0.04327546638272137,OK
2227,CHEMBL6860,inactive_single,CCCCOc1noc2c1CNCC2.Cl,c1noc2c1CNCC2,0,0,0.0572915610914211,OK
2232,CHEMBL69678,active,Nc1cccc(CN2CCC(NC(=O)[C@](O)(c3ccccc3)[C@@H]3CCC(F)(F)C3)CC2)n1,O=C(NC1CCN(Cc2ccccn2)CC1)C(c1ccccc1)C1CCCC1,1,1,0.9539913104663102,OK
2246,CHEMBL82512,active_single,O=C(c1cccs1)N(c1ccc(Br)cc1)C1CCN(Cc2ccccc2)CC1,O=C(c1cccs1)N(c1ccccc1)C1CCN(Cc2ccccc2)CC1,1,1,0.9981015399916056,OK
2249,CHEMBL83363,active_single,O=C(C1CCC1)N(c1ccccc1)C1CCN(Cc2ccccc2)CC1,O=C(C1CCC1)N(c1ccccc1)C1CCN(Cc2ccccc2)CC1,1,1,0.9784334972282961,OK
2250,CHEMBL83459,active_single,O=C(c1ccc([N+](=O)[O-])s1)N(c1ccc(Br)cc1)C1CCN(Cc2ccccc2)CC1,O=C(c1cccs1)N(c1ccccc1)C1CCN(Cc2ccccc2)CC1,1,1,0.9994758666287497,OK
2253,CHEMBL85391,active_single,O=C(c1cccs1)N(c1ccc(Cl)cc1)C1CCN(Cc2ccccc2)CC1,O=C(c1cccs1)N(c1ccccc1)C1CCN(Cc2ccccc2)CC1,1,1,0.9992780568544667,OK
2263,CHEMBL88078,active_single,O=C(c1cccs1)N(c1ccccc1)C1CCN(Cc2ccccc2)CC1,O=C(c1cccs1)N(c1ccccc1)C1CCN(Cc2ccccc2)CC1,1,1,0.9978427668223405,OK
52,CHEMBL1194314,active,O=C(O[C@H]1C[N+]2(CCCOc3ccccc3)CCC1CC2)C(c1cccs1)c1cccs1,O=C(OC1C[N+]2(CCCOc3ccccc3)CCC1CC2)C(c1cccs1)c1cccs1,1,1,0.999950007850484,OK
53,CHEMBL1194325,active,O=C(O[C@H]1C[N+]2(CCCOc3ccccc3)CCC1CC2)C(O)(c1cccs1)c1cccs1,O=C(OC1C[N+]2(CCCOc3ccccc3)CCC1CC2)C(c1cccs1)c1cccs1,1,1,0.9998614412119077,OK
56,CHEMBL1197117,active_single,CC1(C(=O)O[C@H]2C[N+]3(CCCOc4ccccc4)CCC2CC3)c2ccccc2-c2ccccc21,O=C(OC1C[N+]2(CCCOc3ccccc3)CCC1CC2)C1c2ccccc2-c2ccccc21,1,1,0.9991698291316167,OK
57,CHEMBL1197183,active_single,O=C(O[C@H]1C[N+]2(CCCOc3ccccc3)CCC1CC2)C1(O)c2ccccc2-c2ccccc21,O=C(OC1C[N+]2(CCCOc3ccccc3)CCC1CC2)C1c2ccccc2-c2ccccc21,1,1,0.9990434424845213,OK
80,CHEMBL1257975,inactive_single,O=C1C(=O)N(Cc2ccc(Oc3cccc(F)n3)cc2)c2ccc(OC(F)(F)F)cc21,O=C1C(=O)N(Cc2ccc(Oc3ccccn3)cc2)c2ccccc21,0,0,0.07901282626936472,OK
85,CHEMBL1289202,active_single,O=C(c1ccoc1)N1CCOC2(CCN(Cc3ccc(Cl)cc3)CC2)C1,O=C(c1ccoc1)N1CCOC2(CCN(Cc3ccccc3)CC2)C1,1,1,0.8390978412908678,OK
119,CHEMBL146359,active_single,O=C(NC1CCN(CC2CCCCC2)CC1)[C@](O)(c1ccccc1)[C@@H]1CCC(F)(F)C1,O=C(NC1CCN(CC2CCCCC2)CC1)C(c1ccccc1)C1CCCC1,1,1,0.9911198843215925,OK
133,CHEMBL148328,active_single,O=C(NC1CCN(Cc2cccnc2)CC1)C(O)(c1ccccc1)C1CCCC1,O=C(NC1CCN(Cc2cccnc2)CC1)C(c1ccccc1)C1CCCC1,1,1,0.9126026308518843,OK
140,CHEMBL149769,active_single,O=C(NC1CCN(CC2CCCCC2)CC1)C(O)(c1ccccc1)C1CCCC1,O=C(NC1CCN(CC2CCCCC2)CC1)C(c1ccccc1)C1CCCC1,1,1,0.976833681742394,OK
148,CHEMBL1621597,active_single,CC(C)[N+]1(C)[C@@H]2CC[C@H]1C[C@@H](OC(=O)C(CO)c1ccccc1)C2,O=C(Cc1ccccc1)OC1CC2CCC(C1)[NH2+]2,1,1,0.9974634002544549,OK
192,CHEMBL1683941,active_single,O=C(Nc1ccccc1-c1ccccc1)O[C@H]1C[N+]2(CCCCCCCCCNCC(O)c3ccc(O)c4[nH]c(=O)ccc34)CCC1CC2,O=C(Nc1ccccc1-c1ccccc1)OC1C[N+]2(CCCCCCCCCNCCc3cccc4[nH]c(=O)ccc34)CCC1CC2,1,1,0.9999939070651587,OK
199,CHEMBL1740585,active,CC(C)[N+]1(C)[C@@H]2CC[C@H]1CC(OC(=O)C(CO)c1ccccc1)C2,O=C(Cc1ccccc1)OC1CC2CCC(C1)[NH2+]2,1,1,0.9974634002544549,OK
201,CHEMBL177040,active_single,O=C(CCCNC(=O)CNC(=O)CC(c1ccccc1)(c1ccccc1)c1ccccc1)NCC1CCCN(CC2CCCCC2)C1,O=C(CCCNC(=O)CNC(=O)CC(c1ccccc1)(c1ccccc1)c1ccccc1)NCC1CCCN(CC2CCCCC2)C1,1,1,0.9770806672309148,OK
216,CHEMBL1779034,active_single,O=C(O[C@H]1CN2CCC1CC2)N(Cc1ccsc1)c1ccccc1,O=C(OC1CN2CCC1CC2)N(Cc1ccsc1)c1ccccc1,1,1,0.9981462009687146,OK
217,CHEMBL1779035,active_single,CCCN(C(=O)O[C@H]1CN2CCC1CC2)c1ccccc1,O=C(Nc1ccccc1)OC1CN2CCC1CC2,1,1,0.9960537450245613,OK
218,CHEMBL1779036,active_single,CCCCN(C(=O)O[C@H]1CN2CCC1CC2)c1ccccc1,O=C(Nc1ccccc1)OC1CN2CCC1CC2,1,1,0.997645317364269,OK
219,CHEMBL1779037,active_single,CCCCCN(C(=O)O[C@H]1CN2CCC1CC2)c1ccccc1,O=C(Nc1ccccc1)OC1CN2CCC1CC2,1,1,0.998310157848834,OK
247,CHEMBL1836644,active_single,Fc1cccc(F)c1-n1nc(OC2CCNCC2)c2ccccc21,c1ccc(-n2nc(OC3CCNCC3)c3ccccc32)cc1,1,1,0.6663748908681135,OK
248,CHEMBL1836645,active_single,Oc1cccc(F)c1-n1nc(OC2CCNCC2)c2ccccc21,c1ccc(-n2nc(OC3CCNCC3)c3ccccc32)cc1,1,1,0.7006590633654902,OK
250,CHEMBL1836647,active_single,O=c1ccc2c([C@@H](O)CNCCCCCCCCCN3CCC(Oc4nn(-c5c(O)cccc5F)c5c4CCCC5)CC3)ccc(O)c2[nH]1,O=c1ccc2c(CCNCCCCCCCCCN3CCC(Oc4nn(-c5ccccc5)c5c4CCCC5)CC3)cccc2[nH]1,1,1,0.9878233776849424,OK
252,CHEMBL1908368,active,CC(C)[N+]1(C)C2CCC1CC(OC(=O)C(CO)c1ccccc1)C2.O.[Br-],O=C(Cc1ccccc1)OC1CC2CCC(C1)[NH2+]2,1,1,0.9813712363232067,OK
284,CHEMBL1921910,active_single,C[C@@](C(=O)O[C@H]1C[N+]2(CCc3ccc4ccccc4c3)CCC1CC2)(c1ccccc1)N1CCCCC1,O=C(OC1C[N+]2(CCc3ccc4ccccc4c3)CCC1CC2)C(c1ccccc1)N1CCCCC1,1,1,0.9981532748235235,OK
289,CHEMBL1921915,active_single,C[C@@](C(=O)O[C@H]1C[N+]2(CCCc3ccccc3)CCC1CC2)(c1cccs1)N1CCCCC1,O=C(OC1C[N+]2(CCCc3ccccc3)CCC1CC2)C(c1cccs1)N1CCCCC1,1,1,0.9995781353250974,OK
301,CHEMBL1921927,active_single,C[C@@](C(=O)O[C@H]1C[N+]2(CCCCc3ccccc3)CCC1CC2)(c1ccccc1)N1CCCCC1,O=C(OC1C[N+]2(CCCCc3ccccc3)CCC1CC2)C(c1ccccc1)N1CCCCC1,1,1,0.9993411579380546,OK
331,CHEMBL1922058,active_single,C[C@@](C(=O)O[C@H]1C[N+]2(Cc3noc(-c4ccccc4)n3)CCC1CC2)(c1cccs1)N1CCCCC1,O=C(OC1C[N+]2(Cc3noc(-c4ccccc4)n3)CCC1CC2)C(c1cccs1)N1CCCCC1,1,1,0.9992823960833171,OK
407,CHEMBL2042403,inactive_single,C[N+](C)(C)C[C@@H]1COC[C@@H](c2ccccc2)O1.[I-],c1ccc(C2COCCO2)cc1,0,0,0.03472839824843472,OK
422,CHEMBL2057417,inactive_single,Cc1nc2sc(C(=O)NCc3ccncc3)c(N)c2c(C)c1Cl,O=C(NCc1ccncc1)c1cc2cccnc2s1,0,0,0.015179727550722073,OK
430,CHEMBL205992,active_single,Cc1c(NC2CC2)nc(C2CC2)nc1N1CC=CCC1,C1=CCN(c2cc(NC3CC3)nc(C3CC3)n2)CC1,1,1,0.9713265368606158,OK
455,CHEMBL2110892,active_single,CCN(CC)CCOC(=O)C(c1ccccc1)N1CCCCC1,c1ccc(CN2CCCCC2)cc1,1,1,0.9909661087177065,OK
460,CHEMBL2112957,active_single,O=C(NC[C@H]1CCCN(CC2CCCCC2)C1)[C@H]1CCCN1C(=O)[C@@H]1CCCN1C(=O)CC(c1ccccc1)(c1ccccc1)c1ccccc1,O=C(NCC1CCCN(CC2CCCCC2)C1)C1CCCN1C(=O)C1CCCN1C(=O)CC(c1ccccc1)(c1ccccc1)c1ccccc1,1,1,0.9994783937776727,OK
507,CHEMBL2206592,active_single,CC(C)OC(=O)c1ccc(NC(=O)N[C@@H](Cc2ccc(O)cc2)C(=O)N2CC[N+](C)(CCc3ccccc3)CC2)cc1,O=C(Nc1ccccc1)NC(Cc1ccccc1)C(=O)N1CC[NH+](CCc2ccccc2)CC1,1,1,0.9535796403932544,OK
515,CHEMBL2206603,active_single,CC(C)OC(=O)c1ccc(NC(=O)N[C@@H](Cc2ccc(O)cc2)C(=O)NCC[N+](C)(C)Cc2ccc(Cl)cc2)cc1,O=C(Nc1ccccc1)NC(Cc1ccccc1)C(=O)NCC[NH2+]Cc1ccccc1,1,1,0.9926882316397284,OK
516,CHEMBL2206604,active_single,CC[N+](CC)(CCNC(=O)[C@H](Cc1ccc(O)cc1)NC(=O)Nc1ccc(C(=O)OC(C)C)cc1)Cc1ccc(Cl)cc1,O=C(Nc1ccccc1)NC(Cc1ccccc1)C(=O)NCC[NH2+]Cc1ccccc1,1,1,0.9977547692117602,OK
527,CHEMBL221713,active_single,O=C1NC(Cc2ccccc2)(Cc2ccccc2)CN1C1CCN(Cc2ccccc2)CC1,O=C1NC(Cc2ccccc2)(Cc2ccccc2)CN1C1CCN(Cc2ccccc2)CC1,1,1,0.9721724595380807,OK
533,CHEMBL222207,active_single,O=C1NC(c2ccccc2)(C2CCCCC2)CN1C1CCN(Cc2cccc(Cl)c2)CC1,O=C1NC(c2ccccc2)(C2CCCCC2)CN1C1CCN(Cc2ccccc2)CC1,1,1,0.9986245381396247,OK
537,CHEMBL222403,active_single,Cc1cccc(CN2CCC(N3CC(c4ccccc4)(C4CCCCC4)NC3=O)CC2)c1,O=C1NC(c2ccccc2)(C2CCCCC2)CN1C1CCN(Cc2ccccc2)CC1,1,1,0.9988361122146671,OK
541,CHEMBL222634,active_single,C[N+]1(CC(=O)Nc2ccccc2)CCC(N2CC(c3ccccc3)(c3ccccc3)NC2=O)C1,O=C(C[NH+]1CCC(N2CC(c3ccccc3)(c3ccccc3)NC2=O)C1)Nc1ccccc1,1,1,0.9938848120409337,OK
547,CHEMBL222976,active_single,C[N+]1(CCOCc2ccccc2)CCC(N2CC(c3ccccc3)(c3ccccc3)NC2=O)C1,O=C1NC(c2ccccc2)(c2ccccc2)CN1C1CC[NH+](CCOCc2ccccc2)C1,1,1,0.9975724236630019,OK
555,CHEMBL223267,active_single,O=C1NC(c2ccccc2)(C2CCCCC2)CN1C1CCN(Cc2ccccc2)CC1,O=C1NC(c2ccccc2)(C2CCCCC2)CN1C1CCN(Cc2ccccc2)CC1,1,1,0.9978664268703041,OK
613,CHEMBL2391541,inactive_single,C=CCN(CC=C)CCc1c[nH]c2ccc(OC)cc12,c1ccc2[nH]ccc2c1,0,0,0.46158206950041847,OK
617,CHEMBL2436555,inactive_single,Cl.NC1=Nc2ccc(Cl)cc2CN1,C1=Nc2ccccc2CN1,0,0,0.02763598371071805,OK
636,CHEMBL257431,active_single,CCCCN(CCCC)c1ccc(/C=C/c2cc[n+](CCC[N+](CC)(CC)CC)cc2)cc1.[Br-].[Br-],C(=Cc1cc[nH+]cc1)c1ccccc1,1,1,0.9544517009102743,OK
638,CHEMBL257643,active_single,CCN(CC)c1ccc(/C=C/c2cc[n+](CCC[N+](CC)(CC)CC)cc2)cc1.[Br-].[Br-],C(=Cc1cc[nH+]cc1)c1ccccc1,1,1,0.7356645321858508,OK
642,CHEMBL263040,active_single,NCCCCC1CCN(C(=O)[C@](O)(c2ccccc2)[C@@H]2CCC(F)(F)C2)CC1,O=C(C(c1ccccc1)C1CCCC1)N1CCCCC1,1,1,0.9393341048586519,OK
651,CHEMBL273586,active_single,c1ccc2c(c1)C(=C1CN3CCC1CC3)c1ccccc1-2,c1ccc2c(c1)C(=C1CN3CCC1CC3)c1ccccc1-2,1,0,0.45992091420466125,FN
684,CHEMBL302809,active_single,CC1(CCN)CCN(C(=O)[C@](O)(c2ccccc2)[C@@H]2CCC(F)(F)C2)CC1,O=C(C(c1ccccc1)C1CCCC1)N1CCCCC1,1,1,0.8799994275080251,OK
689,CHEMBL30713,inactive_single,CC(N)Cc1c[nH]c2ccccc12,c1ccc2[nH]ccc2c1,0,0,0.263800948178267,OK
748,CHEMBL3085070,active_single,Cc1ccoc1CN(C(=O)O[C@H]1C[C@H]2CC[C@@H](C1)[N+]2(C)C)c1ccccc1.[Br-],O=C(OC1CC2CCC(C1)[NH2+]2)N(Cc1ccco1)c1ccccc1,1,1,0.9952714887059073,OK
749,CHEMBL3085071,active_single,C[N+]1(C)[C@@H]2CC[C@H]1C[C@H](OC(=O)N(Cc1ccccc1)c1cccs1)C2.[Br-],O=C(OC1CC2CCC(C1)[NH2+]2)N(Cc1ccccc1)c1cccs1,1,1,0.9975237174891932,OK
760,CHEMBL3085089,active_single,CN1[C@@H]2CC[C@H]1C[C@H](OC(=O)N(Cc1ccccc1)c1cccs1)C2,O=C(OC1CC2CCC(C1)N2)N(Cc1ccccc1)c1cccs1,1,1,0.9989393775856367,OK
807,CHEMBL3087950,active_single,O=C(C[N+]12CCC(CC1)[C@@H](OC(=O)C1(C3=CC=CC3)CCCCCC1)C2)NCCNC(=O)c1cnccn1,O=C(C[N+]12CCC(CC1)C(OC(=O)C1(C3=CC=CC3)CCCCCC1)C2)NCCNC(=O)c1cnccn1,1,1,0.9878408862661331,OK
888,CHEMBL330999,active_single,CCN1CC=C(c2ccccc2)C(C(=O)OCC2CCCCC2)C1.O=C(O)C(=O)O,O=C(OCC1CCCCC1)C1CNCC=C1c1ccccc1,1,1,0.7365799350215397,OK
900,CHEMBL3354066,active_single,CN1CCC=C(c2nsnc2OCCCC2CCN(CCCN3C(=O)CCc4ccccc43)CC2)C1,O=C1CCc2ccccc2N1CCCN1CCC(CCCOc2nsnc2C2=CCCNC2)CC1,1,1,0.7905391208574061,OK
941,CHEMBL3426699,active_single,O=C(Nc1ccccc1-c1ccccc1)OC1CCN(CCNC(=O)c2ccc(CNC[C@H](O)c3ccc(O)c4[nH]c(=O)ccc34)cc2)CC1,O=C(Nc1ccccc1-c1ccccc1)OC1CCN(CCNC(=O)c2ccc(CNCCc3cccc4[nH]c(=O)ccc34)cc2)CC1,1,1,0.9998663389904127,OK
942,CHEMBL3426700,active_single,COc1cc(C(=O)NCCN2CCC(OC(=O)Nc3ccccc3-c3ccccc3)CC2)ccc1CNC[C@H](O)c1ccc(O)c2[nH]c(=O)ccc12,O=C(Nc1ccccc1-c1ccccc1)OC1CCN(CCNC(=O)c2ccc(CNCCc3cccc4[nH]c(=O)ccc34)cc2)CC1,1,1,0.9995909523137836,OK
943,CHEMBL3426701,active_single,Cc1cc(C(=O)NCCN2CCC(OC(=O)Nc3ccccc3-c3ccccc3)CC2)c(C)cc1CNC[C@H](O)c1ccc(O)c2[nH]c(=O)ccc12,O=C(Nc1ccccc1-c1ccccc1)OC1CCN(CCNC(=O)c2ccc(CNCCc3cccc4[nH]c(=O)ccc34)cc2)CC1,1,1,0.9991652254612167,OK
944,CHEMBL3426702,active_single,CN(CCN1CCC(OC(=O)Nc2ccccc2-c2ccccc2)CC1)C(=O)c1ccc(CNC[C@H](O)c2ccc(O)c3[nH]c(=O)ccc23)cc1,O=C(Nc1ccccc1-c1ccccc1)OC1CCN(CCNC(=O)c2ccc(CNCCc3cccc4[nH]c(=O)ccc34)cc2)CC1,1,1,0.9999139227401384,OK
964,CHEMBL355851,inactive_single,CN(C)CCNC(=O)C1=C(Cc2cccnc2)c2ccccc2C1,C1=C(Cc2cccnc2)c2ccccc2C1,0,0,0.018614818251619387,OK
975,CHEMBL3629355,active_single,CN1CCC(Cn2cnc(C(O)(c3ccccc3)C3CCCCC3)n2)CC1,c1ccc(C(c2ncn(CC3CCNCC3)n2)C2CCCCC2)cc1,1,1,0.9352248209865672,OK
984,CHEMBL3633650,inactive,CN(CC(=O)c1c(-c2ccccc2)[nH]c2ccccc12)CC(=O)N1CCOCC1,O=C(CNCC(=O)N1CCOCC1)c1c(-c2ccccc2)[nH]c2ccccc12,0,0,0.08150756960641525,OK
1006,CHEMBL3645292,active,Cc1ccc(C(=O)Nc2ccc(CNC[C@H](O)c3ccc(O)c4[nH]c(=O)ccc34)cc2)cc1N(C)C(=O)CCN1CCC(OC(=O)Nc2ccccc2-c2ccccc2)CC1,O=C(CCN1CCC(OC(=O)Nc2ccccc2-c2ccccc2)CC1)Nc1cccc(C(=O)Nc2ccc(CNCCc3cccc4[nH]c(=O)ccc34)cc2)c1,1,1,0.9996549597035383,OK
1007,CHEMBL3645293,active,Cc1cc(CNC[C@H](O)c2ccc(O)c3[nH]c(=O)ccc23)ccc1NC(=O)c1cccc(N(C)C(=O)CCN2CCC(OC(=O)Nc3ccccc3-c3ccccc3)CC2)c1,O=C(CCN1CCC(OC(=O)Nc2ccccc2-c2ccccc2)CC1)Nc1cccc(C(=O)Nc2ccc(CNCCc3cccc4[nH]c(=O)ccc34)cc2)c1,1,1,0.9999723944090426,OK
1008,CHEMBL3645294,active,Cc1cc(CNC[C@H](O)c2ccc(O)c3[nH]c(=O)ccc23)ccc1NC(=O)c1ccc(C)c(N(C)C(=O)CCN2CCC(OC(=O)Nc3ccccc3-c3ccccc3)CC2)c1,O=C(CCN1CCC(OC(=O)Nc2ccccc2-c2ccccc2)CC1)Nc1cccc(C(=O)Nc2ccc(CNCCc3cccc4[nH]c(=O)ccc34)cc2)c1,1,1,0.9999012286054203,OK
1009,CHEMBL3645295,active,COc1cc(CNC[C@H](O)c2ccc(O)c3[nH]c(=O)ccc23)ccc1NC(=O)c1cccc(N(C)C(=O)CCN2CCC(OC(=O)Nc3ccccc3-c3ccccc3)CC2)c1,O=C(CCN1CCC(OC(=O)Nc2ccccc2-c2ccccc2)CC1)Nc1cccc(C(=O)Nc2ccc(CNCCc3cccc4[nH]c(=O)ccc34)cc2)c1,1,1,0.9999566874990344,OK
1010,CHEMBL3645296,active,Cc1cc(NC(=O)c2cccc(N(C)C(=O)CCN3CCC(OC(=O)Nc4ccccc4-c4ccccc4)CC3)c2)c(C)cc1CNC[C@H](O)c1ccc(O)c2[nH]c(=O)ccc12,O=C(CCN1CCC(OC(=O)Nc2ccccc2-c2ccccc2)CC1)Nc1cccc(C(=O)Nc2ccc(CNCCc3cccc4[nH]c(=O)ccc34)cc2)c1,1,1,0.9999578079156777,OK
1011,CHEMBL3645297,active,COc1cc(NC(=O)c2cccc(N(C)C(=O)CCN3CCC(OC(=O)Nc4ccccc4-c4ccccc4)CC3)c2)c(Cl)cc1CNC[C@H](O)c1ccc(O)c2[nH]c(=O)ccc12,O=C(CCN1CCC(OC(=O)Nc2ccccc2-c2ccccc2)CC1)Nc1cccc(C(=O)Nc2ccc(CNCCc3cccc4[nH]c(=O)ccc34)cc2)c1,1,1,0.9999482992417597,OK
1023,CHEMBL3645309,active,CC(Cc1cccc(CNC(=O)c2cccc(N(C)C(=O)CCN3CCC(OC(=O)Nc4ccccc4-c4ccccc4)CC3)c2)c1)NC[C@H](O)c1ccc(O)c2[nH]c(=O)ccc12,O=C(CCN1CCC(OC(=O)Nc2ccccc2-c2ccccc2)CC1)Nc1cccc(C(=O)NCc2cccc(CCNCCc3cccc4[nH]c(=O)ccc34)c2)c1,1,1,0.9999676058240862,OK
1024,CHEMBL3645310,active,Cc1ccc(C(=O)NCc2cccc(CC(C)NC[C@H](O)c3ccc(O)c4[nH]c(=O)ccc34)c2)cc1N(C)C(=O)CCN1CCC(OC(=O)Nc2ccccc2-c2ccccc2)CC1,O=C(CCN1CCC(OC(=O)Nc2ccccc2-c2ccccc2)CC1)Nc1cccc(C(=O)NCc2cccc(CCNCCc3cccc4[nH]c(=O)ccc34)c2)c1,1,1,0.9998212552906767,OK
1078,CHEMBL3645364,active,CN(C(=O)CCN1CCC(OC(=O)Nc2ccccc2-c2ccccc2)CC1)c1cccc(C(=O)Nc2ccc(CNC[C@H](O)c3ccc(O)c4[nH]c(=O)ccc34)cc2)c1,O=C(CCN1CCC(OC(=O)Nc2ccccc2-c2ccccc2)CC1)Nc1cccc(C(=O)Nc2ccc(CNCCc3cccc4[nH]c(=O)ccc34)cc2)c1,1,1,0.9999434871098719,OK
1088,CHEMBL370232,active_single,CO[C@]1(C#CC(O)(c2cccs2)c2cccs2)CN2CCC1CC2,C(#CC1CN2CCC1CC2)C(c1cccs1)c1cccs1,1,1,0.9950054922126688,OK
1123,CHEMBL378904,active_single,Cc1c(NC2CC2)nc(CC2CC2)nc1N1CCCCCC1,c1c(NC2CC2)nc(CC2CC2)nc1N1CCCCCC1,1,1,0.9368823649795167,OK
1124,CHEMBL379055,active_single,NCC1CCN(C(=O)[C@H]2CCCN2C(=O)[C@@H]2CCCN2C(=O)CC(c2ccccc2)(c2ccccc2)c2ccccc2)CC1.O=C(O)C(F)(F)F,O=C(C1CCCN1C(=O)C1CCCN1C(=O)CC(c1ccccc1)(c1ccccc1)c1ccccc1)N1CCCCC1,1,1,0.8152211634467407,OK
1179,CHEMBL394137,active_single,CN(C)C1(CNCCC23CC4CC(CC(C4)C2)C3)COc2ccccc2OC1,c1ccc2c(c1)OCC(CNCCC13CC4CC(CC(C4)C1)C3)CO2,1,1,0.9951012842833344,OK
1191,CHEMBL3960065,active,O=C(O[C@H]1C[N+]2(CCCOc3ccccc3O)CCC1CC2)C(O)(c1cccs1)c1cccs1,O=C(OC1C[N+]2(CCCOc3ccccc3)CCC1CC2)C(c1cccs1)c1cccs1,1,1,0.9997011692917122,OK
1193,CHEMBL3961014,active_single,CN(CCCn1c(=O)[nH]c2cc(CNC[C@H](O)c3ccc(O)c4[nH]c(=O)ccc34)ccc21)[C@H]1CC[C@H](OC(=O)C(O)(c2cccs2)c2cccs2)CC1,O=C(OC1CCC(NCCCn2c(=O)[nH]c3cc(CNCCc4cccc5[nH]c(=O)ccc45)ccc32)CC1)C(c1cccs1)c1cccs1,1,1,0.9987310037931776,OK
1203,CHEMBL3981221,active_single,COc1cc(NC(=O)c2cccc(N(C)C(=O)CCN3CCC(OC(=O)Nc4ccccc4-c4ccccc4)CC3)c2)c(C)cc1CNC[C@H](O)c1ccc(O)c2[nH]c(=O)ccc12,O=C(CCN1CCC(OC(=O)Nc2ccccc2-c2ccccc2)CC1)Nc1cccc(C(=O)Nc2ccc(CNCCc3cccc4[nH]c(=O)ccc34)cc2)c1,1,1,0.9999260644788021,OK
1224,CHEMBL4091032,inactive_single,CN1CCC(COCc2cccnc2)C1,c1cncc(COCC2CCNC2)c1,0,0,0.35362566501204723,OK
1234,CHEMBL4099673,inactive_single,c1cncc(COCC2CCNC2)c1,c1cncc(COCC2CCNC2)c1,0,0,0.39947931589269015,OK
1239,CHEMBL410890,active_single,NCCC1CCN(C(=O)[C@](O)(c2ccccc2)[C@@H]2CCC(F)(F)C2)CC1,O=C(C(c1ccccc1)C1CCCC1)N1CCCCC1,1,1,0.9175784394164642,OK
1270,CHEMBL427390,active_single,Cc1c(NC2CC2)nc(C2CC2)nc1N1CCCC1,c1c(NC2CC2)nc(C2CC2)nc1N1CCCC1,1,1,0.9803591291753698,OK
1278,CHEMBL430587,inactive_single,C[C@@H]1OC(=O)[C@@H]2C[C@@H]3CCCC[C@@H]3[C@@H](C#C[C@H]3CCC[C@H](C)N3C)[C@H]12,O=C1OCC2C1CC1CCCCC1C2C#CC1CCCCN1,0,1,0.7884225636116684,FP
1292,CHEMBL443267,active_single,CCC1(CCN)CCN(C(=O)[C@](O)(c2ccccc2)[C@@H]2CCC(F)(F)C2)CC1,O=C(C(c1ccccc1)C1CCCC1)N1CCCCC1,1,1,0.9205832729120573,OK
1299,CHEMBL4441786,active_single,O=C(OCc1ccccc1)N(c1ccccc1)C1CN2CCC1CC2,O=C(OCc1ccccc1)N(c1ccccc1)C1CN2CCC1CC2,1,1,0.9904956530690445,OK
1300,CHEMBL4442329,active_single,O=C(OC1C[N+]2(CCOc3ccccc3)CCC1CC2)C(O)(c1ccccc1)c1ccccc1.[Br-],O=C(OC1C[N+]2(CCOc3ccccc3)CCC1CC2)C(c1ccccc1)c1ccccc1,1,1,0.9818837880291733,OK
1301,CHEMBL4446039,active_single,O=C(OCc1ccc(Cl)c(Cl)c1)N(c1ccccc1)C1CN2CCC1CC2,O=C(OCc1ccccc1)N(c1ccccc1)C1CN2CCC1CC2,1,1,0.9856367055423698,OK
1314,CHEMBL4457754,inactive_single,C[C@@]12CN(c3ccccc3)c3ccccc3[C@@H]1CCN2,c1ccc(N2CC3NCCC3c3ccccc32)cc1,0,0,0.6483989404336165,OK
1316,CHEMBL4462631,active_single,Cc1ccc(COC(=O)N(c2ccccc2)C2CN3CCC2CC3)cc1F,O=C(OCc1ccccc1)N(c1ccccc1)C1CN2CCC1CC2,1,1,0.9390567735695873,OK
1323,CHEMBL4473985,active_single,COc1ccc(COC(=O)N(c2ccccc2)C2CN3CCC2CC3)cc1F,O=C(OCc1ccccc1)N(c1ccccc1)C1CN2CCC1CC2,1,1,0.9446781685048582,OK
1334,CHEMBL4515788,active_single,CC(=O)N[C@@H](Cc1ccc(O)cc1)C(=O)N[C@@H](C)C(=O)N[C@@H](CCCCN)C(=O)NCCN1CCN(CCCCC2CCN(CC(=O)N3c4ccccc4NC(=O)c4ccccc43)CC2)CC1.O=C(O)C(F)(F)F.O=C(O)C(F)(F)F.O=C(O)C(F)(F)F.O=C(O)C(F)(F)F,O=C(CCc1ccccc1)NCC(=O)NCC(=O)NCCN1CCN(CCCCC2CCN(CC(=O)N3c4ccccc4NC(=O)c4ccccc43)CC2)CC1,1,1,0.9416932618976848,OK
1359,CHEMBL4572167,inactive_single,CC[C@H]1c2ccccc2N(c2ccccc2)C[C@@]1(C)N,c1ccc(N2CCCc3ccccc32)cc1,0,0,0.4248545822551656,OK
1416,CHEMBL4646245,inactive_single,C[N+](C)(C)C[C@@H]1CO[C@@H](c2ccccc2)CO1.[I-],c1ccc(C2COCCO2)cc1,0,0,0.024979141814401595,OK
1439,CHEMBL4756442,inactive_single,O=C(CCN1CCCc2ccccc21)N1CCC(O)CC1,O=C(CCN1CCCc2ccccc21)N1CCCCC1,0,0,0.031659027699628556,OK
1447,CHEMBL4760150,inactive_single,CC1CCCC(C)N1C(=O)CCN1CCCc2ccccc21,O=C(CCN1CCCc2ccccc21)N1CCCCC1,0,0,0.013442630948460463,OK
1448,CHEMBL4760904,inactive_single,CC1CCc2ccccc2N1CC(=O)N1CCCCC1,O=C(CN1CCCc2ccccc21)N1CCCCC1,0,0,0.06960253374177011,OK
1449,CHEMBL4761549,inactive_single,O=C(CN1CCCc2ccc(O)cc21)N1CCCCC1,O=C(CN1CCCc2ccccc21)N1CCCCC1,0,0,0.04333998329715677,OK
1450,CHEMBL4762056,inactive_single,O=C(CN1CCCc2ccccc21)N1CCCCC1,O=C(CN1CCCc2ccccc21)N1CCCCC1,0,0,0.04578168423546676,OK
1452,CHEMBL4763422,inactive_single,O=C(CCN1CCCc2ccccc21)N1CCCCC1CO,O=C(CCN1CCCc2ccccc21)N1CCCCC1,0,0,0.20762943842043366,OK
1460,CHEMBL4778178,inactive_single,O=C(CCN1CCCc2ccccc21)NCc1ccco1,O=C(CCN1CCCc2ccccc21)NCc1ccco1,0,0,0.008232434517202935,OK
1471,CHEMBL4787283,inactive_single,Cc1ccc2c(c1)CCCN2CC(=O)N1CCCCC1,O=C(CN1CCCc2ccccc21)N1CCCCC1,0,0,0.025285106056569043,OK
1474,CHEMBL4792360,inactive_single,O=C(CCN1CCCc2ccccc21)N1CCCC(O)C1,O=C(CCN1CCCc2ccccc21)N1CCCCC1,0,0,0.0717623953167956,OK
1492,CHEMBL4850130,active_single,N=C(N)NCCC[C@@H](N)C(=O)NCCN1CCN(CCCC2CCN(CC(=O)N3c4ccccc4NC(=O)c4ccccc43)CC2)CC1.O=C(O)C(F)(F)F.O=C(O)C(F)(F)F.O=C(O)C(F)(F)F.O=C(O)C(F)(F)F.O=C(O)C(F)(F)F,O=C1Nc2ccccc2N(C(=O)CN2CCC(CCCN3CCNCC3)CC2)c2ccccc21,1,1,0.8473164932282928,OK
1518,CHEMBL4871702,active_single,O=C(N[C@@H](c1ccccc1)c1ccc(-c2cccc(OCc3ccc(C(=O)N(CCCNC[C@H](O)c4ccc(O)c5[nH]c(=O)ccc45)Cc4ccccc4)cc3)c2)cc1)O[C@H]1CN2CCC1CC2,O=C(NC(c1ccccc1)c1ccc(-c2cccc(OCc3ccc(C(=O)N(CCCNCCc4cccc5[nH]c(=O)ccc45)Cc4ccccc4)cc3)c2)cc1)OC1CN2CCC1CC2,1,1,0.9999726409445329,OK
1527,CHEMBL4878138,active_single,COc1cc(C(=O)NCCN2CCC(OC(=O)Nc3ccccc3-c3ccccc3)CC2)c(Cl)cc1CNC[C@H](O)c1ccc(O)c2[nH]c(=O)ccc12,O=C(Nc1ccccc1-c1ccccc1)OC1CCN(CCNC(=O)c2ccc(CNCCc3cccc4[nH]c(=O)ccc34)cc2)CC1,1,1,0.9991786812376445,OK
1540,CHEMBL490,active,Fc1ccc([C@@H]2CCNC[C@H]2COc2ccc3c(c2)OCO3)cc1,c1ccc(C2CCNCC2COc2ccc3c(c2)OCO3)cc1,1,1,0.7597533100040438,OK
1598,CHEMBL503468,inactive_single,O=C(Nc1ccc2[nH]cc(C3CCN(CCCCCCCN4CCC(c5c[nH]c6ccc(NC(=O)c7ccc(F)cc7)cc56)CC4)CC3)c2c1)c1ccc(F)cc1,O=C(Nc1ccc2[nH]cc(C3CCN(CCCCCCCN4CCC(c5c[nH]c6ccc(NC(=O)c7ccccc7)cc56)CC4)CC3)c2c1)c1ccccc1,0,1,0.697016542547988,FP
1603,CHEMBL5074216,active,COc1ccc([C@H](Cc2c(Cl)c[n+]([O-])cc2Cl)OC(=O)c2ccc(CNC(C(=O)O[C@@H]3CCN(C)C3)c3ccccc3)s2)cc1OC,O=C(OC(Cc1cc[nH+]cc1)c1ccccc1)c1ccc(CNC(C(=O)OC2CCNC2)c2ccccc2)s1,1,1,0.9995754083070413,OK
1629,CHEMBL5086895,active_single,O=C(O[C@@H](Cc1c(Cl)c[n+]([O-])cc1Cl)c1ccc(OC(F)F)c(OCC2CC2)c1)c1cccc(CNC(C(=O)O[C@H]2CN3CCC2CC3)c2ccccc2)c1,O=C(OC(Cc1cc[nH+]cc1)c1cccc(OCC2CC2)c1)c1cccc(CNC(C(=O)OC2CN3CCC2CC3)c2ccccc2)c1,1,1,0.9999961716905346,OK
1644,CHEMBL5170720,active_single,O=C(N[C@@H](c1ccccc1)c1cccc(OCc2ccc(C(=O)O)o2)c1)O[C@H]1CN2CCC1CC2,O=C(NC(c1ccccc1)c1cccc(OCc2ccco2)c1)OC1CN2CCC1CC2,1,1,0.9935361711174371,OK
1652,CHEMBL5180420,active_single,COc1cc(C(=O)O)ccc1COc1cccc([C@@H](NC(=O)O[C@H]2CN3CCC2CC3)c2ccccc2)c1,O=C(NC(c1ccccc1)c1cccc(OCc2ccccc2)c1)OC1CN2CCC1CC2,1,1,0.9917864412347365,OK
1659,CHEMBL5193776,active_single,O=C(N[C@@H](c1ccccc1)c1cccc(OCc2ccc(C(=O)O)cc2F)c1)O[C@H]1CN2CCC1CC2,O=C(NC(c1ccccc1)c1cccc(OCc2ccccc2)c1)OC1CN2CCC1CC2,1,1,0.9938106236747332,OK
1661,CHEMBL5193865,active_single,COC(=O)c1ccc(COc2cccc([C@H](NC(=O)O[C@H]3CN4CCC3CC4)c3ccccc3)c2)cc1,O=C(NC(c1ccccc1)c1cccc(OCc2ccccc2)c1)OC1CN2CCC1CC2,1,1,0.9989658532955084,OK
1662,CHEMBL5194569,active_single,O=C(N[C@@H](c1ccccc1)c1cccc(OCc2ccc(C(=O)O)c(F)c2)c1)O[C@H]1CN2CCC1CC2,O=C(NC(c1ccccc1)c1cccc(OCc2ccccc2)c1)OC1CN2CCC1CC2,1,1,0.9900078073672558,OK
1663,CHEMBL5195203,active_single,COC(=O)c1ccc(COc2cccc(C(NC(=O)O[C@H]3CN4CCC3CC4)c3ccccc3)c2)cc1,O=C(NC(c1ccccc1)c1cccc(OCc2ccccc2)c1)OC1CN2CCC1CC2,1,1,0.9989658532955084,OK
1668,CHEMBL5200448,active_single,COC(=O)c1ccc(COc2cccc([C@@H](NC(=O)O[C@H]3CN4CCC3CC4)c3ccccc3)c2)cc1,O=C(NC(c1ccccc1)c1cccc(OCc2ccccc2)c1)OC1CN2CCC1CC2,1,1,0.9989658532955084,OK
1671,CHEMBL5202045,active_single,O=C(N[C@@H](c1ccccc1)c1cccc(OCc2cc(C(=O)O)co2)c1)O[C@H]1CN2CCC1CC2,O=C(NC(c1ccccc1)c1cccc(OCc2ccco2)c1)OC1CN2CCC1CC2,1,1,0.988864035061284,OK
1672,CHEMBL5202567,active_single,O=C(N[C@@H](c1ccccc1)c1cccc(OCc2ccc(C(=O)O)cc2)c1)O[C@H]1CN2CCC1CC2,O=C(NC(c1ccccc1)c1cccc(OCc2ccccc2)c1)OC1CN2CCC1CC2,1,1,0.9958374999803807,OK
1673,CHEMBL5202787,active_single,O=C(N[C@@H](c1ccccc1)c1cccc(OCc2cccc(C(=O)O)c2)c1)O[C@H]1CN2CCC1CC2,O=C(NC(c1ccccc1)c1cccc(OCc2ccccc2)c1)OC1CN2CCC1CC2,1,1,0.9982853087779956,OK
1708,CHEMBL5273907,active_single,CN1/C(=C/C=C/C=C/C2=[N+](CCCCCC(=O)NCCCCCCN3CCC(COC(=O)Nc4ccc(F)cc4-c4ccc(F)c(Cl)c4)CC3)c3ccccc3C2(C)C)C(C)(C)c2ccccc21,O=C(CCCCC[N+]1=C(C=CC=CC=C2Cc3ccccc3N2)Cc2ccccc21)NCCCCCCN1CCC(COC(=O)Nc2ccccc2-c2ccccc2)CC1,1,1,0.99991954728192,OK
1723,CHEMBL5289667,active_single,CN1/C(=C/C=C/C=C/C2=[N+](CCCCCC(=O)NCCCCCCCCN3CCC(OC(=O)Nc4ccc(F)cc4-c4ccc(F)c(Cl)c4)CC3)c3ccccc3C2(C)C)C(C)(C)c2ccccc21,O=C(CCCCC[N+]1=C(C=CC=CC=C2Cc3ccccc3N2)Cc2ccccc21)NCCCCCCCCN1CCC(OC(=O)Nc2ccccc2-c2ccccc2)CC1,1,1,0.9997869154504275,OK
1769,CHEMBL551063,active_single,O=C(O[C@H]1C[N+]2(CCCOc3ccccc3)CCC1CC2)C(c1cccs1)c1cccs1.[Br-],O=C(OC1C[N+]2(CCCOc3ccccc3)CCC1CC2)C(c1cccs1)c1cccs1,1,1,0.9997400926912977,OK
1773,CHEMBL551466,active,O=C(O[C@H]1C[N+]2(CCCOc3ccccc3)CCC1CC2)C(O)(c1cccs1)c1cccs1.[Br-],O=C(OC1C[N+]2(CCCOc3ccccc3)CCC1CC2)C(c1cccs1)c1cccs1,1,1,0.9992799057167899,OK
1802,CHEMBL554699,active_single,O=C(O[C@H]1CN2CCC1CC2)[C@@](O)(c1cccs1)C1CCCC1,O=C(OC1CN2CCC1CC2)C(c1cccs1)C1CCCC1,1,1,0.9921810866382746,OK
1829,CHEMBL5557820,active_single,O=C(NCCCOc1cccc([C@](O)(C(=O)O[C@H]2CCCN(Cc3ccccc3)C2)c2ccccc2)c1)c1ccc(CNC[C@H](O)c2ccc(O)c3[nH]c(=O)ccc23)cc1.O=CO,O=C(NCCCOc1cccc(C(C(=O)OC2CCCN(Cc3ccccc3)C2)c2ccccc2)c1)c1ccc(CNCCc2cccc3[nH]c(=O)ccc23)cc1,1,1,0.9999233668945766,OK
1831,CHEMBL5558093,active_single,O=C(NCc1ccc(-c2cccc([C@](O)(C(=O)OCC3CCN(Cc4ccccc4)CC3)c3ccccc3)c2)s1)c1ccc(CNC[C@H](O)c2ccc(O)c3[nH]c(=O)ccc23)cc1,O=C(NCc1ccc(-c2cccc(C(C(=O)OCC3CCN(Cc4ccccc4)CC3)c3ccccc3)c2)s1)c1ccc(CNCCc2cccc3[nH]c(=O)ccc23)cc1,1,1,0.9999858781539666,OK
1832,CHEMBL5558239,active_single,O=C(NCCCOc1cccc([C@](O)(C(=O)O[C@@H]2CCCN(Cc3ccccc3)C2)c2ccccc2)c1)c1ccc(CNC[C@H](O)c2ccc(O)c3[nH]c(=O)ccc23)cc1.O=CO,O=C(NCCCOc1cccc(C(C(=O)OC2CCCN(Cc3ccccc3)C2)c2ccccc2)c1)c1ccc(CNCCc2cccc3[nH]c(=O)ccc23)cc1,1,1,0.9999284436366785,OK
1840,CHEMBL5560206,inactive_single,CC(C)(C(=O)O)c1cccc(NCCN2CCC(=C3c4ccc(Cl)cc4CCc4cccnc43)CC2)c1,c1ccc(NCCN2CCC(=C3c4ccccc4CCc4cccnc43)CC2)cc1,0,0,0.09952005394568819,OK
1855,CHEMBL559931,active_single,CC1(C(=O)O[C@H]2C[N+]3(CCCOc4ccccc4)CCC2CC3)c2ccccc2-c2ccccc21.[Br-],O=C(OC1C[N+]2(CCCOc3ccccc3)CCC1CC2)C1c2ccccc2-c2ccccc21,1,1,0.9956980664045351,OK
1857,CHEMBL561187,active_single,CC(C(=O)O[C@H]1C[N+]2(CCCOc3ccccc3)CCC1CC2)(c1cccs1)c1cccs1.[Br-],O=C(OC1C[N+]2(CCCOc3ccccc3)CCC1CC2)C(c1cccs1)c1cccs1,1,1,0.9984422878091334,OK
1858,CHEMBL561870,active_single,O=C(O[C@H]1C[N+]2(CCCOc3ccccc3)CCC1CC2)C1(O)c2ccccc2-c2ccccc21.[Br-],O=C(OC1C[N+]2(CCCOc3ccccc3)CCC1CC2)C1c2ccccc2-c2ccccc21,1,1,0.9950457530022448,OK
1859,CHEMBL562642,active_single,O=C(O[C@H]1CN2CCC1CC2)[C@](O)(c1cccs1)C1CCCC1,O=C(OC1CN2CCC1CC2)C(c1cccs1)C1CCCC1,1,1,0.9950062957753905,OK
1947,CHEMBL5804988,active,COc1ccc([C@H](Cc2c(Cl)c[n+]([O-])cc2Cl)OC(=O)c2ccc(CNC(C(=O)O[C@H]3CCN(C)C3)c3ccccc3)s2)cc1OC,O=C(OC(Cc1cc[nH+]cc1)c1ccccc1)c1ccc(CNC(C(=O)OC2CCNC2)c2ccccc2)s1,1,1,0.9995452959953836,OK
1995,CHEMBL5854041,active,COc1ccc([C@H](Cc2c(Cl)c[n+]([O-])cc2Cl)OC(=O)c2ccc(CNC(C(=O)OC[C@H]3CCCN3C)c3ccccc3)s2)cc1OC,O=C(OC(Cc1cc[nH+]cc1)c1ccccc1)c1ccc(CNC(C(=O)OCC2CCCN2)c2ccccc2)s1,1,1,0.9986272017449938,OK
2007,CHEMBL5870595,active_single,O=C(O[C@H]1C[N+]2(CCCCc3ccccc3)CCC1CC2)C1C2C=CC=CC2OC2C=CC=CC21,O=C(OC1C[N+]2(CCCCc3ccccc3)CCC1CC2)C1C2C=CC=CC2OC2C=CC=CC21,1,1,0.9935268951694648,OK
2051,CHEMBL5924908,active_single,O=C(O[C@H]1C[N+]2(CCCc3cccs3)CCC1CC2)C1(O)C2C=CC=CC2OC2C=CC=CC21,O=C(OC1C[N+]2(CCCc3cccs3)CCC1CC2)C1C2C=CC=CC2OC2C=CC=CC21,1,1,0.9847795558619166,OK
2070,CHEMBL5940842,active_single,CC(Cc1cccc(CNC(=O)c2cccc(N(C)C(=O)CCN3CCC(OC(=O)Nc4ccccc4-c4ccccc4)CC3)c2)c1)NCC(O)c1ccc(O)c2[nH]c(=O)ccc12,O=C(CCN1CCC(OC(=O)Nc2ccccc2-c2ccccc2)CC1)Nc1cccc(C(=O)NCc2cccc(CCNCCc3cccc4[nH]c(=O)ccc34)c2)c1,1,1,0.9999608035426747,OK
2090,CHEMBL5955613,active,COc1ccc([C@H](Cc2c(Cl)c[n+]([O-])cc2Cl)OC(=O)c2ccc(CNC3CC(C(=O)O[C@H]4CN5CCC4CC5)(c4ccccc4)C3)s2)cc1OC,O=C(OC(Cc1cc[nH+]cc1)c1ccccc1)c1ccc(CNC2CC(C(=O)OC3CN4CCC3CC4)(c3ccccc3)C2)s1,1,1,0.9999215840198263,OK
2152,CHEMBL6014820,active,COc1ccc([C@H](Cc2c(Cl)c[n+]([O-])cc2Cl)OC(=O)c2ccc(CNC(C(=O)OC[C@@H]3CCCN3C)c3ccccc3)s2)cc1OC,O=C(OC(Cc1cc[nH+]cc1)c1ccccc1)c1ccc(CNC(C(=O)OCC2CCCN2)c2ccccc2)s1,1,1,0.9990979257653362,OK
2175,CHEMBL6045352,active,O=C(O[C@H]1C[N+]2(CCCOc3ccc(F)cc3)CCC1CC2)C(O)(c1cccs1)c1cccs1,O=C(OC1C[N+]2(CCCOc3ccccc3)CCC1CC2)C(c1cccs1)c1cccs1,1,1,0.9993144254219114,OK
2186,CHEMBL6052472,active_single,COc1ccc([C@H](Cc2c(Cl)c[n+]([O-])cc2Cl)OC(=O)c2ccc(CNCC(O)(C(=O)O[C@H]3CN4CCC3CC4)c3cccs3)s2)cc1OC,O=C(OC(Cc1cc[nH+]cc1)c1ccccc1)c1ccc(CNCC(C(=O)OC2CN3CCC2CC3)c2cccs2)s1,1,1,0.9997239202227212,OK
2217,CHEMBL66322,active_single,NCC1CCN(C(=O)[C@](O)(c2ccccc2)[C@@H]2CCC(F)(F)C2)CC1,O=C(C(c1ccccc1)C1CCCC1)N1CCCCC1,1,1,0.9040384982532175,OK
2218,CHEMBL66400,active_single,NCC1CCN(C(=O)[C@](O)(c2ccccc2)C2CCCC2)CC1,O=C(C(c1ccccc1)C1CCCC1)N1CCCCC1,1,1,0.6672339290930229,OK
2219,CHEMBL66820,active_single,NCCCC1CCN(C(=O)[C@](O)(c2ccccc2)[C@@H]2CCC(F)(F)C2)CC1,O=C(C(c1ccccc1)C1CCCC1)N1CCCCC1,1,1,0.8313596367335297,OK
2221,CHEMBL67814,active_single,O=C(N1CCNCC1)[C@](O)(c1ccccc1)[C@@H]1CCC(F)(F)C1,O=C(C(c1ccccc1)C1CCCC1)N1CCNCC1,1,1,0.9593484180319859,OK
2225,CHEMBL68584,active_single,NC1CCN(C(=O)[C@](O)(c2ccccc2)[C@@H]2CCC(F)(F)C2)CC1,O=C(C(c1ccccc1)C1CCCC1)N1CCCCC1,1,1,0.9281570344242098,OK
2228,CHEMBL68609,active_single,CC1(N)CCN(C(=O)[C@](O)(c2ccccc2)[C@@H]2CCC(F)(F)C2)CC1,O=C(C(c1ccccc1)C1CCCC1)N1CCCCC1,1,1,0.8766333314253105,OK
2229,CHEMBL69402,active_single,NCC(=O)N1CCN(C(=O)[C@](O)(c2ccccc2)[C@@H]2CCC(F)(F)C2)CC1,O=C(C(c1ccccc1)C1CCCC1)N1CCNCC1,1,1,0.829294528346898,OK
2230,CHEMBL69582,active_single,NCCN1CCN(C(=O)[C@](O)(c2ccccc2)[C@@H]2CCC(F)(F)C2)CC1,O=C(C(c1ccccc1)C1CCCC1)N1CCNCC1,1,1,0.8592228190440584,OK
2231,CHEMBL69648,active_single,NCCC1CCN(C(=O)[C@](O)(c2ccccc2)C2CCCC2)CC1,O=C(C(c1ccccc1)C1CCCC1)N1CCCCC1,1,1,0.7032176030091372,OK
2235,CHEMBL71147,active,C=C(c1ccc(S(=O)(=O)c2ccc(OC)cc2)cc1)C1CCN(C2CCCCC2)CC1,C=C(c1ccc(S(=O)(=O)c2ccccc2)cc1)C1CCN(C2CCCCC2)CC1,1,1,0.9537879594074333,OK
2236,CHEMBL71431,active_single,NC1CCN(C(=O)[C@](O)(c2ccccc2)C2CCCC2)CC1,O=C(C(c1ccccc1)C1CCCC1)N1CCCCC1,1,1,0.733312530581867,OK
2237,CHEMBL71483,active_single,CC(C)(N)CC1CCN(C(=O)[C@](O)(c2ccccc2)[C@@H]2CCC(F)(F)C2)CC1,O=C(C(c1ccccc1)C1CCCC1)N1CCCCC1,1,1,0.9510555995221471,OK
2241,CHEMBL71933,active_single,CNCCC1CCN(C(=O)[C@](O)(c2ccccc2)[C@@H]2CCC(F)(F)C2)CC1,O=C(C(c1ccccc1)C1CCCC1)N1CCCCC1,1,1,0.9812209119472431,OK
2266,CHEMBL936,active,OC(CCCN1CCCCC1)(c1ccccc1)c1ccccc1,c1ccc(C(CCCN2CCCCC2)c2ccccc2)cc1,1,0,0.1869507552760967,FN
49,CHEMBL118553,inactive_single,CCN1CC=C(c2ccccc2)C(C(=O)OCCCC2CCCCC2)C1.O=C(O)C(=O)O,O=C(OCCCC1CCCCC1)C1CNCC=C1c1ccccc1,0,1,0.9652260648988181,FP
55,CHEMBL1197028,active_single,O=C(O[C@H]1C[N+]2(CCc3ccccc3)CCC1CC2)C1c2ccccc2Oc2ccccc21,O=C(OC1C[N+]2(CCc3ccccc3)CCC1CC2)C1c2ccccc2Oc2ccccc21,1,1,0.9970803536575842,OK
60,CHEMBL1197251,active,O=C(O[C@H]1C[N+]2(CCc3ccccc3)CCC1CC2)C(O)(c1cccs1)c1cccs1,O=C(OC1C[N+]2(CCc3ccccc3)CCC1CC2)C(c1cccs1)c1cccs1,1,1,0.9995416700593832,OK
61,CHEMBL1197261,active_single,O=C(O[C@H]1C[N+]2(CCc3ccccc3)CCC1CC2)C1(O)c2ccccc2Oc2ccccc21,O=C(OC1C[N+]2(CCc3ccccc3)CCC1CC2)C1c2ccccc2Oc2ccccc21,1,1,0.9906167691241019,OK
62,CHEMBL1200406,active,CN(C)CCOC(c1ccccc1)c1ccccc1.Cn1c(=O)c2[nH]c(Cl)nc2n(C)c1=O,O=c1[nH]c(=O)c2[nH]cnc2[nH]1.c1ccc(Cc2ccccc2)cc1,1,1,0.847461259622658,OK
63,CHEMBL1200604,active,CCN(Cc1ccncc1)C(=O)C(CO)c1ccccc1,O=C(Cc1ccccc1)NCc1ccncc1,1,0,0.39885730700683697,FN
69,CHEMBL1201203,active,CN1[C@@H]2CC[C@H]1C[C@@H](OC(c1ccccc1)c1ccccc1)C2,c1ccc(C(OC2CC3CCC(C2)N3)c2ccccc2)cc1,1,1,0.994782622029594,OK
86,CHEMBL1289314,active_single,O=C(c1cnsn1)N1CCOC2(CCN(Cc3ccc(Cl)cc3)CC2)C1,O=C(c1cnsn1)N1CCOC2(CCN(Cc3ccccc3)CC2)C1,1,1,0.8469029636302041,OK
106,CHEMBL1354199,active,C[N+]1(C)[C@@H]2C[C@@H](OC(=O)[C@H](CO)c3ccccc3)C[C@H]1[C@@H]1O[C@@H]12.[Br-],O=C(Cc1ccccc1)OC1CC2[NH2+]C(C1)C1OC21,1,1,0.9335183091461673,OK
195,CHEMBL170221,active_single,CC(C1=C(CCN(C)C)Cc2ccccc21)c1ccccc1,C1=C(Cc2ccccc2)c2ccccc2C1,1,1,0.9833176566265542,OK
231,CHEMBL1779128,active_single,O=C(O[C@H]1C[N+]2(CCCc3cccs3)CCC1CC2)N(Cc1ccccc1)c1ccccc1.[Br-],O=C(OC1C[N+]2(CCCc3cccs3)CCC1CC2)N(Cc1ccccc1)c1ccccc1,1,1,0.999051564258024,OK
312,CHEMBL1921938,active_single,C[C@@](C(=O)O[C@H]1C[N+]2(CCOCc3ccccc3)CCC1CC2)(c1ccccc1)N1CCCCC1,O=C(OC1C[N+]2(CCOCc3ccccc3)CCC1CC2)C(c1ccccc1)N1CCCCC1,1,1,0.9990034364137101,OK
313,CHEMBL1921939,active_single,C[C@@](C(=O)O[C@H]1C[N+]2(CCOCCc3ccccc3)CCC1CC2)(c1ccccc1)N1CCCCC1,O=C(OC1C[N+]2(CCOCCc3ccccc3)CCC1CC2)C(c1ccccc1)N1CCCCC1,1,1,0.9992254267794431,OK
314,CHEMBL1921940,active_single,C[C@@](C(=O)O[C@H]1C[N+]2(CC(N)=O)CCC1CC2)(c1ccccc1)N1CCCCC1,O=C(OC1C[NH+]2CCC1CC2)C(c1ccccc1)N1CCCCC1,1,1,0.9959513006179318,OK
330,CHEMBL1922057,active_single,C[C@@](C(=O)O[C@H]1C[N+]2(Cc3cc(-c4ccccc4)no3)CCC1CC2)(c1cccs1)N1CCCCC1,O=C(OC1C[N+]2(Cc3cc(-c4ccccc4)no3)CCC1CC2)C(c1cccs1)N1CCCCC1,1,1,0.9995812274325758,OK
349,CHEMBL1924042,active_single,CC(C)[N+]12CCC(CC1)[C@@H](OC(=O)[C@](C)(c1ccccc1)N1CCCCC1)C2,O=C(OC1C[NH+]2CCC1CC2)C(c1ccccc1)N1CCCCC1,1,1,0.9993189098314479,OK
350,CHEMBL1924043,active_single,CCC(CC)[N+]12CCC(CC1)[C@@H](OC(=O)[C@](C)(c1ccccc1)N1CCCCC1)C2,O=C(OC1C[NH+]2CCC1CC2)C(c1ccccc1)N1CCCCC1,1,1,0.9995350770608816,OK
351,CHEMBL1924044,active_single,CCCC[N+]12CCC(CC1)[C@@H](OC(=O)[C@](C)(c1ccccc1)N1CCCCC1)C2,O=C(OC1C[NH+]2CCC1CC2)C(c1ccccc1)N1CCCCC1,1,1,0.9995688626510114,OK
352,CHEMBL1924045,active_single,C[C@@](C(=O)O[C@H]1C[N+]2(CCCC#N)CCC1CC2)(c1ccccc1)N1CCCCC1,O=C(OC1C[NH+]2CCC1CC2)C(c1ccccc1)N1CCCCC1,1,1,0.9996731925122024,OK
353,CHEMBL1924046,active_single,CC(C)=CCC[N+]12CCC(CC1)[C@@H](OC(=O)[C@](C)(c1ccccc1)N1CCCCC1)C2,O=C(OC1C[NH+]2CCC1CC2)C(c1ccccc1)N1CCCCC1,1,1,0.9998863087396128,OK
379,CHEMBL200566,active_single,CO[C@]1(C#CC(O)C2c3ccccc3C=Cc3ccccc32)CN2CCC1CC2,C(#CC1CN2CCC1CC2)CC1c2ccccc2C=Cc2ccccc21,1,1,0.9937406112663711,OK
380,CHEMBL200693,active_single,CO[C@]1(C#CC(O)(c2ccccc2)C2CCCCC2)CN2CCC1CC2,C(#CC(c1ccccc1)C1CCCCC1)C1CN2CCC1CC2,1,1,0.9995661697046536,OK
383,CHEMBL2021476,active_single,CN(C)[C@@H]1CCCC[C@H]1N(C)CC(=O)N1c2ccccc2NC(=O)c2ccccc21.O=C(O)C(=O)O.O=C(O)C(=O)O,O=C1Nc2ccccc2N(C(=O)CNC2CCCCC2)c2ccccc21,1,1,0.7787903469803821,OK
384,CHEMBL2021477,active_single,CN(C)[C@H]1CCCC[C@@H]1N(C)CC(=O)N1c2ccccc2NC(=O)c2ccccc21.O=C(O)C(=O)O.O=C(O)C(=O)O,O=C1Nc2ccccc2N(C(=O)CNC2CCCCC2)c2ccccc21,1,1,0.8055597347047383,OK
385,CHEMBL2021478,active_single,CN(C)[C@@H]1CCCC[C@@H]1N(C)CC(=O)N1c2ccccc2NC(=O)c2ccccc21.O=C(O)C(=O)O.O=C(O)C(=O)O,O=C1Nc2ccccc2N(C(=O)CNC2CCCCC2)c2ccccc21,1,1,0.7982562949710112,OK
386,CHEMBL2021479,active_single,CN(C)[C@H]1CCCC[C@H]1N(C)CC(=O)N1c2ccccc2NC(=O)c2ccccc21.O=C(O)C(=O)O.O=C(O)C(=O)O,O=C1Nc2ccccc2N(C(=O)CNC2CCCCC2)c2ccccc21,1,1,0.7192392129561984,OK
402,CHEMBL202729,active_single,Cc1c(NC2CCC2)nc(C2CC2)nc1N1CCCCCC1,c1c(NC2CCC2)nc(C2CC2)nc1N1CCCCCC1,1,1,0.9870645889308898,OK
432,CHEMBL206480,active_single,C=C1CCN(c2nc(C3CC3)nc(NC3CC3)c2C)CC1,C=C1CCN(c2cc(NC3CC3)nc(C3CC3)n2)CC1,1,1,0.9479499713079466,OK
442,CHEMBL208299,active_single,Cc1c(NC2CC2)nc(C2CC2)nc1N1CCc2ccccc2C1,c1ccc2c(c1)CCN(c1cc(NC3CC3)nc(C3CC3)n1)C2,1,1,0.9646575194795376,OK
471,CHEMBL212141,active_single,CC(C)NC(=O)[C@H]1CCCN1C(=O)[C@@H]1C[C@@H](O)CN1C(=O)CC(c1ccc(F)cc1)(c1ccc(F)cc1)c1ccc(F)cc1,O=C(C1CCCN1C(=O)CC(c1ccccc1)(c1ccccc1)c1ccccc1)N1CCCC1,1,1,0.9423752148672425,OK
474,CHEMBL21328,inactive_single,CN(C)CCN(C)C(=O)C1=C/C(=Cc2cccnc2)c2ccccc21,C1=Cc2ccccc2C1=Cc1cccnc1,0,0,0.430020810122112,OK
475,CHEMBL213709,active_single,CCN1CCC(CNC(=O)[C@H]2CCCN2C(=O)[C@@H]2C[C@@H](O)CN2C(=O)CC(c2ccc(F)cc2)(c2ccc(F)cc2)c2ccc(F)cc2)CC1,O=C(NCC1CCNCC1)C1CCCN1C(=O)C1CCCN1C(=O)CC(c1ccccc1)(c1ccccc1)c1ccccc1,1,1,0.9648360460480386,OK
478,CHEMBL214342,active_single,CN1CCC(CNC(=O)[C@H]2CCCN2C(=O)[C@@H]2C[C@@H](O)CN2C(=O)CC(c2ccc(F)cc2)(c2ccc(F)cc2)c2ccc(F)cc2)CC1,O=C(NCC1CCNCC1)C1CCCN1C(=O)C1CCCN1C(=O)CC(c1ccccc1)(c1ccccc1)c1ccccc1,1,1,0.9728084830205806,OK
479,CHEMBL214642,active_single,O=C(NCC1CCNCC1)[C@H]1CCCN1C(=O)[C@@H]1C[C@@H](O)CN1C(=O)CC(c1ccccc1)(c1ccccc1)c1ccccc1,O=C(NCC1CCNCC1)C1CCCN1C(=O)C1CCCN1C(=O)CC(c1ccccc1)(c1ccccc1)c1ccccc1,1,1,0.9923532355519228,OK
482,CHEMBL21508,inactive_single,CN(C)CCC1=C/C(=Cc2cccnc2)c2ccccc21,C1=Cc2ccccc2C1=Cc1cccnc1,0,0,0.6408174947597925,OK
484,CHEMBL215180,active,O=C(NCC1CCNCC1)[C@H]1CCCN1C(=O)[C@@H]1C[C@@H](O)CN1C(=O)CC(c1ccc(F)cc1)(c1ccc(F)cc1)c1ccc(F)cc1,O=C(NCC1CCNCC1)C1CCCN1C(=O)C1CCCN1C(=O)CC(c1ccccc1)(c1ccccc1)c1ccccc1,1,1,0.9604888516342324,OK
496,CHEMBL219825,active_single,CN1CCC[C@@H]1[C@@H]1CS[C@@](c2ccccc2)(C2CCCCC2)O1,c1ccc(C2(C3CCCCC3)OC(C3CCCN3)CS2)cc1,1,1,0.981381327613991,OK
512,CHEMBL2206599,active_single,CC(C)OC(=O)c1ccc(NC(=O)N[C@@H](Cc2ccc(O)cc2)C(=O)N2CCC[C@H]([N+](C)(C)Cc3ccc(Cl)cc3)C2)cc1,O=C(Nc1ccccc1)NC(Cc1ccccc1)C(=O)N1CCCC([NH2+]Cc2ccccc2)C1,1,1,0.9923812876217633,OK
514,CHEMBL2206602,active_single,CC(C)OC(=O)c1ccc(NC(=O)N[C@@H](Cc2ccc(O)cc2)C(=O)NCC[N+](C)(Cc2ccc(Cl)cc2)Cc2ccc(Cl)cc2)cc1,O=C(Nc1ccccc1)NC(Cc1ccccc1)C(=O)NCC[NH+](Cc1ccccc1)Cc1ccccc1,1,1,0.9994401662439608,OK
517,CHEMBL2206605,active_single,CC(C)OC(=O)c1ccc(NC(=O)N[C@@H](Cc2ccc(O)cc2)C(=O)NCC[N+](C)(Cc2ccc3ccccc3c2)Cc2ccc3ccccc3c2)cc1,O=C(Nc1ccccc1)NC(Cc1ccccc1)C(=O)NCC[NH+](Cc1ccc2ccccc2c1)Cc1ccc2ccccc2c1,1,1,0.9996375154197454,OK
523,CHEMBL2207177,active_single,CC(C)OC(=O)c1ccc(NC(=O)N[C@@H](Cc2ccc(O)cc2)C(=O)N2CCC[C@@H]([N+](C)(C)Cc3ccc(Cl)cc3)C2)cc1,O=C(Nc1ccccc1)NC(Cc1ccccc1)C(=O)N1CCCC([NH2+]Cc2ccccc2)C1,1,1,0.9946827547747166,OK
539,CHEMBL222449,active_single,C[N+]1(CC(=O)c2cccc(F)c2)CC[C@@H](N2CC(c3ccc(F)cc3)(c3ccc(F)cc3)NC2=O)C1,O=C(C[NH+]1CCC(N2CC(c3ccccc3)(c3ccccc3)NC2=O)C1)c1ccccc1,1,1,0.9818505079125134,OK
542,CHEMBL222636,active_single,C[N+]1(CC(=O)c2ccccc2)CCC(N2CC(c3ccccc3)(c3ccccc3)NC2=O)C1,O=C(C[NH+]1CCC(N2CC(c3ccccc3)(c3ccccc3)NC2=O)C1)c1ccccc1,1,1,0.996969705178335,OK
551,CHEMBL223055,active_single,C[N+]1(CCc2ccccc2)CCC(N2CC(c3ccccc3)(c3ccccc3)NC2=O)C1.[Br-],O=C1NC(c2ccccc2)(c2ccccc2)CN1C1CC[NH+](CCc2ccccc2)C1,1,1,0.8117331190061295,OK
556,CHEMBL223668,active_single,C[N+]1(CCc2ccccc2)CC[C@@H](N2CC(c3ccc(F)cc3)(c3ccc(F)cc3)NC2=O)C1,O=C1NC(c2ccccc2)(c2ccccc2)CN1C1CC[NH+](CCc2ccccc2)C1,1,1,0.88897399743068,OK
564,CHEMBL2308786,active,CN1[C@@H]2CC[C@H]1C[C@@H](CC(C(=O)NCc1ccccc1)(c1ccccc1)c1ccccc1)C2,O=C(NCc1ccccc1)C(CC1CC2CCC(C1)N2)(c1ccccc1)c1ccccc1,1,1,0.997438612774259,OK
591,CHEMBL237067,active_single,CC(C)=CCn1c(N2CCC[C@H](N)C2)nc2c1c(=O)n(CC(=O)c1ccccc1)c(=O)n2C,O=C(Cn1c(=O)[nH]c2nc(N3CCCCC3)[nH]c2c1=O)c1ccccc1,1,1,0.7836039878204358,OK
614,CHEMBL242345,active_single,COc1ccccc1CNCCCCCCN1CCC(CCC2CCN(CCCCCCNCc3ccccc3OC)CC2)CC1,c1ccc(CNCCCCCCN2CCC(CCC3CCN(CCCCCCNCc4ccccc4)CC3)CC2)cc1,1,1,0.999528542982359,OK
635,CHEMBL255692,inactive_single,CN(CCCC(O)(c1ccccc1)c1ccccc1)CCN(C)CCCC(O)(c1ccccc1)c1ccccc1.Cl.Cl,c1ccc(C(CCCNCCNCCCC(c2ccccc2)c2ccccc2)c2ccccc2)cc1,0,1,0.9832079750089256,FP
659,CHEMBL279520,inactive_single,CN(C)CCNC(=O)C1=C/C(=Cc2cccnc2)c2ccccc21,C1=Cc2ccccc2C1=Cc1cccnc1,0,0,0.06068979256735079,OK
661,CHEMBL280684,inactive_single,CN(C)CCOC(=O)C1=C/C(=Cc2cccnc2)c2ccccc21,C1=Cc2ccccc2C1=Cc1cccnc1,0,0,0.44254899085611815,OK
716,CHEMBL3084418,active_single,C[N+]1(C)[C@@H]2CCC[C@H]1C[C@H](C=C(c1cccs1)c1cccs1)C2.[Br-],C(=C(c1cccs1)c1cccs1)C1CC2CCCC(C1)[NH2+]2,1,1,0.9674824340301339,OK
718,CHEMBL3084447,inactive_single,CCOC(=O)N1C[C@H]2CC[C@@H](C1)[C@H]2NCCNC(=O)c1ccccc1,O=C(NCCNC1C2CCC1CNC2)c1ccccc1,0,0,0.22635798318899192,OK
741,CHEMBL3085059,active_single,C[N+]1(C)[C@@H]2CC[C@H]1C[C@H](OC(=O)N(Cc1cccs1)c1ccccc1)C2.[Br-],O=C(OC1CC2CCC(C1)[NH2+]2)N(Cc1cccs1)c1ccccc1,1,1,0.997689431530343,OK
745,CHEMBL3085067,active_single,Cc1ccc(CN(C(=O)O[C@@H]2C[C@H]3CC[C@@H](C2)[N+]3(C)C)c2ccccc2)s1.[Br-],O=C(OC1CC2CCC(C1)[NH2+]2)N(Cc1cccs1)c1ccccc1,1,1,0.9968669032030788,OK
746,CHEMBL3085068,active_single,Cc1ccsc1CN(C(=O)O[C@H]1C[C@H]2CC[C@@H](C1)[N+]2(C)C)c1ccccc1.[Br-],O=C(OC1CC2CCC(C1)[NH2+]2)N(Cc1cccs1)c1ccccc1,1,1,0.9970592643021188,OK
763,CHEMBL3085092,active_single,CN1[C@@H]2CC[C@H]1C[C@@H](OC(=O)N(CC1CCCCC1)c1ccsc1)C2,O=C(OC1CC2CCC(C1)N2)N(CC1CCCCC1)c1ccsc1,1,1,0.9998355409911535,OK
765,CHEMBL308566,active_single,C=C(c1ccc(S(=O)(=O)c2ccc(OC)cc2)cc1)C1CCN(C2CCN(C(=O)OCC)CC2)CC1,C=C(c1ccc(S(=O)(=O)c2ccccc2)cc1)C1CCN(C2CCNCC2)CC1,1,0,0.4542273669381824,FN
776,CHEMBL3087239,active_single,O=C(C[N+]12CCC(CC1)[C@@H](OC(=O)C1(C3=CC=CC3)CCCCCC1)C2)N1CCOCC1,O=C(C[N+]12CCC(CC1)C(OC(=O)C1(C3=CC=CC3)CCCCCC1)C2)N1CCOCC1,1,1,0.8835235736746344,OK
818,CHEMBL3087961,active_single,O=C(O[C@H]1CN2CCC1CC2)C1(c2ccccc2)CCCCCC1,O=C(OC1CN2CCC1CC2)C1(c2ccccc2)CCCCCC1,1,1,0.9979077502172006,OK
824,CHEMBL3088080,active_single,O=C(O[C@H]1C[N+]2(CCc3ccccc3)CCC1CC2)C1(C2=CC=CC2)CCCCCC1,O=C(OC1C[N+]2(CCc3ccccc3)CCC1CC2)C1(C2=CC=CC2)CCCCCC1,1,1,0.9990305400662133,OK
826,CHEMBL3088082,active_single,O=C(O[C@H]1C[N+]2(CCc3cccc(Cl)c3)CCC1CC2)C1(C2=CC=CC2)CCCCCC1,O=C(OC1C[N+]2(CCc3ccccc3)CCC1CC2)C1(C2=CC=CC2)CCCCCC1,1,1,0.9971109312522932,OK
827,CHEMBL3088083,active_single,N#Cc1ccc(CC[N+]23CCC(CC2)[C@@H](OC(=O)C2(C4=CC=CC4)CCCCCC2)C3)cc1,O=C(OC1C[N+]2(CCc3ccccc3)CCC1CC2)C1(C2=CC=CC2)CCCCCC1,1,1,0.9973235626055554,OK
835,CHEMBL3091667,active_single,C[N+]1(C)[C@@H]2C[C@H](OC(=O)[C@H](CO)c3ccccc3)C[C@H]1[C@@H]1O[C@@H]12.[Br-],O=C(Cc1ccccc1)OC1CC2[NH2+]C(C1)C1OC21,1,1,0.9335183091461673,OK
836,CHEMBL3091668,active_single,C[N+]1(C)[C@@H]2C[C@H](OC(=O)C(O)c3ccccc3)C[C@H]1[C@@H]1O[C@@H]12.[Br-],O=C(Cc1ccccc1)OC1CC2[NH2+]C(C1)C1OC21,1,1,0.9353888978066409,OK
893,CHEMBL334255,active,CCCCCCCCCCCCCCCC[n+]1ccccc1.[Br-],c1cc[nH+]cc1,1,1,0.9885285415521434,OK
911,CHEMBL3401640,active_single,O=C(N[C@H]1CN2CCC1CC2)C(O)(c1ccccc1)c1ccccc1,O=C(NC1CN2CCC1CC2)C(c1ccccc1)c1ccccc1,1,1,0.8210629197306234,OK
971,CHEMBL359197,active_single,O=C(NC1CCN(Cc2ccncc2)CC1)C(O)(c1ccccc1)C1CCCC1,O=C(NC1CCN(Cc2ccncc2)CC1)C(c1ccccc1)C1CCCC1,1,1,0.8501611614753052,OK
977,CHEMBL3629357,active_single,O=c1ccc2c([C@@H](O)CNCCc3ccc(CCN4CCC(Cn5cnc(C(O)(c6ccccc6)c6ccccc6)n5)CC4)cc3)ccc(O)c2[nH]1,O=c1ccc2c(CCNCCc3ccc(CCN4CCC(Cn5cnc(C(c6ccccc6)c6ccccc6)n5)CC4)cc3)cccc2[nH]1,1,1,0.9379402924574919,OK
987,CHEMBL3643413,inactive_single,CCC(=O)N1CC[C@H](Nc2ncnc3c2CN(c2cnc(OC)c(C(F)(F)F)c2)CC3)C1,c1cncc(N2CCc3ncnc(NC4CCNC4)c3C2)c1,0,0,0.022950036513692852,OK
1012,CHEMBL3645298,active,CN(C(=O)CCN1CCC(OC(=O)Nc2ccccc2-c2ccccc2)CC1)c1cccc(C(=O)Nc2cccc(CCNC[C@H](O)c3ccc(O)c4[nH]c(=O)ccc34)c2)c1,O=C(CCN1CCC(OC(=O)Nc2ccccc2-c2ccccc2)CC1)Nc1cccc(C(=O)Nc2cccc(CCNCCc3cccc4[nH]c(=O)ccc34)c2)c1,1,1,0.9997373363896113,OK
1013,CHEMBL3645299,active,Cc1ccc(C(=O)Nc2cccc(CCNC[C@H](O)c3ccc(O)c4[nH]c(=O)ccc34)c2)cc1N(C)C(=O)CCN1CCC(OC(=O)Nc2ccccc2-c2ccccc2)CC1,O=C(CCN1CCC(OC(=O)Nc2ccccc2-c2ccccc2)CC1)Nc1cccc(C(=O)Nc2cccc(CCNCCc3cccc4[nH]c(=O)ccc34)c2)c1,1,1,0.9981784239367294,OK
1015,CHEMBL3645301,active,CC(Cc1cccc(NC(=O)c2cccc(N(C)C(=O)CCN3CCC(OC(=O)Nc4ccccc4-c4ccccc4)CC3)c2)c1)NC[C@H](O)c1ccc(O)c2[nH]c(=O)ccc12,O=C(CCN1CCC(OC(=O)Nc2ccccc2-c2ccccc2)CC1)Nc1cccc(C(=O)Nc2cccc(CCNCCc3cccc4[nH]c(=O)ccc34)c2)c1,1,1,0.9998522274737117,OK
1016,CHEMBL3645302,active,Cc1ccc(C(=O)Nc2cccc(CC(C)NC[C@H](O)c3ccc(O)c4[nH]c(=O)ccc34)c2)cc1N(C)C(=O)CCN1CCC(OC(=O)Nc2ccccc2-c2ccccc2)CC1,O=C(CCN1CCC(OC(=O)Nc2ccccc2-c2ccccc2)CC1)Nc1cccc(C(=O)Nc2cccc(CCNCCc3cccc4[nH]c(=O)ccc34)c2)c1,1,1,0.9989598294289452,OK
1017,CHEMBL3645303,active,C[C@H](Cc1cccc(NC(=O)c2cccc(N(C)C(=O)CCN3CCC(OC(=O)Nc4ccccc4-c4ccccc4)CC3)c2)c1)NC[C@H](O)c1ccc(O)c2[nH]c(=O)ccc12,O=C(CCN1CCC(OC(=O)Nc2ccccc2-c2ccccc2)CC1)Nc1cccc(C(=O)Nc2cccc(CCNCCc3cccc4[nH]c(=O)ccc34)c2)c1,1,1,0.9999064339566701,OK
1018,CHEMBL3645304,active,C[C@@H](Cc1cccc(NC(=O)c2cccc(N(C)C(=O)CCN3CCC(OC(=O)Nc4ccccc4-c4ccccc4)CC3)c2)c1)NC[C@H](O)c1ccc(O)c2[nH]c(=O)ccc12,O=C(CCN1CCC(OC(=O)Nc2ccccc2-c2ccccc2)CC1)Nc1cccc(C(=O)Nc2cccc(CCNCCc3cccc4[nH]c(=O)ccc34)c2)c1,1,1,0.9998615161122301,OK
1090,CHEMBL371734,active,CO[C@]1(C#C[C@@](O)(c2ccccc2)C2CCCCC2)CN2CCC1CC2,C(#CC(c1ccccc1)C1CCCCC1)C1CN2CCC1CC2,1,1,0.999351046930302,OK
1100,CHEMBL374513,active_single,C[N+]1(CC(=O)c2ccccc2)CC[C@@H](N2CC(c3ccc(F)cc3)(c3ccc(F)cc3)NC2=O)C1,O=C(C[NH+]1CCC(N2CC(c3ccccc3)(c3ccccc3)NC2=O)C1)c1ccccc1,1,1,0.9892625253608051,OK
1109,CHEMBL376255,active_single,CN1CCC[C@H]1[C@H]1CS[C@](c2ccccc2)(C2CCCCC2)O1,c1ccc(C2(C3CCCCC3)OC(C3CCCN3)CS2)cc1,1,1,0.9948118061031166,OK
1112,CHEMBL376870,active_single,CN1CCC[C@@H]1[C@@H]1CS[C@](c2ccccc2)(C2CCCCC2)O1,c1ccc(C2(C3CCCCC3)OC(C3CCCN3)CS2)cc1,1,1,0.9875617878827413,OK
1113,CHEMBL376897,active,C[N+]1(C)[C@@H]2C[C@@H](OC(=O)[C@H](CO)c3ccccc3)C[C@H]1[C@@H]1O[C@@H]12,O=C(Cc1ccccc1)OC1CC2[NH2+]C(C1)C1OC21,1,1,0.9893750360425231,OK
1121,CHEMBL378872,active_single,O=C(NCC1CCNCC1)[C@H]1CCCN1C(=O)[C@@H]1C[C@@H](O)CN1C(=O)CC(c1ccc(Cl)cc1)(c1ccc(Cl)cc1)c1ccc(Cl)cc1,O=C(NCC1CCNCC1)C1CCCN1C(=O)C1CCCN1C(=O)CC(c1ccccc1)(c1ccccc1)c1ccccc1,1,1,0.9935787922069739,OK
1125,CHEMBL379483,active_single,O=C(NCC1CCNCC1)[C@H]1CCCN1C(=O)[C@@H]1CCCN1C(=O)CC(c1ccccc1)(c1ccccc1)c1ccccc1.O=C(O)C(F)(F)F,O=C(NCC1CCNCC1)C1CCCN1C(=O)C1CCCN1C(=O)CC(c1ccccc1)(c1ccccc1)c1ccccc1,1,1,0.977426818172224,OK
1146,CHEMBL385328,active_single,CN1CCC[C@H]1[C@H]1CS[C@@](c2ccccc2)(C2CCCCC2)O1,c1ccc(C2(C3CCCCC3)OC(C3CCCN3)CS2)cc1,1,1,0.9914382112511362,OK
1161,CHEMBL390839,active_single,C[N+]1(C)CCC(N2CC(c3ccccc3)(c3ccccc3)NC2=O)CC1,O=C1NC(c2ccccc2)(c2ccccc2)CN1C1CC[NH2+]CC1,1,1,0.9795981529146601,OK
1172,CHEMBL392045,active_single,CN(C)C1(CCCCC2CCCCC2)COc2ccccc2OC1,c1ccc2c(c1)OCC(CCCCC1CCCCC1)CO2,1,1,0.9997593913205947,OK
1184,CHEMBL3948162,active,O=C(O[C@H]1C[N+]2(C/C=C/c3ccccc3)CCC1CC2)C(O)(c1ccccc1)c1ccco1,O=C(OC1C[N+]2(CC=Cc3ccccc3)CCC1CC2)C(c1ccccc1)c1ccco1,1,1,0.9995121902743729,OK
1214,CHEMBL4070061,inactive_single,CN1CCCC(OCc2cccnc2)C1,c1cncc(COC2CCCNC2)c1,0,0,0.17565671805773939,OK
1218,CHEMBL4083241,inactive_single,c1cncc(COC2CCCNC2)c1,c1cncc(COC2CCCNC2)c1,0,0,0.13094725636934137,OK
1220,CHEMBL4085780,inactive_single,O=C1CCc2ccccc2N1CCCN1CCN(c2ccccc2)CC1,O=C1CCc2ccccc2N1CCCN1CCN(c2ccccc2)CC1,0,0,0.04590758124173691,OK
1260,CHEMBL42,active,CN1CCN(C2=Nc3cc(Cl)ccc3Nc3ccccc32)CC1,c1ccc2c(c1)N=C(N1CCNCC1)c1ccccc1N2,1,0,0.35239465145437265,FN
1261,CHEMBL420008,active_single,C=C(c1ccc(S(=O)(=O)c2ccc(OC)cc2)cc1)C1CCN(C2CCNCC2)CC1,C=C(c1ccc(S(=O)(=O)c2ccccc2)cc1)C1CCN(C2CCNCC2)CC1,1,0,0.6303785073943324,FN
1263,CHEMBL421113,active_single,C=C(c1ccc(S(=O)(=O)c2ccc(OC)cc2)cc1)C1CCN(C2CCN(S(=O)(=O)CCC)CC2)CC1,C=C(c1ccc(S(=O)(=O)c2ccccc2)cc1)C1CCN(C2CCNCC2)CC1,1,1,0.7603262915023689,OK
1274,CHEMBL428962,active_single,CO[C@]1(C#C[C@](O)(c2ccccc2)C2CCCCC2)CN2CCC1CC2,C(#CC(c1ccccc1)C1CCCCC1)C1CN2CCC1CC2,1,1,0.9987174450317596,OK
1283,CHEMBL434765,active_single,Cc1c(N2CCCCCC2)nc(C2CC2)nc1N1CCCCC1,c1c(N2CCCCCC2)nc(C2CC2)nc1N1CCCCC1,1,1,0.9873519479762817,OK
1307,CHEMBL4451383,active_single,CC(=O)N[C@@H](Cc1ccc(O)cc1)C(=O)N[C@@H](CCCCN)C(=O)NCCN1CCN(CCCCC2CCN(CC(=O)N3c4ccccc4NC(=O)c4ccccc43)CC2)CC1.O=C(O)C(F)(F)F.O=C(O)C(F)(F)F.O=C(O)C(F)(F)F.O=C(O)C(F)(F)F,O=C(CCc1ccccc1)NCC(=O)NCCN1CCN(CCCCC2CCN(CC(=O)N3c4ccccc4NC(=O)c4ccccc43)CC2)CC1,1,1,0.940670866519921,OK
1339,CHEMBL4528651,inactive_single,CC[C@H]1c2cc(C)ccc2OC[C@@]1(C)N,c1ccc2c(c1)CCCO2,0,0,0.5215235372725004,OK
1362,CHEMBL4576768,active_single,O=C(OCc1ccc2c(c1)OCO2)N(c1ccccc1)C1CN2CCC1CC2,O=C(OCc1ccc2c(c1)OCO2)N(c1ccccc1)C1CN2CCC1CC2,1,1,0.9927152612278773,OK
1379,CHEMBL4632615,active_single,O=C(Nc1ccc(F)cc1-c1ccccc1)N[C@H]1CN2CCC1CC2,O=C(Nc1ccccc1-c1ccccc1)NC1CN2CCC1CC2,1,1,0.888876140034937,OK
1396,CHEMBL4639307,active_single,C[N@+]12CC[C@H](CC1)[C@@H](OC(=O)Nc1ccc(F)cc1-c1ccccc1)C2.O=C([O-])C(F)(F)F,O=C(Nc1ccccc1-c1ccccc1)OC1C[NH+]2CCC1CC2,1,1,0.9987261296700817,OK
1402,CHEMBL4641531,inactive_single,C[N+](C)(C)C[C@@H]1CO[C@@H](c2ccc(S(=O)(=O)c3ccccc3)cc2)CO1.[I-],O=S(=O)(c1ccccc1)c1ccc(C2COCCO2)cc1,0,0,0.23145427628364723,OK
1404,CHEMBL4643643,active_single,CN1[C@@H]2CC[C@H]1C[C@H](OC(=O)Nc1ccc(F)cc1-c1ccccc1)C2,O=C(Nc1ccccc1-c1ccccc1)OC1CC2CCC(C1)N2,1,1,0.9986033304616438,OK
1406,CHEMBL4644192,active_single,C[N@+]12CC[C@H](CC1)[C@@H](OC(=O)Nc1ccccc1-c1ccccc1)C2.O=C([O-])C(F)(F)F,O=C(Nc1ccccc1-c1ccccc1)OC1C[NH+]2CCC1CC2,1,1,0.9992968091717463,OK
1425,CHEMBL4649668,inactive_single,C[N+](C)(C)C[C@@H]1COC[C@H](c2ccc(S(=O)(=O)c3ccccc3)cc2)O1.[I-],O=S(=O)(c1ccccc1)c1ccc(C2COCCO2)cc1,0,0,0.26311555581603213,OK
1438,CHEMBL4756237,inactive_single,O=C(CN1CCCc2cnccc21)N1CCCC1,O=C(CN1CCCc2cnccc21)N1CCCC1,0,0,0.0012652469377612394,OK
1440,CHEMBL4756873,inactive_single,O=C(CCN1CCCc2ccccc21)Nc1cccnn1,O=C(CCN1CCCc2ccccc21)Nc1cccnn1,0,0,0.007481072281984145,OK
1444,CHEMBL4758742,inactive_single,CCn1c2ccccc2c2ccc(NCC(=O)N3CCCCC3)cc21,O=C(CNc1ccc2c(c1)[nH]c1ccccc12)N1CCCCC1,0,0,0.14953374874333444,OK
1521,CHEMBL4874580,inactive_single,Cn1cc2c(-c3cc(F)c(CN4Cc5cnn(CC6CCCO6)c5C4=O)c(F)c3)cccc2n1,O=C1c2c(cnn2CC2CCCO2)CN1Cc1ccc(-c2cccc3n[nH]cc23)cc1,0,0,0.026833491285086695,OK
1522,CHEMBL4874819,active_single,O=C(NC(c1ccccc1)c1cccc(OCCCCCNC[C@H](O)c2ccc(O)c3[nH]c(=O)ccc23)c1)O[C@H]1CN2CCC1CC2,O=C(NC(c1ccccc1)c1cccc(OCCCCCNCCc2cccc3[nH]c(=O)ccc23)c1)OC1CN2CCC1CC2,1,1,0.999103681252635,OK
1572,CHEMBL493979,active,CN1CCC[C@@H]1[C@@H]1C[S+]([O-])[C@](c2ccccc2)(C2CCCCC2)O1,c1ccc(C2(C3CCCCC3)OC(C3CCCN3)C[SH+]2)cc1,1,1,0.992607309691449,OK
1573,CHEMBL493980,active,CN1CCC[C@H]1[C@H]1C[S+]([O-])[C@@](c2ccccc2)(C2CCCCC2)O1,c1ccc(C2(C3CCCCC3)OC(C3CCCN3)C[SH+]2)cc1,1,1,0.9934812174874323,OK
1590,CHEMBL496915,active,CN1CCC[C@@H]1[C@@H]1C[S+]([O-])[C@@](c2ccccc2)(C2CCCCC2)O1,c1ccc(C2(C3CCCCC3)OC(C3CCCN3)C[SH+]2)cc1,1,1,0.9874008905359142,OK
1605,CHEMBL5075132,active_single,COc1ccc([C@H](Cc2c(Cl)c[n+]([O-])cc2Cl)OC(=O)c2ccc(CN(C(=O)O[C@H]3CN4CCC3CC4)c3ccccc3)cc2F)cc1OC,O=C(OC(Cc1cc[nH+]cc1)c1ccccc1)c1ccc(CN(C(=O)OC2CN3CCC2CC3)c2ccccc2)cc1,1,1,0.9998543936444589,OK
1608,CHEMBL5076535,active,COc1ccc([C@H](Cc2c(Cl)c[n+]([O-])cc2Cl)OC(=O)c2ccc(CNC(C(=O)OCCN(C)C)c3ccccc3)s2)cc1OC,O=C(OC(Cc1cc[nH+]cc1)c1ccccc1)c1ccc(CNCc2ccccc2)s1,1,1,0.9981011553243905,OK
1613,CHEMBL5077161,active_single,COc1ccc([C@H](Cc2c(Cl)c[n+]([O-])cc2Cl)OC(=O)c2ccc(CN(C(=O)O[C@H]3CN4CCC3CC4)c3ccccc3)cc2)cc1OC,O=C(OC(Cc1cc[nH+]cc1)c1ccccc1)c1ccc(CN(C(=O)OC2CN3CCC2CC3)c2ccccc2)cc1,1,1,0.9998987116209124,OK
1620,CHEMBL5081214,active_single,O=C(O[C@@H](Cc1c(Cl)c[n+]([O-])cc1Cl)c1ccc(OC(F)F)c(OCC2CC2)c1)c1cccc(S(=O)(=O)NC(C(=O)O[C@H]2CN3CCC2CC3)c2ccccc2)c1,O=C(OC(Cc1cc[nH+]cc1)c1cccc(OCC2CC2)c1)c1cccc(S(=O)(=O)NC(C(=O)OC2CN3CCC2CC3)c2ccccc2)c1,1,1,0.999993554521546,OK
1621,CHEMBL5081816,active,COc1ccc([C@H](Cc2c(Cl)c[n+]([O-])cc2Cl)OC(=O)c2ccc(CNC(C(=O)OCC3CCN(C)CC3)c3ccccc3)s2)cc1OC,O=C(OC(Cc1cc[nH+]cc1)c1ccccc1)c1ccc(CNC(C(=O)OCC2CCNCC2)c2ccccc2)s1,1,1,0.9993713820872177,OK
1687,CHEMBL522418,inactive_single,OC(c1ccccc1)(c1ccccc1)C12CC[N+](CCOc3ccccc3)(CC1)CC2.[Br-],c1ccc(OCC[N+]23CCC(C(c4ccccc4)c4ccccc4)(CC2)CC3)cc1,0,0,0.05522023538410903,OK
1698,CHEMBL524061,active,CN1CCC[C@H]1[C@H]1C[S+]([O-])[C@](c2ccccc2)(C2CCCCC2)O1,c1ccc(C2(C3CCCCC3)OC(C3CCCN3)C[SH+]2)cc1,1,1,0.9941326534243441,OK
1710,CHEMBL5277670,active_single,CN1/C(=C/C=C/C=C/C2=[N+](CCCCCC(=O)NCCCCCCN3CCC(OC(=O)Nc4ccc(F)cc4-c4ccc(F)c(Cl)c4)CC3)c3ccccc3C2(C)C)C(C)(C)c2ccccc21,O=C(CCCCC[N+]1=C(C=CC=CC=C2Cc3ccccc3N2)Cc2ccccc21)NCCCCCCN1CCC(OC(=O)Nc2ccccc2-c2ccccc2)CC1,1,1,0.9998510104734072,OK
1752,CHEMBL5419862,active_single,CCOc1cc([C@H](Cc2c(Cl)cncc2Cl)OC(=O)c2ccc(CN[C@@](CO)(C(=O)O[C@H]3CN4CCC3CC4)c3ccccc3)s2)ccc1OC,O=C(OC(Cc1ccncc1)c1ccccc1)c1ccc(CNC(C(=O)OC2CN3CCC2CC3)c2ccccc2)s1,1,1,0.9986779975696883,OK
1757,CHEMBL543113,active_single,CN1C2CCC1CC(OC(c1ccc(F)cc1)c1ccc(F)cc1)C2.Cl,c1ccc(C(OC2CC3CCC(C2)N3)c2ccccc2)cc1,1,1,0.9285855396402097,OK
1778,CHEMBL5517803,active_single,CN1CCC[C@@H](OC(=O)[C@](O)(c2ccccc2)c2cccc(OCCCNC(=O)c3cnc(CNC[C@H](O)c4ccc(O)c5[nH]c(=O)ccc45)nc3)c2)C1.O=CO,O=C(NCCCOc1cccc(C(C(=O)OC2CCCNC2)c2ccccc2)c1)c1cnc(CNCCc2cccc3[nH]c(=O)ccc23)nc1,1,1,0.9984757706958203,OK
1817,CHEMBL5555844,inactive_single,CC(C)(C(=O)O)c1cccc(CC(O)CN2CCC(=C3c4ccc(Cl)cc4CCc4cccnc43)CC2)c1,c1ccc(CCCN2CCC(=C3c4ccccc4CCc4cccnc43)CC2)cc1,0,0,0.17743081037634434,OK
1822,CHEMBL5556597,inactive_single,CC(C)(C(=O)O)c1ccc(CCCN2CCC(=C3c4ccc(Cl)cc4CCc4cccnc43)CC2)cc1,c1ccc(CCCN2CCC(=C3c4ccccc4CCc4cccnc43)CC2)cc1,0,0,0.057382151719524294,OK
1835,CHEMBL5558681,inactive_single,O=C(O)c1ccc(CCCN2CCC(=C3c4ccc(Cl)cc4CCc4cccnc43)CC2)cc1,c1ccc(CCCN2CCC(=C3c4ccccc4CCc4cccnc43)CC2)cc1,0,0,0.16804471402536825,OK
1839,CHEMBL5559786,inactive_single,CC(C)(C(=O)O)c1cccc(CCCN2CCC(=C3c4ccc(Cl)cc4CCc4cccnc43)CC2)c1,c1ccc(CCCN2CCC(=C3c4ccccc4CCc4cccnc43)CC2)cc1,0,0,0.1680966984350598,OK
1850,CHEMBL5567709,inactive_single,CC(C)(C(=O)O)c1ccccc1CCCN1CCC(=C2c3ccc(Cl)cc3CCc3cccnc32)CC1,c1ccc(CCCN2CCC(=C3c4ccccc4CCc4cccnc43)CC2)cc1,0,0,0.1596118646023576,OK
1851,CHEMBL5568499,inactive_single,CC(C)(C(=O)O)c1ccc(CCCN2CCC(=C3c4ccc(Cl)cc4CCc4cccnc43)CC2)c(F)c1,c1ccc(CCCN2CCC(=C3c4ccccc4CCc4cccnc43)CC2)cc1,0,0,0.08372060348886082,OK
1854,CHEMBL559106,active_single,O=C(O[C@H]1C[N+]2(CCc3ccccc3)CCC1CC2)C1c2ccccc2Oc2ccccc21.[Br-],O=C(OC1C[N+]2(CCc3ccccc3)CCC1CC2)C1c2ccccc2Oc2ccccc21,1,1,0.9809515224000751,OK
1865,CHEMBL5639365,active_single,CN1CCC(Oc2nc3ccccc3n2-c2ccccc2)C1,c1ccc(-n2c(OC3CCNC3)nc3ccccc32)cc1,1,1,0.8877737002265753,OK
1869,CHEMBL5639857,active_single,CN1CCC(OC(=O)N(c2ccccc2)c2ccccc2)C1,O=C(OC1CCNC1)N(c1ccccc1)c1ccccc1,1,1,0.9941208702970454,OK
1873,CHEMBL564057,active,O=C(O[C@H]1C[N+]2(CCc3ccccc3)CCC1CC2)C(O)(c1cccs1)c1cccs1.[Br-],O=C(OC1C[N+]2(CCc3ccccc3)CCC1CC2)C(c1cccs1)c1cccs1,1,1,0.9969684027821709,OK
1875,CHEMBL564515,active_single,O=C(O[C@H]1C[N+]2(CCc3ccccc3)CCC1CC2)C1(O)c2ccccc2Oc2ccccc21.[Br-],O=C(OC1C[N+]2(CCc3ccccc3)CCC1CC2)C1c2ccccc2Oc2ccccc21,1,1,0.9408980264351546,OK
1893,CHEMBL5745712,active,COCCOc1cc([C@H](Cc2c(Cl)c[n+]([O-])cc2Cl)OC(=O)c2ccc(CNC(C(=O)OCC3CCN(C)CC3)c3ccccc3)s2)ccc1OC(F)F,O=C(OC(Cc1cc[nH+]cc1)c1ccccc1)c1ccc(CNC(C(=O)OCC2CCNCC2)c2ccccc2)s1,1,1,0.9998512786740622,OK
1894,CHEMBL5748199,active,CCN1CCC(COC(=O)C(NCc2ccc(C(=O)O[C@@H](Cc3c(Cl)c[n+]([O-])cc3Cl)c3ccc(OC)c(OC)c3)s2)c2ccccc2)CC1,O=C(OC(Cc1cc[nH+]cc1)c1ccccc1)c1ccc(CNC(C(=O)OCC2CCNCC2)c2ccccc2)s1,1,1,0.9991805133302537,OK
1914,CHEMBL5768565,active_single,O=C(O[C@H]1C[N+]2(CCCOc3ccccc3)CCC1CC2)C1(O)C2C=CC=CC2C2C=CC=CC21,O=C(OC1C[N+]2(CCCOc3ccccc3)CCC1CC2)C1C2C=CC=CC2C2C=CC=CC21,1,1,0.9989062943524541,OK
1919,CHEMBL5772294,active_single,COc1ccc([C@H](Cc2c(Cl)c[n+]([O-])cc2Cl)OC(=O)c2ccc(CNC(C(=O)OCC3CCN(C)CC3)c3cccc(O)c3)s2)cc1OC,O=C(OC(Cc1cc[nH+]cc1)c1ccccc1)c1ccc(CNC(C(=O)OCC2CCNCC2)c2ccccc2)s1,1,1,0.9981045501494619,OK
1942,CHEMBL5798407,active_single,COc1ccc([C@H](Cc2c(Cl)c[n+]([O-])cc2Cl)OC(=O)c2ccc(CNC(C(=O)OCC3CCN(C)CC3)c3ccccc3OC)s2)cc1OC,O=C(OC(Cc1cc[nH+]cc1)c1ccccc1)c1ccc(CNC(C(=O)OCC2CCNCC2)c2ccccc2)s1,1,1,0.9983569378752657,OK
1943,CHEMBL5798564,active,COc1ccc([C@H](Cc2c(Cl)c[n+]([O-])cc2Cl)OC(=O)c2ccc(CNC(C)(C(=O)OCC3CCN(C)CC3)c3ccccc3)s2)cc1OC,O=C(OC(Cc1cc[nH+]cc1)c1ccccc1)c1ccc(CNC(C(=O)OCC2CCNCC2)c2ccccc2)s1,1,1,0.9995229559152912,OK
1954,CHEMBL5810978,active,COc1cccc(C(NCc2ccc(C(=O)O[C@@H](Cc3c(Cl)c[n+]([O-])cc3Cl)c3ccc(OC)c(OC)c3)s2)C(=O)OCC2CCN(C)CC2)c1,O=C(OC(Cc1cc[nH+]cc1)c1ccccc1)c1ccc(CNC(C(=O)OCC2CCNCC2)c2ccccc2)s1,1,1,0.9988844481797445,OK
1956,CHEMBL5815512,active,COc1ccc([C@H](Cc2c(Cl)c[n+]([O-])cc2Cl)OC(=O)c2ccc(CNC(CO)(C(=O)OCC3CCN(C)CC3)c3ccccc3)s2)cc1OC,O=C(OC(Cc1cc[nH+]cc1)c1ccccc1)c1ccc(CNC(C(=O)OCC2CCNCC2)c2ccccc2)s1,1,1,0.99973608023618,OK
1977,CHEMBL5837130,active,CCOc1cc(C(Cc2c(Cl)c[n+]([O-])cc2Cl)OC(=O)c2ccc(CNC(C(=O)OCC3CCN(C)CC3)c3ccccc3)s2)ccc1OC,O=C(OC(Cc1cc[nH+]cc1)c1ccccc1)c1ccc(CNC(C(=O)OCC2CCNCC2)c2ccccc2)s1,1,1,0.9997563829666397,OK
1985,CHEMBL5846637,active,COc1ccc([C@H](Cc2c(Cl)c[n+]([O-])cc2Cl)OC(=O)c2ccc(CNC(C(=O)OCC3(C)CCN(C)CC3)c3ccccc3)s2)cc1OC,O=C(OC(Cc1cc[nH+]cc1)c1ccccc1)c1ccc(CNC(C(=O)OCC2CCNCC2)c2ccccc2)s1,1,1,0.9955469277209238,OK
2003,CHEMBL5863255,active,CCOc1cc(C(Cc2c(Cl)c[n+]([O-])cc2Cl)OC(=O)c2ccc(CNC(C(=O)OCC3CCN(C)CC3)c3cccc(O)c3)s2)ccc1OC,O=C(OC(Cc1cc[nH+]cc1)c1ccccc1)c1ccc(CNC(C(=O)OCC2CCNCC2)c2ccccc2)s1,1,1,0.9992648590731242,OK
2040,CHEMBL5906832,active_single,CC1(C(=O)O[C@H]2C[N+]3(CCCOc4ccccc4)CCC2CC3)C2C=CC=CC2C2C=CC=CC21,O=C(OC1C[N+]2(CCCOc3ccccc3)CCC1CC2)C1C2C=CC=CC2C2C=CC=CC21,1,1,0.9992470077450882,OK
2049,CHEMBL5919361,active,COc1ccc([C@H](Cc2c(Cl)c[n+]([O-])cc2Cl)OC(=O)c2ccc(CNC(C(=O)OCC3(F)CCN(C)CC3)c3ccccc3)s2)cc1OC,O=C(OC(Cc1cc[nH+]cc1)c1ccccc1)c1ccc(CNC(C(=O)OCC2CCNCC2)c2ccccc2)s1,1,1,0.9950772645681513,OK
2060,CHEMBL5935732,active,COc1ccc([C@H](Cc2c(Cl)c[n+]([O-])cc2Cl)OC(=O)c2ccc(CNC(C(=O)OCC3CCN(C)CC3)c3ccccc3F)s2)cc1OC,O=C(OC(Cc1cc[nH+]cc1)c1ccccc1)c1ccc(CNC(C(=O)OCC2CCNCC2)c2ccccc2)s1,1,1,0.9979109369898836,OK
2124,CHEMBL5985068,active_single,COc1ccc([C@H](Cc2c(Cl)c[n+]([O-])cc2Cl)OC(=O)c2ccc(CNC(C(=O)OCC3CCN(C(C)C)CC3)c3ccccc3)s2)cc1OC,O=C(OC(Cc1cc[nH+]cc1)c1ccccc1)c1ccc(CNC(C(=O)OCC2CCNCC2)c2ccccc2)s1,1,1,0.9996167556733352,OK
2155,CHEMBL6020863,active_single,COCCN1CCC(COC(=O)C(NCc2ccc(C(=O)O[C@@H](Cc3c(Cl)c[n+]([O-])cc3Cl)c3ccc(OC)c(OC)c3)s2)c2ccccc2)CC1,O=C(OC(Cc1cc[nH+]cc1)c1ccccc1)c1ccc(CNC(C(=O)OCC2CCNCC2)c2ccccc2)s1,1,1,0.9994196330547203,OK
2197,CHEMBL6067691,active_single,O=C(c1ccc(CCNC[C@H](O)c2ccc(O)c3[nH]c(=O)ccc23)cc1)N1CCC(c2cccc([C@](O)(C(=O)OCC3CCN(Cc4ccccc4)CC3)c3ccccc3)c2)CC1,O=C(OCC1CCN(Cc2ccccc2)CC1)C(c1ccccc1)c1cccc(C2CCN(C(=O)c3ccc(CCNCCc4cccc5[nH]c(=O)ccc45)cc3)CC2)c1,1,1,0.9990105145720926,OK
2216,CHEMBL6587,inactive_single,Cl.c1ccc(COc2noc3c2CNCC3)cc1,c1ccc(COc2noc3c2CNCC3)cc1,0,0,0.12106775875311486,OK
2243,CHEMBL72551,active_single,C=C(c1ccc(S(=O)(=O)c2ccc(OC)cc2)cc1)C1CCN(C2CCN(C(=O)CCC)CC2)CC1,C=C(c1ccc(S(=O)(=O)c2ccccc2)cc1)C1CCN(C2CCNCC2)CC1,1,0,0.17275056201842323,FN
8,CHEMBL1076586,inactive_single,O=C(c1ccc(-c2ccccc2)cc1)N1CCN(C(=O)c2ccc3cc[nH]c3c2)CC1,O=C(c1ccc(-c2ccccc2)cc1)N1CCN(C(=O)c2ccc3cc[nH]c3c2)CC1,0,1,0.7390282017009214,FP
11,CHEMBL1080155,inactive_single,C[C@H]1CN(C(=O)c2ccc(-c3cccc(OC(F)(F)F)c3)cc2)CCN1C(=O)c1ccc2cc[nH]c2c1,O=C(c1ccc(-c2ccccc2)cc1)N1CCN(C(=O)c2ccc3cc[nH]c3c2)CC1,0,0,0.3367751756897378,OK
12,CHEMBL1080389,inactive_single,C[C@H]1CN(C(=O)c2ccc(-c3ccccc3F)cc2)CCN1C(=O)c1ccc2cc[nH]c2c1,O=C(c1ccc(-c2ccccc2)cc1)N1CCN(C(=O)c2ccc3cc[nH]c3c2)CC1,0,0,0.3737873046949487,OK
13,CHEMBL1080556,inactive_single,C[C@H]1CN(C(=O)c2ccc(-c3ccccc3Cl)cc2)CCN1C(=O)c1ccc2cc[nH]c2c1,O=C(c1ccc(-c2ccccc2)cc1)N1CCN(C(=O)c2ccc3cc[nH]c3c2)CC1,0,0,0.4832691963992907,OK
14,CHEMBL1080735,inactive_single,C[C@H]1CN(C(=O)c2ccc(-c3ccccc3C(F)(F)F)cc2)CCN1C(=O)c1ccc2cc[nH]c2c1,O=C(c1ccc(-c2ccccc2)cc1)N1CCN(C(=O)c2ccc3cc[nH]c3c2)CC1,0,0,0.4988876356620361,OK
15,CHEMBL1080755,inactive_single,C[C@H]1CN(C(=O)c2ccc(-c3ccc(OC(F)(F)F)cc3)cc2)CCN1C(=O)c1ccc2cc[nH]c2c1,O=C(c1ccc(-c2ccccc2)cc1)N1CCN(C(=O)c2ccc3cc[nH]c3c2)CC1,0,0,0.31015585464395923,OK
16,CHEMBL1080907,inactive_single,Cc1ccccc1-c1ccc(C(=O)N2CCN(C(=O)c3ccc4cc[nH]c4c3)[C@@H](C)C2)cc1,O=C(c1ccc(-c2ccccc2)cc1)N1CCN(C(=O)c2ccc3cc[nH]c3c2)CC1,0,0,0.40290545082606405,OK
17,CHEMBL1080926,inactive_single,C[C@H]1CN(C(=O)c2ccc(-c3ccc(F)cc3)cc2)CCN1C(=O)c1ccc2cc[nH]c2c1,O=C(c1ccc(-c2ccccc2)cc1)N1CCN(C(=O)c2ccc3cc[nH]c3c2)CC1,0,0,0.2115211014527256,OK
18,CHEMBL1081212,inactive_single,COc1ccccc1-c1ccc(C(=O)N2CCN(C(=O)c3ccc4cc[nH]c4c3)[C@@H](C)C2)cc1,O=C(c1ccc(-c2ccccc2)cc1)N1CCN(C(=O)c2ccc3cc[nH]c3c2)CC1,0,0,0.42790671737950486,OK
19,CHEMBL1081254,inactive_single,COc1ccc(-c2ccc(C(=O)N3CCN(C(=O)c4ccc5cc[nH]c5c4)[C@@H](C)C3)cc2)cc1,O=C(c1ccc(-c2ccccc2)cc1)N1CCN(C(=O)c2ccc3cc[nH]c3c2)CC1,0,0,0.42605412906607176,OK
20,CHEMBL1081648,inactive_single,COc1cccc(-c2ccc(C(=O)N3CCN(C(=O)c4ccc5cc[nH]c5c4)[C@@H](C)C3)cc2)c1,O=C(c1ccc(-c2ccccc2)cc1)N1CCN(C(=O)c2ccc3cc[nH]c3c2)CC1,0,0,0.5240409011076205,OK
21,CHEMBL1081649,inactive_single,COc1cccc(-c2ccc(C(=O)N3CCN(C(=O)c4ccc5cc[nH]c5c4)[C@H](C)C3)cc2)c1,O=C(c1ccc(-c2ccccc2)cc1)N1CCN(C(=O)c2ccc3cc[nH]c3c2)CC1,0,0,0.4632605783996555,OK
22,CHEMBL1082209,inactive_single,C[C@H]1CN(C(=O)c2ccc(-c3cccc(C(F)(F)F)c3)cc2)CCN1C(=O)c1ccc2cc[nH]c2c1,O=C(c1ccc(-c2ccccc2)cc1)N1CCN(C(=O)c2ccc3cc[nH]c3c2)CC1,0,0,0.4379229727303455,OK
23,CHEMBL1082210,inactive_single,C[C@H]1CN(C(=O)c2ccc(-c3cccc(F)c3)cc2)CCN1C(=O)c1ccc2cc[nH]c2c1,O=C(c1ccc(-c2ccccc2)cc1)N1CCN(C(=O)c2ccc3cc[nH]c3c2)CC1,0,0,0.3968279371163829,OK
24,CHEMBL1082211,inactive_single,C[C@H]1CN(C(=O)c2ccc(-c3ccccc3)cc2)CCN1C(=O)c1ccc2cc[nH]c2c1,O=C(c1ccc(-c2ccccc2)cc1)N1CCN(C(=O)c2ccc3cc[nH]c3c2)CC1,0,1,0.6810030597924569,FP
36,CHEMBL1084850,active_single,OC(CCC1CCNCC1)c1ccccc1-c1cccc(Cl)c1,c1ccc(-c2ccccc2CCCC2CCNCC2)cc1,1,1,0.9857437344108073,OK
46,CHEMBL1160977,active,CCCCCCOC(=O)C1CN(CC)CC=C1c1ccccc1.O=C(O)C(O)C(O)C(=O)O,C1=C(c2ccccc2)CCNC1,1,0,0.09546520788841588,FN
64,CHEMBL120080,active_single,CCCCCCCCOC(=O)C1=C(c2ccccc2)CCN(CC)C1.O=C(O)C(=O)O,C1=C(c2ccccc2)CCNC1,1,1,0.7368558460146427,OK
72,CHEMBL120581,active_single,CCN1CCC(c2ccccc2)=C(C(=O)OCC(C)C)C1.O=C(O)C(=O)O,C1=C(c2ccccc2)CCNC1,1,1,0.7928156793284237,OK
74,CHEMBL121059,active_single,CCCCCCCCCOC(=O)C1=C(c2ccccc2)CCN(CC)C1,C1=C(c2ccccc2)CCNC1,1,1,0.8079737668749565,OK
211,CHEMBL1773267,active,CC(C)N(CC[C@H](c1ccccc1)c1cc(CCCCOc2ccc(CCNC[C@H](O)c3ccc(O)c4[nH]c(=O)ccc34)cc2)ccc1O)C(C)C,O=c1ccc2c(CCNCCc3ccc(OCCCCc4cccc(Cc5ccccc5)c4)cc3)cccc2[nH]1,1,1,0.9957185263891505,OK
228,CHEMBL1779047,active_single,Cl.O=C(Nc1ccccc1-c1ccccc1)OC12CCN(CC1)CC2,O=C(Nc1ccccc1-c1ccccc1)OC12CCN(CC1)CC2,1,1,0.9886526638423622,OK
254,CHEMBL1910845,active,NC(=O)C(CCCN1CC[C@H](Oc2ccccc2)C1)(c1ccccc1)c1ccccc1,c1ccc(OC2CCN(CCCC(c3ccccc3)c3ccccc3)C2)cc1,1,1,0.9705162599972194,OK
255,CHEMBL1910846,active,CC(C)(CCC(C(N)=O)(c1ccccc1)c1ccccc1)N1CC[C@H](Oc2ccccc2)C1,c1ccc(OC2CCN(CCCC(c3ccccc3)c3ccccc3)C2)cc1,1,1,0.9826223282328665,OK
256,CHEMBL1910847,active,CC(C)(CCC(C(N)=O)(c1ccccc1)c1ccccc1)N1CC[C@@H](Oc2ccccc2)C1,c1ccc(OC2CCN(CCCC(c3ccccc3)c3ccccc3)C2)cc1,1,1,0.9827102224047647,OK
259,CHEMBL1910850,active,CC(C)(CCC(C(N)=O)(c1ccccc1)c1ccccc1)N1CC[C@@H](Oc2cccc(O)c2)C1,c1ccc(OC2CCN(CCCC(c3ccccc3)c3ccccc3)C2)cc1,1,1,0.9785748143002871,OK
260,CHEMBL1910851,active,CC(C)(CCC(C(N)=O)(c1ccccc1)c1ccccc1)N1CC[C@H](Oc2cccc(O)c2)C1,c1ccc(OC2CCN(CCCC(c3ccccc3)c3ccccc3)C2)cc1,1,1,0.9784663580621805,OK
261,CHEMBL1910852,active_single,CC(C)(CCC(C(N)=O)(c1ccccc1)c1ccccc1)N1CC[C@H](Oc2ccccc2O)C1,c1ccc(OC2CCN(CCCC(c3ccccc3)c3ccccc3)C2)cc1,1,1,0.9739926080254665,OK
262,CHEMBL1910853,active_single,CC(C)(CCC(C(N)=O)(c1ccccc1)c1ccccc1)N1CC[C@H](Oc2ccc(O)cc2)C1,c1ccc(OC2CCN(CCCC(c3ccccc3)c3ccccc3)C2)cc1,1,1,0.979742826947888,OK
268,CHEMBL1910859,active_single,CC(C)(CCC(C(N)=O)(c1ccccc1)c1ccccc1)N1CC[C@H](Oc2ccc(Cl)c(O)c2)C1,c1ccc(OC2CCN(CCCC(c3ccccc3)c3ccccc3)C2)cc1,1,1,0.9879077961235158,OK
269,CHEMBL1910860,active_single,CC(C)(CCC(C(N)=O)(c1ccccc1)c1ccccc1)N1CC[C@@H](Oc2cc(O)cc(F)c2)C1,c1ccc(OC2CCN(CCCC(c3ccccc3)c3ccccc3)C2)cc1,1,1,0.9765471355139339,OK
290,CHEMBL1921916,active_single,C[C@@](C(=O)O[C@H]1C[N+]2(CCCc3ccccc3)CCC1CC2)(c1ccccc1)N1CCCCC1,O=C(OC1C[N+]2(CCCc3ccccc3)CCC1CC2)C(c1ccccc1)N1CCCCC1,1,1,0.999369693376499,OK
292,CHEMBL1921918,active_single,C[C@@](C(=O)O[C@H]1C[N+]2(CCCc3ccncc3)CCC1CC2)(c1cccs1)N1CCCCC1,O=C(OC1C[N+]2(CCCc3ccncc3)CCC1CC2)C(c1cccs1)N1CCCCC1,1,1,0.9943543195175812,OK
302,CHEMBL1921928,active_single,C[C@@](C(=O)O[C@H]1C[N+]2(CCCCc3ccccc3)CCC1CC2)(c1cccs1)N1CCCCC1,O=C(OC1C[N+]2(CCCCc3ccccc3)CCC1CC2)C(c1cccs1)N1CCCCC1,1,1,0.9997721580192163,OK
315,CHEMBL1921941,active_single,C[C@@](C(=O)O[C@H]1C[N+]2(CC(N)=O)CCC1CC2)(c1cccs1)N1CCCCC1,O=C(OC1C[NH+]2CCC1CC2)C(c1cccs1)N1CCCCC1,1,1,0.9911406908061856,OK
316,CHEMBL1921942,active_single,C[C@@](C(=O)O[C@H]1C[N+]2(CC(=O)Nc3ccccc3)CCC1CC2)(c1ccccc1)N1CCCCC1,O=C(C[N+]12CCC(CC1)C(OC(=O)C(c1ccccc1)N1CCCCC1)C2)Nc1ccccc1,1,1,0.9989915162372658,OK
318,CHEMBL1921944,active_single,C[C@@](C(=O)O[C@H]1C[N+]2(CC(=O)Nc3cccc(F)c3)CCC1CC2)(c1ccccc1)N1CCCCC1,O=C(C[N+]12CCC(CC1)C(OC(=O)C(c1ccccc1)N1CCCCC1)C2)Nc1ccccc1,1,1,0.9978384995831908,OK
346,CHEMBL1924039,active_single,CC(C(=O)O[C@H]1CN2CCC1CC2)(c1ccccc1)N1CCCC1,O=C(OC1CN2CCC1CC2)C(c1ccccc1)N1CCCC1,1,1,0.9953677198515216,OK
360,CHEMBL194206,inactive_single,COc1ccc(NC(=O)N2CCN(c3ccc(F)cc3)CC2)cc1N1CCN(C)CC1,O=C(Nc1cccc(N2CCNCC2)c1)N1CCN(c2ccccc2)CC1,0,0,0.0025477944635049327,OK
362,CHEMBL196169,inactive_single,COc1ccc(NC(=O)N2CCN(c3ccccc3F)CC2)cc1N1CCN(C)CC1,O=C(Nc1cccc(N2CCNCC2)c1)N1CCN(c2ccccc2)CC1,0,0,0.010313899834733303,OK
363,CHEMBL196370,inactive_single,COc1ccc(NC(=O)N2CCN(c3ccccc3OC)CC2)cc1N1CCN(C)CC1,O=C(Nc1cccc(N2CCNCC2)c1)N1CCN(c2ccccc2)CC1,0,0,0.014767284026209776,OK
364,CHEMBL196598,inactive_single,COc1ccc(NC(=O)N2CCN(c3ccc(C(F)(F)F)cc3)CC2)cc1N1CCN(C)CC1,O=C(Nc1cccc(N2CCNCC2)c1)N1CCN(c2ccccc2)CC1,0,0,0.007046244213012328,OK
366,CHEMBL197796,inactive_single,COc1ccc(NC(=O)N2CCN(c3ccc(SC)cc3)CC2)cc1N1CCN(C)CC1,O=C(Nc1cccc(N2CCNCC2)c1)N1CCN(c2ccccc2)CC1,0,0,0.01720359631575448,OK
368,CHEMBL199821,active_single,CCCCCC(O)(C#CC1(OC)CN2CCC1CC2)c1ccccc1,C(#CC1CN2CCC1CC2)Cc1ccccc1,1,1,0.9901643728564751,OK
377,CHEMBL200416,active_single,CCCCC(O)(C#CC1(OC)CN2CCC1CC2)c1ccccc1,C(#CC1CN2CCC1CC2)Cc1ccccc1,1,1,0.9810383338166999,OK
390,CHEMBL2021996,active_single,C[N@+]1(CCOc2ccccc2)C2CCC1C[C@@H](CC(C#N)(c1ccccc1)c1ccccc1)C2.[Br-],c1ccc(OCC[NH+]2C3CCC2CC(CC(c2ccccc2)c2ccccc2)C3)cc1,1,1,0.9910710794586348,OK
424,CHEMBL2057776,inactive_single,O=C(C1CN(S(=O)(=O)c2cccc3cnccc23)C1)N1CC2CN(c3ccncc3)CC2C1,O=C(C1CN(S(=O)(=O)c2cccc3cnccc23)C1)N1CC2CN(c3ccncc3)CC2C1,0,0,0.01977507674294716,OK
473,CHEMBL212645,active_single,O=C(NCC1CCN(C2CCCC2)CC1)[C@H]1CCCN1C(=O)[C@@H]1C[C@@H](O)CN1C(=O)CC(c1ccc(F)cc1)(c1ccc(F)cc1)c1ccc(F)cc1,O=C(NCC1CCN(C2CCCC2)CC1)C1CCCN1C(=O)C1CCCN1C(=O)CC(c1ccccc1)(c1ccccc1)c1ccccc1,1,1,0.968905114009663,OK
492,CHEMBL218755,active_single,COc1nsnc1OCCOCCOCCOc1nsnc1C1=CCCN(C)C1,C1=C(c2nsnc2OCCOCCOCCOc2cnsn2)CNCC1,1,1,0.9674754959206223,OK
495,CHEMBL219786,active_single,C[N+]1(C)CCC[C@H]1[C@H]1CS[C@@](c2ccccc2)(C2CCCCC2)O1.[I-],c1ccc(C2(C3CCCCC3)OC(C3CCC[NH2+]3)CS2)cc1,1,1,0.9901133173609215,OK
497,CHEMBL220393,active_single,C[N+]1(C)CCC[C@@H]1[C@@H]1CS[C@](c2ccccc2)(C2CCCCC2)O1.[I-],c1ccc(C2(C3CCCCC3)OC(C3CCC[NH2+]3)CS2)cc1,1,1,0.9954648775803925,OK
500,CHEMBL2206585,active_single,CC(C)OC(=O)c1ccc(NC(=O)N[C@@H](Cc2ccc(O)cc2)C(=O)NCCC[N+](C)(C)Cc2ccc(Cl)cc2)cc1,O=C(Nc1ccccc1)NC(Cc1ccccc1)C(=O)NCCC[NH2+]Cc1ccccc1,1,1,0.9794740421723237,OK
501,CHEMBL2206586,active_single,CC(C)OC(=O)c1ccc(NC(=O)N[C@@H](Cc2ccc(O)cc2)C(=O)NCC(C)(C)C[N+](C)(C)Cc2ccc(Cl)cc2)cc1,O=C(Nc1ccccc1)NC(Cc1ccccc1)C(=O)NCCC[NH2+]Cc1ccccc1,1,1,0.9911385487947042,OK
502,CHEMBL2206587,active_single,CC(C)OC(=O)c1ccc(NC(=O)N[C@@H](Cc2ccc(O)cc2)C(=O)N2CC[N+](C)(Cc3ccc4c(c3)OCO4)CC2)cc1,O=C(Nc1ccccc1)NC(Cc1ccccc1)C(=O)N1CC[NH+](Cc2ccc3c(c2)OCO3)CC1,1,1,0.971111978873683,OK
509,CHEMBL2206596,active_single,Cc1csc2n(C)c(CNC(=O)[C@H](Cc3ccc(O)cc3)NC(=O)Nc3ccc(C(=O)OC(C)C)cc3)c[n+]12,O=C(Nc1ccccc1)NC(Cc1ccccc1)C(=O)NCc1c[n+]2ccsc2[nH]1,1,1,0.9584052599270203,OK
511,CHEMBL2206598,active_single,Cc1c[n+]2cc(CNC(=O)[C@H](Cc3ccc(O)cc3)NC(=O)Nc3ccc(C(=O)OC(C)C)cc3)n(C)c2s1,O=C(Nc1ccccc1)NC(Cc1ccccc1)C(=O)NCc1c[n+]2ccsc2[nH]1,1,1,0.9844940506385543,OK
529,CHEMBL221775,active_single,C[N+]1(Cc2ccccc2)CC[C@@H](N2CC(c3ccccc3)(c3ccccc3)NC2=O)C1,O=C1NC(c2ccccc2)(c2ccccc2)CN1C1CC[NH+](Cc2ccccc2)C1,1,1,0.9952557659550011,OK
534,CHEMBL222259,active_single,C[N+]1(C)CCC[C@@H]1[C@@H]1CS[C@@](c2ccccc2)(C2CCCCC2)O1.[I-],c1ccc(C2(C3CCCCC3)OC(C3CCC[NH2+]3)CS2)cc1,1,1,0.9940011405445832,OK
535,CHEMBL222387,active_single,O=C1NC(c2ccccc2)(c2ccccc2)CN1C1CCCN(Cc2ccccc2)CC1,O=C1NC(c2ccccc2)(c2ccccc2)CN1C1CCCN(Cc2ccccc2)CC1,1,1,0.9985097479897886,OK
546,CHEMBL222874,active_single,C[N+]1(CC(=O)c2cccnc2)CC[C@@H](N2CC(c3ccc(F)cc3)(c3ccc(F)cc3)NC2=O)C1,O=C(C[NH+]1CCC(N2CC(c3ccccc3)(c3ccccc3)NC2=O)C1)c1cccnc1,1,0,0.6215973981728368,FN
584,CHEMBL234256,active_single,c1ccc(CCNCC2(N3CCCCC3)COc3ccccc3OC2)cc1,c1ccc(CCNCC2(N3CCCCC3)COc3ccccc3OC2)cc1,1,1,0.9898320352383786,OK
586,CHEMBL234258,active_single,CN(C)C1(CNCCC2CCC(CO)CC2)COc2ccccc2OC1,c1ccc2c(c1)OCC(CNCCC1CCCCC1)CO2,1,1,0.9898280703371897,OK
588,CHEMBL234438,active_single,CN(C)C1(CNCCC2CCCCC2)COc2ccccc2OC1,c1ccc2c(c1)OCC(CNCCC1CCCCC1)CO2,1,1,0.9979538683308514,OK
595,CHEMBL2377268,active_single,CN1CCC(OC(=O)C(CO)c2cccc(C(F)(F)F)c2)CC1,O=C(Cc1ccccc1)OC1CCNCC1,1,1,0.7693115549234406,OK
602,CHEMBL2381694,inactive_single,O=C1C(=O)N(CCOc2ccccc2)c2ccc(OC(F)(F)F)cc21,O=C1C(=O)N(CCOc2ccccc2)c2ccccc21,0,0,0.14623821625736189,OK
685,CHEMBL3039518,active,COc1cc(NC(=O)CCN2CCC(OC(=O)Nc3ccccc3-c3ccccc3)CC2)c(Cl)cc1CNC[C@H](O)c1ccc(O)c2[nH]c(=O)ccc12,O=C(CCN1CCC(OC(=O)Nc2ccccc2-c2ccccc2)CC1)Nc1ccc(CNCCc2cccc3[nH]c(=O)ccc23)cc1,1,1,0.9993942195582068,OK
717,CHEMBL3084419,active_single,CN1[C@@H]2CC[C@H]1C[C@@H](CC(C(N)=O)(c1ccccc1)c1ccccc1)C2,c1ccc(C(CC2CC3CCC(C2)N3)c2ccccc2)cc1,1,1,0.9753690336762919,OK
727,CHEMBL3084465,active_single,C[N+]1(Cc2ccccc2)[C@@H]2CC[C@H]1C[C@@H](CC(C#N)(c1ccccc1)c1ccccc1)C2.[Br-],c1ccc(C[NH+]2C3CCC2CC(CC(c2ccccc2)c2ccccc2)C3)cc1,1,1,0.996785490071471,OK
734,CHEMBL3084650,active,CN1[C@@H]2CC[C@H]1C[C@@H](CC(C#N)(c1ccccc1)c1ccccc1)C2,c1ccc(C(CC2CC3CCC(C2)N3)c2ccccc2)cc1,1,1,0.9922782878738823,OK
736,CHEMBL3084662,active,CN1[C@@H]2CC[C@H]1C[C@@H](CC(O)(c1ccccc1)c1ccccc1)C2,c1ccc(C(CC2CC3CCC(C2)N3)c2ccccc2)cc1,1,1,0.9093038891831041,OK
737,CHEMBL3084678,active,CN1[C@@H]2CC[C@H]1C[C@@H](CC(C(=O)O)(c1ccccc1)c1ccccc1)C2,c1ccc(C(CC2CC3CCC(C2)N3)c2ccccc2)cc1,1,1,0.9706891696399628,OK
738,CHEMBL3084679,active,CN1[C@@H]2CC[C@H]1C[C@@H](CC(CO)(c1ccccc1)c1ccccc1)C2,c1ccc(C(CC2CC3CCC(C2)N3)c2ccccc2)cc1,1,1,0.989061505508807,OK
751,CHEMBL3085073,active_single,C[N+]1(C)[C@@H]2CC[C@H]1C[C@@H](OC(=O)N(Cc1ccsc1)c1ccsc1)C2.[Br-],O=C(OC1CC2CCC(C1)[NH2+]2)N(Cc1ccsc1)c1ccsc1,1,1,0.9994949174231837,OK
759,CHEMBL3085087,active_single,CN1[C@@H]2CC[C@H]1C[C@H](OC(=O)N(Cc1ccoc1)c1ccccc1)C2,O=C(OC1CC2CCC(C1)N2)N(Cc1ccoc1)c1ccccc1,1,1,0.9987703503714236,OK
774,CHEMBL3087237,active_single,O=C(C[N+]12CCC(CC1)[C@@H](OC(=O)C1(C3=CC=CC3)CCCCCC1)C2)Nc1ccccc1,O=C(C[N+]12CCC(CC1)C(OC(=O)C1(C3=CC=CC3)CCCCCC1)C2)Nc1ccccc1,1,1,0.9996276140824747,OK
775,CHEMBL3087238,active_single,O=C(C[N+]12CCC(CC1)[C@@H](OC(=O)C1(C3=CC=CC3)CCCCCC1)C2)Nc1cccc(F)c1,O=C(C[N+]12CCC(CC1)C(OC(=O)C1(C3=CC=CC3)CCCCCC1)C2)Nc1ccccc1,1,1,0.9975229099966054,OK
811,CHEMBL3087954,active_single,O=C(O[C@H]1C[N+]2(Cc3cc(-c4ccccc4)no3)CCC1CC2)C1(C2=CC=CC2)CCCCCC1,O=C(OC1C[N+]2(Cc3cc(-c4ccccc4)no3)CCC1CC2)C1(C2=CC=CC2)CCCCCC1,1,1,0.9996474126253792,OK
829,CHEMBL3088085,active_single,O=C(O[C@H]1C[N+]2(CCOCc3ccccc3)CCC1CC2)C1(C2=CC=CC2)CCCCCC1,O=C(OC1C[N+]2(CCOCc3ccccc3)CCC1CC2)C1(C2=CC=CC2)CCCCCC1,1,1,0.9998209555268688,OK
870,CHEMBL3219050,active_single,CS(=O)(=O)Nc1cc([C@@H](O)CNCCCCCCCCCCCN2CCC(OC(=O)Nc3ccccc3-c3ccc(O)c(Cl)c3)CC2)ccc1O,O=C(Nc1ccccc1-c1ccccc1)OC1CCN(CCCCCCCCCCCNCCc2ccccc2)CC1,1,1,0.9999730292353889,OK
872,CHEMBL3219052,active_single,CS(=O)(=O)Nc1cc([C@@H](O)CNCCCCCCCCCN2C[C@H]3C[C@@]3(COC(=O)Nc3ccccc3-c3ccc(O)c(Cl)c3)C2)ccc1O,O=C(Nc1ccccc1-c1ccccc1)OCC12CC1CN(CCCCCCCCCNCCc1ccccc1)C2,1,1,0.9999931400392094,OK
884,CHEMBL330885,inactive_single,CCN1CC=C(c2ccccc2)C(C(=O)OC)C1.O=C(O)C(=O)O,C1=C(c2ccccc2)CCNC1,0,0,0.04227539879914222,OK
889,CHEMBL332181,active_single,CCCCOC(=O)C1CN(CC)CC=C1c1ccccc1.O=C(O)C(=O)O,C1=C(c2ccccc2)CCNC1,1,0,0.06308203980283551,FN
892,CHEMBL334245,active_single,CCCCCCCOC(=O)C1=C(c2ccccc2)CCN(CC)C1.O=C(O)C(=O)O,C1=C(c2ccccc2)CCNC1,1,1,0.670857455527773,OK
904,CHEMBL3354070,active_single,CN1CCC=C(c2nsnc2OCCCCCCCCCCCC2CCN(CCCN3C(=O)CCc4ccccc43)CC2)C1,O=C1CCc2ccccc2N1CCCN1CCC(CCCCCCCCCCCOc2nsnc2C2=CCCNC2)CC1,1,1,0.9956383047134649,OK
921,CHEMBL3401650,active_single,O=C(N[C@H]1C[N+]2(CCOc3ccccc3)CCC1CC2)C(O)(c1cccs1)c1cccs1.[Br-],O=C(NC1C[N+]2(CCOc3ccccc3)CCC1CC2)C(c1cccs1)c1cccs1,1,1,0.984577592428653,OK
926,CHEMBL3401655,active_single,CN(C(=O)C1c2ccccc2Oc2ccccc21)[C@H]1C[N+]2(CCCn3cccc3)CCC1CC2.[Br-],O=C(NC1C[N+]2(CCCn3cccc3)CCC1CC2)C1c2ccccc2Oc2ccccc21,1,1,0.7591390740292815,OK
929,CHEMBL3426687,active_single,O=C(CCN1CCC(OC(=O)Nc2ccccc2-c2ccccc2)CC1)Nc1ccc(CNC[C@H](O)c2ccc(O)c3[nH]c(=O)ccc23)cc1,O=C(CCN1CCC(OC(=O)Nc2ccccc2-c2ccccc2)CC1)Nc1ccc(CNCCc2cccc3[nH]c(=O)ccc23)cc1,1,1,0.999683402468707,OK
930,CHEMBL3426688,active_single,O=C(CCN1CCC(OC(=O)Nc2ccccc2-c2ccccc2)CC1)Nc1ccc(CNC[C@H](O)c2ccc(O)c3[nH]c(=O)ccc23)cc1Cl,O=C(CCN1CCC(OC(=O)Nc2ccccc2-c2ccccc2)CC1)Nc1ccc(CNCCc2cccc3[nH]c(=O)ccc23)cc1,1,1,0.9997858854446318,OK
931,CHEMBL3426689,active_single,COc1cc(CNC[C@H](O)c2ccc(O)c3[nH]c(=O)ccc23)ccc1NC(=O)CCN1CCC(OC(=O)Nc2ccccc2-c2ccccc2)CC1,O=C(CCN1CCC(OC(=O)Nc2ccccc2-c2ccccc2)CC1)Nc1ccc(CNCCc2cccc3[nH]c(=O)ccc23)cc1,1,1,0.9996139015270211,OK
932,CHEMBL3426690,active_single,O=C(CCN1CCC(OC(=O)Nc2ccccc2-c2ccccc2)CC1)Nc1ccc(CNC[C@H](O)c2ccc(O)c3[nH]c(=O)ccc23)c(Cl)c1,O=C(CCN1CCC(OC(=O)Nc2ccccc2-c2ccccc2)CC1)Nc1ccc(CNCCc2cccc3[nH]c(=O)ccc23)cc1,1,1,0.9994762467118472,OK
933,CHEMBL3426691,active_single,COc1cc(NC(=O)CCN2CCC(OC(=O)Nc3ccccc3-c3ccccc3)CC2)ccc1CNC[C@H](O)c1ccc(O)c2[nH]c(=O)ccc12,O=C(CCN1CCC(OC(=O)Nc2ccccc2-c2ccccc2)CC1)Nc1ccc(CNCCc2cccc3[nH]c(=O)ccc23)cc1,1,1,0.998377919250949,OK
934,CHEMBL3426692,active_single,COc1c(CNC[C@H](O)c2ccc(O)c3[nH]c(=O)ccc23)ccc(NC(=O)CCN2CCC(OC(=O)Nc3ccccc3-c3ccccc3)CC2)c1Cl,O=C(CCN1CCC(OC(=O)Nc2ccccc2-c2ccccc2)CC1)Nc1ccc(CNCCc2cccc3[nH]c(=O)ccc23)cc1,1,1,0.9997637308656082,OK
935,CHEMBL3426693,active_single,Cc1cc(CNC[C@H](O)c2ccc(O)c3[nH]c(=O)ccc23)ccc1NC(=O)CCN1CCC(OC(=O)Nc2ccccc2-c2ccccc2)CC1,O=C(CCN1CCC(OC(=O)Nc2ccccc2-c2ccccc2)CC1)Nc1ccc(CNCCc2cccc3[nH]c(=O)ccc23)cc1,1,1,0.999800389100987,OK
936,CHEMBL3426694,active_single,Cc1cc(NC(=O)CCN2CCC(OC(=O)Nc3ccccc3-c3ccccc3)CC2)ccc1CNC[C@H](O)c1ccc(O)c2[nH]c(=O)ccc12,O=C(CCN1CCC(OC(=O)Nc2ccccc2-c2ccccc2)CC1)Nc1ccc(CNCCc2cccc3[nH]c(=O)ccc23)cc1,1,1,0.9988514615454654,OK
937,CHEMBL3426695,active_single,COc1c(CNC[C@H](O)c2ccc(O)c3[nH]c(=O)ccc23)ccc(NC(=O)CCN2CCC(OC(=O)Nc3ccccc3-c3ccccc3)CC2)c1C,O=C(CCN1CCC(OC(=O)Nc2ccccc2-c2ccccc2)CC1)Nc1ccc(CNCCc2cccc3[nH]c(=O)ccc23)cc1,1,1,0.9997751918614348,OK
938,CHEMBL3426696,active_single,COc1cc(NC(=O)CCN2CCC(OC(=O)Nc3ccccc3-c3ccccc3)CC2)c(C)cc1CNC[C@H](O)c1ccc(O)c2[nH]c(=O)ccc12,O=C(CCN1CCC(OC(=O)Nc2ccccc2-c2ccccc2)CC1)Nc1ccc(CNCCc2cccc3[nH]c(=O)ccc23)cc1,1,1,0.9991289351417231,OK
945,CHEMBL3426703,active_single,COc1cc(N(C)C(=O)CCN2CCC(OC(=O)Nc3ccccc3-c3ccccc3)CC2)c(Cl)cc1CNC[C@H](O)c1ccc(O)c2[nH]c(=O)ccc12,O=C(CCN1CCC(OC(=O)Nc2ccccc2-c2ccccc2)CC1)Nc1ccc(CNCCc2cccc3[nH]c(=O)ccc23)cc1,1,1,0.9994269452677748,OK
946,CHEMBL3426704,active,COc1cc(N(C)C(=O)CCN2CCC(OC(=O)Nc3ccccc3-c3ccccc3)CC2)ccc1CNC[C@H](O)c1ccc(O)c2[nH]c(=O)ccc12,O=C(CCN1CCC(OC(=O)Nc2ccccc2-c2ccccc2)CC1)Nc1ccc(CNCCc2cccc3[nH]c(=O)ccc23)cc1,1,1,0.999875899776955,OK
947,CHEMBL3426705,active_single,Cc1cc(CNC[C@H](O)c2ccc(O)c3[nH]c(=O)ccc23)ccc1N(C)C(=O)CCN1CCC(OC(=O)Nc2ccccc2-c2ccccc2)CC1,O=C(CCN1CCC(OC(=O)Nc2ccccc2-c2ccccc2)CC1)Nc1ccc(CNCCc2cccc3[nH]c(=O)ccc23)cc1,1,1,0.9999045656943019,OK
954,CHEMBL344892,active_single,CO/N=C(C#N)C12CCN(CC1)C2,C1CN2CCC1C2,1,1,0.8637532266204618,OK
988,CHEMBL3645274,active,Cc1cc(CNC[C@H](O)c2ccc(O)c3[nH]c(=O)ccc23)ccc1NC(=O)CCCN(C)C(=O)CCN1CCC(OC(=O)Nc2ccccc2-c2ccccc2)CC1,O=C(CCN1CCC(OC(=O)Nc2ccccc2-c2ccccc2)CC1)NCCCC(=O)Nc1ccc(CNCCc2cccc3[nH]c(=O)ccc23)cc1,1,1,0.9999015614450288,OK
989,CHEMBL3645275,active,COc1cc(CNC[C@H](O)c2ccc(O)c3[nH]c(=O)ccc23)ccc1NC(=O)CCCN(C)C(=O)CCN1CCC(OC(=O)Nc2ccccc2-c2ccccc2)CC1,O=C(CCN1CCC(OC(=O)Nc2ccccc2-c2ccccc2)CC1)NCCCC(=O)Nc1ccc(CNCCc2cccc3[nH]c(=O)ccc23)cc1,1,1,0.9998095766841796,OK
990,CHEMBL3645276,active,COc1cc(NC(=O)CCCN(C)C(=O)CCN2CCC(OC(=O)Nc3ccccc3-c3ccccc3)CC2)ccc1CNC[C@H](O)c1ccc(O)c2[nH]c(=O)ccc12,O=C(CCN1CCC(OC(=O)Nc2ccccc2-c2ccccc2)CC1)NCCCC(=O)Nc1ccc(CNCCc2cccc3[nH]c(=O)ccc23)cc1,1,1,0.9991994900386094,OK
991,CHEMBL3645277,active,Cc1cc(NC(=O)CCCN(C)C(=O)CCN2CCC(OC(=O)Nc3ccccc3-c3ccccc3)CC2)c(C)cc1CNC[C@H](O)c1ccc(O)c2[nH]c(=O)ccc12,O=C(CCN1CCC(OC(=O)Nc2ccccc2-c2ccccc2)CC1)NCCCC(=O)Nc1ccc(CNCCc2cccc3[nH]c(=O)ccc23)cc1,1,1,0.9997717406839715,OK
992,CHEMBL3645278,active,COc1cc(NC(=O)CCCN(C)C(=O)CCN2CCC(OC(=O)Nc3ccccc3-c3ccccc3)CC2)c(Cl)cc1CNC[C@H](O)c1ccc(O)c2[nH]c(=O)ccc12,O=C(CCN1CCC(OC(=O)Nc2ccccc2-c2ccccc2)CC1)NCCCC(=O)Nc1ccc(CNCCc2cccc3[nH]c(=O)ccc23)cc1,1,1,0.9997011965136413,OK
1041,CHEMBL3645327,active,CN(C(=O)CCN1CCC(OC(=O)Nc2ccccc2-c2ccccc2)CC1)c1cccc(CC(=O)Nc2cccc(CCNC[C@H](O)c3ccc(O)c4[nH]c(=O)ccc34)c2)c1,O=C(CCN1CCC(OC(=O)Nc2ccccc2-c2ccccc2)CC1)Nc1cccc(CC(=O)Nc2cccc(CCNCCc3cccc4[nH]c(=O)ccc34)c2)c1,1,1,0.9998810246722353,OK
1076,CHEMBL3645362,active,CN(CCCC(=O)Nc1ccc(CNC[C@H](O)c2ccc(O)c3[nH]c(=O)ccc23)cc1)C(=O)CCN1CCC(OC(=O)Nc2ccccc2-c2ccccc2)CC1,O=C(CCN1CCC(OC(=O)Nc2ccccc2-c2ccccc2)CC1)NCCCC(=O)Nc1ccc(CNCCc2cccc3[nH]c(=O)ccc23)cc1,1,1,0.9998015995611664,OK
1087,CHEMBL370128,inactive_single,COc1ccc(NC(=O)N2CCN(c3ccccc3Cl)CC2)cc1N1CCN(C)CC1,O=C(Nc1cccc(N2CCNCC2)c1)N1CCN(c2ccccc2)CC1,0,0,0.011683827951737795,OK
1091,CHEMBL372453,inactive_single,COc1ccc(NC(=O)N2CCN(c3ccc(Cl)cc3)CC2)cc1N1CCN(C)CC1,O=C(Nc1cccc(N2CCNCC2)c1)N1CCN(c2ccccc2)CC1,0,0,0.009760455891708977,OK
1108,CHEMBL376057,active_single,C[N+]1(C)CCC[C@H]1[C@H]1CS[C@](c2ccccc2)(C2CCCCC2)O1.[I-],c1ccc(C2(C3CCCCC3)OC(C3CCC[NH2+]3)CS2)cc1,1,1,0.9937936313612366,OK
1130,CHEMBL3808485,inactive_single,Cc1ccc(OC2CCN(c3ncnc4ccc(F)cc34)CC2)cn1,c1cncc(OC2CCN(c3ncnc4ccccc34)CC2)c1,0,0,0.44851440317268737,OK
1133,CHEMBL381020,active_single,COC1(C#CC(O)(c2ccccn2)C2CCC2)CN2CCC1CC2,C(#CC(c1ccccn1)C1CCC1)C1CN2CCC1CC2,1,1,0.9884719867578106,OK
1158,CHEMBL3905320,active_single,COc1cc(OCC(=O)N(C)CCN(C)[C@H]2CC[C@H](OC(=O)C(O)(c3cccs3)c3cccs3)CC2)c(Cl)cc1CNC[C@H](O)c1ccc(O)c2[nH]c(=O)ccc12,O=C(COc1ccc(CNCCc2cccc3[nH]c(=O)ccc23)cc1)NCCNC1CCC(OC(=O)C(c2cccs2)c2cccs2)CC1,1,1,0.9997517085380313,OK
1162,CHEMBL3908788,active_single,CN(CCCn1c(=O)sc2cc(CNC[C@H](O)c3ccc(O)c4[nH]c(=O)ccc34)ccc21)[C@H]1CC[C@H](OC(=O)C(O)(c2cccs2)c2cccs2)CC1,O=C(OC1CCC(NCCCn2c(=O)sc3cc(CNCCc4cccc5[nH]c(=O)ccc45)ccc32)CC1)C(c1cccs1)c1cccs1,1,1,0.9995196638925995,OK
1170,CHEMBL391977,active_single,CN(C)C1(CNCCC2CCC(O)CC2)COc2ccccc2OC1,c1ccc2c(c1)OCC(CNCCC1CCCCC1)CO2,1,1,0.9792717678896674,OK
1200,CHEMBL3971284,active_single,CN(CCNC(=O)COc1ccc(CNC[C@H](O)c2ccc(O)c3[nH]c(=O)ccc23)cc1)[C@H]1CC[C@H](OC(=O)C(O)(c2cccs2)c2cccs2)CC1,O=C(COc1ccc(CNCCc2cccc3[nH]c(=O)ccc23)cc1)NCCNC1CCC(OC(=O)C(c2cccs2)c2cccs2)CC1,1,1,0.9986633295047643,OK
1205,CHEMBL403029,inactive_single,Cl.OC(CCCN1CCN(c2ccccc2)CC1)(c1ccccc1)c1ccccc1,c1ccc(C(CCCN2CCN(c3ccccc3)CC2)c2ccccc2)cc1,0,0,0.09645208774999635,OK
1221,CHEMBL4086147,inactive_single,NC/C=C/CN(C[C@H]1Cc2ccccc2CN1)[C@H]1CCCc2cccnc21,c1ccc2c(c1)CNC(CNC1CCCc3cccnc31)C2,0,0,0.013529543020057192,OK
1232,CHEMBL4097258,active_single,CCC(=O)NCc1cc(C(=O)NCCNC(=O)CCc2cn(CCCCC3CCN(CC(=O)N4c5ccccc5NC(=O)c5ccccc54)CC3)cn2)cc(C(=O)NCCNC(=O)CCc2cn(CCCCC3CCN(CC(=O)N4c5ccccc5NC(=O)c5ccccc54)CC3)cn2)c1.O=C(O)C(F)(F)F.O=C(O)C(F)(F)F.O=C(O)C(F)(F)F.O=C(O)C(F)(F)F,O=C(CCc1cn(CCCCC2CCN(CC(=O)N3c4ccccc4NC(=O)c4ccccc43)CC2)cn1)NCCNC(=O)c1cccc(C(=O)NCCNC(=O)CCc2cn(CCCCC3CCN(CC(=O)N4c5ccccc5NC(=O)c5ccccc54)CC3)cn2)c1,1,1,0.99853513310864,OK
1246,CHEMBL4128926,active_single,CC(C)(C)NS(=O)(=O)c1ccc(-c2sc(C(=O)N[C@H]3C[C@H](C(=O)O)C3)nc2CC2CCCCC2)c2ccccc12,O=C(NC1CCC1)c1nc(CC2CCCCC2)c(-c2cccc3ccccc23)s1,1,1,0.9225572735386977,OK
1250,CHEMBL4159607,active_single,C/C(=C/CN(C[C@H]1Cc2ccccc2CN1)[C@H]1CCCc2cccnc21)CN,c1ccc2c(c1)CNC(CNC1CCCc3cccnc31)C2,1,0,0.006669676397062336,FN
1251,CHEMBL4160401,inactive_single,NC(=O)NC/C=CCN(C[C@H]1Cc2ccccc2CN1)[C@H]1CCCc2cccnc21,c1ccc2c(c1)CNC(CNC1CCCc3cccnc31)C2,0,0,0.0012659553732799415,OK
1257,CHEMBL4169450,inactive_single,C/C(CN(C[C@H]1Cc2ccccc2CN1)[C@H]1CCCc2cccnc21)=C(/F)CN,c1ccc2c(c1)CNC(CNC1CCCc3cccnc31)C2,0,0,0.01663277180797511,OK
1293,CHEMBL4435641,active_single,O=C(OCCCc1ccc(Cl)c(Cl)c1)N(c1ccccc1)C1CN2CCC1CC2,O=C(OCCCc1ccccc1)N(c1ccccc1)C1CN2CCC1CC2,1,1,0.9878706898910561,OK
1311,CHEMBL4455481,active_single,COc1ccc(CCCOC(=O)N(c2ccccc2)C2CN3CCC2CC3)cc1F,O=C(OCCCc1ccccc1)N(c1ccccc1)C1CN2CCC1CC2,1,1,0.9180726263788205,OK
1319,CHEMBL4469848,inactive_single,FC(F)(F)c1cc(Oc2nccc3occc23)ccc1-c1cccc2nccn12,c1cc(-c2ccc(Oc3nccc4occc34)cc2)n2ccnc2c1,0,1,0.8142988828849957,FP
1325,CHEMBL447566,inactive_single,OCC[N+]12CCC(C(O)(c3ccccc3)c3ccccc3)(CC1)CC2.[Br-],c1ccc(C(c2ccccc2)C23CC[NH+](CC2)CC3)cc1,0,0,0.013280481964404546,OK
1327,CHEMBL448904,active_single,N#Cc1ccc(CN2CCC(NC(=O)[C@H](Cc3ccc(O)cc3)NC(=O)Nc3ccc(C(=O)NCC4CC4)cc3)C2)cc1,O=C(Nc1ccc(C(=O)NCC2CC2)cc1)NC(Cc1ccccc1)C(=O)NC1CCN(Cc2ccccc2)C1,1,1,0.8933516394207323,OK
1343,CHEMBL4540949,active_single,CC(=O)N[C@@H](CCCCN)C(=O)N[C@@H](CCCNC(=N)N)C(=O)NCCN1CCN(CCCCC2CCN(CC(=O)N3c4ccccc4NC(=O)c4ccccc43)CC2)CC1.O=C(O)C(F)(F)F.O=C(O)C(F)(F)F.O=C(O)C(F)(F)F.O=C(O)C(F)(F)F.O=C(O)C(F)(F)F,O=C1Nc2ccccc2N(C(=O)CN2CCC(CCCCN3CCNCC3)CC2)c2ccccc21,1,0,0.2554767640618802,FN
1344,CHEMBL4541518,active_single,Cc1ccc(CCCOC(=O)N(c2ccccc2)C2CN3CCC2CC3)cc1F,O=C(OCCCc1ccccc1)N(c1ccccc1)C1CN2CCC1CC2,1,1,0.9337356854429327,OK
1350,CHEMBL4548432,active_single,CC(=O)N[C@@H](C)C(=O)N[C@@H](C)C(=O)NCCN1CCN(CCCCC2CCN(CC(=O)N3c4ccccc4NC(=O)c4ccccc43)CC2)CC1.O=C(O)C(F)(F)F.O=C(O)C(F)(F)F.O=C(O)C(F)(F)F,O=C1Nc2ccccc2N(C(=O)CN2CCC(CCCCN3CCNCC3)CC2)c2ccccc21,1,1,0.9062895230750347,OK
1354,CHEMBL4567026,active_single,CC(=O)N[C@@H](CCC(N)=O)C(=O)N[C@@H](C)C(=O)N[C@@H](CC(C)C)C(=O)NCCN1CCN(CCCCC2CCN(CC(=O)N3c4ccccc4NC(=O)c4ccccc43)CC2)CC1.O=C(O)C(F)(F)F.O=C(O)C(F)(F)F.O=C(O)C(F)(F)F,O=C1Nc2ccccc2N(C(=O)CN2CCC(CCCCN3CCNCC3)CC2)c2ccccc21,1,0,0.43775810037131324,FN
1356,CHEMBL4568151,active_single,CC(=O)N[C@@H](CCC(N)=O)C(=O)N[C@@H](CC(C)C)C(=O)NCCN1CCN(CCCCC2CCN(CC(=O)N3c4ccccc4NC(=O)c4ccccc43)CC2)CC1.O=C(O)C(F)(F)F.O=C(O)C(F)(F)F.O=C(O)C(F)(F)F,O=C1Nc2ccccc2N(C(=O)CN2CCC(CCCCN3CCNCC3)CC2)c2ccccc21,1,0,0.45992016959045984,FN
1363,CHEMBL4577453,active_single,O=C(OCCCc1ccc(F)c(F)c1)N(c1ccccc1)C1CN2CCC1CC2,O=C(OCCCc1ccccc1)N(c1ccccc1)C1CN2CCC1CC2,1,1,0.9457067875828531,OK
1389,CHEMBL4636083,active_single,NCCN1CCN(CCCCC2CCN(CC(=O)N3c4ccccc4NC(=O)c4ccccc43)CC2)CC1.O=C(O)C(F)(F)F.O=C(O)C(F)(F)F.O=C(O)C(F)(F)F.O=C(O)C(F)(F)F,O=C1Nc2ccccc2N(C(=O)CN2CCC(CCCCN3CCNCC3)CC2)c2ccccc21,1,1,0.9109273970273425,OK
1427,CHEMBL466253,inactive,COc1ccc(CN2C(=O)C(=O)c3cc(OC(F)(F)F)ccc32)cc1,O=C1C(=O)N(Cc2ccccc2)c2ccccc21,0,0,0.023897647409018234,OK
1454,CHEMBL476435,inactive_single,Br.OC(c1ccccc1)(c1ccccc1)C1CC2CCN1CC2,c1ccc(C(c2ccccc2)C2CC3CCN2CC3)cc1,0,1,0.8023928635586662,FP
1472,CHEMBL4787944,inactive_single,Cn1ccc(NC(=O)CCN2CCCc3ccccc32)n1,O=C(CCN1CCCc2ccccc21)Nc1cc[nH]n1,0,0,0.006326710285546301,OK
1480,CHEMBL480464,active_single,CC[C@@H](C)[C@@H](O)C(=O)OC[C@H]1CCN2CCC[C@@H]12,C1CC2CCCN2C1,1,1,0.720130143790304,OK
1532,CHEMBL489020,inactive_single,CCCC[N+]12CCC(C(O)(c3ccccc3)c3ccccc3)(CC1)CC2.[Br-],c1ccc(C(c2ccccc2)C23CC[NH+](CC2)CC3)cc1,0,0,0.04011440898267634,OK
1533,CHEMBL489032,inactive_single,NCC[N+]12CCC(C(O)(c3ccccc3)c3ccccc3)(CC1)CC2.[Br-],c1ccc(C(c2ccccc2)C23CC[NH+](CC2)CC3)cc1,0,0,0.009199498297102768,OK
1536,CHEMBL489225,inactive_single,COCC[N+]12CCC(C(O)(c3ccccc3)c3ccccc3)(CC1)CC2.[Br-],c1ccc(C(c2ccccc2)C23CC[NH+](CC2)CC3)cc1,0,0,0.033993715153728,OK
1544,CHEMBL490243,inactive_single,OC(c1ccccc1)(c1ccccc1)C12CC[N+](CCOCc3ccccc3)(CC1)C2.[Br-],c1ccc(COCC[N+]23CCC(C(c4ccccc4)c4ccccc4)(CC2)C3)cc1,0,0,0.2167617273482785,OK
1545,CHEMBL490244,inactive_single,N#CC(c1ccccc1)(c1ccccc1)C12CC[N+](CCOCc3ccccc3)(CC1)C2.[Br-],c1ccc(COCC[N+]23CCC(C(c4ccccc4)c4ccccc4)(CC2)C3)cc1,0,1,0.7689912014537018,FP
1548,CHEMBL490652,inactive_single,OCCC[N+]12CCC(C(O)(c3ccccc3)c3ccccc3)(CC1)CC2.[Br-],c1ccc(C(c2ccccc2)C23CC[NH+](CC2)CC3)cc1,0,0,0.02049915227514797,OK
1550,CHEMBL490856,inactive_single,COCCC[N+]12CCC(C(O)(c3ccccc3)c3ccccc3)(CC1)CC2.[Br-],c1ccc(C(c2ccccc2)C23CC[NH+](CC2)CC3)cc1,0,0,0.028569273564055427,OK
1555,CHEMBL491457,inactive_single,CC[N+]12CCC(C(O)(c3ccccc3)c3ccccc3)(CC1)CC2.[Br-],c1ccc(C(c2ccccc2)C23CC[NH+](CC2)CC3)cc1,0,0,0.02022463026138411,OK
1557,CHEMBL492359,active_single,O=C(NCc1cccc(-c2ccc(F)c(CN3CCNCC3)c2)c1)c1ccc2c(c1)OCO2,O=C(NCc1cccc(-c2cccc(CN3CCNCC3)c2)c1)c1ccc2c(c1)OCO2,1,0,0.6122443883991949,FN
1560,CHEMBL492756,active_single,COc1ccc(-c2cccc(CNC(=O)c3ccc4c(c3)OCO4)c2)cc1CN1CCNCC1,O=C(NCc1cccc(-c2cccc(CN3CCNCC3)c2)c1)c1ccc2c(c1)OCO2,1,1,0.6943276817703139,OK
1563,CHEMBL492988,active_single,O=C(NCc1cccc(-c2cccc(CN3C[C@@H]4C[C@H]3CN4)c2)c1)c1ccc2c(c1)OCO2,O=C(NCc1cccc(-c2cccc(CN3CC4CC3CN4)c2)c1)c1ccc2c(c1)OCO2,1,0,0.42562255331226767,FN
1566,CHEMBL493079,active,O=C(NCc1cccc(-c2cccc(CN3CCNCC3)c2)c1)c1ccc2c(c1)OCO2,O=C(NCc1cccc(-c2cccc(CN3CCNCC3)c2)c1)c1ccc2c(c1)OCO2,1,1,0.8602538939590149,OK
1567,CHEMBL493131,active_single,C[C@@H]1CN(Cc2cccc(-c3cccc(CNC(=O)c4ccc5c(c4)OCO5)c3)c2)CCN1,O=C(NCc1cccc(-c2cccc(CN3CCNCC3)c2)c1)c1ccc2c(c1)OCO2,1,0,0.5711533393828594,FN
1568,CHEMBL493328,active_single,CC1CN(Cc2cccc(-c3cccc(CNC(=O)c4ccc5c(c4)OCO5)c3)c2)CCN1,O=C(NCc1cccc(-c2cccc(CN3CCNCC3)c2)c1)c1ccc2c(c1)OCO2,1,0,0.45615226054205604,FN
1569,CHEMBL493329,active_single,C[C@H]1CN(Cc2cccc(-c3cccc(CNC(=O)c4ccc5c(c4)OCO5)c3)c2)CCN1,O=C(NCc1cccc(-c2cccc(CN3CCNCC3)c2)c1)c1ccc2c(c1)OCO2,1,1,0.7079518375402222,OK
1571,CHEMBL493939,active_single,O=C(NCc1cc(-c2cccc(CN3CCNCC3)c2)ccc1F)c1ccc2c(c1)OCO2,O=C(NCc1cccc(-c2cccc(CN3CCNCC3)c2)c1)c1ccc2c(c1)OCO2,1,1,0.671590536219749,OK
1606,CHEMBL5076266,active_single,COc1ccc([C@H](Cc2c(Cl)c[n+]([O-])cc2Cl)OC(=O)c2ccc(F)c(CN(C(=O)O[C@H]3CN4CCC3CC4)c3ccccc3)c2)cc1OC,O=C(OC(Cc1cc[nH+]cc1)c1ccccc1)c1cccc(CN(C(=O)OC2CN3CCC2CC3)c2ccccc2)c1,1,1,0.9996741420394085,OK
1607,CHEMBL5076445,active,COc1ccc([C@H](Cc2c(Cl)c[n+]([O-])cc2Cl)OC(=O)c2ccc(CNC(C(=O)OC[C@H]3CCN3C)c3ccccc3)s2)cc1OC,O=C(OC(Cc1cc[nH+]cc1)c1ccccc1)c1ccc(CNC(C(=O)OCC2CCN2)c2ccccc2)s1,1,1,0.9971544075514113,OK
1617,CHEMBL5078078,inactive,CC(C)(O)c1ccc(N2Cc3c(ccnc3-c3ccc(F)cc3OCC(F)(F)F)C2=O)cc1,O=C1c2ccnc(-c3ccccc3)c2CN1c1ccccc1,0,0,0.0391715089650874,OK
1624,CHEMBL5085166,active_single,COc1ccc([C@H](Cc2c(Cl)c[n+]([O-])cc2Cl)OC(=O)c2ccc(CN(C(=O)O[C@H]3CN4CCC3CC4)c3ccccn3)s2)cc1OC,O=C(OC(Cc1cc[nH+]cc1)c1ccccc1)c1ccc(CN(C(=O)OC2CN3CCC2CC3)c2ccccn2)s1,1,1,0.9992857410203212,OK
1631,CHEMBL5088742,active_single,COc1ccc([C@H](Cc2c(Cl)c[n+]([O-])cc2Cl)OC(=O)c2cccc(CN(C(=O)O[C@H]3CN4CCC3CC4)c3ccccc3)c2)cc1OC,O=C(OC(Cc1cc[nH+]cc1)c1ccccc1)c1cccc(CN(C(=O)OC2CN3CCC2CC3)c2ccccc2)c1,1,1,0.9999690991239699,OK
1642,CHEMBL516120,inactive_single,OC(c1ccccc1)(c1ccccc1)C1C[N+]2(CCc3ccccc3)CCC1CC2.[Br-],c1ccc(CC[N+]23CCC(CC2)C(C(c2ccccc2)c2ccccc2)C3)cc1,0,0,0.6238920078984276,OK
1643,CHEMBL516121,inactive_single,C[N+]12CCC(C(O)(c3ccccc3)c3ccccc3)(CC1)CC2.[Br-],c1ccc(C(c2ccccc2)C23CC[NH+](CC2)CC3)cc1,0,0,0.17685524893850954,OK
1649,CHEMBL5178217,active_single,Cn1nc(COc2cccc([C@@H](NC(=O)O[C@H]3CN4CCC3CC4)c3ccccc3)c2)cc1C(=O)O,O=C(NC(c1ccccc1)c1cccc(OCc2cc[nH]n2)c1)OC1CN2CCC1CC2,1,1,0.9836519021007636,OK
1653,CHEMBL5181855,active_single,O=C(N[C@@H](c1ccccc1)c1cccc(OCc2nc(C(=O)O)co2)c1)O[C@H]1CN2CCC1CC2,O=C(NC(c1ccccc1)c1cccc(OCc2ncco2)c1)OC1CN2CCC1CC2,1,1,0.9933537950786636,OK
1658,CHEMBL5190387,active_single,O=C(N[C@@H](c1ccccc1)c1cccc(OCc2ccc(C(=O)OCCCCNC[C@H](O)c3ccc(O)c4[nH]c(=O)ccc34)o2)c1)O[C@H]1CN2CCC1CC2,O=C(NC(c1ccccc1)c1cccc(OCc2ccc(C(=O)OCCCCNCCc3cccc4[nH]c(=O)ccc34)o2)c1)OC1CN2CCC1CC2,1,1,0.9991165263700121,OK
1684,CHEMBL521986,active_single,O=C(NCc1ccc(F)c(-c2cccc(CN3CCNCC3)c2)c1)c1ccc2c(c1)OCO2,O=C(NCc1cccc(-c2cccc(CN3CCNCC3)c2)c1)c1ccc2c(c1)OCO2,1,1,0.787952735714958,OK
1689,CHEMBL522632,inactive_single,CCC[N+]12CCC(C(O)(c3ccccc3)c3ccccc3)(CC1)CC2.[Br-],c1ccc(C(c2ccccc2)C23CC[NH+](CC2)CC3)cc1,0,0,0.035897987198830306,OK
1690,CHEMBL522838,active_single,COc1ccc(CNC(=O)c2ccc3c(c2)OCO3)cc1-c1cccc(CN2CCNCC2)c1,O=C(NCc1cccc(-c2cccc(CN3CCNCC3)c2)c1)c1ccc2c(c1)OCO2,1,1,0.8301080444597104,OK
1697,CHEMBL524032,inactive_single,Cc1c(CNC(=O)c2ccc3c(c2)OCO3)cccc1-c1cccc(CN2CCNCC2)c1,O=C(NCc1cccc(-c2cccc(CN3CCNCC3)c2)c1)c1ccc2c(c1)OCO2,0,1,0.9271898544671919,FP
1707,CHEMBL5272950,inactive_single,O=C1C[C@@H](Cc2cnc[nH]2)CO1,O=C1CC(Cc2cnc[nH]2)CO1,0,0,0.009532208429033757,OK
1768,CHEMBL5505925,active_single,O=C(c1ccc(OCc2ccc(CNC[C@H](O)c3ccc(O)c4[nH]c(=O)ccc34)cc2)cc1)N1CCC(C(=O)O[C@@H]2CN3CCC2CC3)(c2ccccc2)CC1,O=C(c1ccc(OCc2ccc(CNCCc3cccc4[nH]c(=O)ccc34)cc2)cc1)N1CCC(C(=O)OC2CN3CCC2CC3)(c2ccccc2)CC1,1,1,0.9996145975729857,OK
1775,CHEMBL551729,active_single,O=C(O[C@H]1CN2CCC1CC2)C(O)(c1cccs1)c1cccs1,O=C(OC1CN2CCC1CC2)C(c1cccs1)c1cccs1,1,1,0.9927272108509371,OK
1783,CHEMBL5523458,active_single,O=C(NCCCCNC[C@H](O)c1ccc(O)c2[nH]c(=O)ccc12)c1ccc(C(=O)NC2(C(=O)O[C@H]3CN4CCC3CC4)CCc3ccccc32)cc1,O=C(NCCCCNCCc1cccc2[nH]c(=O)ccc12)c1ccc(C(=O)NC2(C(=O)OC3CN4CCC3CC4)CCc3ccccc32)cc1,1,1,0.9373109605004835,OK
1799,CHEMBL5542993,inactive_single,CC(C)(C(=O)O)c1ccc(CCN2CCC(=C3c4ccc(Cl)cc4CCc4cccnc43)CC2)cc1,c1ccc(CCN2CCC(=C3c4ccccc4CCc4cccnc43)CC2)cc1,0,0,0.02262181536258159,OK
1803,CHEMBL554725,active_single,O=C(O[C@H]1C[N+]2(CCCCc3ccccc3)CCC1CC2)C(O)(c1cccs1)c1cccs1.[Br-],O=C(OC1C[N+]2(CCCCc3ccccc3)CCC1CC2)C(c1cccs1)c1cccs1,1,1,0.999416061567845,OK
2054,CHEMBL5926762,active_single,O=C(O[C@H]1C[N+]2(CCc3ccccc3)CCC1CC2)C1(O)C2C=CC=CC2OC2C=CC=CC21,O=C(OC1C[N+]2(CCc3ccccc3)CCC1CC2)C1C2C=CC=CC2OC2C=CC=CC21,1,1,0.9874273105947025,OK
2076,CHEMBL5944875,active_single,O=C(O[C@H]1C[N+]2(CCc3ccccc3)CCC1CC2)C1C2C=CC=CC2OC2C=CC=CC21,O=C(OC1C[N+]2(CCc3ccccc3)CCC1CC2)C1C2C=CC=CC2OC2C=CC=CC21,1,1,0.983049882769638,OK
2125,CHEMBL5986004,active_single,COc1ccc([C@@H](OC(=O)c2ccc(CN3CCC(C(=O)O[C@H]4CN5CCC4CC5)(c4ccccc4)CC3)cc2)Oc2c(Cl)c[n+]([O-])cc2Cl)cc1OC,O=C(OC(Oc1cc[nH+]cc1)c1ccccc1)c1ccc(CN2CCC(C(=O)OC3CN4CCC3CC4)(c3ccccc3)CC2)cc1,1,1,0.9999769421667203,OK
2154,CHEMBL6020249,active_single,COc1ccc([C@H](Cc2c(Cl)c[n+]([O-])cc2Cl)OC(=O)c2ccc(CCN3CCC(C(=O)O[C@H]4CN5CCC4CC5)(c4ccccc4)CC3)cc2)cc1OC,O=C(OC(Cc1cc[nH+]cc1)c1ccccc1)c1ccc(CCN2CCC(C(=O)OC3CN4CCC3CC4)(c3ccccc3)CC2)cc1,1,1,0.9998878155425626,OK
2164,CHEMBL6030445,active,COc1ccc([C@H](Cc2c(Cl)c[n+]([O-])cc2Cl)OC(=O)c2ccc(CNC(C(=O)OC[C@@H]3CCN3C)c3ccccc3)s2)cc1OC,O=C(OC(Cc1cc[nH+]cc1)c1ccccc1)c1ccc(CNC(C(=O)OCC2CCN2)c2ccccc2)s1,1,1,0.9979244937357342,OK
2192,CHEMBL6067677,active,O=C(O[C@@H]1C[N+]2(CCCCc3ccccc3)CCC1CC2)C(O)(c1cccs1)c1cccs1,O=C(OC1C[N+]2(CCCCc3ccccc3)CCC1CC2)C(c1cccs1)c1cccs1,1,1,0.9995838827190263,OK
2224,CHEMBL68384,active_single,NCC=C1CCN(C(=O)[C@](O)(c2ccccc2)[C@@H]2CCC(F)(F)C2)CC1,C=C1CCN(C(=O)C(c2ccccc2)C2CCCC2)CC1,1,1,0.9923650549585996,OK
2265,CHEMBL91776,inactive_single,CC[C@H]1C(=O)OC[C@@H]1Cc1cncn1C,O=C1CC(Cc2cnc[nH]2)CO1,0,0,0.018666429980342025,OK
29,CHEMBL1083317,inactive_single,O=C(NCC1=C(F)CNCC1)c1c(-c2cccc(Cl)c2)ccc(Cl)c1F,O=C(NCC1=CCNCC1)c1ccccc1-c1ccccc1,0,0,0.10883791376689948,OK
47,CHEMBL1172,active,Clc1ccc2c(c1)CCc1cccnc1C2=C1CCNCC1,c1ccc2c(c1)CCc1cccnc1C2=C1CCNCC1,1,0,0.01182493477069615,FN
54,CHEMBL1196246,active_single,CC1(C(=O)O[C@H]2C[N+]3(CCCOc4ccccc4)CCC2CC3)c2ccccc2Oc2ccccc21,O=C(OC1C[N+]2(CCCOc3ccccc3)CCC1CC2)C1c2ccccc2Oc2ccccc21,1,1,0.9980818094888749,OK
58,CHEMBL1197209,active_single,O=C(O[C@H]1C[N+]2(CCc3ccccc3)CCC1CC2)C1(O)c2ccccc2-c2ccccc21,O=C(OC1C[N+]2(CCc3ccccc3)CCC1CC2)C1c2ccccc2-c2ccccc21,1,1,0.9958219234347855,OK
59,CHEMBL1197216,active_single,O=C(O[C@H]1C[N+]2(CCCOc3ccccc3)CCC1CC2)C1(O)c2ccccc2Oc2ccccc21,O=C(OC1C[N+]2(CCCOc3ccccc3)CCC1CC2)C1c2ccccc2Oc2ccccc21,1,1,0.9982033521075986,OK
107,CHEMBL135645,active_single,CO/N=C(C#N)C12CCCN(CC1)C2,C1CC2CCN(C1)C2,1,1,0.8204255312892212,OK
111,CHEMBL143228,active_single,CN1CCC(OC(=O)C(O)(c2ccccc2)c2ccccc2)CC1,O=C(OC1CCNCC1)C(c1ccccc1)c1ccccc1,1,1,0.9800593432824206,OK
137,CHEMBL1493369,active_single,C[C@@H](C1=C(CCN(C)C)Cc2ccccc21)c1ccccn1,C1=C(Cc2ccccn2)c2ccccc2C1,1,0,0.5196122441643424,FN
155,CHEMBL167223,active_single,CC(C1=C(CCN(C)C)Cc2cc(Cl)ccc21)c1ccccn1,C1=C(Cc2ccccn2)c2ccccc2C1,1,0,0.3523501232197003,FN
186,CHEMBL1683934,active,O=C(Nc1ccccc1-c1ccccc1)OC1CCN(CCCCCCCCCNC[C@H](O)c2ccc(O)c3[nH]c(=O)ccc23)CC1,O=C(Nc1ccccc1-c1ccccc1)OC1CCN(CCCCCCCCCNCCc2cccc3[nH]c(=O)ccc23)CC1,1,1,0.9999400486736925,OK
189,CHEMBL1683938,active_single,O=C(Nc1ccccc1-c1ccccc1)OC1CCN(CCCCCCCCCNCC(O)c2ccc(O)c3[nH]c(=O)ccc23)CC1,O=C(Nc1ccccc1-c1ccccc1)OC1CCN(CCCCCCCCCNCCc2cccc3[nH]c(=O)ccc23)CC1,1,1,0.999939902595227,OK
210,CHEMBL1773266,active_single,CC(C)N(CC[C@H](c1ccccc1)c1cc(CCCCOCCCCCCNC[C@H](O)c2ccc(O)c(NS(C)(=O)=O)c2)ccc1O)C(C)C,c1ccc(CCNCCCCCCOCCCCc2cccc(Cc3ccccc3)c2)cc1,1,1,0.9999223051163117,OK
232,CHEMBL1779129,active_single,O=C(O[C@H]1C[N+]2(CCOc3ccccc3)CCC1CC2)N(Cc1ccccc1)c1ccccc1.[Br-],O=C(OC1C[N+]2(CCOc3ccccc3)CCC1CC2)N(Cc1ccccc1)c1ccccc1,1,1,0.9987232419737366,OK
235,CHEMBL1779132,active_single,O=C(O[C@H]1C[N+]2(CCCc3cccs3)CCC1CC2)N(Cc1ccsc1)c1ccccc1.[Br-],O=C(OC1C[N+]2(CCCc3cccs3)CCC1CC2)N(Cc1ccsc1)c1ccccc1,1,1,0.9988925846033316,OK
242,CHEMBL1779139,active_single,Cc1cccc(N(Cc2cc(F)c(F)cc2F)C(=O)O[C@H]2C[N+]3(CCOc4ccccc4)CCC2CC3)c1.[Br-],O=C(OC1C[N+]2(CCOc3ccccc3)CCC1CC2)N(Cc1ccccc1)c1ccccc1,1,1,0.9982386707048936,OK
243,CHEMBL1779140,active_single,O=C(O[C@H]1C[N+]2(CCOc3ccccc3)CCC1CC2)N(Cc1cc(F)c(F)c(F)c1)c1cccc(F)c1.[Br-],O=C(OC1C[N+]2(CCOc3ccccc3)CCC1CC2)N(Cc1ccccc1)c1ccccc1,1,1,0.9958054384532546,OK
341,CHEMBL1924034,active_single,CN(C)C(C)(C(=O)OC1CC[N+](C)(C)CC1)c1ccccc1,O=C(Cc1ccccc1)OC1CC[NH2+]CC1,1,1,0.9591118261479469,OK
342,CHEMBL1924035,active_single,CCCN(CCC)C(C)(C(=O)OC1CC[N+](C)(C)CC1)c1ccccc1,O=C(Cc1ccccc1)OC1CC[NH2+]CC1,1,1,0.9937669250736925,OK
398,CHEMBL2023765,active_single,C[N@+]1(CCOCc2ccccc2)C2CCC1C[C@@H](CC(C#N)(c1ccccc1)c1ccccc1)C2.[I-],c1ccc(COCC[NH+]2C3CCC2CC(CC(c2ccccc2)c2ccccc2)C3)cc1,1,1,0.9560893258909889,OK
427,CHEMBL205853,active_single,Cc1c(NC2CC2)nc(C2CC2)nc1N1CCSCC1,c1c(NC2CC2)nc(C2CC2)nc1N1CCSCC1,1,1,0.9801489289121764,OK
433,CHEMBL206714,active_single,Cc1c(NC2CC2)nc(C(C)C)nc1N1CCCCCC1,c1nc(NC2CC2)cc(N2CCCCCC2)n1,1,1,0.9825088838468327,OK
435,CHEMBL206826,active_single,CCc1c(NC2CC2)nc(C2CC2)nc1N1CCSCC1,c1c(NC2CC2)nc(C2CC2)nc1N1CCSCC1,1,1,0.9770724728568555,OK
485,CHEMBL215189,active_single,O=C(NCC1CCN(CC2CCC2)CC1)[C@H]1CCCN1C(=O)[C@@H]1C[C@@H](O)CN1C(=O)CC(c1ccc(F)cc1)(c1ccc(F)cc1)c1ccc(F)cc1,O=C(NCC1CCN(CC2CCC2)CC1)C1CCCN1C(=O)C1CCCN1C(=O)CC(c1ccccc1)(c1ccccc1)c1ccccc1,1,1,0.9923678495133726,OK
499,CHEMBL2205816,active,OC12C3C4CC5C6C4C1C6C(C53)N2CCc1ccccn1,c1ccc(CCN2C3C4C5CC6C7C5C3C7C2C64)nc1,1,1,0.7763918778963858,OK
505,CHEMBL2206590,active_single,CC(C)OC(=O)c1ccc(NC(=O)N[C@@H](Cc2ccc(O)cc2)C(=O)N2CC[N+](Cc3ccc(Cl)cc3)(CC3CCCCC3)CC2)cc1,O=C(Nc1ccccc1)NC(Cc1ccccc1)C(=O)N1CC[N+](Cc2ccccc2)(CC2CCCCC2)CC1,1,1,0.9992485453083144,OK
522,CHEMBL2206610,active_single,CC(C)OC(=O)c1ccc(NC(=O)N[C@@H](Cc2ccc(O)cc2)C(=O)NCC[N+](C)(C(C)C)C(C)C)cc1,O=C(NCCc1ccccc1)Nc1ccccc1,1,1,0.9881451241654882,OK
524,CHEMBL22108,active_single,CC(C1=C(CCN(C)C)Cc2ccccc21)c1ccccn1,C1=C(Cc2ccccn2)c2ccccc2C1,1,0,0.36457357440952604,FN
526,CHEMBL221401,active_single,O=C1NC(c2ccc(F)cc2)(c2ccc(F)cc2)CN1C1CCN(Cc2cccc(F)c2)CC1,O=C1NC(c2ccccc2)(c2ccccc2)CN1C1CCN(Cc2ccccc2)CC1,1,1,0.9607334410963629,OK
528,CHEMBL221753,active,CC(C)(C)CC(C)(C)c1ccc(OCCOCC[N+](C)(C)Cc2ccccc2)cc1.[Cl-],c1ccc(C[NH2+]CCOCCOc2ccccc2)cc1,1,1,0.9347602391689499,OK
530,CHEMBL221829,active_single,Nc1cccc(CN2CCC(N3CC(c4ccccc4)(c4ccccc4)NC3=O)CC2)c1,O=C1NC(c2ccccc2)(c2ccccc2)CN1C1CCN(Cc2ccccc2)CC1,1,1,0.9847648249609781,OK
536,CHEMBL222388,active_single,Cc1cccc(CN2CCC(N3CC(c4ccccc4)(c4ccccc4)NC3=O)CC2)c1,O=C1NC(c2ccccc2)(c2ccccc2)CN1C1CCN(Cc2ccccc2)CC1,1,1,0.9947244612752836,OK
538,CHEMBL222424,active_single,O=C1NC(c2ccc(F)cc2)(c2ccc(F)cc2)CN1C1CCN(Cc2ccccc2)CC1,O=C1NC(c2ccccc2)(c2ccccc2)CN1C1CCN(Cc2ccccc2)CC1,1,1,0.9846597709686782,OK
544,CHEMBL222804,active_single,O=C1NC(c2ccccc2)(c2ccccc2)CN1C1CCN(Cc2cccc(O)c2)CC1,O=C1NC(c2ccccc2)(c2ccccc2)CN1C1CCN(Cc2ccccc2)CC1,1,1,0.9932372434807581,OK
548,CHEMBL223016,active_single,O=C1NC(c2ccccc2)(c2ccccc2)CN1C1CCN(Cc2cccc(Cl)c2)CC1,O=C1NC(c2ccccc2)(c2ccccc2)CN1C1CCN(Cc2ccccc2)CC1,1,1,0.9946212444579098,OK
550,CHEMBL223028,active_single,C[N+]1(CCCOc2ccccc2)CCC(N2CC(c3ccccc3)(c3ccccc3)NC2=O)C1,O=C1NC(c2ccccc2)(c2ccccc2)CN1C1CC[NH+](CCCOc2ccccc2)C1,1,1,0.9959117996550697,OK
552,CHEMBL223079,active_single,O=C1NC(c2ccc(F)cc2)(c2ccc(F)cc2)CN1C1CCN(Cc2cccc(Cl)c2)CC1,O=C1NC(c2ccccc2)(c2ccccc2)CN1C1CCN(Cc2ccccc2)CC1,1,1,0.9518360745178076,OK
557,CHEMBL223925,active_single,O=C1NC(c2ccccc2)(c2ccccc2)CN1C1CCN(Cc2cccc(C(F)(F)F)c2)CC1,O=C1NC(c2ccccc2)(c2ccccc2)CN1C1CCN(Cc2ccccc2)CC1,1,1,0.9938317957255326,OK
559,CHEMBL225074,active_single,COc1cccc(CN2CCC(N3CC(c4ccccc4)(c4ccccc4)NC3=O)CC2)c1,O=C1NC(c2ccccc2)(c2ccccc2)CN1C1CCN(Cc2ccccc2)CC1,1,1,0.9938717974491575,OK
568,CHEMBL2312376,inactive_single,CCN1CCC(c2ccccc2)=C(C(=O)OCCc2ccc3c(c2)CCO3)C1,O=C(OCCc1ccc2c(c1)CCO2)C1=C(c2ccccc2)CCNC1,0,0,0.5697926571081833,OK
577,CHEMBL233201,active_single,CN(C)C1(CNCCC2CCSCC2)COc2ccccc2OC1,c1ccc2c(c1)OCC(CNCCC1CCSCC1)CO2,1,1,0.995680668869406,OK
589,CHEMBL234439,active_single,CN(C)C1(CNCCC2CCCCCC2)COc2ccccc2OC1,c1ccc2c(c1)OCC(CNCCC1CCCCCC1)CO2,1,1,0.998194088186008,OK
593,CHEMBL2377262,active_single,CCN(CC)CCOC(=O)c1ccccc1Sc1ccc(Cl)cc1,c1ccc(Sc2ccccc2)cc1,1,1,0.9717108870049684,OK
607,CHEMBL2391357,inactive_single,CN1CCCN(CC(=O)NC2CCCCC2)CC1,O=C(CN1CCCNCC1)NC1CCCCC1,0,0,0.4705646304050116,OK
611,CHEMBL2391374,inactive_single,CC(C)NC(=O)C(C)(C)N1CCN(C2CCCCC2)CC1,C1CCC(N2CCNCC2)CC1,0,0,0.4803870956914183,OK
648,CHEMBL269280,active_single,O=C1NC(c2ccccc2)(c2ccccc2)CN1C1CCN(Cc2ccc(Cl)cc2)CC1,O=C1NC(c2ccccc2)(c2ccccc2)CN1C1CCN(Cc2ccccc2)CC1,1,1,0.9964403699390135,OK
655,CHEMBL278129,inactive_single,CN(C)CCOC(=O)C1=C/C(=Cc2ccncc2)c2ccccc21,C1=Cc2ccccc2C1=Cc1ccncc1,0,0,0.5962654203429633,OK
665,CHEMBL283320,inactive_single,CN(C)CCNC(=O)C1=C/C(=Cc2ccncc2)c2ccccc21,C1=Cc2ccccc2C1=Cc1ccncc1,0,0,0.10051115001692168,OK
708,CHEMBL3084410,active_single,C[N+]1(C)[C@@H]2CC[C@H]1C[C@@H](CC(O)(c1cccs1)c1cccs1)C2.[Br-],c1csc(C(CC2CC3CCC(C2)[NH2+]3)c2cccs2)c1,1,1,0.7518814802221037,OK
709,CHEMBL3084411,active_single,C[N+]1(C)[C@@H]2CC[C@H]1C[C@@H](CC(O)(c1ccsc1)c1ccsc1)C2.[I-],c1cc(C(CC2CC3CCC(C2)[NH2+]3)c2ccsc2)cs1,1,0,0.5442141099571843,FN
710,CHEMBL3084412,active_single,Cc1cc(C(O)(C[C@H]2C[C@H]3CC[C@@H](C2)[N+]3(C)C)c2csc(C)c2)cs1.[Br-],c1cc(C(CC2CC3CCC(C2)[NH2+]3)c2ccsc2)cs1,1,0,0.38161841237402433,FN
761,CHEMBL3085090,active_single,CN1[C@@H]2CC[C@H]1C[C@H](OC(=O)N(Cc1ccccc1)c1ccsc1)C2,O=C(OC1CC2CCC(C1)N2)N(Cc1ccccc1)c1ccsc1,1,1,0.9997845614018019,OK
764,CHEMBL3085093,active_single,CN1[C@@H]2CC[C@H]1C[C@@H](OC(=O)N(Cc1ccc(C#N)cc1)c1ccsc1)C2,O=C(OC1CC2CCC(C1)N2)N(Cc1ccccc1)c1ccsc1,1,1,0.9996053096934754,OK
784,CHEMBL3087362,active_single,O=C(C[N+]12CCC(CC1)[C@@H](OC(=O)C1(C3=CC=CC3)CCCCCC1)C2)Nc1ccccn1,O=C(C[N+]12CCC(CC1)C(OC(=O)C1(C3=CC=CC3)CCCCCC1)C2)Nc1ccccn1,1,1,0.9971169259996537,OK
785,CHEMBL3087363,active_single,O=C(C[N+]12CCC(CC1)[C@H](OC(=O)C1(C3=CC=CC3)CCCCCC1)C2)Nc1ccccn1,O=C(C[N+]12CCC(CC1)C(OC(=O)C1(C3=CC=CC3)CCCCCC1)C2)Nc1ccccn1,1,1,0.9923518135498222,OK
786,CHEMBL3087364,active_single,O=C(C[N+]12CCC(CC1)[C@@H](OC(=O)C1(C3=CC=CC3)CCCCCC1)C2)Nc1cccnc1,O=C(C[N+]12CCC(CC1)C(OC(=O)C1(C3=CC=CC3)CCCCCC1)C2)Nc1cccnc1,1,1,0.9813414291809267,OK
790,CHEMBL3087368,active_single,O=C(C[N+]12CCC(CC1)[C@@H](OC(=O)C1(C3=CC=CC3)CCCCCC1)C2)Nc1cccnn1,O=C(C[N+]12CCC(CC1)C(OC(=O)C1(C3=CC=CC3)CCCCCC1)C2)Nc1cccnn1,1,1,0.9921841933460128,OK
792,CHEMBL3087370,active_single,O=C(C[N+]12CCC(CC1)[C@@H](OC(=O)C1(C3=CC=CC3)CCCCCC1)C2)Nc1ncccc1F,O=C(C[N+]12CCC(CC1)C(OC(=O)C1(C3=CC=CC3)CCCCCC1)C2)Nc1ccccn1,1,1,0.9891054502666543,OK
793,CHEMBL3087371,active_single,Cc1ccc(NC(=O)C[N+]23CCC(CC2)[C@@H](OC(=O)C2(C4=CC=CC4)CCCCCC2)C3)nc1,O=C(C[N+]12CCC(CC1)C(OC(=O)C1(C3=CC=CC3)CCCCCC1)C2)Nc1ccccn1,1,1,0.9920625644717378,OK
794,CHEMBL3087372,active_single,O=C(C[N+]12CCC(CC1)[C@@H](OC(=O)C1(C3=CC=CC3)CCCCCC1)C2)Nc1ccc(F)cn1,O=C(C[N+]12CCC(CC1)C(OC(=O)C1(C3=CC=CC3)CCCCCC1)C2)Nc1ccccn1,1,1,0.9891507062965368,OK
795,CHEMBL3087373,active_single,Cc1ccnc(NC(=O)C[N+]23CCC(CC2)[C@@H](OC(=O)C2(C4=CC=CC4)CCCCCC2)C3)c1,O=C(C[N+]12CCC(CC1)C(OC(=O)C1(C3=CC=CC3)CCCCCC1)C2)Nc1ccccn1,1,1,0.9918731650999687,OK
796,CHEMBL3087374,active_single,O=C(C[N+]12CCC(CC1)[C@@H](OC(=O)C1(C3=CC=CC3)CCCCCC1)C2)Nc1cccc(C(F)(F)F)n1,O=C(C[N+]12CCC(CC1)C(OC(=O)C1(C3=CC=CC3)CCCCCC1)C2)Nc1ccccn1,1,1,0.9967937548639971,OK
797,CHEMBL3087375,active_single,O=C(C[N+]12CCC(CC1)[C@@H](OC(=O)C1(C3=CC=CC3)CCCCCC1)C2)Nc1ccc(C(F)(F)F)nc1,O=C(C[N+]12CCC(CC1)C(OC(=O)C1(C3=CC=CC3)CCCCCC1)C2)Nc1cccnc1,1,1,0.989189677635342,OK
798,CHEMBL3087376,active_single,Cc1ccc(NC(=O)C[N+]23CCC(CC2)[C@@H](OC(=O)C2(C4=CC=CC4)CCCCCC2)C3)cn1,O=C(C[N+]12CCC(CC1)C(OC(=O)C1(C3=CC=CC3)CCCCCC1)C2)Nc1cccnc1,1,1,0.9776079188258056,OK
801,CHEMBL3087379,active_single,Cc1ccc(NC(=O)C[N+]23CCC(CC2)[C@@H](OC(=O)C2(C4=CC=CC4)CCCCCC2)C3)nn1,O=C(C[N+]12CCC(CC1)C(OC(=O)C1(C3=CC=CC3)CCCCCC1)C2)Nc1cccnn1,1,1,0.9950115563915047,OK
802,CHEMBL3087945,active_single,O=C(C[N+]12CCC(CC1)[C@@H](OC(=O)C1(C3=CC=CC3)CCCCCC1)C2)Nc1ccc(C(F)(F)F)nn1,O=C(C[N+]12CCC(CC1)C(OC(=O)C1(C3=CC=CC3)CCCCCC1)C2)Nc1cccnn1,1,1,0.9974544410425511,OK
803,CHEMBL3087946,active_single,O=C(C[N+]12CCC(CC1)[C@@H](OC(=O)C1(C3=CC=CC3)CCCCCC1)C2)Nc1ccc(Cl)nn1,O=C(C[N+]12CCC(CC1)C(OC(=O)C1(C3=CC=CC3)CCCCCC1)C2)Nc1cccnn1,1,1,0.999014173297747,OK
819,CHEMBL3088075,active_single,O=C(O[C@H]1CN2CCC1CC2)C1(c2cccs2)CCCCCC1,O=C(OC1CN2CCC1CC2)C1(c2cccs2)CCCCCC1,1,1,0.9965013777775098,OK
825,CHEMBL3088081,active_single,Cc1ccc(CC[N+]23CCC(CC2)[C@@H](OC(=O)C2(C4=CC=CC4)CCCCCC2)C3)s1,O=C(OC1C[N+]2(CCc3cccs3)CCC1CC2)C1(C2=CC=CC2)CCCCCC1,1,1,0.9983690419619431,OK
875,CHEMBL3219055,active_single,CS(=O)(=O)Nc1cc([C@@H](O)CNCCc2ccc(OCCN3CCC(OC(=O)Nc4ccccc4-c4ccc(O)c(Cl)c4)CC3)cc2)ccc1O,O=C(Nc1ccccc1-c1ccccc1)OC1CCN(CCOc2ccc(CCNCCc3ccccc3)cc2)CC1,1,1,0.999915926353703,OK
883,CHEMBL330692,active_single,OC1(C2=CN3CCC2CC3)c2ccccc2C=Cc2ccccc21,C1=Cc2ccccc2C(C2=CN3CCC2CC3)c2ccccc21,1,0,0.4276559449940274,FN
903,CHEMBL3354069,active_single,CN1CCC=C(c2nsnc2OCCCCCCCCCC2CCN(CCCN3C(=O)CCc4ccccc43)CC2)C1,O=C1CCc2ccccc2N1CCCN1CCC(CCCCCCCCCOc2nsnc2C2=CCCNC2)CC1,1,1,0.9943359123087135,OK
928,CHEMBL340780,active_single,CCCCCCOC(=O)[C@H]1CN(CC)CC[C@H]1c1ccccc1.O=C(O)C(=O)O,c1ccc(C2CCNCC2)cc1,1,1,0.9644995041594995,OK
958,CHEMBL352779,inactive_single,CN(C)CCNC(=O)C1=C(Cc2ccccn2)c2ccccc2C1,C1=C(Cc2ccccn2)c2ccccc2C1,0,0,0.05352618142563799,OK
960,CHEMBL353290,active_single,CC(C1=C(CCN(C)C)Cc2ccc(F)cc21)c1ccccn1,C1=C(Cc2ccccn2)c2ccccc2C1,1,0,0.26307373632928815,FN
962,CHEMBL354523,active_single,CCC(C1=C(CCN(C)C)Cc2cc(Cl)ccc21)c1ccccn1,C1=C(Cc2ccccn2)c2ccccc2C1,1,0,0.5056992295270126,FN
963,CHEMBL354678,active_single,CCC(C1=C(CCN(C)C)Cc2ccccc21)c1ccccn1,C1=C(Cc2ccccn2)c2ccccc2C1,1,0,0.5189795922532773,FN
966,CHEMBL356305,active_single,Cc1cc(CN2CCC(NC(=O)C(O)(c3ccccc3)C3CCCC3)CC2)cs1,O=C(NC1CCN(Cc2ccsc2)CC1)C(c1ccccc1)C1CCCC1,1,1,0.9616947058983006,OK
967,CHEMBL356505,active_single,O=C(NC1CCN(Cc2ccsc2)CC1)[C@](O)(c1ccccc1)[C@@H]1CCC(F)(F)C1,O=C(NC1CCN(Cc2ccsc2)CC1)C(c1ccccc1)C1CCCC1,1,1,0.9972454084891055,OK
968,CHEMBL358193,active_single,O=C(NC1CCN(Cc2ccsc2)CC1)C(O)(c1ccccc1)C1CCCC1,O=C(NC1CCN(Cc2ccsc2)CC1)C(c1ccccc1)C1CCCC1,1,1,0.9907950525259752,OK
973,CHEMBL3629353,active_single,O=C(Nc1ccccc1-c1ccc(O)c(Cl)c1)OC1CCN(CCCCCCCCCNC[C@H](O)c2ccc(O)c3[nH]c(=O)ccc23)CC1,O=C(Nc1ccccc1-c1ccccc1)OC1CCN(CCCCCCCCCNCCc2cccc3[nH]c(=O)ccc23)CC1,1,1,0.999911383375243,OK
985,CHEMBL3633665,inactive,CN(CCN1CCOCC1)CC(=O)c1c(-c2ccccc2)[nH]c2ccccc12,O=C(CNCCN1CCOCC1)c1c(-c2ccccc2)[nH]c2ccccc12,0,0,0.15944503980029337,OK
1001,CHEMBL3645287,active,CN(CCCCC(=O)Nc1cccc(CCNC[C@H](O)c2ccc(O)c3[nH]c(=O)ccc23)c1)C(=O)CCN1CCC(OC(=O)Nc2ccccc2-c2ccccc2)CC1,O=C(CCN1CCC(OC(=O)Nc2ccccc2-c2ccccc2)CC1)NCCCCC(=O)Nc1cccc(CCNCCc2cccc3[nH]c(=O)ccc23)c1,1,1,0.9994710377138558,OK
1080,CHEMBL3666066,active_single,CN(CCCC(=O)Nc1cccc(CNC[C@H](O)c2ccc(O)c3[nH]c(=O)ccc23)c1)C(=O)CCN1CCC(OC(=O)Nc2ccccc2-c2ccccc2)CC1,O=C(CCN1CCC(OC(=O)Nc2ccccc2-c2ccccc2)CC1)NCCCC(=O)Nc1cccc(CNCCc2cccc3[nH]c(=O)ccc23)c1,1,1,0.9998649190113648,OK
1083,CHEMBL3670826,active,C[N+]1(C)C2CCC1[C@H](OC(=O)[C@@](O)(c1ccccc1)C1CCCC1)C2,O=C(OC1CC2CCC1[NH2+]2)C(c1ccccc1)C1CCCC1,1,1,0.997972685745679,OK
1084,CHEMBL3670827,active,C[N+]1(C)C2CCC1[C@@H](OC(=O)[C@@](O)(c1ccccc1)C1CCCC1)C2,O=C(OC1CC2CCC1[NH2+]2)C(c1ccccc1)C1CCCC1,1,1,0.9966878929775366,OK
1085,CHEMBL3670828,active,C[N+]1(C)C2CCC1[C@@H](OC(=O)[C@](O)(c1ccccc1)C1CCCC1)C2,O=C(OC1CC2CCC1[NH2+]2)C(c1ccccc1)C1CCCC1,1,1,0.9978430080221744,OK
1097,CHEMBL373994,active_single,O=C1NC(c2ccccc2)(c2ccccc2)CN1C1CCN(Cc2cccc(F)c2)CC1,O=C1NC(c2ccccc2)(c2ccccc2)CN1C1CCN(Cc2ccccc2)CC1,1,1,0.9946795060030301,OK
1098,CHEMBL374099,active_single,COc1ccc(C2(c3ccc(OC)cc3)CN(C3CCN(Cc4ccccc4)CC3)C(=O)N2)cc1,O=C1NC(c2ccccc2)(c2ccccc2)CN1C1CCN(Cc2ccccc2)CC1,1,1,0.9939074224947959,OK
1103,CHEMBL375277,active_single,CN1C(=O)N(C2CCN(Cc3ccccc3)CC2)CC1(c1ccccc1)c1ccccc1,O=C1NC(c2ccccc2)(c2ccccc2)CN1C1CCN(Cc2ccccc2)CC1,1,1,0.9942657808040556,OK
1105,CHEMBL375851,active_single,C[N+]1(C)CCC[C@@H]1[C@@H]1CSC(c2ccccc2)(c2ccccc2)O1.[I-],c1ccc(C2(c3ccccc3)OC(C3CCC[NH2+]3)CS2)cc1,1,1,0.9566884974668753,OK
1106,CHEMBL375969,active_single,C[N+]1(C)CCC[C@H]1[C@H]1CSC(c2ccccc2)(c2ccccc2)O1.[I-],c1ccc(C2(c3ccccc3)OC(C3CCC[NH2+]3)CS2)cc1,1,1,0.933936749063591,OK
1107,CHEMBL376000,active_single,O=C1NC(c2ccccc2)(c2ccccc2)CN1C1CCN(Cc2ccccc2)CC1,O=C1NC(c2ccccc2)(c2ccccc2)CN1C1CCN(Cc2ccccc2)CC1,1,1,0.9943958584602817,OK
1144,CHEMBL384670,active_single,O=C1NC(c2ccccc2)(c2ccccc2)CN1C1CCN(Cc2ccccc2Cl)CC1,O=C1NC(c2ccccc2)(c2ccccc2)CN1C1CCN(Cc2ccccc2)CC1,1,1,0.9819941630874087,OK
1149,CHEMBL388541,active_single,COc1ccccc1CN1CCC(N2CC(c3ccccc3)(c3ccccc3)NC2=O)CC1,O=C1NC(c2ccccc2)(c2ccccc2)CN1C1CCN(Cc2ccccc2)CC1,1,1,0.9713872181074259,OK
1154,CHEMBL3897499,inactive_single,CCCN1CC[C@H]2c3cc4ccc(C(F)(F)F)cc4nc3[C@H](CC)[C@H]3CCC[C@@H]1[C@@H]32,c1ccc2nc3c(cc2c1)C1CCNC2CCCC(C3)C21,0,0,0.6095860776420448,OK
1167,CHEMBL3915634,inactive_single,Cc1nnc2sc(C(=O)NCc3ccc(S(=O)(=O)C(F)(F)F)cc3)c(N)c2c1C,O=C(NCc1ccccc1)c1cc2ccnnc2s1,0,0,0.09401781281442216,OK
1169,CHEMBL3917058,active,C[C@@](C(=O)O[C@@H]1CC2CCC1[N+]2(C)C)(c1ccccc1)C1CCCC1,O=C(OC1CC2CCC1[NH2+]2)C(c1ccccc1)C1CCCC1,1,1,0.9989867593231845,OK
1177,CHEMBL3932738,active_single,O=C(O[C@H]1C[N+]2(CCCOc3ccccc3)CCC1CC2)C1c2ccccc2Oc2ccccc21,O=C(OC1C[N+]2(CCCOc3ccccc3)CCC1CC2)C1c2ccccc2Oc2ccccc21,1,1,0.9989576440297442,OK
1180,CHEMBL3942511,inactive_single,Cc1nnc2sc(C(=O)NCc3ccc(S(F)(F)(F)(F)F)cc3)c(N)c2c1C,O=C(NCc1ccccc1)c1cc2ccnnc2s1,0,0,0.1456483923407557,OK
1185,CHEMBL3949833,active,O=C(O[C@H]1C[N+]2(CCOc3ccccc3)CCC1CC2)C(O)(c1ccccc1)c1ccco1,O=C(OC1C[N+]2(CCOc3ccccc3)CCC1CC2)C(c1ccccc1)c1ccco1,1,1,0.9986779076730581,OK
1196,CHEMBL3963788,inactive_single,Cc1nnc2sc(C(=O)NCc3ccc(S(=O)(=O)C(F)F)cc3)c(N)c2c1C,O=C(NCc1ccccc1)c1cc2ccnnc2s1,0,0,0.16928370579009103,OK
1206,CHEMBL403592,inactive_single,C[N+](C)(CCCC(O)(c1ccccc1)c1ccccc1)CCC[N+](C)(C)CCCC(O)(c1ccccc1)c1ccccc1.[I-].[I-],c1ccc(C(CCC[NH2+]CCC[NH2+]CCCC(c2ccccc2)c2ccccc2)c2ccccc2)cc1,0,0,0.09336469651909522,OK
1254,CHEMBL4164874,inactive_single,FC1(F)CCC(NC/C=CCN(C[C@H]2Cc3ccccc3CN2)[C@H]2CCCc3cccnc32)CC1,C(=CCN(CC1Cc2ccccc2CN1)C1CCCc2cccnc21)CNC1CCCCC1,0,0,0.5122348725899097,OK
1265,CHEMBL423831,active_single,CN(C)CCC1=C(C(C)(C)c2ccccn2)c2ccccc2C1,C1=C(Cc2ccccn2)c2ccccc2C1,1,0,0.5159159911257061,FN
1282,CHEMBL434684,active_single,CC(C1=C(CN(C)C)Cc2ccccc21)c1ccccn1,C1=C(Cc2ccccn2)c2ccccc2C1,1,0,0.37023856842706415,FN
1288,CHEMBL436492,active_single,COc1ccc(CN2CCC(N3CC(c4ccccc4)(c4ccccc4)NC3=O)CC2)cc1,O=C1NC(c2ccccc2)(c2ccccc2)CN1C1CCN(Cc2ccccc2)CC1,1,1,0.9909777548126778,OK
1295,CHEMBL4436947,active_single,O=C(OC1C[N+]2(CCCCCc3ccccc3)CCC1CC2)C(O)(c1ccccc1)c1ccccc1.[Br-],O=C(OC1C[N+]2(CCCCCc3ccccc3)CCC1CC2)C(c1ccccc1)c1ccccc1,1,1,0.9945903175418993,OK
1303,CHEMBL4448108,active_single,CN(CCCCCCCCN(C)CCCCCCN(CC(=O)N1c2ccccc2C(=O)Nc2cccnc21)CC(=O)N1c2ccccc2C(=O)Nc2cccnc21)CCCCCCNCC(=O)N1c2ncccc2NC(=O)c2cccnc21,O=C1Nc2cccnc2N(C(=O)CN(CCCCCCNCCCCCCCCNCCCCCCNCC(=O)N2c3ncccc3NC(=O)c3cccnc32)CC(=O)N2c3ccccc3C(=O)Nc3cccnc32)c2ccccc21,1,1,0.9997233133434831,OK
1370,CHEMBL4591883,active_single,O=C(OC1C[N+]2(Cc3ccccc3)CCC1CC2)C(O)(c1ccccc1)c1ccccc1.[Br-],O=C(OC1C[N+]2(Cc3ccccc3)CCC1CC2)C(c1ccccc1)c1ccccc1,1,1,0.989207321492943,OK
1386,CHEMBL4635385,active_single,C[N+](C)(C)C[C@@H]1CO[C@@](c2ccccc2)(C2CCCCC2)CO1.[I-],c1ccc(C2(C3CCCCC3)COCCO2)cc1,1,1,0.9205951355986064,OK
1387,CHEMBL4635500,active_single,CN(C)C[C@H]1COC[C@@](c2ccccc2)(C2CCCCC2)O1,c1ccc(C2(C3CCCCC3)COCCO2)cc1,1,1,0.9935538503499775,OK
1394,CHEMBL4637749,active_single,C[N@+]12CC[C@H](CC1)[C@@H](NC(=O)Nc1ccc(F)cc1-c1ccccc1)C2.O=C([O-])C(F)(F)F,O=C(Nc1ccccc1-c1ccccc1)NC1C[NH+]2CCC1CC2,1,1,0.9521312408479409,OK
1395,CHEMBL4638599,inactive_single,O=c1n(CCCCN2CCN(c3cccc4sccc34)CC2)nc2ccccn12,O=c1n(CCCCN2CCN(c3cccc4sccc34)CC2)nc2ccccn12,0,0,0.04182306499844859,OK
1407,CHEMBL4644285,active_single,CN(C)C[C@@H]1COC[C@](c2ccccc2)(C2CCCCC2)O1,c1ccc(C2(C3CCCCC3)COCCO2)cc1,1,1,0.9943150785441504,OK
1408,CHEMBL4644352,inactive_single,O=c1n(CCCCN2CCN(c3cccc4sccc34)CC2)nc2c(F)cccn12,O=c1n(CCCCN2CCN(c3cccc4sccc34)CC2)nc2ccccn12,0,0,0.028477049241192532,OK
1410,CHEMBL4644391,inactive_single,N#Cc1ccc2nn(CCCCN3CCN(c4cccc5sccc45)CC3)c(=O)n2c1,O=c1n(CCCCN2CCN(c3cccc4sccc34)CC2)nc2ccccn12,0,0,0.015555669698778163,OK
1415,CHEMBL4645580,active_single,C[N+](C)(C)C[C@H]1COC[C@@](c2ccccc2)(C2CCCCC2)O1.[I-],c1ccc(C2(C3CCCCC3)COCCO2)cc1,1,1,0.9452203547212077,OK
1417,CHEMBL4646531,inactive_single,C[N+](C)(C)C[C@@H]1CO[C@@H](c2ccc(Cc3ccccc3)cc2)CO1.[I-],c1ccc(Cc2ccc(C3COCCO3)cc2)cc1,0,0,0.045407127419486604,OK
1420,CHEMBL4648229,active_single,C[N+](C)(C)C[C@@H]1COC[C@@](c2ccccc2)(C2CCCCC2)O1.[I-],c1ccc(C2(C3CCCCC3)COCCO2)cc1,1,1,0.8989016093724624,OK
1421,CHEMBL4648444,active_single,C[N+](C)(C)C[C@@H]1CO[C@](c2ccccc2)(C2CCCCC2)CO1.[I-],c1ccc(C2(C3CCCCC3)COCCO2)cc1,1,1,0.8158846309823842,OK
1422,CHEMBL4648939,active_single,C[N+](C)(C)C[C@@H]1COC[C@](c2ccccc2)(C2CCCCC2)O1,c1ccc(C2(C3CCCCC3)COCCO2)cc1,1,1,0.9891603801457817,OK
1424,CHEMBL4649224,active_single,CN(C)CC1COCC(c2ccccc2)(C2CCCCC2)O1,c1ccc(C2(C3CCCCC3)COCCO2)cc1,1,1,0.9972639531780657,OK
1429,CHEMBL467094,inactive_single,COc1cc2c3c(c1OC)-c1cc4c(cc1CC3N(C)CC2)OCO4,c1cc2c3c(c1)-c1cc4c(cc1CC3NCC2)OCO4,0,0,0.13556670077145955,OK
1434,CHEMBL4747438,inactive_single,O=C(CCN1CCCc2ccccc21)Nc1nccs1,O=C(CCN1CCCc2ccccc21)Nc1nccs1,0,0,0.012870738254974947,OK
1511,CHEMBL4866806,active_single,CCN(CCCNC[C@H](O)c1ccc(O)c2[nH]c(=O)ccc12)C(=O)c1ccc(COc2cccc(-c3ccc([C@@H](NC(=O)O[C@H]4CN5CCC4CC5)c4ccccc4)cc3)c2)cc1,O=C(NC(c1ccccc1)c1ccc(-c2cccc(OCc3ccc(C(=O)NCCCNCCc4cccc5[nH]c(=O)ccc45)cc3)c2)cc1)OC1CN2CCC1CC2,1,1,0.9999741319874218,OK
1517,CHEMBL4871517,active_single,O=C(N[C@@H](c1ccccc1)c1ccc(-c2cccc(OCc3ccc(C(=O)NCCCNC[C@H](O)c4ccc(O)c5[nH]c(=O)ccc45)cc3)c2)cc1)O[C@H]1CN2CCC1CC2,O=C(NC(c1ccccc1)c1ccc(-c2cccc(OCc3ccc(C(=O)NCCCNCCc4cccc5[nH]c(=O)ccc45)cc3)c2)cc1)OC1CN2CCC1CC2,1,1,0.9996403389572425,OK
1558,CHEMBL492374,active_single,COC(=O)c1cccc(C(=O)NCc2cccc(-c3cccc(CN4CCNCC4)c3)c2)c1,O=C(NCc1cccc(-c2cccc(CN3CCNCC3)c2)c1)c1ccccc1,1,1,0.867957379761434,OK
1561,CHEMBL492802,active_single,N#Cc1ccc(C(=O)NCc2cccc(-c3cccc(CN4CCNCC4)c3)c2)cc1,O=C(NCc1cccc(-c2cccc(CN3CCNCC3)c2)c1)c1ccccc1,1,1,0.7966094199190205,OK
1562,CHEMBL492978,active_single,CCOc1cccc(C(=O)NCc2cccc(-c3cccc(CN4CCNCC4)c3)c2)c1,O=C(NCc1cccc(-c2cccc(CN3CCNCC3)c2)c1)c1ccccc1,1,1,0.7261526330727238,OK
1564,CHEMBL492997,active_single,O=C(NCc1cccc(-c2cccc(CN3CCNCC3)c2)c1)c1cccc(Cl)c1,O=C(NCc1cccc(-c2cccc(CN3CCNCC3)c2)c1)c1ccccc1,1,1,0.7572249615053444,OK
1565,CHEMBL492998,active_single,O=C(NCc1cccc(-c2cccc(CN3CCNCC3)c2)c1)c1ccc(Cl)cc1,O=C(NCc1cccc(-c2cccc(CN3CCNCC3)c2)c1)c1ccccc1,1,1,0.8618539355894755,OK
1574,CHEMBL494410,active_single,Cc1cccc(C(=O)NCc2cccc(-c3cccc(CN4CCNCC4)c3)c2)c1,O=C(NCc1cccc(-c2cccc(CN3CCNCC3)c2)c1)c1ccccc1,1,1,0.7399157545015103,OK
1575,CHEMBL494411,active_single,CCc1cccc(C(=O)NCc2cccc(-c3cccc(CN4CCNCC4)c3)c2)c1,O=C(NCc1cccc(-c2cccc(CN3CCNCC3)c2)c1)c1ccccc1,1,1,0.8107160495172904,OK
1576,CHEMBL494741,active_single,O=C(NCc1cccc(-c2cccc(CN3CCNCC3)c2)c1)c1cccc(C(F)(F)F)c1,O=C(NCc1cccc(-c2cccc(CN3CCNCC3)c2)c1)c1ccccc1,1,1,0.7904094357111564,OK
1577,CHEMBL494749,active_single,CS(=O)(=O)c1cccc(C(=O)NCc2cccc(-c3cccc(CN4CCNCC4)c3)c2)c1,O=C(NCc1cccc(-c2cccc(CN3CCNCC3)c2)c1)c1ccccc1,1,1,0.9399046108022504,OK
1578,CHEMBL494752,active_single,CC(=O)Nc1cccc(C(=O)NCc2cccc(-c3cccc(CN4CCNCC4)c3)c2)c1,O=C(NCc1cccc(-c2cccc(CN3CCNCC3)c2)c1)c1ccccc1,1,0,0.5627864892404864,FN
1579,CHEMBL494778,active_single,O=S(=O)(NCc1cccc(-c2cccc(CN3CCNCC3)c2)c1)c1ccc2c(c1)OCO2,O=S(=O)(NCc1cccc(-c2cccc(CN3CCNCC3)c2)c1)c1ccc2c(c1)OCO2,1,1,0.9833433756576826,OK
1580,CHEMBL494836,active_single,O=C(NCc1cccc(-c2cccc(CN3CCCNCC3)c2)c1)c1ccc2c(c1)OCO2,O=C(NCc1cccc(-c2cccc(CN3CCCNCC3)c2)c1)c1ccc2c(c1)OCO2,1,1,0.9061614365984737,OK
1581,CHEMBL494950,active_single,CN(C)c1cccc(C(=O)NCc2cccc(-c3cccc(CN4CCNCC4)c3)c2)c1,O=C(NCc1cccc(-c2cccc(CN3CCNCC3)c2)c1)c1ccccc1,1,1,0.960941351625947,OK
1583,CHEMBL495025,active_single,N#Cc1ccccc1C(=O)NCc1cccc(-c2cccc(CN3CCNCC3)c2)c1,O=C(NCc1cccc(-c2cccc(CN3CCNCC3)c2)c1)c1ccccc1,1,0,0.541802075001083,FN
1586,CHEMBL495172,active_single,N#Cc1cccc(C(=O)NCc2cccc(-c3cccc(CN4CCNCC4)c3)c2)c1,O=C(NCc1cccc(-c2cccc(CN3CCNCC3)c2)c1)c1ccccc1,1,1,0.729991718532185,OK
1587,CHEMBL495180,active_single,COc1cccc(C(=O)NCc2cccc(-c3cccc(CN4CCNCC4)c3)c2)c1,O=C(NCc1cccc(-c2cccc(CN3CCNCC3)c2)c1)c1ccccc1,1,1,0.6685015567833055,OK
1601,CHEMBL5069430,active_single,COc1ccc([C@H](Cc2c(Cl)c[n+]([O-])cc2Cl)OC(=O)c2ccc(CN(C(=O)O[C@H]3CN4CCC3CC4)c3cccnc3)s2)cc1OC,O=C(OC(Cc1cc[nH+]cc1)c1ccccc1)c1ccc(CN(C(=O)OC2CN3CCC2CC3)c2cccnc2)s1,1,1,0.996417323847454,OK
1674,CHEMBL5203937,active_single,Cn1nc(C(=O)O)cc1COc1cccc([C@@H](NC(=O)O[C@H]2CN3CCC2CC3)c2ccccc2)c1,O=C(NC(c1ccccc1)c1cccc(OCc2ccn[nH]2)c1)OC1CN2CCC1CC2,1,1,0.986359841392797,OK
1685,CHEMBL522020,active_single,CC(=O)c1cccc(C(=O)NCc2cccc(-c3cccc(CN4CCNCC4)c3)c2)c1,O=C(NCc1cccc(-c2cccc(CN3CCNCC3)c2)c1)c1ccccc1,1,1,0.7580450172240197,OK
1730,CHEMBL5396126,inactive_single,COc1ccccc1C1CCN([C@@H]2COC3(C2)CN(C(=O)C2COC2)C3)CC1,O=C(C1COC1)N1CC2(CC(N3CCC(c4ccccc4)CC3)CO2)C1,0,0,0.050019074151827214,OK
1735,CHEMBL540144,active_single,CCOC(=O)c1ccc(NC(=O)N[C@@H](Cc2ccc(O)cc2)C(=O)N[C@H]2CC[N+](C)(Cc3ccc(F)cc3)C2)cc1.[I-],O=C(Nc1ccccc1)NC(Cc1ccccc1)C(=O)NC1CC[NH+](Cc2ccccc2)C1,1,1,0.9169425715846918,OK
1743,CHEMBL5404020,active,COc1ccc([C@H](Cc2c(Cl)c[n+]([O-])cc2Cl)OC(=O)c2ccc(CNC(CO)(C(=O)O[C@H]3CN4CCC3CC4)c3ccccc3)c(OCC3CC3)c2)cc1OC,O=C(OC(Cc1cc[nH+]cc1)c1ccccc1)c1ccc(CNC(C(=O)OC2CN3CCC2CC3)c2ccccc2)c(OCC2CC2)c1,1,1,0.999936462031556,OK
1748,CHEMBL5416951,inactive_single,COc1cc(F)ccc1C1CCN([C@@H]2COC3(C2)CN(C(=O)C2COC2)C3)CC1,O=C(C1COC1)N1CC2(CC(N3CCC(c4ccccc4)CC3)CO2)C1,0,0,0.03339782014134406,OK
1751,CHEMBL5419622,inactive_single,COc1ccc(F)cc1C1CCN([C@@H]2COC3(C2)CN(C(=O)C2COC2)C3)CC1,O=C(C1COC1)N1CC2(CC(N3CCC(c4ccccc4)CC3)CO2)C1,0,0,0.026602252456210247,OK
1761,CHEMBL5439180,active_single,COc1ccc([C@H](Cc2c(Cl)c[n+]([O-])cc2Cl)OC(=O)c2ccc(CNC(C(=O)O[C@H]3CN4CCC3CC4)c3ccccc3)c(OCC3CC3)c2)cc1OC,O=C(OC(Cc1cc[nH+]cc1)c1ccccc1)c1ccc(CNC(C(=O)OC2CN3CCC2CC3)c2ccccc2)c(OCC2CC2)c1,1,1,0.999924809461122,OK
1771,CHEMBL5512578,active_single,O=C(NCCCOc1cccc([C@](O)(C(=O)O[C@@H]2CCN(Cc3ccccc3)C2)c2ccccc2)c1)c1ccc(CNC[C@H](O)c2ccc(O)c3[nH]c(=O)ccc23)cc1,O=C(NCCCOc1cccc(C(C(=O)OC2CCN(Cc3ccccc3)C2)c2ccccc2)c1)c1ccc(CNCCc2cccc3[nH]c(=O)ccc23)cc1,1,1,0.9997109103285172,OK
1782,CHEMBL5523438,active_single,O=C(NCCCOc1cccc([C@](O)(C(=O)O[C@H]2CCN(Cc3ccccc3)C2)c2ccccc2)c1)c1ccc(CNC[C@H](O)c2ccc(O)c3[nH]c(=O)ccc23)cc1,O=C(NCCCOc1cccc(C(C(=O)OC2CCN(Cc3ccccc3)C2)c2ccccc2)c1)c1ccc(CNCCc2cccc3[nH]c(=O)ccc23)cc1,1,1,0.9997615794441538,OK
1789,CHEMBL5532329,inactive_single,O=C(CCO)N1CCC(=C2c3ccc(Cl)cc3CCc3cccnc32)CC1,c1ccc2c(c1)CCc1cccnc1C2=C1CCNCC1,0,0,0.0013481595188157695,OK
1809,CHEMBL555471,active_single,CCOC(=O)c1ccc(NC(=O)N[C@@H](Cc2ccc(O)cc2)C(=O)N[C@H]2CC[N+](C)(Cc3ccc(O)cc3)C2)cc1.[I-],O=C(Nc1ccccc1)NC(Cc1ccccc1)C(=O)NC1CC[NH+](Cc2ccccc2)C1,1,1,0.9457495491045207,OK
1818,CHEMBL5555858,inactive_single,O=C(O)CC(O)CN1CCC(=C2c3ccc(Cl)cc3CCc3cccnc32)CC1,c1ccc2c(c1)CCc1cccnc1C2=C1CCNCC1,0,0,0.05142911423317669,OK
1826,CHEMBL5557294,inactive_single,OC[C@H](O)CN1CCC(=C2c3ccc(Cl)cc3CCc3cccnc32)CC1,c1ccc2c(c1)CCc1cccnc1C2=C1CCNCC1,0,0,0.011172710697843072,OK
1842,CHEMBL556221,active_single,CC1(C(=O)O[C@H]2C[N+]3(CCCOc4ccccc4)CCC2CC3)c2ccccc2Oc2ccccc21.[Br-],O=C(OC1C[N+]2(CCCOc3ccccc3)CCC1CC2)C1c2ccccc2Oc2ccccc21,1,1,0.9911531679606506,OK
1853,CHEMBL558910,active_single,O=C(O[C@H]1CN2CCC1CC2)C(O)(c1ccccc1)c1ccccc1,O=C(OC1CN2CCC1CC2)C(c1ccccc1)c1ccccc1,1,1,0.9940483617239178,OK
1860,CHEMBL562655,active_single,O=C(O[C@H]1C[N+]2(CCc3ccccc3)CCC1CC2)C1(O)c2ccccc2-c2ccccc21.[Br-],O=C(OC1C[N+]2(CCc3ccccc3)CCC1CC2)C1c2ccccc2-c2ccccc21,1,1,0.9808867347403986,OK
1861,CHEMBL562890,active_single,O=C(O[C@H]1C[N+]2(CCCOc3ccccc3)CCC1CC2)C1(O)c2ccccc2Oc2ccccc21.[Br-],O=C(OC1C[N+]2(CCCOc3ccccc3)CCC1CC2)C1c2ccccc2Oc2ccccc21,1,1,0.9917100870813731,OK
1896,CHEMBL5752501,active_single,CN1CCC[C@H]1COC(=O)Nc1cc(F)ccc1-c1cccc(F)c1,O=C(Nc1ccccc1-c1ccccc1)OCC1CCCN1,1,1,0.963701429099441,OK
1903,CHEMBL5762104,active_single,CN1CCC[C@H]1COC(=O)Nc1ccccc1-c1ccc(F)cc1F,O=C(Nc1ccccc1-c1ccccc1)OCC1CCCN1,1,1,0.9892322336806821,OK
1904,CHEMBL5762248,active_single,CN1CCC[C@H]1COC(=O)Nc1ccccc1-c1cccc(F)c1F,O=C(Nc1ccccc1-c1ccccc1)OCC1CCCN1,1,1,0.9932482085257816,OK
1907,CHEMBL5764825,active_single,CN1CCC[C@H]1COC(=O)Nc1cc(F)c(F)cc1-c1ccc(F)c(Cl)c1,O=C(Nc1ccccc1-c1ccccc1)OCC1CCCN1,1,1,0.9787792166377773,OK
1915,CHEMBL5768631,active_single,CN1CCC[C@H]1COC(=O)Nc1ccccc1-c1cccc(F)c1,O=C(Nc1ccccc1-c1ccccc1)OCC1CCCN1,1,1,0.995974910191698,OK
1917,CHEMBL5771396,active_single,CN1CCC[C@H]1COC(=O)Nc1ccccc1-c1ccc(Cl)cc1Cl,O=C(Nc1ccccc1-c1ccccc1)OCC1CCCN1,1,1,0.9943953081317803,OK
1928,CHEMBL5781417,active_single,CN1CCC[C@H]1COC(=O)Nc1ccccc1-c1cc(F)cc(F)c1,O=C(Nc1ccccc1-c1ccccc1)OCC1CCCN1,1,1,0.9923464063286729,OK
1932,CHEMBL5787729,active_single,O=C(O[C@H]1C[N+]2(CCc3ccccc3)CCC1CC2)C1(O)C2C=CC=CC2C2C=CC=CC21,O=C(OC1C[N+]2(CCc3ccccc3)CCC1CC2)C1C2C=CC=CC2C2C=CC=CC21,1,1,0.9949283516987731,OK
1936,CHEMBL5792538,active_single,CN1CCC[C@H]1COC(=O)Nc1ccccc1-c1ccc(F)c(F)c1,O=C(Nc1ccccc1-c1ccccc1)OCC1CCCN1,1,1,0.9939700178519103,OK
1937,CHEMBL5793262,active_single,CC(C)N1CCC[C@H]1COC(=O)Nc1ccccc1-c1ccccc1,O=C(Nc1ccccc1-c1ccccc1)OCC1CCCN1,1,1,0.9996421901802071,OK
1939,CHEMBL5794392,active_single,CN1CCC[C@@H]1COC(=O)Nc1ccccc1-c1ccc(F)cc1,O=C(Nc1ccccc1-c1ccccc1)OCC1CCCN1,1,1,0.9895205184673774,OK
1945,CHEMBL5802633,active_single,CN1CCC[C@H]1COC(=O)Nc1ccc(F)cc1-c1cc(F)c(F)cc1F,O=C(Nc1ccccc1-c1ccccc1)OCC1CCCN1,1,1,0.9220597674286792,OK
1957,CHEMBL5817107,active_single,CN1CCC[C@H]1COC(=O)Nc1ccc(F)cc1-c1cccc(N)c1,O=C(Nc1ccccc1-c1ccccc1)OCC1CCCN1,1,1,0.9394353735248905,OK
1958,CHEMBL5820160,active_single,CN1CCC[C@H]1COC(=O)Nc1ccc(F)cc1-c1cccc(Cl)c1,O=C(Nc1ccccc1-c1ccccc1)OCC1CCCN1,1,1,0.9842707694875166,OK
1967,CHEMBL5824530,active_single,CN1CCC[C@H]1COC(=O)Nc1ccccc1-c1cc(Cl)ccc1F,O=C(Nc1ccccc1-c1ccccc1)OCC1CCCN1,1,1,0.9872750903556307,OK
1972,CHEMBL5829000,active_single,Cc1cccc(-c2cc(F)ccc2NC(=O)OC[C@@H]2CCCN2C)c1,O=C(Nc1ccccc1-c1ccccc1)OCC1CCCN1,1,1,0.981443765747285,OK
1975,CHEMBL5832981,active_single,CN1CCC[C@H]1COC(=O)Nc1ccccc1-c1cccc(N)c1,O=C(Nc1ccccc1-c1ccccc1)OCC1CCCN1,1,1,0.9870474010531838,OK
1976,CHEMBL5833976,active_single,CN1CCC[C@H]1COC(=O)Nc1ccccc1-c1ccc(Cl)c(Cl)c1,O=C(Nc1ccccc1-c1ccccc1)OCC1CCCN1,1,1,0.9980017249482562,OK
1988,CHEMBL5850063,active_single,CN1CCC[C@H]1COC(=O)Nc1ccc(CO)cc1-c1ccc(Cl)c(Cl)c1,O=C(Nc1ccccc1-c1ccccc1)OCC1CCCN1,1,1,0.9951976274051328,OK
1993,CHEMBL5851308,active_single,CN1CCC[C@H]1COC(=O)Nc1ccccc1-c1cc(F)cc(Cl)c1,O=C(Nc1ccccc1-c1ccccc1)OCC1CCCN1,1,1,0.9947786808229301,OK
1998,CHEMBL5855509,active,COc1ccc(C(Cc2c(Cl)c[n+]([O-])cc2Cl)OC(=O)c2ccc(CNC(C(=O)OCC3CCN(C)CC3)c3ccccc3)s2)cc1OCC1CC1,O=C(OC(Cc1cc[nH+]cc1)c1cccc(OCC2CC2)c1)c1ccc(CNC(C(=O)OCC2CCNCC2)c2ccccc2)s1,1,1,0.9999280175424015,OK
2006,CHEMBL5868486,active_single,Cc1ccc(NC(=O)OC[C@@H]2CCCN2C)c(-c2ccccc2)c1,O=C(Nc1ccccc1-c1ccccc1)OCC1CCCN1,1,1,0.9905263436930926,OK
2010,CHEMBL5877833,active,CN1CCC(COC(=O)C(NCc2ccc(C(=O)O[C@@H](Cc3c(Cl)c[n+]([O-])cc3Cl)c3ccc(OC(F)F)c(OCC4CC4)c3)s2)c2ccccc2)CC1,O=C(OC(Cc1cc[nH+]cc1)c1cccc(OCC2CC2)c1)c1ccc(CNC(C(=O)OCC2CCNCC2)c2ccccc2)s1,1,1,0.9999262143584178,OK
2012,CHEMBL5880600,active,COc1ccc([C@H](Cc2c(Cl)c[n+]([O-])cc2Cl)OC(=O)c2ccc(CNC3(C(=O)OCC4CCN(C)CC4)CCc4ccccc43)s2)cc1OC,O=C(OC(Cc1cc[nH+]cc1)c1ccccc1)c1ccc(CNC2(C(=O)OCC3CCNCC3)CCc3ccccc32)s1,1,1,0.9991177326606663,OK
2020,CHEMBL5887949,active_single,CN1CCC[C@H]1COC(=O)Nc1cc(F)ccc1-c1ccccc1,O=C(Nc1ccccc1-c1ccccc1)OCC1CCCN1,1,1,0.9811831498286088,OK
2022,CHEMBL5889099,active_single,CN1CCC[C@H]1COC(=O)Nc1ccccc1-c1cccc(O)c1,O=C(Nc1ccccc1-c1ccccc1)OCC1CCCN1,1,1,0.9954911211443218,OK
2025,CHEMBL5891537,active_single,CN1CCC[C@@H]1COC(=O)Nc1ccccc1-c1ccccc1,O=C(Nc1ccccc1-c1ccccc1)OCC1CCCN1,1,1,0.99698290903279,OK
2028,CHEMBL5894110,active_single,CN1CCC[C@H]1COC(=O)Nc1ccc(F)cc1-c1ccccc1,O=C(Nc1ccccc1-c1ccccc1)OCC1CCCN1,1,1,0.9899051701635684,OK
2031,CHEMBL5897716,active,COc1ccc(C(Cc2c(Cl)c[n+]([O-])cc2Cl)OC(=O)c2ccc(CNC(C(=O)OCC3CCN(C)CC3)c3cccc(O)c3)s2)cc1OCC1CC1,O=C(OC(Cc1cc[nH+]cc1)c1cccc(OCC2CC2)c1)c1ccc(CNC(C(=O)OCC2CCNCC2)c2ccccc2)s1,1,1,0.9998117962132662,OK
2032,CHEMBL5897820,active_single,CN1CCC[C@H]1COC(=O)Nc1ccc(F)cc1-c1cccc(F)c1,O=C(Nc1ccccc1-c1ccccc1)OCC1CCCN1,1,1,0.9803644467913099,OK
2034,CHEMBL5900604,active_single,CN1CCC[C@H]1COC(=O)Nc1ccccc1-c1cc(F)c(F)cc1F,O=C(Nc1ccccc1-c1ccccc1)OCC1CCCN1,1,1,0.9814082688030238,OK
2037,CHEMBL5903159,active_single,CN1CCC[C@H]1COC(=O)Nc1ccccc1-c1cccc(C#N)c1,O=C(Nc1ccccc1-c1ccccc1)OCC1CCCN1,1,1,0.9959688574563528,OK
2052,CHEMBL5925762,active_single,CN1CCC[C@H]1COC(=O)Nc1ccccc1-c1ccccc1F,O=C(Nc1ccccc1-c1ccccc1)OCC1CCCN1,1,1,0.9930884716886375,OK
2053,CHEMBL5926272,active_single,CN1CCC[C@H]1COC(=O)Nc1ccc(F)cc1-c1cc(F)cc(F)c1,O=C(Nc1ccccc1-c1ccccc1)OCC1CCCN1,1,1,0.972862827033839,OK
2055,CHEMBL5927337,active_single,CN1CCC[C@H]1COC(=O)Nc1ccc(F)cc1-c1cc(F)cc(Cl)c1,O=C(Nc1ccccc1-c1ccccc1)OCC1CCCN1,1,1,0.9813706487792497,OK
2056,CHEMBL5932927,active_single,COc1ccc([C@H](Cc2c(Cl)c[n+]([O-])cc2Cl)OC(=O)c2ccc(CN3CC(C(=O)O[C@H]4CN5CCC4CC5)(c4ccccc4)C3)s2)cc1OC,O=C(OC(Cc1cc[nH+]cc1)c1ccccc1)c1ccc(CN2CC(C(=O)OC3CN4CCC3CC4)(c3ccccc3)C2)s1,1,1,0.9999442593634681,OK
2088,CHEMBL595449,inactive_single,CN(C)Cc1nc(-c2ccc(C(C)(C)C)cc2)n(-c2cccc(O)c2)n1,c1ccc(-c2ncnn2-c2ccccc2)cc1,0,1,0.824540592175243,FP
2091,CHEMBL5956416,active_single,CN1CCC[C@H]1COC(=O)Nc1ccc(F)cc1-c1ccc(F)cc1,O=C(Nc1ccccc1-c1ccccc1)OCC1CCCN1,1,1,0.9735994738572413,OK
2094,CHEMBL5957679,active_single,CCN1CCC[C@H]1COC(=O)Nc1ccccc1-c1ccccc1,O=C(Nc1ccccc1-c1ccccc1)OCC1CCCN1,1,1,0.9954932980407685,OK
2105,CHEMBL5964352,active_single,CN1CCC[C@H]1COC(=O)Nc1ccc(F)cc1-c1ccc(F)c(F)c1,O=C(Nc1ccccc1-c1ccccc1)OCC1CCCN1,1,1,0.9779266256187851,OK
2107,CHEMBL5965703,active_single,CN1CCC[C@H]1COC(=O)Nc1ccc(F)cc1-c1cc(Cl)cc(CO)c1,O=C(Nc1ccccc1-c1ccccc1)OCC1CCCN1,1,1,0.9782409207782192,OK
2109,CHEMBL5966187,active_single,CN1CCC[C@H]1COC(=O)Nc1ccc(CO)cc1-c1cccc(Cl)c1,O=C(Nc1ccccc1-c1ccccc1)OCC1CCCN1,1,1,0.9913789602411427,OK
2113,CHEMBL5974210,active_single,CN1CCC[C@H]1COC(=O)Nc1ccccc1-c1ccc(Cl)cc1,O=C(Nc1ccccc1-c1ccccc1)OCC1CCCN1,1,1,0.997017816895579,OK
2115,CHEMBL5974906,active_single,CN1CCC[C@H]1COC(=O)Nc1ccccc1-c1ccc(F)cc1,O=C(Nc1ccccc1-c1ccccc1)OCC1CCCN1,1,1,0.9894127020578288,OK
2118,CHEMBL5979827,active_single,Cc1cccc(-c2cc(F)ccc2NC(=O)OC[C@H]2CCCN2C)c1,O=C(Nc1ccccc1-c1ccccc1)OCC1CCCN1,1,1,0.9816312277006903,OK
2129,CHEMBL5990391,active_single,CN1CCC[C@H]1COC(=O)Nc1ccc(F)cc1-c1cc(O)cc(Cl)c1,O=C(Nc1ccccc1-c1ccccc1)OCC1CCCN1,1,1,0.9815744734698306,OK
2131,CHEMBL5991396,active_single,Cc1cccc(-c2ccccc2NC(=O)OC[C@H]2CCCN2C)c1,O=C(Nc1ccccc1-c1ccccc1)OCC1CCCN1,1,1,0.9962055612405357,OK
2132,CHEMBL5992921,active_single,CN1CCC(COC(=O)C(NCc2ccc(C(=O)O[C@@H](Cc3c(Cl)c[n+]([O-])cc3Cl)c3ccc(OC(F)F)c(OCC4CC4)c3)s2)c2cccc(O)c2)CC1,O=C(OC(Cc1cc[nH+]cc1)c1cccc(OCC2CC2)c1)c1ccc(CNC(C(=O)OCC2CCNCC2)c2ccccc2)s1,1,1,0.999807082168091,OK
2133,CHEMBL5993473,active_single,CN1CCC[C@H]1COC(=O)Nc1ccc(F)cc1-c1cccc(O)c1,O=C(Nc1ccccc1-c1ccccc1)OCC1CCCN1,1,1,0.9782326035008606,OK
2135,CHEMBL5996056,active_single,CN1CCC[C@H]1COC(=O)Nc1ccc(F)cc1-c1ccc(Cl)cc1,O=C(Nc1ccccc1-c1ccccc1)OCC1CCCN1,1,1,0.9838013791245871,OK
2142,CHEMBL6005743,active_single,CN1CCC[C@H]1COC(=O)Nc1ccc(CO)cc1-c1cc(Cl)cc(Cl)c1,O=C(Nc1ccccc1-c1ccccc1)OCC1CCCN1,1,1,0.9923390942149627,OK
2143,CHEMBL6005832,active_single,Cc1ccc(NC(=O)OC[C@@H]2CCCN2C)c(-c2cccc(F)c2)c1,O=C(Nc1ccccc1-c1ccccc1)OCC1CCCN1,1,1,0.9817192567167842,OK
2144,CHEMBL6007392,active_single,CN1CCC[C@H]1COC(=O)Nc1ccc(CO)cc1-c1ccccc1,O=C(Nc1ccccc1-c1ccccc1)OCC1CCCN1,1,1,0.9956798327025637,OK
2146,CHEMBL6008887,active_single,Cc1cc(C)cc(-c2cc(F)ccc2NC(=O)OC[C@@H]2CCCN2C)c1,O=C(Nc1ccccc1-c1ccccc1)OCC1CCCN1,1,1,0.9717715121615925,OK
2149,CHEMBL6011334,active_single,CN1CCC[C@H]1COC(=O)Nc1ccc(F)cc1-c1ccc(Cl)c(Cl)c1,O=C(Nc1ccccc1-c1ccccc1)OCC1CCCN1,1,1,0.9912100761476563,OK
2158,CHEMBL6022721,active_single,CN1CCC[C@H]1COC(=O)Nc1ccccc1-c1ccc(F)c(Cl)c1,O=C(Nc1ccccc1-c1ccccc1)OCC1CCCN1,1,1,0.9961209909839427,OK
2160,CHEMBL6023940,active_single,CN1CCC[C@H]1COC(=O)Nc1ccc(F)cc1-c1ccc(F)c(Cl)c1,O=C(Nc1ccccc1-c1ccccc1)OCC1CCCN1,1,1,0.9857182569804793,OK
2169,CHEMBL6039315,active_single,O=C(Nc1ccccc1-c1ccc(F)cc1)OC[C@H]1CCCN1,O=C(Nc1ccccc1-c1ccccc1)OCC1CCCN1,1,1,0.9900847753119861,OK
2170,CHEMBL6039433,active_single,CN1CCC[C@H]1COC(=O)Nc1ccccc1-c1cccc(Cl)c1,O=C(Nc1ccccc1-c1ccccc1)OCC1CCCN1,1,1,0.996757729668908,OK
2173,CHEMBL604482,inactive_single,O=C1C(=O)N(Cc2ccc(Oc3ccccc3)cc2)c2ccc(OC(F)(F)F)cc21,O=C1C(=O)N(Cc2ccc(Oc3ccccc3)cc2)c2ccccc21,0,0,0.34810980935918656,OK
2179,CHEMBL6048296,active_single,CN1CCC[C@H]1COC(=O)Nc1ccccc1-c1ccccc1,O=C(Nc1ccccc1-c1ccccc1)OCC1CCCN1,1,1,0.9969516316734265,OK
2180,CHEMBL6048516,active_single,Cc1cccc(-c2ccccc2NC(=O)OC[C@@H]2CCCN2C)c1,O=C(Nc1ccccc1-c1ccccc1)OCC1CCCN1,1,1,0.9961662563164937,OK
2187,CHEMBL6054189,active_single,CN1CCC[C@H]1COC(=O)Nc1ccc(F)cc1-c1cccc(C(F)(F)F)c1,O=C(Nc1ccccc1-c1ccccc1)OCC1CCCN1,1,1,0.9825663968370263,OK
2190,CHEMBL6058265,active_single,CN1CCC[C@H]1COC(=O)Nc1ccc(CO)cc1-c1cccc(F)c1,O=C(Nc1ccccc1-c1ccccc1)OCC1CCCN1,1,1,0.9893114083885827,OK
2239,CHEMBL71531,active_single,COc1ccc(S(=O)(=O)c2ccc(C(=O)C3CCN(C4CCCCC4)CC3)cc2)cc1,O=C(c1ccc(S(=O)(=O)c2ccccc2)cc1)C1CCN(C2CCCCC2)CC1,1,1,0.9537567956902969,OK
37,CHEMBL1084851,active_single,Clc1cccc(-c2ccccc2/C=C/CC2CCNCC2)c1,C(=Cc1ccccc1-c1ccccc1)CC1CCNCC1,1,1,0.9907400642718873,OK
40,CHEMBL1092,active_single,Cl.OC(CCN1CCCCC1)(c1ccccc1)C1CCCCC1,c1ccc(C(CCN2CCCCC2)C2CCCCC2)cc1,1,1,0.9786636094647784,OK
51,CHEMBL1191560,active_single,CCN(CC)CCOC(=O)C(CC)(c1ccccc1)c1ccccc1,c1ccc(Cc2ccccc2)cc1,1,1,0.9905537820895618,OK
66,CHEMBL1200809,inactive_single,CN1CCCC(n2nc(Cc3ccc(Cl)cc3)c3ccccc3c2=O)CC1.Cl,O=c1c2ccccc2c(Cc2ccccc2)nn1C1CCCNCC1,0,1,0.7111652199887061,FP
77,CHEMBL1223807,inactive_single,CCO[C@H]1CC[C@](C)(N2CCC(n3c(=O)oc4ccccc43)CC2)CC1,O=c1oc2ccccc2n1C1CCN(C2CCCCC2)CC1,0,0,0.45525164415867825,OK
101,CHEMBL1290752,active_single,O=C(c1ccc2occc2c1)N1CCOC2(CCN(Cc3ccc(Cl)cc3)CC2)C1,O=C(c1ccc2occc2c1)N1CCOC2(CCN(Cc3ccccc3)CC2)C1,1,1,0.9242853571239118,OK
109,CHEMBL1382,active,Cc1ccc(O)c([C@H](CCN(C(C)C)C(C)C)c2ccccc2)c1,c1ccc(Cc2ccccc2)cc1,1,1,0.9848028469974168,OK
122,CHEMBL146953,inactive_single,CN(C)C1CCc2cccc(O)c2C1,c1ccc2c(c1)CCCC2,0,0,0.2724894895343703,OK
136,CHEMBL1490,active,OC(CCN1CCCCC1)(c1ccccc1)C1CCCCC1,c1ccc(C(CCN2CCCCC2)C2CCCCC2)cc1,1,1,0.9890272332777822,OK
145,CHEMBL1564753,inactive_single,Cc1cc(NC(=O)CS(=O)(=O)c2cn(Cc3ccccc3Cl)c3ccccc23)no1,O=C(CS(=O)(=O)c1cn(Cc2ccccc2)c2ccccc12)Nc1ccon1,0,0,0.13400288675276914,OK
150,CHEMBL1626,active,CN1CCC[C@@H]1CCO[C@](C)(c1ccccc1)c1ccc(Cl)cc1,c1ccc(C(OCCC2CCCN2)c2ccccc2)cc1,1,1,0.9878122309723085,OK
156,CHEMBL1672288,inactive_single,N#Cc1cc(F)cc(C#Cc2csc(F)n2)c1,C(#Cc1cscn1)c1ccccc1,0,0,0.5135694277930193,OK
159,CHEMBL168223,inactive_single,CN(C)CCNC(=O)C1=C(Cc2ccncc2)c2ccccc2C1,C1=C(Cc2ccncc2)c2ccccc2C1,0,0,0.0398580127050573,OK
187,CHEMBL1683935,active_single,O=CNc1cc([C@@H](O)CNCCCCCCCCCN2CCC(OC(=O)Nc3ccccc3-c3ccccc3)CC2)ccc1O,O=C(Nc1ccccc1-c1ccccc1)OC1CCN(CCCCCCCCCNCCc2ccccc2)CC1,1,1,0.99998269000241,OK
188,CHEMBL1683936,active_single,O=C(Nc1ccccc1-c1ccccc1)OC1CCN(CCCCCCCCCNC[C@H](O)c2ccc(O)c(CO)c2)CC1,O=C(Nc1ccccc1-c1ccccc1)OC1CCN(CCCCCCCCCNCCc2ccccc2)CC1,1,1,0.9999767321571436,OK
194,CHEMBL169680,inactive_single,CN(C)CCC1=C(Cc2ccncc2)c2ccccc2C1,C1=C(Cc2ccncc2)c2ccccc2C1,0,0,0.4512949353711322,OK
197,CHEMBL1722209,active_single,Cc1ccc(O)c([C@H](CCN(C(C)C)C(C)C)c2ccccc2)c1.O=C(O)C(O)C(O)C(=O)O,c1ccc(Cc2ccccc2)cc1,1,1,0.9910613119530456,OK
203,CHEMBL1773196,active_single,CC(C)N(CC[C@H](c1ccccc1)c1cc(CCCNC(=O)Cc2cccc(CC(C)(C)NC[C@H](O)c3ccc(O)c(CO)c3)c2)ccc1O)C(C)C,O=C(Cc1cccc(CCNCCc2ccccc2)c1)NCCCc1cccc(Cc2ccccc2)c1,1,1,0.9887733137611647,OK
204,CHEMBL1773197,active_single,CC(C)N(CC[C@H](c1ccccc1)c1cc(CCCNC(=O)Cc2cccc(CC(C)(C)NC[C@H](O)c3ccc(O)c(NS(C)(=O)=O)c3)c2)ccc1O)C(C)C,O=C(Cc1cccc(CCNCCc2ccccc2)c1)NCCCc1cccc(Cc2ccccc2)c1,1,1,0.9972666462878342,OK
205,CHEMBL1773198,active_single,CC(C)N(CC[C@H](c1ccccc1)c1cc(CCCNC(=O)Cc2cccc(C[C@@H](C)NC[C@H](O)c3cc(O)cc(O)c3)c2)ccc1O)C(C)C,O=C(Cc1cccc(CCNCCc2ccccc2)c1)NCCCc1cccc(Cc2ccccc2)c1,1,1,0.993506641373211,OK
215,CHEMBL1779033,active_single,O=C(O[C@H]1CN2CCC1CC2)N(Cc1cccs1)c1ccccc1,O=C(OC1CN2CCC1CC2)N(Cc1cccs1)c1ccccc1,1,1,0.9958603546435656,OK
222,CHEMBL1779041,active_single,CCCCN(Cc1cccs1)C(=O)O[C@H]1CN2CCC1CC2,O=C(NCc1cccs1)OC1CN2CCC1CC2,1,1,0.9608622957926275,OK
401,CHEMBL2024407,inactive_single,CCOC(=O)N1[C@@H]2CC[C@H]1C[C@@H](NCCNC(=O)c1ccccc1)C2,O=C(NCCNC1CC2CCC(C1)N2)c1ccccc1,0,0,0.5844098575723639,OK
436,CHEMBL207287,active_single,C1CCCN(c2nc(C3CC3)nc3c2CCCN3)CC1,C1CCCN(c2nc(C3CC3)nc3c2CCCN3)CC1,1,1,0.9611642299966594,OK
453,CHEMBL2106570,active_single,CC[N+](C)(CC)CCOC(=O)C(O)(c1ccccc1)c1ccccc1.[Br-],c1ccc(Cc2ccccc2)cc1,1,1,0.7883365257899579,OK
456,CHEMBL2111540,active_single,COc1ccc([S@@+]([O-])c2ccc(C(C#N)N3CCN(C4CCCCC4)CC3)cc2)cc1,c1ccc([SH+]c2ccc(CN3CCN(C4CCCCC4)CC3)cc2)cc1,1,1,0.9575931758519692,OK
461,CHEMBL2112958,active_single,O=C(CCNC(=O)[C@@H]1CCCN1C(=O)CC(c1ccccc1)(c1ccccc1)c1ccccc1)NC[C@H]1CCCN(CC2CCCCC2)C1,O=C(CCNC(=O)C1CCCN1C(=O)CC(c1ccccc1)(c1ccccc1)c1ccccc1)NCC1CCCN(CC2CCCCC2)C1,1,1,0.9964264188842296,OK
481,CHEMBL214898,active_single,O=C(NCC1CCN(CC2CCCC2)CC1)[C@H]1CCCN1C(=O)[C@@H]1C[C@@H](O)CN1C(=O)CC(c1ccc(F)cc1)(c1ccc(F)cc1)c1ccc(F)cc1,O=C(NCC1CCN(CC2CCCC2)CC1)C1CCCN1C(=O)C1CCCN1C(=O)CC(c1ccccc1)(c1ccccc1)c1ccccc1,1,1,0.9946081891204112,OK
506,CHEMBL2206591,active_single,CC(C)OC(=O)c1ccc(NC(=O)N[C@@H](Cc2ccc(O)cc2)C(=O)N2CC[N+](Cc3ccc(Cl)cc3)(CC3CCc4ccccc4C3)CC2)cc1,O=C(Nc1ccccc1)NC(Cc1ccccc1)C(=O)N1CC[N+](Cc2ccccc2)(CC2CCc3ccccc3C2)CC1,1,1,0.9966589980160917,OK
521,CHEMBL2206609,active_single,CC(C)OC(=O)c1ccc(NC(=O)N[C@@H](Cc2ccc(O)cc2)C(=O)NCC[N+]2(C)CCCCCC2)cc1,O=C(Nc1ccccc1)NC(Cc1ccccc1)C(=O)NCC[NH+]1CCCCCC1,1,1,0.9799841164487215,OK
540,CHEMBL222450,active_single,C[N+]1(CC(=O)c2ccsc2)CC[C@@H](N2CC(c3ccc(F)cc3)(c3ccc(F)cc3)NC2=O)C1,O=C(C[NH+]1CCC(N2CC(c3ccccc3)(c3ccccc3)NC2=O)C1)c1ccsc1,1,1,0.9871962244168265,OK
549,CHEMBL223017,active_single,O=C1NC(c2ccccc2)(c2ccccc2)CN1[C@H]1CCN(Cc2ccccc2)C1,O=C1NC(c2ccccc2)(c2ccccc2)CN1C1CCN(Cc2ccccc2)C1,1,1,0.9950287106586675,OK
563,CHEMBL229429,inactive_single,N#Cc1cc(F)cc(C#Cc2csc(CF)n2)c1,C(#Cc1cscn1)c1ccccc1,0,0,0.615949315573703,OK
567,CHEMBL2312347,inactive_single,CN1CCC(c2ccccc2)=C(C(=O)OCCc2cccc3ccccc23)C1,O=C(OCCc1cccc2ccccc12)C1=C(c2ccccc2)CCNC1,0,0,0.5263783730718312,OK
592,CHEMBL2377261,active_single,CC(C)N(CCOC(=O)C(O)(c1ccccc1)c1ccccc1)C(C)C,c1ccc(Cc2ccccc2)cc1,1,1,0.9869105885924779,OK
597,CHEMBL2377383,active_single,CC[N+](CC)(CC)CCOC(=O)C(c1ccccc1)c1ccccc1.[I-],c1ccc(Cc2ccccc2)cc1,1,1,0.9238044169574546,OK
598,CHEMBL2377385,active_single,CC[N+](C)(CC)CCOC(=O)C(c1ccccc1)c1ccccc1.[Br-],c1ccc(Cc2ccccc2)cc1,1,1,0.8959373271856449,OK
599,CHEMBL2377387,active_single,CCN(CC)CCSC(=O)C(O)(c1ccccc1)c1ccccc1,c1ccc(Cc2ccccc2)cc1,1,1,0.9768822161382832,OK
600,CHEMBL2377388,active_single,CCN(CC)CCOC(=O)C(O)(c1ccccc1)c1c(C)cccc1C,c1ccc(Cc2ccccc2)cc1,1,1,0.940457922651748,OK
603,CHEMBL239017,inactive_single,Cc1cc(OCC#CCN(C)C)no1.O=C(O)/C=C/C(=O)O,c1cnoc1,0,0,0.08466928917509481,OK
640,CHEMBL260228,active_single,CO[C@]1(C#C[C@@](O)(c2ccccc2)C2CCCCCCC2)CN2CCC1CC2,C(#CC(c1ccccc1)C1CCCCCCC1)C1CN2CCC1CC2,1,1,0.9992609745811714,OK
644,CHEMBL264676,active_single,CO[C@]1(C#C[C@](O)(c2ccccc2)C2CCCCCCC2)CN2CCC1CC2,C(#CC(c1ccccc1)C1CCCCCCC1)C1CN2CCC1CC2,1,1,0.9988138731251629,OK
675,CHEMBL294649,inactive_single,Cn1cc(C(=O)C(=O)N[C@H]2CN3CCC2CC3)c2ccccc21,O=C(NC1CN2CCC1CC2)C(=O)c1c[nH]c2ccccc12,0,0,0.37129487760549174,OK
680,CHEMBL298612,inactive_single,Cn1cc(C(=O)C(=O)N[C@@H]2CN3CCC2CC3)c2ccccc21,O=C(NC1CN2CCC1CC2)C(=O)c1c[nH]c2ccccc12,0,0,0.07688754803238927,OK
691,CHEMBL307810,active_single,COc1ccc([S+]([O-])c2ccc(C(C)N3CCN(C4CCCCC4)CC3)cc2)cc1,c1ccc([SH+]c2ccc(CN3CCN(C4CCCCC4)CC3)cc2)cc1,1,1,0.9565264482051802,OK
732,CHEMBL3084639,active,CN1[C@@H]2CC[C@H]1C[C@@H](CC(c1ccccc1)(c1ccccc1)c1ccccc1)C2,c1ccc(C(CC2CC3CCC(C2)N3)(c2ccccc2)c2ccccc2)cc1,1,1,0.9960877359953109,OK
756,CHEMBL3085078,active_single,CN1[C@@H]2CC[C@H]1C[C@@H](OC(=O)N(Cc1ccsc1)c1ccccc1)C2,O=C(OC1CC2CCC(C1)N2)N(Cc1ccsc1)c1ccccc1,1,1,0.9997753380711737,OK
766,CHEMBL3087229,active_single,O=C(O[C@H]1C[N+]2(CCCc3ccncc3)CCC1CC2)C1(C2=CC=CC2)CCCCCC1,O=C(OC1C[N+]2(CCCc3ccncc3)CCC1CC2)C1(C2=CC=CC2)CCCCCC1,1,1,0.9969438858877826,OK
768,CHEMBL3087231,active,Cc1cc(CCC[N+]23CCC(CC2)[C@@H](OC(=O)C2(C4=CC=CC4)CCCCCC2)C3)ccn1,O=C(OC1C[N+]2(CCCc3ccncc3)CCC1CC2)C1(C2=CC=CC2)CCCCCC1,1,1,0.9973409992319516,OK
771,CHEMBL3087234,active_single,Cn1ccc(CCC[N+]23CCC(CC2)[C@@H](OC(=O)C2(C4=CC=CC4)CCCCCC2)C3)n1,O=C(OC1C[N+]2(CCCc3cc[nH]n3)CCC1CC2)C1(C2=CC=CC2)CCCCCC1,1,1,0.9968284241145458,OK
828,CHEMBL3088084,active_single,O=C(O[C@H]1C[N+]2(CCOc3ccccc3)CCC1CC2)C1(C2=CC=CC2)CCCCCC1,O=C(OC1C[N+]2(CCOc3ccccc3)CCC1CC2)C1(C2=CC=CC2)CCCCCC1,1,1,0.9996320104069443,OK
851,CHEMBL3219031,active_single,CS(=O)(=O)Nc1cc([C@@H](O)CNCCCCCCCCCN2CCC(OC(=O)Nc3ccccc3-c3ccccc3)CC2)ccc1O,O=C(Nc1ccccc1-c1ccccc1)OC1CCN(CCCCCCCCCNCCc2ccccc2)CC1,1,1,0.999984345852142,OK
852,CHEMBL3219032,active_single,CS(=O)(=O)Nc1cc([C@@H](O)CNCCCCCCCCCN2CCC(OC(=O)Nc3ccccc3-c3ccc(O)cc3)CC2)ccc1O,O=C(Nc1ccccc1-c1ccccc1)OC1CCN(CCCCCCCCCNCCc2ccccc2)CC1,1,1,0.9999505109404804,OK
853,CHEMBL3219033,active_single,CS(=O)(=O)Nc1cc([C@@H](O)CNCCCCCCCCCN2CCC(OC(=O)Nc3ccccc3-c3cccc(O)c3)CC2)ccc1O,O=C(Nc1ccccc1-c1ccccc1)OC1CCN(CCCCCCCCCNCCc2ccccc2)CC1,1,1,0.9999657216441552,OK
854,CHEMBL3219034,active_single,CS(=O)(=O)Nc1cc([C@@H](O)CNCCCCCCCCCN2CCC(OC(=O)Nc3ccccc3-c3ccccc3O)CC2)ccc1O,O=C(Nc1ccccc1-c1ccccc1)OC1CCN(CCCCCCCCCNCCc2ccccc2)CC1,1,1,0.9999748856597674,OK
855,CHEMBL3219035,active_single,CS(=O)(=O)Nc1cc([C@@H](O)CNCCCCCCCCCN2CCC(OC(=O)Nc3ccccc3-c3ccc(F)cc3O)CC2)ccc1O,O=C(Nc1ccccc1-c1ccccc1)OC1CCN(CCCCCCCCCNCCc2ccccc2)CC1,1,1,0.9999707556581672,OK
856,CHEMBL3219036,active_single,CS(=O)(=O)Nc1cc([C@@H](O)CNCCCCCCCCCN2CCC(OC(=O)Nc3ccccc3-c3cccc(F)c3O)CC2)ccc1O,O=C(Nc1ccccc1-c1ccccc1)OC1CCN(CCCCCCCCCNCCc2ccccc2)CC1,1,1,0.9999694773959588,OK
857,CHEMBL3219037,active_single,CS(=O)(=O)Nc1cc([C@@H](O)CNCCCCCCCCCN2CCC(OC(=O)Nc3ccccc3-c3cc(C#N)ccc3O)CC2)ccc1O,O=C(Nc1ccccc1-c1ccccc1)OC1CCN(CCCCCCCCCNCCc2ccccc2)CC1,1,1,0.9999893543578764,OK
858,CHEMBL3219038,active_single,CS(=O)(=O)Nc1cc([C@@H](O)CNCCCCCCCCCN2CCC(OC(=O)Nc3ccccc3-c3cc(F)cc(F)c3O)CC2)ccc1O,O=C(Nc1ccccc1-c1ccccc1)OC1CCN(CCCCCCCCCNCCc2ccccc2)CC1,1,1,0.9999761580931942,OK
859,CHEMBL3219039,active_single,CS(=O)(=O)Nc1cc([C@@H](O)CNCCCCCCCCCN2CCC(OC(=O)Nc3ccccc3-c3cc(O)cc(F)c3)CC2)ccc1O,O=C(Nc1ccccc1-c1ccccc1)OC1CCN(CCCCCCCCCNCCc2ccccc2)CC1,1,1,0.9999394500052093,OK
860,CHEMBL3219040,active_single,CS(=O)(=O)Nc1cc([C@@H](O)CNCCCCCCCCCN2CCC(OC(=O)Nc3ccccc3-c3ccc(O)c(F)c3)CC2)ccc1O,O=C(Nc1ccccc1-c1ccccc1)OC1CCN(CCCCCCCCCNCCc2ccccc2)CC1,1,1,0.9999681938514088,OK
861,CHEMBL3219041,active_single,CS(=O)(=O)Nc1cc([C@@H](O)CNCCCCCCCCCN2CCC(OC(=O)Nc3ccccc3-c3cc(F)c(O)cc3F)CC2)ccc1O,O=C(Nc1ccccc1-c1ccccc1)OC1CCN(CCCCCCCCCNCCc2ccccc2)CC1,1,1,0.9999367501958345,OK
862,CHEMBL3219042,active_single,CS(=O)(=O)Nc1cc([C@@H](O)CNCCCCCCCCCN2CCC(OC(=O)Nc3ccccc3-c3ccc(O)c(Cl)c3)CC2)ccc1O,O=C(Nc1ccccc1-c1ccccc1)OC1CCN(CCCCCCCCCNCCc2ccccc2)CC1,1,1,0.9999788368597275,OK
863,CHEMBL3219043,active_single,Cc1ccc(NC(=O)OC2CCN(CCCCCCCCCNC[C@H](O)c3ccc(O)c(NS(C)(=O)=O)c3)CC2)c(-c2ccc(O)c(Cl)c2)c1,O=C(Nc1ccccc1-c1ccccc1)OC1CCN(CCCCCCCCCNCCc2ccccc2)CC1,1,1,0.999885834664744,OK
864,CHEMBL3219044,active_single,Cc1ccc(-c2ccc(O)c(Cl)c2)c(NC(=O)OC2CCN(CCCCCCCCCNC[C@H](O)c3ccc(O)c(NS(C)(=O)=O)c3)CC2)c1,O=C(Nc1ccccc1-c1ccccc1)OC1CCN(CCCCCCCCCNCCc2ccccc2)CC1,1,1,0.999842622478801,OK
865,CHEMBL3219045,active_single,Cc1cc(C)c(NC(=O)OC2CCN(CCCCCCCCCNC[C@H](O)c3ccc(O)c(NS(C)(=O)=O)c3)CC2)c(-c2ccc(O)c(Cl)c2)c1,O=C(Nc1ccccc1-c1ccccc1)OC1CCN(CCCCCCCCCNCCc2ccccc2)CC1,1,1,0.999539411121645,OK
866,CHEMBL3219046,active_single,CS(=O)(=O)Nc1cc([C@@H](O)CNCCCCCCCCCN2CCC(OC(=O)Nc3ccc(F)cc3-c3ccc(O)c(Cl)c3)CC2)ccc1O,O=C(Nc1ccccc1-c1ccccc1)OC1CCN(CCCCCCCCCNCCc2ccccc2)CC1,1,1,0.9999114227501633,OK
867,CHEMBL3219047,active_single,CS(=O)(=O)Nc1cc([C@@H](O)CNCCCCCCCCCN2CCC(OC(=O)Nc3cc(F)ccc3-c3ccc(O)c(Cl)c3)CC2)ccc1O,O=C(Nc1ccccc1-c1ccccc1)OC1CCN(CCCCCCCCCNCCc2ccccc2)CC1,1,1,0.999830564983731,OK
874,CHEMBL3219054,active_single,CS(=O)(=O)Nc1cc([C@@H](O)CNCCCCCCCCCN2C3CCC2CC(OC(=O)Nc2ccccc2-c2ccc(O)c(Cl)c2)C3)ccc1O,O=C(Nc1ccccc1-c1ccccc1)OC1CC2CCC(C1)N2CCCCCCCCCNCCc1ccccc1,1,1,0.9999965602435638,OK
981,CHEMBL3629531,inactive_single,COc1ccc(CCNC(=O)C2(c3ccccc3)CCN(C)CC2)cc1OC,O=C(NCCc1ccccc1)C1(c2ccccc2)CCNCC1,0,0,0.16213163022834218,OK
1002,CHEMBL3645288,active,CN(CCCCC(=O)Nc1ccc(CCNC[C@H](O)c2ccc(O)c3[nH]c(=O)ccc23)cc1)C(=O)CCN1CCC(OC(=O)Nc2ccccc2-c2ccccc2)CC1,O=C(CCN1CCC(OC(=O)Nc2ccccc2-c2ccccc2)CC1)NCCCCC(=O)Nc1ccc(CCNCCc2cccc3[nH]c(=O)ccc23)cc1,1,1,0.9996206237989974,OK
1042,CHEMBL3645328,active,CN(C(=O)CCN1CCC(OC(=O)Nc2ccccc2-c2ccccc2)CC1)c1cccc(CC(=O)Nc2ccc(CCNC[C@H](O)c3ccc(O)c4[nH]c(=O)ccc34)cc2)c1,O=C(CCN1CCC(OC(=O)Nc2ccccc2-c2ccccc2)CC1)Nc1cccc(CC(=O)Nc2ccc(CCNCCc3cccc4[nH]c(=O)ccc34)cc2)c1,1,1,0.9999124120042069,OK
1063,CHEMBL3645349,active,CC(Cc1cccc(CCNC(=O)Cc2ccc(N(C)C(=O)CCN3CCC(OC(=O)Nc4ccccc4-c4ccccc4)CC3)cc2)c1)NC[C@H](O)c1ccc(O)c2[nH]c(=O)ccc12,O=C(Cc1ccc(NC(=O)CCN2CCC(OC(=O)Nc3ccccc3-c3ccccc3)CC2)cc1)NCCc1cccc(CCNCCc2cccc3[nH]c(=O)ccc23)c1,1,1,0.9999059363762166,OK
1064,CHEMBL3645350,active,C[C@@H](Cc1cccc(CCNC(=O)Cc2ccc(N(C)C(=O)CCN3CCC(OC(=O)Nc4ccccc4-c4ccccc4)CC3)cc2)c1)NC[C@H](O)c1ccc(O)c2[nH]c(=O)ccc12,O=C(Cc1ccc(NC(=O)CCN2CCC(OC(=O)Nc3ccccc3-c3ccccc3)CC2)cc1)NCCc1cccc(CCNCCc2cccc3[nH]c(=O)ccc23)c1,1,1,0.9999124778094585,OK
1079,CHEMBL3645365,active,C[C@H](Cc1cccc(CCNC(=O)Cc2ccc(N(C)C(=O)CCN3CCC(OC(=O)Nc4ccccc4-c4ccccc4)CC3)cc2)c1)NC[C@H](O)c1ccc(O)c2[nH]c(=O)ccc12,O=C(Cc1ccc(NC(=O)CCN2CCC(OC(=O)Nc3ccccc3-c3ccccc3)CC2)cc1)NCCc1cccc(CCNCCc2cccc3[nH]c(=O)ccc23)c1,1,1,0.9999315851841281,OK
1095,CHEMBL37372,active_single,CCN(CC)CCOC(=O)C(C)(c1ccccc1)c1ccc(O)cc1,c1ccc(Cc2ccccc2)cc1,1,1,0.9647829356056167,OK
1128,CHEMBL380477,active_single,Cc1c(NCCc2cccs2)nc(C2CC2)nc1NC1CC1,c1csc(CCNc2cc(NC3CC3)nc(C3CC3)n2)c1,1,1,0.9800972999792412,OK
1148,CHEMBL387632,inactive_single,C[C@H]1OC[C@@H](C[N+](C)(C)C)O1.[I-],C1COCO1,0,0,0.0022341107190357195,OK
1157,CHEMBL3904721,active,O=C(O[C@H]1C[N+]2(CCc3cccs3)CCC1CC2)C(O)(c1cccs1)c1cccs1,O=C(OC1C[N+]2(CCc3cccs3)CCC1CC2)C(c1cccs1)c1cccs1,1,1,0.9982196340052352,OK
1166,CHEMBL3915401,active_single,CN(CCN(C)[C@H]1CC[C@H](OC(C(=O)O)(c2cccs2)c2cccs2)CC1)C(=O)COc1ccc(CNC[C@H](O)c2ccc(O)c3[nH]c(=O)ccc23)cc1,O=C(COc1ccc(CNCCc2cccc3[nH]c(=O)ccc23)cc1)NCCNC1CCC(OC(c2cccs2)c2cccs2)CC1,1,1,0.999624838481287,OK
1189,CHEMBL3956752,active_single,O=C(O[C@H]1C[N+]2(CCOc3ccccc3)CCC1CC2)C1c2ccccc2Oc2ccccc21,O=C(OC1C[N+]2(CCOc3ccccc3)CCC1CC2)C1c2ccccc2Oc2ccccc21,1,1,0.9979209559400051,OK
1195,CHEMBL3963770,active_single,CN(CCCn1nnc2cc(CNC[C@H](O)c3ccc(O)c4c3OCC(=O)N4)ccc21)[C@H]1CC[C@H](OC(=O)[C@](O)(c2cccs2)C2CCCC2)CC1,O=C1COc2c(CCNCc3ccc4c(c3)nnn4CCCNC3CCC(OC(=O)C(c4cccs4)C4CCCC4)CC3)cccc2N1,1,1,0.999266819052211,OK
1201,CHEMBL3974189,active,O=C(O[C@H]1C[N+]2(CCCOc3ccccc3)CCC1CC2)C(O)(c1ccccc1)c1cccs1,O=C(OC1C[N+]2(CCCOc3ccccc3)CCC1CC2)C(c1ccccc1)c1cccs1,1,1,0.9998421784277077,OK
1204,CHEMBL3985491,active_single,O=C(O[C@@H]1CC2CC[N+]1(CCCOc1ccccc1)CC2)C(c1ccccc1)c1ccccc1,O=C(OC1CC2CC[N+]1(CCCOc1ccccc1)CC2)C(c1ccccc1)c1ccccc1,1,1,0.9986436927030848,OK
1229,CHEMBL4095626,inactive_single,COc1cccc2c1CCC(C[N+](C)(C)C)C2.O=C[O-],c1ccc2c(c1)CCCC2,0,0,0.09616024651986385,OK
1238,CHEMBL4103087,inactive_single,C[N+](C)(C)C1CCc2cccc(O)c2C1.[I-],c1ccc2c(c1)CCCC2,0,0,0.021771121756457915,OK
1256,CHEMBL4167521,inactive_single,NCC1=C(CN(C[C@H]2Cc3ccccc3CN2)[C@H]2CCCc3cccnc32)CCCC1,C1=C(CN(CC2Cc3ccccc3CN2)C2CCCc3cccnc32)CCCC1,0,0,0.2759137409471206,OK
1271,CHEMBL4277101,inactive_single,O=C1[C@@H]2[C@H](C(=O)N1CCCCN1CCN(c3cccc4sccc34)CC1)[C@H]1C=C[C@@H]2C1,O=C1C2C3C=CC(C3)C2C(=O)N1CCCCN1CCN(c2cccc3sccc23)CC1,0,0,0.0728507657034468,OK
1289,CHEMBL438427,active_single,O=C1NC(c2ccccc2)(c2ccccc2)CN1[C@@H]1CCN(Cc2ccccc2)C1,O=C1NC(c2ccccc2)(c2ccccc2)CN1C1CCN(Cc2ccccc2)C1,1,1,0.9949147950493868,OK
1305,CHEMBL445,active,CNCCC=C1c2ccccc2CCc2ccccc21,C=C1c2ccccc2CCc2ccccc21,1,0,0.6179474455629708,FN
1321,CHEMBL4472703,inactive_single,CC[C@H]1c2cc(OC)ccc2CC[C@@]1(C)N,c1ccc2c(c1)CCCC2,0,0,0.04320917492384395,OK
1342,CHEMBL4540604,active_single,O=C(OC1C[N+]2(CCc3ccccc3)CCC1CC2)C(O)(c1ccccc1)c1ccccc1.[Br-],O=C(OC1C[N+]2(CCc3ccccc3)CCC1CC2)C(c1ccccc1)c1ccccc1,1,1,0.9661226663702693,OK
1351,CHEMBL4554682,active_single,CC(=O)N[C@@H](CCCCN)C(=O)N[C@@H](C)C(=O)N[C@@H](Cc1ccc(O)cc1)C(=O)NCCN1CCN(CCCCC2CCN(CC(=O)N3c4ccccc4NC(=O)c4ccccc43)CC2)CC1.O=C(O)C(F)(F)F.O=C(O)C(F)(F)F.O=C(O)C(F)(F)F.O=C(O)C(F)(F)F,O=C(CCc1ccccc1)NCCN1CCN(CCCCC2CCN(CC(=O)N3c4ccccc4NC(=O)c4ccccc43)CC2)CC1,1,1,0.934384781467396,OK
1352,CHEMBL4563408,inactive,O=C(Nc1ccc(OC(F)F)nc1)NC1CCN(c2ncnc3c2nc(-c2ccccc2Cl)n3-c2ccc(Cl)cc2)CC1,O=C(Nc1cccnc1)NC1CCN(c2ncnc3c2nc(-c2ccccc2)n3-c2ccccc2)CC1,0,1,0.9529101201615316,FP
1357,CHEMBL4569639,active_single,CC(=O)N[C@@H](CCCCN)C(=O)N[C@@H](Cc1ccc(O)cc1)C(=O)NCCN1CCN(CCCCC2CCN(CC(=O)N3c4ccccc4NC(=O)c4ccccc43)CC2)CC1.O=C(O)C(F)(F)F.O=C(O)C(F)(F)F.O=C(O)C(F)(F)F.O=C(O)C(F)(F)F,O=C(CCc1ccccc1)NCCN1CCN(CCCCC2CCN(CC(=O)N3c4ccccc4NC(=O)c4ccccc43)CC2)CC1,1,1,0.9300787465874213,OK
1361,CHEMBL4576060,active_single,O=C(OC1C[N+]2(CCCCOc3ccccc3)CCC1CC2)C(O)(c1ccccc1)c1ccccc1.[Br-],O=C(OC1C[N+]2(CCCCOc3ccccc3)CCC1CC2)C(c1ccccc1)c1ccccc1,1,1,0.9926181838532588,OK
1457,CHEMBL476990,inactive_single,N#Cc1ccccc1CN1CCC(N2CCC(n3c(=O)[nH]c4ccccc43)CC2)CC1,O=c1[nH]c2ccccc2n1C1CCN(C2CCN(Cc3ccccc3)CC2)CC1,0,0,0.3537161030651919,OK
1458,CHEMBL4775999,inactive_single,CC1CCc2ccccc2N1CC(=O)N1CCCC1,O=C(CN1CCCc2ccccc21)N1CCCC1,0,0,0.028567139388314358,OK
1461,CHEMBL477821,inactive_single,O=c1[nH]c2ccccc2n1C1CCN(C2CCN(Cc3ccccc3Cl)CC2)CC1,O=c1[nH]c2ccccc2n1C1CCN(C2CCN(Cc3ccccc3)CC2)CC1,0,0,0.3448081915460985,OK
1464,CHEMBL478034,inactive_single,O=c1[nH]c2ccccc2n1C1CCN(C2CCN(Cc3ccccc3[N+](=O)[O-])CC2)CC1,O=c1[nH]c2ccccc2n1C1CCN(C2CCN(Cc3ccccc3)CC2)CC1,0,0,0.5800517556073613,OK
1466,CHEMBL478070,inactive_single,OC(c1ccccc1)(c1ccccc1)C12CC[N+](CCc3ccccc3)(CC1)CC2.[Br-],c1ccc(CC[N+]23CCC(C(c4ccccc4)c4ccccc4)(CC2)CC3)cc1,0,0,0.04165116024725628,OK
1467,CHEMBL478226,inactive_single,CN1CCN(CC(=O)N2c3ccccc3C(=O)Nc3cccnc32)[C@@H]2CCCC[C@H]21,O=C1Nc2cccnc2N(C(=O)CN2CCNC3CCCCC32)c2ccccc21,0,1,0.9143909782752416,FP
1468,CHEMBL478227,inactive_single,CN1CCN(CC(=O)N2c3ccccc3C(=O)Nc3cccnc32)[C@@H]2CCCC[C@@H]21,O=C1Nc2cccnc2N(C(=O)CN2CCNC3CCCCC32)c2ccccc21,0,1,0.9084359145201912,FP
1469,CHEMBL478662,inactive_single,O=c1[nH]c2ccccc2n1C1CCN(C2CCN(Cc3ccccc3C(F)(F)F)CC2)CC1,O=c1[nH]c2ccccc2n1C1CCN(C2CCN(Cc3ccccc3)CC2)CC1,0,0,0.13556960778201246,OK
1473,CHEMBL479,active,CSc1ccc2c(c1)N(CCC1CCCCN1C)c1ccccc1S2,c1ccc2c(c1)Sc1ccccc1N2CCC1CCCCN1,1,1,0.990705924857432,OK
1490,CHEMBL4847910,active_single,O=C(N[C@@H](c1ccccc1)c1cccc(OCCCCCCNC[C@H](O)c2ccc(O)c3[nH]c(=O)ccc23)c1)O[C@H]1CN2CCC1CC2,O=C(NC(c1ccccc1)c1cccc(OCCCCCCNCCc2cccc3[nH]c(=O)ccc23)c1)OC1CN2CCC1CC2,1,1,0.9992956613330615,OK
1497,CHEMBL4854179,inactive_single,CC(=O)N[C@@H](CCCN)C(=O)NC(=O)[C@H](C)NC(=O)[C@H](CCCNC(=N)N)NCCN1CCN(C(=O)CCC2CCN(CC(=O)N3c4ccccc4NC(=O)c4ccccc43)CC2)CC1.O=C(O)C(F)(F)F.O=C(O)C(F)(F)F.O=C(O)C(F)(F)F.O=C(O)C(F)(F)F,O=C1Nc2ccccc2N(C(=O)CN2CCC(CCC(=O)N3CCNCC3)CC2)c2ccccc21,0,0,0.06457046425478428,OK
1503,CHEMBL4857743,active_single,O=C(N[C@H](c1ccccc1)c1cccc(OCCCCCCNC[C@H](O)c2ccc(O)c3[nH]c(=O)ccc23)c1)O[C@H]1CN2CCC1CC2,O=C(NC(c1ccccc1)c1cccc(OCCCCCCNCCc2cccc3[nH]c(=O)ccc23)c1)OC1CN2CCC1CC2,1,1,0.9992956613330615,OK
1508,CHEMBL4863525,active_single,O=C(NC(c1ccccc1)c1cccc(OCCCCCCNC[C@H](O)c2ccc(O)c3[nH]c(=O)ccc23)c1)O[C@H]1CN2CCC1CC2,O=C(NC(c1ccccc1)c1cccc(OCCCCCCNCCc2cccc3[nH]c(=O)ccc23)c1)OC1CN2CCC1CC2,1,1,0.9992956613330615,OK
1523,CHEMBL4875268,inactive_single,CC(=O)NC(=O)[C@H](CCCCN)NC(=O)[C@H](C)NC(=O)[C@H](CCCNC(=N)N)NCCN1CCN(C(=O)CCC2CCN(CC(=O)N3c4ccccc4NC(=O)c4ccccc43)CC2)CC1.O=C(O)C(F)(F)F.O=C(O)C(F)(F)F.O=C(O)C(F)(F)F,O=C1Nc2ccccc2N(C(=O)CN2CCC(CCC(=O)N3CCNCC3)CC2)c2ccccc21,0,0,0.060550733994073326,OK
1524,CHEMBL4877107,inactive_single,CC(=O)N[C@@H](CCCN)C(=O)NC(=O)[C@H](C)NC(=O)[C@H](CCNC(=N)N)NCCN1CCN(C(=O)CCC2CCN(CC(=O)N3c4ccccc4NC(=O)c4ccccc43)CC2)CC1.O=C(O)C(F)(F)F.O=C(O)C(F)(F)F.O=C(O)C(F)(F)F.O=C(O)C(F)(F)F,O=C1Nc2ccccc2N(C(=O)CN2CCC(CCC(=O)N3CCNCC3)CC2)c2ccccc21,0,0,0.055331941638408724,OK
1537,CHEMBL489576,inactive_single,O=c1[nH]c2cc(F)ccc2n1C1CCN(C2CCN(Cc3ccccc3C(F)(F)F)CC2)CC1,O=c1[nH]c2ccccc2n1C1CCN(C2CCN(Cc3ccccc3)CC2)CC1,0,0,0.16899500908192408,OK
1546,CHEMBL490597,inactive_single,O=c1[nH]c2cc(Cl)ccc2n1C1CCN(C2CCN(Cc3ccccc3)CC2)CC1,O=c1[nH]c2ccccc2n1C1CCN(C2CCN(Cc3ccccc3)CC2)CC1,0,1,0.8232263407337643,FP
1547,CHEMBL490598,inactive_single,Cc1ccccc1CN1CCC(N2CCC(n3c(=O)[nH]c4c(F)cccc43)CC2)CC1,O=c1[nH]c2ccccc2n1C1CCN(C2CCN(Cc3ccccc3)CC2)CC1,0,0,0.2696278509427115,OK
1549,CHEMBL490797,inactive_single,Cc1ccccc1CN1CCC(N2CCC(n3c(=O)[nH]c4ccc(F)cc43)CC2)CC1,O=c1[nH]c2ccccc2n1C1CCN(C2CCN(Cc3ccccc3)CC2)CC1,0,0,0.16001411751467245,OK
1551,CHEMBL491208,inactive_single,N#Cc1ccccc1CN1CCC(N2CCC(n3c(=O)[nH]c4cc(Cl)ccc43)CC2)CC1,O=c1[nH]c2ccccc2n1C1CCN(C2CCN(Cc3ccccc3)CC2)CC1,0,1,0.7027301395920698,FP
1556,CHEMBL491818,inactive_single,O=c1[nH]c2ccc(F)cc2n1C1CCN(C2CCN(Cc3ccccc3C(F)(F)F)CC2)CC1,O=c1[nH]c2ccccc2n1C1CCN(C2CCN(Cc3ccccc3)CC2)CC1,0,0,0.17008589546595668,OK
1611,CHEMBL5076680,active_single,COc1ccc([C@H](Cc2c(Cl)c[n+]([O-])cc2Cl)OC(=O)Cc2ccc(CN(C(=O)O[C@H]3CN4CCC3CC4)c3ccccc3)cc2)cc1OC,O=C(Cc1ccc(CN(C(=O)OC2CN3CCC2CC3)c2ccccc2)cc1)OC(Cc1cc[nH+]cc1)c1ccccc1,1,1,0.9997663155983919,OK
1638,CHEMBL514689,inactive_single,O=c1[nH]c2cc(Cl)ccc2n1C1CCN(C2CCN(Cc3ccccc3[N+](=O)[O-])CC2)CC1,O=c1[nH]c2ccccc2n1C1CCN(C2CCN(Cc3ccccc3)CC2)CC1,0,1,0.8564438843134997,FP
1640,CHEMBL515489,inactive_single,O=c1[nH]c2cc(Cl)ccc2n1C1CCN(C2CCN(Cc3ccccc3Cl)CC2)CC1,O=c1[nH]c2ccccc2n1C1CCN(C2CCN(Cc3ccccc3)CC2)CC1,0,1,0.7055745424273697,FP
1648,CHEMBL5177499,active_single,O=C(N[C@@H](c1ccccc1)c1cccc(OC[C@H]2CC[C@H](C(=O)O)CC2)c1)O[C@H]1CN2CCC1CC2,O=C(NC(c1ccccc1)c1cccc(OCC2CCCCC2)c1)OC1CN2CCC1CC2,1,1,0.998340889165635,OK
1656,CHEMBL518747,inactive_single,O=c1[nH]c2cc(Cl)ccc2n1C1CCN(C2CCN(Cc3ccccc3C(F)(F)F)CC2)CC1,O=c1[nH]c2ccccc2n1C1CCN(C2CCN(Cc3ccccc3)CC2)CC1,0,0,0.4038355929209665,OK
1664,CHEMBL5195224,active_single,O=C(N[C@@H](c1ccccc1)c1cccc(OCc2csc(C(=O)O)c2)c1)O[C@H]1CN2CCC1CC2,O=C(NC(c1ccccc1)c1cccc(OCc2ccsc2)c1)OC1CN2CCC1CC2,1,1,0.9980419977047764,OK
1682,CHEMBL521914,inactive_single,O=c1[nH]c2c(F)cccc2n1C1CCN(C2CCN(Cc3ccccc3C(F)(F)F)CC2)CC1,O=c1[nH]c2ccccc2n1C1CCN(C2CCN(Cc3ccccc3)CC2)CC1,0,0,0.28426418112984525,OK
1688,CHEMBL522451,inactive_single,Cc1ccccc1CN1CCC(N2CCC(n3c(=O)[nH]c4cc(F)ccc43)CC2)CC1,O=c1[nH]c2ccccc2n1C1CCN(C2CCN(Cc3ccccc3)CC2)CC1,0,0,0.15897545475724378,OK
1694,CHEMBL523657,inactive_single,Cc1ccccc1CN1CCC(N2CCC(n3c(=O)[nH]c4cc(Cl)ccc43)CC2)CC1,O=c1[nH]c2ccccc2n1C1CCN(C2CCN(Cc3ccccc3)CC2)CC1,0,0,0.4714146976845902,OK
1716,CHEMBL5283759,active_single,CN(C)c1ccc2c(-c3ccc(-c4cn(CCCCCn5cc(CCCCCN6CCC(OC(=O)Nc7ccc(F)cc7-c7ccc(F)c(Cl)c7)CC6)nn5)nn4)cc3C(=O)[O-])c3ccc(=[N+](C)C)cc-3oc2c1,[N+]=c1ccc2c(-c3ccc(-c4cn(CCCCCn5cc(CCCCCN6CCC(OC(=O)Nc7ccccc7-c7ccccc7)CC6)nn5)nn4)cc3)c3ccccc3oc-2c1,1,1,0.9998663701241295,OK
1726,CHEMBL539120,active,C[N+]1(C)CCC[C@H]1[C@H]1C[S+]([O-])[C@@](c2ccccc2)(C2CCCCC2)O1.[I-],c1ccc(C2(C3CCCCC3)OC(C3CCC[NH2+]3)C[SH+]2)cc1,1,1,0.9879327468381813,OK
1727,CHEMBL539121,active,C[N+]1(C)CCC[C@@H]1[C@@H]1C[S+]([O-])[C@@](c2ccccc2)(C2CCCCC2)O1.[I-],c1ccc(C2(C3CCCCC3)OC(C3CCC[NH2+]3)C[SH+]2)cc1,1,1,0.9923777553693389,OK
1734,CHEMBL5399732,inactive_single,COc1ccc(F)cc1C1CCN([C@@H]2CCC3(C2)CN(C(=O)C2COC2)C3)CC1,O=C(C1COC1)N1CC2(CCC(N3CCC(c4ccccc4)CC3)C2)C1,0,0,0.03567010131121379,OK
1736,CHEMBL5401679,inactive_single,COc1ccccc1C1CCN(C2CCC3(C2)CN(C(=O)C2COC2)C3)CC1,O=C(C1COC1)N1CC2(CCC(N3CCC(c4ccccc4)CC3)C2)C1,0,0,0.08009200255250137,OK
1747,CHEMBL541671,active,C[N+]1(C)CCC[C@H]1[C@H]1C[S+]([O-])[C@](c2ccccc2)(C2CCCCC2)O1.[I-],c1ccc(C2(C3CCCCC3)OC(C3CCC[NH2+]3)C[SH+]2)cc1,1,1,0.9922333422083123,OK
1750,CHEMBL5419462,inactive_single,CCOc1ccccc1C1CCN([C@@H]2CCC3(C2)CN(C(=O)C2COC2)C3)CC1,O=C(C1COC1)N1CC2(CCC(N3CCC(c4ccccc4)CC3)C2)C1,0,0,0.14764202337573507,OK
1754,CHEMBL5423866,inactive_single,CCOc1ccccc1C1CCN([C@@H]2CCC3(C2)CN(C(C)=O)C3)CC1,c1ccc(C2CCN(C3CCC4(CNC4)C3)CC2)cc1,0,0,0.3684436077642212,OK
1760,CHEMBL5436967,inactive_single,COc1cc(F)ccc1C1CCN([C@@H]2CCC3(C2)CN(C(=O)C2COC2)C3)CC1,O=C(C1COC1)N1CC2(CCC(N3CCC(c4ccccc4)CC3)C2)C1,0,0,0.04834106971071444,OK
1762,CHEMBL5440079,inactive_single,CCOc1ccccc1C1CCN([C@@H]2CCC3(C2)CN(C(=O)CC)C3)CC1,c1ccc(C2CCN(C3CCC4(CNC4)C3)CC2)cc1,0,0,0.5975431031721382,OK
1764,CHEMBL549784,active_single,CCCCCCC[N+]12CCC(CC1)[C@@H](OC(=O)C(O)(c1cccs1)c1cccs1)C2.[Br-],O=C(OC1C[NH+]2CCC1CC2)C(c1cccs1)c1cccs1,1,1,0.999460466882988,OK
1794,CHEMBL5542277,active_single,O=C(NCCCOc1cccc([C@](O)(C(=O)OC2CCN(Cc3ccccc3)CC2)c2ccccc2)c1)c1ccc(CNC[C@H](O)c2ccc(O)c3[nH]c(=O)ccc23)cc1,O=C(NCCCOc1cccc(C(C(=O)OC2CCN(Cc3ccccc3)CC2)c2ccccc2)c1)c1ccc(CNCCc2cccc3[nH]c(=O)ccc23)cc1,1,1,0.9997007020034296,OK
1804,CHEMBL554916,active,C[N+]1(C)CCC[C@@H]1[C@@H]1C[S+]([O-])[C@](c2ccccc2)(C2CCCCC2)O1.[I-],c1ccc(C2(C3CCCCC3)OC(C3CCC[NH2+]3)C[SH+]2)cc1,1,1,0.9966530603320809,OK
1808,CHEMBL555146,active_single,C[C@@H]1CCCN1CCc1cc2cc(C(=O)c3ccc(F)cc3)ccc2o1,O=C(c1ccccc1)c1ccc2oc(CCN3CCCC3)cc2c1,1,0,0.5321263915900801,FN
1841,CHEMBL5560560,inactive_single,CC(C)(C(=O)O)c1ccc(CN2CCC(=C3c4ccc(Cl)cc4CCc4cccnc43)CC2)cc1,c1ccc(CN2CCC(=C3c4ccccc4CCc4cccnc43)CC2)cc1,0,0,0.13484704482902946,OK
1843,CHEMBL556222,active_single,O=C(O[C@H]1C[N+]2(CCCOc3ccccc3)CCC1CC2)[C@@](O)(c1ccccc1)c1cccs1.[Br-],O=C(OC1C[N+]2(CCCOc3ccccc3)CCC1CC2)C(c1ccccc1)c1cccs1,1,1,0.9993686303404835,OK
1856,CHEMBL560327,active_single,C[N+]12CCC(CC1)[C@@H](OC(=O)C(O)(c1cccs1)c1cccs1)C2.[Br-],O=C(OC1C[NH+]2CCC1CC2)C(c1cccs1)c1cccs1,1,1,0.9943764626633517,OK
1862,CHEMBL563887,active_single,O=C(O[C@H]1CN2CCC1CC2)C1(O)c2ccccc2-c2ccccc21,O=C(OC1CN2CCC1CC2)C1c2ccccc2-c2ccccc21,1,1,0.9792012622262259,OK
1864,CHEMBL5639287,active_single,CN1[C@@H]2CC[C@H]1C[C@@H](Oc1nc3ccccc3n1-c1ccccc1)C2,c1ccc(-n2c(OC3CC4CCC(C3)N4)nc3ccccc32)cc1,1,1,0.9875287745379142,OK
1866,CHEMBL5639592,active_single,CN1CCC(OC(=O)N(c2ccccc2)c2ccccc2)CC1,O=C(OC1CCNCC1)N(c1ccccc1)c1ccccc1,1,1,0.9919417733739033,OK
1876,CHEMBL5646625,active_single,CN1[C@@H]2CC[C@H]1C[C@H](Oc1nc3ccccc3n1-c1ccccc1)C2,c1ccc(-n2c(OC3CC4CCC(C3)N4)nc3ccccc32)cc1,1,1,0.9875287745379142,OK
1878,CHEMBL564765,active_single,O=C(O[C@H]1C[N+]2(CCCOc3ccccc3)CCC1CC2)[C@](O)(c1ccccc1)c1cccs1.[Br-],O=C(OC1C[N+]2(CCCOc3ccccc3)CCC1CC2)C(c1ccccc1)c1cccs1,1,1,0.9993199316395607,OK
1890,CHEMBL5739801,active_single,CN1CC[C@H](COC(=O)Nc2ccccc2-c2cc(F)cc(Cl)c2)C1,O=C(Nc1ccccc1-c1ccccc1)OCC1CCNC1,1,1,0.9986811974015074,OK
1892,CHEMBL5744752,active_single,COc1ccc([C@H](Cc2c(Cl)c[n+]([O-])cc2Cl)OC(=O)c2ccc(CNC(C(=O)OCC3C[C@H]4CC[C@@H](C3)N4C)c3ccccc3)s2)cc1OC,O=C(OC(Cc1cc[nH+]cc1)c1ccccc1)c1ccc(CNC(C(=O)OCC2CC3CCC(C2)N3)c2ccccc2)s1,1,1,0.9998936384646697,OK
1900,CHEMBL5759677,active_single,CN1CC[C@@H](COC(=O)Nc2ccc(F)cc2-c2cc(F)cc(Cl)c2)C1,O=C(Nc1ccccc1-c1ccccc1)OCC1CCNC1,1,1,0.9931467038405144,OK
1905,CHEMBL5764049,active_single,CN1CC[C@@H](COC(=O)Nc2ccccc2-c2ccccc2F)C1,O=C(Nc1ccccc1-c1ccccc1)OCC1CCNC1,1,1,0.9976396706483501,OK
1908,CHEMBL5765530,active_single,CN1CC[C@H](COC(=O)Nc2ccc(F)cc2-c2cccc(F)c2)C1,O=C(Nc1ccccc1-c1ccccc1)OCC1CCNC1,1,1,0.9935119634134087,OK
1910,CHEMBL5766762,active_single,CN1CC[C@@H](COC(=O)Nc2ccc(F)cc2-c2cc(F)cc(F)c2)C1,O=C(Nc1ccccc1-c1ccccc1)OCC1CCNC1,1,1,0.9891509630564316,OK
1912,CHEMBL5767706,active_single,CN1CC[C@H](COC(=O)Nc2ccc(F)cc2-c2cc(F)cc(F)c2)C1,O=C(Nc1ccccc1-c1ccccc1)OCC1CCNC1,1,1,0.9904604982048222,OK
1918,CHEMBL5772125,active_single,CN1CC[C@@H](COC(=O)Nc2ccccc2-c2ccc(F)cc2F)C1,O=C(Nc1ccccc1-c1ccccc1)OCC1CCNC1,1,1,0.9973163698500944,OK
1920,CHEMBL5772371,active_single,CN1CC[C@H](COC(=O)Nc2ccc(F)cc2-c2cc(Cl)cc(Cl)c2)C1,O=C(Nc1ccccc1-c1ccccc1)OCC1CCNC1,1,1,0.9951066396071265,OK
1925,CHEMBL5778841,active_single,COc1ccc([C@H](Cc2c(Cl)c[n+]([O-])cc2Cl)OC(=O)c2ccc(CNCC(O)(C(=O)OCC3CCN(C)CC3)c3cccs3)s2)cc1OC,O=C(OC(Cc1cc[nH+]cc1)c1ccccc1)c1ccc(CNCC(C(=O)OCC2CCNCC2)c2cccs2)s1,1,1,0.9994208733517029,OK
1931,CHEMBL5784530,active,COc1ccc([C@H](Cc2c(Cl)c[n+]([O-])cc2Cl)OC(=O)c2ccc(CNC(C(=O)OCCN3CCCCC3)c3ccccc3)s2)cc1OC,O=C(OC(Cc1cc[nH+]cc1)c1ccccc1)c1ccc(CNC(C(=O)OCCN2CCCCC2)c2ccccc2)s1,1,1,0.9990517067288871,OK
1934,CHEMBL5790068,active_single,CN1CC[C@@H](COC(=O)Nc2ccccc2-c2cc(Cl)cc(Cl)c2)C1,O=C(Nc1ccccc1-c1ccccc1)OCC1CCNC1,1,1,0.9991451268134822,OK
1946,CHEMBL5804721,active_single,CN1CC[C@H](COC(=O)Nc2ccc(F)cc2-c2ccc(Cl)c(Cl)c2)C1,O=C(Nc1ccccc1-c1ccccc1)OCC1CCNC1,1,1,0.9957627166656436,OK
1949,CHEMBL5808623,active_single,Cc1ccc(NC(=O)OC[C@@H]2CCN(C)C2)c(-c2ccccc2)c1,O=C(Nc1ccccc1-c1ccccc1)OCC1CCNC1,1,1,0.9970359733536049,OK
1950,CHEMBL5809265,active_single,Cc1ccc(NC(=O)OC[C@@H]2CCNC2)c(-c2cccc(F)c2)c1,O=C(Nc1ccccc1-c1ccccc1)OCC1CCNC1,1,1,0.985226928792045,OK
1951,CHEMBL5810469,active_single,CCN1CC[C@@H](COC(=O)Nc2ccccc2-c2ccc(F)c(Cl)c2)C1,O=C(Nc1ccccc1-c1ccccc1)OCC1CCNC1,1,1,0.9986164621393229,OK
1952,CHEMBL5810614,active_single,CN1CC[C@@H](COC(=O)Nc2ccccc2-c2ccc(F)c(Cl)c2)C1,O=C(Nc1ccccc1-c1ccccc1)OCC1CCNC1,1,1,0.9985294849698705,OK
1953,CHEMBL5810729,active_single,CN1CC[C@@H](COC(=O)Nc2ccccc2-c2cc(F)cc(F)c2)C1,O=C(Nc1ccccc1-c1ccccc1)OCC1CCNC1,1,1,0.9976154924780075,OK
1955,CHEMBL5811649,active_single,CN1CC[C@@H](COC(=O)Nc2ccccc2-c2cccc(F)c2F)C1,O=C(Nc1ccccc1-c1ccccc1)OCC1CCNC1,1,1,0.9973425687617682,OK
1962,CHEMBL5823032,active_single,CN1CC[C@@H](COC(=O)Nc2ccccc2-c2cccc(F)c2)C1,O=C(Nc1ccccc1-c1ccccc1)OCC1CCNC1,1,1,0.998561049012982,OK
1964,CHEMBL5823768,active_single,CN1CC[C@H](COC(=O)Nc2ccccc2-c2cccc(Cl)c2)C1,O=C(Nc1ccccc1-c1ccccc1)OCC1CCNC1,1,1,0.9992003109607183,OK
1968,CHEMBL5825104,active_single,CN1CC[C@H](COC(=O)Nc2ccc(F)cc2-c2cccc(Cl)c2)C1,O=C(Nc1ccccc1-c1ccccc1)OCC1CCNC1,1,1,0.9952819249481334,OK
1970,CHEMBL5827007,active_single,CN1CC[C@@H](COC(=O)Nc2ccccc2-c2cc(F)cc(Cl)c2)C1,O=C(Nc1ccccc1-c1ccccc1)OCC1CCNC1,1,1,0.9984984479527522,OK
1978,CHEMBL5838301,active_single,CCN1CC[C@H](COC(=O)Nc2ccccc2-c2ccccc2)C1,O=C(Nc1ccccc1-c1ccccc1)OCC1CCNC1,1,1,0.9990976400023945,OK
1990,CHEMBL5850095,active_single,CN1CC[C@H](COC(=O)Nc2ccc(F)cc2-c2ccc(F)cc2)C1,O=C(Nc1ccccc1-c1ccccc1)OCC1CCNC1,1,1,0.9884858237261,OK
1991,CHEMBL5850800,active_single,CN1CC[C@@H](COC(=O)Nc2ccc(Cl)cc2-c2cccc(Cl)c2)C1,O=C(Nc1ccccc1-c1ccccc1)OCC1CCNC1,1,1,0.9971854037710184,OK
1992,CHEMBL5850985,active_single,CN1CC[C@@H](COC(=O)Nc2ccccc2-c2ccc(Cl)c(Cl)c2)C1,O=C(Nc1ccccc1-c1ccccc1)OCC1CCNC1,1,1,0.9992601464657106,OK
1994,CHEMBL5853819,active_single,Cc1cc(C)cc(-c2cc(F)ccc2NC(=O)OC[C@@H]2CCN(C)C2)c1,O=C(Nc1ccccc1-c1ccccc1)OCC1CCNC1,1,1,0.9883328391187773,OK
1996,CHEMBL5854363,active_single,CN1CC[C@@H](COC(=O)Nc2ccc(F)cc2-c2cc(Cl)cc(CO)c2)C1,O=C(Nc1ccccc1-c1ccccc1)OCC1CCNC1,1,1,0.9923466996615204,OK
2001,CHEMBL5861747,active_single,Cc1cccc(-c2cc(F)ccc2NC(=O)OC[C@H]2CCNC2)c1,O=C(Nc1ccccc1-c1ccccc1)OCC1CCNC1,1,1,0.9951637568410819,OK
2002,CHEMBL5861748,active_single,Cc1cccc(-c2ccccc2NC(=O)OC[C@@H]2CCN(C)C2)c1,O=C(Nc1ccccc1-c1ccccc1)OCC1CCNC1,1,1,0.9989298667741359,OK
2008,CHEMBL5872395,active_single,CN1CC[C@@H](COC(=O)Nc2ccc(F)cc2-c2cc(O)cc(Cl)c2)C1,O=C(Nc1ccccc1-c1ccccc1)OCC1CCNC1,1,1,0.9907619520524251,OK
2009,CHEMBL5873046,active_single,CN1CC[C@H](COC(=O)Nc2ccccc2-c2cc(Cl)cc(Cl)c2)C1,O=C(Nc1ccccc1-c1ccccc1)OCC1CCNC1,1,1,0.999249230073472,OK
2011,CHEMBL5878216,active_single,CN1CC[C@@H](COC(=O)Nc2ccccc2-c2ccc(F)c(F)c2)C1,O=C(Nc1ccccc1-c1ccccc1)OCC1CCNC1,1,1,0.9977312859908053,OK
2017,CHEMBL5885280,active_single,CN1CC[C@H](COC(=O)Nc2ccccc2-c2ccccc2)C1,O=C(Nc1ccccc1-c1ccccc1)OCC1CCNC1,1,1,0.9990408835045357,OK
2024,CHEMBL5890949,active_single,CC(C)N1CC[C@@H](COC(=O)Nc2ccccc2-c2ccc(F)c(Cl)c2)C1,O=C(Nc1ccccc1-c1ccccc1)OCC1CCNC1,1,1,0.9990728026318947,OK
2026,CHEMBL5891623,active_single,CN1CC[C@H](COC(=O)Nc2ccc(F)cc2-c2cc(O)cc(Cl)c2)C1,O=C(Nc1ccccc1-c1ccccc1)OCC1CCNC1,1,1,0.9918786290159376,OK
2027,CHEMBL5893732,active_single,CN1CC[C@@H](COC(=O)Nc2ccccc2-c2cccc(O)c2)C1,O=C(Nc1ccccc1-c1ccccc1)OCC1CCNC1,1,1,0.9978263675352522,OK
2035,CHEMBL5901487,active_single,CN1CC[C@H](COC(=O)Nc2ccc(F)cc2-c2ccccc2)C1,O=C(Nc1ccccc1-c1ccccc1)OCC1CCNC1,1,1,0.9968430480006282,OK
2039,CHEMBL5903823,active_single,O=C(Nc1ccccc1-c1ccccc1)OC[C@@H]1CCNC1,O=C(Nc1ccccc1-c1ccccc1)OCC1CCNC1,1,1,0.9980772187730287,OK
2041,CHEMBL5907828,active_single,O=C(Nc1ccccc1-c1cc(F)cc(F)c1)OC[C@H]1CCNC1,O=C(Nc1ccccc1-c1ccccc1)OCC1CCNC1,1,1,0.9984886891061321,OK
2042,CHEMBL5908373,active_single,CN1CC[C@@H](COC(=O)Nc2ccc(Cl)cc2-c2ccc(F)c(Cl)c2)C1,O=C(Nc1ccccc1-c1ccccc1)OCC1CCNC1,1,1,0.9953391788543094,OK
2043,CHEMBL5908497,active_single,Cc1cc(C)cc(-c2ccccc2NC(=O)OC[C@@H]2CCN(C)C2)c1,O=C(Nc1ccccc1-c1ccccc1)OCC1CCNC1,1,1,0.9981995759368628,OK
2044,CHEMBL5912118,active_single,Cc1cccc(-c2cc(F)ccc2NC(=O)OC[C@H]2CCN(C)C2)c1,O=C(Nc1ccccc1-c1ccccc1)OCC1CCNC1,1,1,0.9944588521558642,OK
2050,CHEMBL5923709,active_single,CCN1CC[C@H](COC(=O)Nc2ccccc2-c2cccc(C)c2)C1,O=C(Nc1ccccc1-c1ccccc1)OCC1CCNC1,1,1,0.9991157759757995,OK
2077,CHEMBL5945229,active_single,O=C(Nc1ccccc1-c1cc(F)cc(F)c1)OC[C@@H]1CCNC1,O=C(Nc1ccccc1-c1ccccc1)OCC1CCNC1,1,1,0.9958058136255992,OK
2082,CHEMBL5949898,active_single,Cc1cc(C)cc(-c2cc(F)ccc2NC(=O)OC[C@H]2CCN(C)C2)c1,O=C(Nc1ccccc1-c1ccccc1)OCC1CCNC1,1,1,0.9897401017825874,OK
2084,CHEMBL5950288,active_single,CN1CC[C@@H](COC(=O)Nc2ccccc2-c2cc(Cl)ccc2F)C1,O=C(Nc1ccccc1-c1ccccc1)OCC1CCNC1,1,1,0.9981615322719197,OK
2097,CHEMBL5960712,active_single,Cc1cccc(-c2ccccc2NC(=O)OC[C@H]2CCN(C)C2)c1,O=C(Nc1ccccc1-c1ccccc1)OCC1CCNC1,1,1,0.9990601589391245,OK
2098,CHEMBL5961357,active_single,CN1CC[C@@H](COC(=O)Nc2ccccc2-c2ccccc2)C1,O=C(Nc1ccccc1-c1ccccc1)OCC1CCNC1,1,1,0.9989079220660477,OK
2100,CHEMBL5962631,active_single,CN1CC[C@@H](COC(=O)Nc2ccc(F)cc2-c2ccc(F)cc2)C1,O=C(Nc1ccccc1-c1ccccc1)OCC1CCNC1,1,1,0.986908797986394,OK
2101,CHEMBL5962776,active_single,CN1CC[C@@H](COC(=O)Nc2ccc(F)cc2-c2cccc(Cl)c2)C1,O=C(Nc1ccccc1-c1ccccc1)OCC1CCNC1,1,1,0.9946306631916423,OK
2104,CHEMBL5963986,active_single,CCN1CC[C@@H](COC(=O)Nc2ccccc2-c2ccccc2)C1,O=C(Nc1ccccc1-c1ccccc1)OCC1CCNC1,1,1,0.9989725385731228,OK
2114,CHEMBL5974793,active_single,CN1CC[C@@H](COC(=O)Nc2ccc(F)cc2-c2ccc(F)c(Cl)c2)C1,O=C(Nc1ccccc1-c1ccccc1)OCC1CCNC1,1,1,0.9935014922228836,OK
2117,CHEMBL5977564,active_single,Cc1ccc(NC(=O)OC[C@@H]2CCNC2)c(-c2ccccc2)c1,O=C(Nc1ccccc1-c1ccccc1)OCC1CCNC1,1,1,0.9937041933123031,OK
2121,CHEMBL5983283,active_single,O=C(Nc1ccc(F)cc1-c1ccccc1)OC[C@H]1CCNC1,O=C(Nc1ccccc1-c1ccccc1)OCC1CCNC1,1,1,0.9977214127411675,OK
2126,CHEMBL5988418,active_single,CN1CC[C@@H](COC(=O)Nc2ccccc2-c2ccc(F)cc2)C1,O=C(Nc1ccccc1-c1ccccc1)OCC1CCNC1,1,1,0.9960953668570746,OK
2130,CHEMBL5991367,active_single,CN1CC[C@@H](COC(=O)Nc2ccccc2-c2cccc(CO)c2)C1,O=C(Nc1ccccc1-c1ccccc1)OCC1CCNC1,1,1,0.9989931102492762,OK
2137,CHEMBL5997077,active_single,CN1CC[C@@H](COC(=O)Nc2ccc(F)cc2-c2cccc(N)c2)C1,O=C(Nc1ccccc1-c1ccccc1)OCC1CCNC1,1,1,0.976309094352482,OK
2138,CHEMBL6000151,active_single,CN1CC[C@H](COC(=O)Nc2ccccc2-c2cccc(F)c2)C1,O=C(Nc1ccccc1-c1ccccc1)OCC1CCNC1,1,1,0.9987361891157013,OK
2141,CHEMBL6002887,active_single,CN1CC[C@H](COC(=O)Nc2ccc(F)cc2-c2ccc(Cl)cc2)C1,O=C(Nc1ccccc1-c1ccccc1)OCC1CCNC1,1,1,0.996173106393149,OK
2148,CHEMBL6008981,active_single,CCN1CC[C@@H](COC(=O)Nc2ccc(F)cc2-c2ccc(F)c(Cl)c2)C1,O=C(Nc1ccccc1-c1ccccc1)OCC1CCNC1,1,1,0.9938840406680508,OK
2156,CHEMBL6022006,active_single,CN1CC[C@@H](COC(=O)Nc2ccc(F)cc2-c2cccc(F)c2)C1,O=C(Nc1ccccc1-c1ccccc1)OCC1CCNC1,1,1,0.992618196219309,OK
2159,CHEMBL6023567,active_single,CN1CC[C@@H](COC(=O)Nc2ccccc2-c2cccc(Cl)c2)C1,O=C(Nc1ccccc1-c1ccccc1)OCC1CCNC1,1,1,0.999089430659922,OK
2161,CHEMBL6024691,active_single,CN1CC[C@H](COC(=O)Nc2ccc(F)cc2-c2cc(F)cc(Cl)c2)C1,O=C(Nc1ccccc1-c1ccccc1)OCC1CCNC1,1,1,0.9939768691662023,OK
2163,CHEMBL6028900,active_single,CN1CC[C@@H](COC(=O)Nc2ccc(F)cc2-c2ccccc2F)C1,O=C(Nc1ccccc1-c1ccccc1)OCC1CCNC1,1,1,0.995462104922394,OK
2166,CHEMBL6031988,active_single,Cc1ccc(NC(=O)OC[C@@H]2CCN(C)C2)c(-c2cccc(F)c2)c1,O=C(Nc1ccccc1-c1ccccc1)OCC1CCNC1,1,1,0.993013387852632,OK
2167,CHEMBL6034616,active_single,CN1CC[C@H](COC(=O)Nc2ccccc2-c2ccc(F)c(Cl)c2)C1,O=C(Nc1ccccc1-c1ccccc1)OCC1CCNC1,1,1,0.9987084618812953,OK
2168,CHEMBL6038760,active_single,Cc1cccc(-c2cc(F)ccc2NC(=O)OC[C@@H]2CCN(C)C2)c1,O=C(Nc1ccccc1-c1ccccc1)OCC1CCNC1,1,1,0.9936946969129187,OK
2172,CHEMBL6042652,active_single,CN1CC[C@@H](COC(=O)Nc2ccc(CO)cc2-c2ccc(F)c(Cl)c2)C1,O=C(Nc1ccccc1-c1ccccc1)OCC1CCNC1,1,1,0.9942718631038717,OK
2174,CHEMBL6045030,active_single,CN1CC[C@H](COC(=O)Nc2ccccc2-c2cc(F)cc(F)c2)C1,O=C(Nc1ccccc1-c1ccccc1)OCC1CCNC1,1,1,0.9979054784005918,OK
2177,CHEMBL6046341,active_single,CN1CC[C@@H](COC(=O)Nc2ccc(F)cc2-c2cc(Cl)cc(Cl)c2)C1,O=C(Nc1ccccc1-c1ccccc1)OCC1CCNC1,1,1,0.9944313176306833,OK
2185,CHEMBL6051420,active_single,CCN1CC[C@@H](COC(=O)Nc2ccccc2-c2cccc(C)c2)C1,O=C(Nc1ccccc1-c1ccccc1)OCC1CCNC1,1,1,0.9989931863487373,OK
2188,CHEMBL6056124,active_single,O=C(Nc1ccc(F)cc1-c1cc(F)cc(F)c1)OC[C@@H]1CCNC1,O=C(Nc1ccccc1-c1ccccc1)OCC1CCNC1,1,1,0.9810393769131104,OK
2191,CHEMBL6063206,active_single,CN1CC[C@@H](COC(=O)Nc2ccccc2-c2cccc(N)c2)C1,O=C(Nc1ccccc1-c1ccccc1)OCC1CCNC1,1,1,0.9959199214898753,OK
2207,CHEMBL629,active,CN(C)CCC=C1c2ccccc2CCc2ccccc21,C=C1c2ccccc2CCc2ccccc21,1,1,0.7940894720296298,OK
2215,CHEMBL657,active,CN(C)CCOC(c1ccccc1)c1ccccc1,c1ccc(Cc2ccccc2)cc1,1,1,0.9840383407446495,OK
2264,CHEMBL900,active,Cc1ccccc1C(OCCN(C)C)c1ccccc1,c1ccc(Cc2ccccc2)cc1,1,1,0.9825551119209937,OK
