molecule_chembl_id,smiles,consensus_label,active,UMAP1,UMAP2
CHEMBL104693,CCCc1[nH]c2ccc3c(c2c1C(=O)OCC)CN1CCc2cc(SC)ccc2C1O3,active_single,1,1.1663487,5.97023
CHEMBL105122,CCOC(=O)c1c(C)[nH]c2ccc3c(c12)CN1CCc2cc(SC)ccc2C1O3,active_single,1,1.1608307,5.977721
CHEMBL105148,CCOC(=O)c1c(CC)[nH]c2ccc3c(c12)CN1CCc2cc(OC)ccc2C1O3,active_single,1,1.1560773,5.9730563
CHEMBL105160,CCCCCCc1[nH]c2ccc3c(c2c1C(=O)OCC)CN1CCc2cc(OC)ccc2C1O3,active_single,1,1.2024184,5.9480247
CHEMBL106218,CCOC(=O)c1c(CC)n(C)c2ccc3c(c12)CN1CCc2cc(OC)ccc2C1O3,active_single,1,1.1711929,5.986405
CHEMBL106219,CCOC(=O)c1c(CC)n(Cc2ccccc2)c2ccc3c(c12)CN1CCc2cc(OC)ccc2C1O3,active_single,1,1.1662142,5.978295
CHEMBL106224,CCCc1c(C(=O)OCC)c2c3c(ccc2n1C)OC1c2ccc(OC)cc2CCN1C3,active_single,1,1.1556982,5.9735794
CHEMBL106259,CCN(C)C(=O)c1c(C)[nH]c2ccc3c(c12)CN1CCc2cc(OC)ccc2C1O3,inactive_single,0,1.1709002,5.974963
CHEMBL1076586,O=C(c1ccc(-c2ccccc2)cc1)N1CCN(C(=O)c2ccc3cc[nH]c3c2)CC1,inactive_single,0,3.5460746,11.43285
CHEMBL107679,CCOC(=O)c1c(C)n(CC)c2ccc3c(c12)CN1CCc2cc(OC)ccc2C1O3,active_single,1,1.1460061,5.9938607
CHEMBL107680,CCOC(=O)c1c(C)[nH]c2ccc3c(c12)CN1CCc2cc(O)ccc2C1O3,inactive_single,0,1.1460755,5.9699397
CHEMBL1080155,C[C@H]1CN(C(=O)c2ccc(-c3cccc(OC(F)(F)F)c3)cc2)CCN1C(=O)c1ccc2cc[nH]c2c1,inactive_single,0,3.5304754,11.494721
CHEMBL1080389,C[C@H]1CN(C(=O)c2ccc(-c3ccccc3F)cc2)CCN1C(=O)c1ccc2cc[nH]c2c1,inactive_single,0,3.5374641,11.436681
CHEMBL1080556,C[C@H]1CN(C(=O)c2ccc(-c3ccccc3Cl)cc2)CCN1C(=O)c1ccc2cc[nH]c2c1,inactive_single,0,3.5292118,11.44314
CHEMBL1080735,C[C@H]1CN(C(=O)c2ccc(-c3ccccc3C(F)(F)F)cc2)CCN1C(=O)c1ccc2cc[nH]c2c1,inactive_single,0,3.5136628,11.458253
CHEMBL1080755,C[C@H]1CN(C(=O)c2ccc(-c3ccc(OC(F)(F)F)cc3)cc2)CCN1C(=O)c1ccc2cc[nH]c2c1,inactive_single,0,3.5226035,11.489524
CHEMBL1080907,Cc1ccccc1-c1ccc(C(=O)N2CCN(C(=O)c3ccc4cc[nH]c4c3)[C@@H](C)C2)cc1,inactive_single,0,3.5429623,11.435531
CHEMBL1080926,C[C@H]1CN(C(=O)c2ccc(-c3ccc(F)cc3)cc2)CCN1C(=O)c1ccc2cc[nH]c2c1,inactive_single,0,3.50284,11.4678135
CHEMBL1081212,COc1ccccc1-c1ccc(C(=O)N2CCN(C(=O)c3ccc4cc[nH]c4c3)[C@@H](C)C2)cc1,inactive_single,0,3.519651,11.452974
CHEMBL1081254,COc1ccc(-c2ccc(C(=O)N3CCN(C(=O)c4ccc5cc[nH]c5c4)[C@@H](C)C3)cc2)cc1,inactive_single,0,3.513591,11.446248
CHEMBL1081648,COc1cccc(-c2ccc(C(=O)N3CCN(C(=O)c4ccc5cc[nH]c5c4)[C@@H](C)C3)cc2)c1,inactive_single,0,3.485303,11.484397
CHEMBL1081649,COc1cccc(-c2ccc(C(=O)N3CCN(C(=O)c4ccc5cc[nH]c5c4)[C@H](C)C3)cc2)c1,inactive_single,0,3.5121834,11.457933
CHEMBL1082209,C[C@H]1CN(C(=O)c2ccc(-c3cccc(C(F)(F)F)c3)cc2)CCN1C(=O)c1ccc2cc[nH]c2c1,inactive_single,0,3.5417306,11.490568
CHEMBL1082210,C[C@H]1CN(C(=O)c2ccc(-c3cccc(F)c3)cc2)CCN1C(=O)c1ccc2cc[nH]c2c1,inactive_single,0,3.506534,11.473703
CHEMBL1082211,C[C@H]1CN(C(=O)c2ccc(-c3ccccc3)cc2)CCN1C(=O)c1ccc2cc[nH]c2c1,inactive_single,0,3.509826,11.465877
CHEMBL1082723,C[C@H]1Cc2c([nH]c3cc(Cl)c(F)cc23)[C@@]2(N1)C(=O)Nc1ccc(Cl)cc12,inactive_single,0,7.444144,10.924324
CHEMBL1083002,CC[C@H]1CNCC[C@@H]1CNC(=O)c1c(F)cccc1-c1cccc(Cl)c1,inactive_single,0,6.785532,10.864404
CHEMBL1083003,O=C(NC[C@H]1CCNC[C@H]1F)c1c(F)cccc1-c1cccc(Cl)c1,inactive_single,0,6.832463,10.825523
CHEMBL1083203,Cn1cc(-c2ccc(CN3C(=O)C(=O)c4ccccc43)c(F)c2)cn1,inactive_single,0,5.7282534,11.152074
CHEMBL1083317,O=C(NCC1=C(F)CNCC1)c1c(-c2cccc(Cl)c2)ccc(Cl)c1F,inactive_single,0,6.7468233,10.858118
CHEMBL1083402,O=S(=O)(CCC1CCNCC1)c1ccccc1-c1cccc(Cl)c1,active_single,1,6.8742814,10.753623
CHEMBL1083723,Cc1ccc(-c2ccccc2C(=O)NCC2CCNCC2)cc1Cl,active_single,1,6.886683,10.833114
CHEMBL1083911,O=C(NCC1CCNCC1)c1ccccc1-c1nc(Cl)cs1,inactive,0,6.861516,10.758089
CHEMBL1083925,C[C@H]1CNCC[C@@H]1CNC(=O)c1c(F)cccc1-c1cccc(Cl)c1,active_single,1,6.8121395,10.834215
CHEMBL1084804,O=C(Cc1ccccc1-c1cccc(Cl)c1)NC1CCNCC1,active_single,1,6.8052187,10.754178
CHEMBL1084805,CN(C(=O)Cc1ccccc1-c1cccc(Cl)c1)C1CCNCC1,active_single,1,6.830898,10.820144
CHEMBL1084850,OC(CCC1CCNCC1)c1ccccc1-c1cccc(Cl)c1,active_single,1,6.8501806,10.801368
CHEMBL1084851,Clc1cccc(-c2ccccc2/C=C/CC2CCNCC2)c1,active_single,1,6.8193574,10.778954
CHEMBL1090095,CCN1CCN(c2ccc(NC(=O)c3ccc(OC)cc3)cc2Cl)CC1,inactive_single,0,6.0822296,9.4059105
CHEMBL1090759,CCN1CCN(c2ccc(NC(=O)c3cc(C(F)(F)F)cc(C(F)(F)F)c3)cc2Cl)CC1,inactive_single,0,6.0877795,9.434613
CHEMBL1092,Cl.OC(CCN1CCCCC1)(c1ccccc1)C1CCCCC1,active_single,1,5.649686,5.027347
CHEMBL1092461,CCN1CCN(c2ccc(NC(=O)c3ccc(C)cc3)cc2Cl)CC1,inactive_single,0,6.089975,9.407699
CHEMBL1093775,CCN1CCN(c2ccc(NC(=O)c3cccc(C)c3)cc2Cl)CC1,inactive_single,0,6.1008034,9.420076
CHEMBL1093933,CCN1CCN(c2ccc(NC(=O)c3ccc(F)c(F)c3)cc2Cl)CC1,inactive_single,0,6.093346,9.537275
CHEMBL1101,OC(CCN1CCCCC1)(c1ccccc1)C1CC2C=CC1C2,active_single,1,5.694756,5.0132585
CHEMBL1123,CCN(CC)CCOC(=O)C1(C2CCCCC2)CCCCC1,active,1,7.432002,4.5231733
CHEMBL1160977,CCCCCCOC(=O)C1CN(CC)CC=C1c1ccccc1.O=C(O)C(O)C(O)C(=O)O,active,1,8.3357725,9.0921335
CHEMBL1172,Clc1ccc2c(c1)CCc1cccnc1C2=C1CCNCC1,active,1,9.5400305,7.550167
CHEMBL1180285,CCN1CCC(c2ccccc2)=C(C(=O)OCCc2ccc(C)cc2)C1,active_single,1,8.060012,8.840504
CHEMBL118553,CCN1CC=C(c2ccccc2)C(C(=O)OCCCC2CCCCC2)C1.O=C(O)C(=O)O,inactive_single,0,8.3419285,9.071429
CHEMBL1189234,OC12C3C4CC5C6C4C1C6C(C53)N2Cc1ccccc1,active,1,2.7413585,8.205061
CHEMBL1191560,CCN(CC)CCOC(=O)C(CC)(c1ccccc1)c1ccccc1,active_single,1,7.445846,4.555383
CHEMBL1194314,O=C(O[C@H]1C[N+]2(CCCOc3ccccc3)CCC1CC2)C(c1cccs1)c1cccs1,active,1,8.031923,-0.06667582
CHEMBL1194325,O=C(O[C@H]1C[N+]2(CCCOc3ccccc3)CCC1CC2)C(O)(c1cccs1)c1cccs1,active,1,8.122383,-0.26618093
CHEMBL1196246,CC1(C(=O)O[C@H]2C[N+]3(CCCOc4ccccc4)CCC2CC3)c2ccccc2Oc2ccccc21,active_single,1,7.811426,0.24090748
CHEMBL1197028,O=C(O[C@H]1C[N+]2(CCc3ccccc3)CCC1CC2)C1c2ccccc2Oc2ccccc21,active_single,1,7.8432746,0.40603036
CHEMBL1197117,CC1(C(=O)O[C@H]2C[N+]3(CCCOc4ccccc4)CCC2CC3)c2ccccc2-c2ccccc21,active_single,1,7.8154526,0.17365666
CHEMBL1197183,O=C(O[C@H]1C[N+]2(CCCOc3ccccc3)CCC1CC2)C1(O)c2ccccc2-c2ccccc21,active_single,1,7.7302074,0.28759173
CHEMBL1197209,O=C(O[C@H]1C[N+]2(CCc3ccccc3)CCC1CC2)C1(O)c2ccccc2-c2ccccc21,active_single,1,7.6509805,0.40562677
CHEMBL1197216,O=C(O[C@H]1C[N+]2(CCCOc3ccccc3)CCC1CC2)C1(O)c2ccccc2Oc2ccccc21,active_single,1,7.704546,0.2120457
CHEMBL1197251,O=C(O[C@H]1C[N+]2(CCc3ccccc3)CCC1CC2)C(O)(c1cccs1)c1cccs1,active,1,8.167666,-0.40386426
CHEMBL1197261,O=C(O[C@H]1C[N+]2(CCc3ccccc3)CCC1CC2)C1(O)c2ccccc2Oc2ccccc21,active_single,1,7.7471642,0.36359623
CHEMBL1200406,CN(C)CCOC(c1ccccc1)c1ccccc1.Cn1c(=O)c2[nH]c(Cl)nc2n(C)c1=O,active,1,7.936498,5.5922337
CHEMBL1200604,CCN(Cc1ccncc1)C(=O)C(CO)c1ccccc1,active,1,8.453083,4.147868
CHEMBL120080,CCCCCCCCOC(=O)C1=C(c2ccccc2)CCN(CC)C1.O=C(O)C(=O)O,active_single,1,8.116325,8.867348
CHEMBL1200803,O=C(O)CCC(=O)O.O=C(O[C@H]1CN2CCC1CC2)N1CCc2ccccc2[C@@H]1c1ccccc1,active_single,1,7.624941,2.020578
CHEMBL1200809,CN1CCCC(n2nc(Cc3ccc(Cl)cc3)c3ccccc3c2=O)CC1.Cl,inactive_single,0,5.5784855,11.333571
CHEMBL1201027,C[N+]1(C)CCC(OC(=O)C(O)(c2ccccc2)C2CCCC2)C1.[Br-],active_single,1,7.2348766,3.794454
CHEMBL120119,CCN1CCC(c2ccccc2)=C(C(=O)OCCc2ccc(C)cc2)C1.O=C(O)C(=O)O,active_single,1,8.09627,8.875427
CHEMBL1201203,CN1[C@@H]2CC[C@H]1C[C@@H](OC(c1ccccc1)c1ccccc1)C2,active,1,8.80845,4.169314
CHEMBL1201335,C[N+]1(C)CCC(OC(=O)C(O)(c2ccccc2)C2CCCC2)C1,active,1,7.235957,3.78342
CHEMBL120472,CCN1CCC(c2ccccc2)=C(C(=O)OCCC2CCCCC2)C1.O=C(O)C(=O)O,active_single,1,8.123231,8.881607
CHEMBL120581,CCN1CCC(c2ccccc2)=C(C(=O)OCC(C)C)C1.O=C(O)C(=O)O,active_single,1,8.101915,8.864639
CHEMBL1210154,C/C(=NOC(=O)Nc1ccccc1)c1cccc(-c2cccs2)c1,inactive_single,0,7.8820963,-0.74568313
CHEMBL121059,CCCCCCCCCOC(=O)C1=C(c2ccccc2)CCN(CC)C1,active_single,1,8.1021595,8.865454
CHEMBL121298,CCN1CC=C(c2ccccc2)C(C(=O)OCCCCc2ccccc2)C1.O=C(O)C(=O)O,inactive_single,0,8.311536,9.048272
CHEMBL121520,CCN1CCC(c2ccccc2)=C(C(=O)OCC2CCCCC2)C1.O=C(O)C(=O)O,active_single,1,8.143729,8.913545
CHEMBL1223807,CCO[C@H]1CC[C@](C)(N2CCC(n3c(=O)oc4ccccc43)CC2)CC1,inactive_single,0,1.79743,10.128623
CHEMBL123099,CCN1CCC(c2ccccc2)=C(C(=O)OCCc2ccc(OC)cc2)C1.O=C(O)C(=O)O,inactive_single,0,8.056586,8.864057
CHEMBL1231,CCN(CC)CC#CCOC(=O)C(O)(c1ccccc1)C1CCCCC1,active,1,7.432743,4.5360804
CHEMBL1257975,O=C1C(=O)N(Cc2ccc(Oc3cccc(F)n3)cc2)c2ccc(OC(F)(F)F)cc21,inactive_single,0,5.277776,10.81635
CHEMBL1258671,CCCCN1CCC(COC(=O)c2cc(F)c(N)c3c2OCCO3)CC1,inactive_single,0,8.254776,10.943463
CHEMBL1289081,O=C(c1ccco1)N1CCOC2(CCN(Cc3ccc(Cl)cc3)CC2)C1,active_single,1,2.9585183,9.2092
CHEMBL1289082,O=C(c1cccs1)N1CCOC2(CCN(Cc3ccc(Cl)cc3)CC2)C1,active_single,1,2.972851,9.211999
CHEMBL1289201,O=C(c1ccc(CO)o1)N1CCOC2(CCN(Cc3ccc(Cl)cc3)CC2)C1,active_single,1,2.93074,9.19408
CHEMBL1289202,O=C(c1ccoc1)N1CCOC2(CCN(Cc3ccc(Cl)cc3)CC2)C1,active_single,1,2.9811451,9.165561
CHEMBL1289314,O=C(c1cnsn1)N1CCOC2(CCN(Cc3ccc(Cl)cc3)CC2)C1,active_single,1,2.9614456,9.22339
CHEMBL1289544,O=C(c1cscn1)N1CCOC2(CCN(Cc3ccc(Cl)cc3)CC2)C1,active_single,1,2.9599054,9.227921
CHEMBL1289545,Cc1nc(C(=O)N2CCOC3(CCN(Cc4ccc(Cl)cc4)CC3)C2)cs1,active_single,1,2.9554641,9.234015
CHEMBL1289653,Cc1nc(C(=O)N2CCOC3(CCN(Cc4cccc(Cl)c4)CC3)C2)cs1,active_single,1,2.9429233,9.230955
CHEMBL1289654,Cc1nc(C(=O)N2CCOC3(CCN(Cc4ccccc4Cl)CC3)C2)cs1,active_single,1,2.968089,9.26151
CHEMBL1289758,CCc1nc(C(=O)N2CCOC3(CCN(Cc4ccc(Cl)cc4)CC3)C2)cs1,active_single,1,2.9384654,9.264692
CHEMBL1289865,CC(C)c1nc(C(=O)N2CCOC3(CCN(Cc4ccc(Cl)cc4)CC3)C2)cs1,active_single,1,2.9534883,9.24679
CHEMBL1289866,CC(C)c1nc(C(=O)N2CCOC3(CCN(Cc4ccccc4)CC3)C2)cs1,active_single,1,2.9524078,9.224422
CHEMBL1289982,CC(C)c1nc(C(=O)N2CCOC3(CCN(Cc4ccccc4Cl)CC3)C2)cs1,active_single,1,2.9474132,9.232409
CHEMBL1289983,CC(C)c1nc(C(=O)N2CCOC3(CCN(Cc4cccc(Cl)c4)CC3)C2)cs1,active_single,1,2.9787285,9.248154
CHEMBL1290183,O=C(c1ccccc1)N1CCC2(CCN(Cc3cccc(Cl)c3)CC2)CC1,active_single,1,2.8949525,8.760109
CHEMBL1290184,Cc1cccc(CN2CCC3(CC2)CCN(C(=O)c2ccccc2)CC3)c1,active_single,1,2.9282203,8.715695
CHEMBL1290294,O=C(c1ccccc1)N1CCC2(CCN(Cc3ccccc3)CC2)CC1,active_single,1,2.8753204,8.638454
CHEMBL1290410,O=C(c1ccsc1)N1CCC2(CCN(Cc3ccccc3)CC2)CC1,active_single,1,2.883189,8.616433
CHEMBL1290635,O=C(c1ccccc1)N1CCOC2(CCN(Cc3ccc(Cl)cc3)CC2)C1,active_single,1,2.9506865,9.193559
CHEMBL1290752,O=C(c1ccc2occc2c1)N1CCOC2(CCN(Cc3ccc(Cl)cc3)CC2)C1,active_single,1,2.9614398,9.202899
CHEMBL1290753,Cc1ccc(C(=O)N2CCOC3(CCN(Cc4ccc(Cl)cc4)CC3)C2)o1,active_single,1,2.9595172,9.225819
CHEMBL130835,COc1ccccc1CN1CCC(C2CCN(C(=O)CCCCCCC(=O)N3CCC(C4CCN(Cc5ccccc5OC)CC4)CC3)CC2)CC1,active_single,1,5.784074,7.362979
CHEMBL1319362,Br.CN1[C@@H]2CC[C@H]1C[C@@H](OC(=O)C(O)c1ccccc1)C2,active,1,8.690979,4.0486054
CHEMBL1323615,CN1c2ccccc2Sc2cc(N)ccc21,inactive_single,0,7.507539,5.9045157
CHEMBL1354199,C[N+]1(C)[C@@H]2C[C@@H](OC(=O)[C@H](CO)c3ccccc3)C[C@H]1[C@@H]1O[C@@H]12.[Br-],active,1,8.414655,3.790433
CHEMBL135645,CO/N=C(C#N)C12CCCN(CC1)C2,active_single,1,-1.8512336,0.71287507
CHEMBL1367424,CCOC(=O)N1CCC(NCCNC(=O)c2cccs2)CC1,inactive_single,0,5.6813855,8.845819
CHEMBL1382,Cc1ccc(O)c([C@H](CCN(C(C)C)C(C)C)c2ccccc2)c1,active,1,16.78396,8.4303255
CHEMBL1424807,Clc1cccc(N2CCNCC2)c1Cl,inactive_single,0,5.2121277,9.424506
CHEMBL143228,CN1CCC(OC(=O)C(O)(c2ccccc2)c2ccccc2)CC1,active_single,1,7.448853,3.788826
CHEMBL143469,CN1CCC=C(c2nsnc2OCCCCCCCCCOc2nsnc2C2=CCCN(C)C2)C1,active_single,1,7.857389,7.8820944
CHEMBL1459098,O=C(c1ccc(F)cc1)N1CCN2C(=O)c3ccccc3C12c1ccccc1,inactive_single,0,3.787004,11.206166
CHEMBL145913,O=C(NC1CCN(Cc2cccc(O)c2)CC1)[C@](O)(c1ccccc1)[C@@H]1CCC(F)(F)C1,active_single,1,3.7736623,6.5001435
CHEMBL146249,CC(C)=CCCN1CCC(NC(=O)[C@](O)(c2ccccc2)[C@H]2CC[C@@H](F)C2)CC1,active_single,1,3.9719708,6.6473293
CHEMBL146291,O=C(NC1CCN(CC2CCCCCCC2)CC1)C(O)(c1ccccc1)C1CCCC1,active_single,1,4.310325,7.016143
CHEMBL146307,NCc1cccc(CN2CCC(NC(=O)[C@](O)(c3ccccc3)[C@@H]3CCC(F)(F)C3)CC2)c1,active_single,1,3.7848818,6.4786305
CHEMBL146351,CC(C)=CCCN1CCC(NC(=O)[C@](O)(c2ccccc2)[C@H]2CCC(F)(F)C2)CC1,active_single,1,3.9091918,6.562491
CHEMBL146359,O=C(NC1CCN(CC2CCCCC2)CC1)[C@](O)(c1ccccc1)[C@@H]1CCC(F)(F)C1,active_single,1,3.9018118,6.5383186
CHEMBL146464,O=C(NC1CCN(Cc2ccccc2)CC1)C(O)(c1ccccc1)C1CCCC1,active_single,1,4.263281,7.0886965
CHEMBL146567,Cc1cccc(CN2CCC(NC(=O)[C@](O)(c3ccccc3)[C@@H]3CCC(F)(F)C3)CC2)c1,active_single,1,3.8126817,6.5087943
CHEMBL146953,CN(C)C1CCc2cccc(O)c2C1,inactive_single,0,6.9658885,6.319546
CHEMBL147105,O=C(NC1CCN(Cc2ccccn2)CC1)[C@](O)(c1ccccc1)[C@@H]1CCC(F)(F)C1,active_single,1,3.8028972,6.512476
CHEMBL147554,O=C(NC1CCN(Cc2cccc(CO)c2)CC1)[C@](O)(c1ccccc1)[C@@H]1CCC(F)(F)C1,active_single,1,3.7493453,6.471764
CHEMBL147611,O=C(NC1CCN(Cc2cccc(F)c2)CC1)[C@](O)(c1ccccc1)[C@@H]1CCC(F)(F)C1,active_single,1,3.7523549,6.4748454
CHEMBL147653,O=C(NC1CCN(Cc2ccccc2)CC1)[C@](O)(c1ccccc1)[C@@H]1CCC(F)(F)C1,active_single,1,3.7967992,6.518178
CHEMBL147672,O=C(NC1CCN(Cc2ccoc2)CC1)C(O)(c1ccccc1)C1CCCC1,active_single,1,4.2830205,7.055666
CHEMBL147695,O=C(NC1CCN(Cc2ccoc2)CC1)[C@](O)(c1ccccc1)[C@@H]1CCC(F)(F)C1,active_single,1,3.7436104,6.4548254
CHEMBL147778,Cc1cccc(CN2CCC(NC(=O)[C@](O)(c3ccccc3)[C@@H]3CCC(F)(F)C3)CC2)n1,active_single,1,3.801388,6.5688186
CHEMBL148129,O=C(NC1CCN(CC2CCCCCC2)CC1)C(O)(c1ccccc1)C1CCCC1,active_single,1,4.276541,6.980807
CHEMBL1482157,CCOC(=O)N1CCC(NCCNC(=O)c2ccccc2Cl)CC1,inactive_single,0,5.713683,8.881894
CHEMBL148310,Cc1ccccc1CN1CCC(NC(=O)C(O)(c2ccccc2)C2CCCC2)CC1,active_single,1,4.311063,7.07362
CHEMBL148328,O=C(NC1CCN(Cc2cccnc2)CC1)C(O)(c1ccccc1)C1CCCC1,active_single,1,4.3105974,7.0825872
CHEMBL148404,Nc1ccc(CN2CCC(NC(=O)[C@](O)(c3ccccc3)[C@@H]3CCC(F)(F)C3)CC2)nc1,active_single,1,3.7908502,6.504322
CHEMBL148450,COc1cccc(CN2CCC(NC(=O)C(O)(c3ccccc3)C3CCCC3)CC2)c1,active_single,1,4.297051,7.0804105
CHEMBL1490,OC(CCN1CCCCC1)(c1ccccc1)C1CCCCC1,active,1,5.5945787,4.9988847
CHEMBL1493369,C[C@@H](C1=C(CCN(C)C)Cc2ccccc21)c1ccccn1,active_single,1,8.35021,6.0383434
CHEMBL149484,COc1cccc(CN2CCC(NC(=O)[C@](O)(c3ccccc3)[C@@H]3CCC(F)(F)C3)CC2)c1,active_single,1,3.7585397,6.4707403
CHEMBL149486,Cc1ccc(CN2CCC(NC(=O)C(O)(c3ccccc3)C3CCCC3)CC2)cc1,active_single,1,4.307452,7.0690145
CHEMBL149769,O=C(NC1CCN(CC2CCCCC2)CC1)C(O)(c1ccccc1)C1CCCC1,active_single,1,4.2989416,7.0058575
CHEMBL150219,CC(C)=CCCN1CCC(NC(=O)[C@](O)(c2ccccc2)[C@@H]2CCC(F)(F)C2)CC1,active_single,1,3.8751607,6.534823
CHEMBL1535797,CCOC(=O)N1CCC(NCCNC(=O)c2ccccc2)CC1.Cl,inactive_single,0,5.6430635,8.833425
CHEMBL1559151,CCOC(=O)N1CCC(NCCNC(=O)c2ccccc2C)CC1.Cl,inactive_single,0,5.6954036,8.868274
CHEMBL1559535,Cc1cc(N2CCNCC2)nc2ccccc12,inactive_single,0,5.2826805,9.432916
CHEMBL1564753,Cc1cc(NC(=O)CS(=O)(=O)c2cn(Cc3ccccc3Cl)c3ccccc23)no1,inactive_single,0,3.102386,9.430974
CHEMBL15936,c1cc2nsnc2c2c1CCNC2,inactive_single,0,8.559654,8.110035
CHEMBL1602658,CCN(Cc1ccccc1)C(=O)C1CCN(S(=O)(=O)c2ccc3c(c2)OCCO3)CC1,inactive_single,0,8.062827,2.3820772
CHEMBL1621597,CC(C)[N+]1(C)[C@@H]2CC[C@H]1C[C@@H](OC(=O)C(CO)c1ccccc1)C2,active_single,1,8.551291,3.932412
CHEMBL1624037,CCOC(=O)N1CCC(NCCNC(=O)c2ccccc2C)CC1,inactive_single,0,5.7088747,8.833672
CHEMBL1626,CN1CCC[C@@H]1CCO[C@](C)(c1ccccc1)c1ccc(Cl)cc1,active,1,5.538948,11.689563
CHEMBL1628227,CN(C)CCC=C1c2ccccc2COc2ccccc21,active,1,8.200834,6.014659
CHEMBL1632158,COC(=O)CCCCCN1CCC(CNC(=O)c2c3n(c4ccccc24)CCCO3)CC1,inactive_single,0,8.941541,9.879954
CHEMBL1632174,O=C(O)CCCCCN1CCC(CNC(=O)c2c3n(c4ccccc24)CCCO3)CC1,inactive_single,0,8.988927,9.898212
CHEMBL166385,CCOC(=O)N(CC)CCCCC1CCN(CC(=O)N2c3ccccc3NC(=O)c3ccccc32)CC1,active_single,1,1.1146991,1.2356486
CHEMBL167223,CC(C1=C(CCN(C)C)Cc2cc(Cl)ccc21)c1ccccn1,active_single,1,8.37345,6.0935063
CHEMBL1672288,N#Cc1cc(F)cc(C#Cc2csc(F)n2)c1,inactive_single,0,7.051341,10.332105
CHEMBL168145,CCN(CCCCC1CCN(CC(=O)N2c3ccccc3NC(=O)c3ccccc32)CC1)C(=O)c1cccc(I)c1,active_single,1,1.0504409,1.172075
CHEMBL168149,CCN(CCCCC1CCN(CC(=O)N2c3ccccc3C(=O)N(C(=O)c3ccc(F)cc3)c3ccccc32)CC1)C(=O)c1ccc(F)cc1,active_single,1,1.1453167,1.2678568
CHEMBL168223,CN(C)CCNC(=O)C1=C(Cc2ccncc2)c2ccccc2C1,inactive_single,0,8.296108,5.984967
CHEMBL1683908,O=C(Nc1ccccc1-c1ccccc1)OC1CCNCC1,active_single,1,8.694077,9.962864
CHEMBL1683909,CN1CCC(OC(=O)Nc2ccccc2-c2ccccc2)CC1,active_single,1,8.746181,9.931798
CHEMBL1683910,CCN1CCC(OC(=O)Nc2ccccc2-c2ccccc2)CC1,active_single,1,8.747319,9.859123
CHEMBL1683911,CCCN1CCC(OC(=O)Nc2ccccc2-c2ccccc2)CC1,active_single,1,8.703772,9.886111
CHEMBL1683912,CCCCN1CCC(OC(=O)Nc2ccccc2-c2ccccc2)CC1,active_single,1,8.78056,9.808297
CHEMBL1683913,CCCCCN1CCC(OC(=O)Nc2ccccc2-c2ccccc2)CC1,active_single,1,8.70378,9.872764
CHEMBL1683914,CCCCCCN1CCC(OC(=O)Nc2ccccc2-c2ccccc2)CC1,active_single,1,8.746523,9.7995205
CHEMBL1683915,CCCCCCCN1CCC(OC(=O)Nc2ccccc2-c2ccccc2)CC1,active_single,1,8.716066,9.853259
CHEMBL1683916,CCCCCCCCN1CCC(OC(=O)Nc2ccccc2-c2ccccc2)CC1,active_single,1,8.738084,9.835222
CHEMBL1683917,CCCCCCCCCN1CCC(OC(=O)Nc2ccccc2-c2ccccc2)CC1,active_single,1,8.726041,9.832515
CHEMBL1683918,CCCCCCCCCCN1CCC(OC(=O)Nc2ccccc2-c2ccccc2)CC1,active_single,1,8.768693,9.841088
CHEMBL1683919,CCCCCCCCCCCN1CCC(OC(=O)Nc2ccccc2-c2ccccc2)CC1,active_single,1,8.763357,9.828083
CHEMBL1683920,NCCN1CCC(OC(=O)Nc2ccccc2-c2ccccc2)CC1,active_single,1,9.125135,9.971076
CHEMBL1683921,NCCCN1CCC(OC(=O)Nc2ccccc2-c2ccccc2)CC1,active_single,1,9.138138,9.974726
CHEMBL1683922,NCCCCN1CCC(OC(=O)Nc2ccccc2-c2ccccc2)CC1,active_single,1,9.142991,9.97559
CHEMBL1683923,NCCCCCN1CCC(OC(=O)Nc2ccccc2-c2ccccc2)CC1,active_single,1,9.170064,9.980644
CHEMBL1683924,NCCCCCCN1CCC(OC(=O)Nc2ccccc2-c2ccccc2)CC1,active_single,1,9.173176,9.98938
CHEMBL1683925,NCCCCCCCN1CCC(OC(=O)Nc2ccccc2-c2ccccc2)CC1,active_single,1,9.156965,9.978723
CHEMBL1683926,NCCCCCCCCN1CCC(OC(=O)Nc2ccccc2-c2ccccc2)CC1,active_single,1,9.16446,9.9622965
CHEMBL1683927,NCCCCCCCCCN1CCC(OC(=O)Nc2ccccc2-c2ccccc2)CC1,active_single,1,9.14272,9.98174
CHEMBL1683928,NCCCCCCCCCCN1CCC(OC(=O)Nc2ccccc2-c2ccccc2)CC1,active_single,1,9.169162,9.967817
CHEMBL1683929,NCCCCCCCCCCCN1CCC(OC(=O)Nc2ccccc2-c2ccccc2)CC1,active_single,1,9.167918,9.981543
CHEMBL1683930,NCCCCCCCCCCCCN1CCC(OC(=O)Nc2ccccc2-c2ccccc2)CC1,active_single,1,9.18133,9.987933
CHEMBL1683931,O=C(Nc1ccccc1-c1ccccc1)OC1CCN(CCCNC[C@H](O)c2ccc(O)c3[nH]c(=O)ccc23)CC1,active_single,1,20.040672,9.610363
CHEMBL1683932,O=C(Nc1ccccc1-c1ccccc1)OC1CCN(CCCCCCCNC[C@H](O)c2ccc(O)c3[nH]c(=O)ccc23)CC1,active_single,1,19.982414,9.620769
CHEMBL1683933,O=C(Nc1ccccc1-c1ccccc1)OC1CCN(CCCCCCCCNC[C@H](O)c2ccc(O)c3[nH]c(=O)ccc23)CC1,active_single,1,19.986149,9.621711
CHEMBL1683934,O=C(Nc1ccccc1-c1ccccc1)OC1CCN(CCCCCCCCCNC[C@H](O)c2ccc(O)c3[nH]c(=O)ccc23)CC1,active,1,19.993755,9.604721
CHEMBL1683935,O=CNc1cc([C@@H](O)CNCCCCCCCCCN2CCC(OC(=O)Nc3ccccc3-c3ccccc3)CC2)ccc1O,active_single,1,16.4988,7.844
CHEMBL1683936,O=C(Nc1ccccc1-c1ccccc1)OC1CCN(CCCCCCCCCNC[C@H](O)c2ccc(O)c(CO)c2)CC1,active_single,1,16.49625,7.84089
CHEMBL1683938,O=C(Nc1ccccc1-c1ccccc1)OC1CCN(CCCCCCCCCNCC(O)c2ccc(O)c3[nH]c(=O)ccc23)CC1,active_single,1,19.979002,9.622996
CHEMBL1683939,NC(=O)C(c1ccccc1)(c1ccccc1)[C@@H]1CCN(CCCCCCCCCNCC(O)c2ccc(O)c3[nH]c(=O)ccc23)C1,active_single,1,19.770634,9.659136
CHEMBL1683940,O=C(Nc1ccccc1-c1ccccc1)NC1CCN(CCCCCCCCCNCC(O)c2ccc(O)c3[nH]c(=O)ccc23)CC1,active_single,1,19.994785,9.621304
CHEMBL1683941,O=C(Nc1ccccc1-c1ccccc1)O[C@H]1C[N+]2(CCCCCCCCCNCC(O)c3ccc(O)c4[nH]c(=O)ccc34)CCC1CC2,active_single,1,19.953941,9.630274
CHEMBL1683942,C[N+]1(CCCCCCCCCNC[C@H](O)c2ccc(O)c3[nH]c(=O)ccc23)[C@@H]2C[C@H](OC(=O)C(O)(c3cccs3)c3cccs3)C[C@@H]1[C@H]1O[C@H]12,active_single,1,20.251717,8.685428
CHEMBL169680,CN(C)CCC1=C(Cc2ccncc2)c2ccccc2C1,inactive_single,0,8.307982,6.00749
CHEMBL170221,CC(C1=C(CCN(C)C)Cc2ccccc21)c1ccccc1,active_single,1,8.309412,6.0340595
CHEMBL171102,CN(C)CCC1=C(C(c2ccccc2)c2ccccn2)c2ccccc2C1,active_single,1,8.354719,6.0297294
CHEMBL1722209,Cc1ccc(O)c([C@H](CCN(C(C)C)C(C)C)c2ccccc2)c1.O=C(O)C(O)C(O)C(=O)O,active_single,1,16.76507,8.425419
CHEMBL1724,C[N+]1(C)CCCC(OC(=O)C(O)(c2ccccc2)c2ccccc2)C1.[Br-],active_single,1,7.3109455,3.7500875
CHEMBL1740585,CC(C)[N+]1(C)[C@@H]2CC[C@H]1CC(OC(=O)C(CO)c1ccccc1)C2,active,1,8.546398,3.953101
CHEMBL1770373,c1ccc(Cc2ncc3c(n2)CCNCC3)cc1,active_single,1,8.385063,8.07704
CHEMBL177040,O=C(CCCNC(=O)CNC(=O)CC(c1ccccc1)(c1ccccc1)c1ccccc1)NCC1CCCN(CC2CCCCC2)C1,active_single,1,4.6895776,16.558796
CHEMBL1773074,CC(C)N(CC[C@H](c1ccccc1)c1cc(CCCCOc2ccc(CCNC[C@H](O)c3ccc(O)c(CO)c3)cc2)ccc1O)C(C)C,active_single,1,16.868937,8.455539
CHEMBL1773196,CC(C)N(CC[C@H](c1ccccc1)c1cc(CCCNC(=O)Cc2cccc(CC(C)(C)NC[C@H](O)c3ccc(O)c(CO)c3)c2)ccc1O)C(C)C,active_single,1,16.800632,8.3981285
CHEMBL1773197,CC(C)N(CC[C@H](c1ccccc1)c1cc(CCCNC(=O)Cc2cccc(CC(C)(C)NC[C@H](O)c3ccc(O)c(NS(C)(=O)=O)c3)c2)ccc1O)C(C)C,active_single,1,16.713894,8.281858
CHEMBL1773198,CC(C)N(CC[C@H](c1ccccc1)c1cc(CCCNC(=O)Cc2cccc(C[C@@H](C)NC[C@H](O)c3cc(O)cc(O)c3)c2)ccc1O)C(C)C,active_single,1,16.82341,8.400197
CHEMBL1773262,CC(C)N(CC[C@H](c1ccccc1)c1cc(CCNC[C@H](O)c2ccc(O)c(NS(C)(=O)=O)c2)ccc1O)C(C)C,active_single,1,16.779932,8.3863125
CHEMBL1773263,CC(C)N(CC[C@H](c1ccccc1)c1cc(CCCNC(=O)CCCCCCCCCCNC[C@H](O)c2ccc(O)c(NS(C)(=O)=O)c2)ccc1O)C(C)C,active_single,1,16.801645,8.407081
CHEMBL1773264,CC(C)N(CC[C@H](c1ccccc1)c1cc(CCCCOc2ccc(CCNC[C@H](O)c3ccc(O)c(NS(C)(=O)=O)c3)cc2)ccc1O)C(C)C,active_single,1,16.781967,8.376615
CHEMBL1773265,CC(C)N(CC[C@H](c1ccccc1)c1cc(CCCCOc2ccc(CCNC[C@H](O)c3ccc(O)c(O)c3)cc2)ccc1O)C(C)C,active_single,1,16.813818,8.410608
CHEMBL1773266,CC(C)N(CC[C@H](c1ccccc1)c1cc(CCCCOCCCCCCNC[C@H](O)c2ccc(O)c(NS(C)(=O)=O)c2)ccc1O)C(C)C,active_single,1,16.733246,8.298724
CHEMBL1773267,CC(C)N(CC[C@H](c1ccccc1)c1cc(CCCCOc2ccc(CCNC[C@H](O)c3ccc(O)c4[nH]c(=O)ccc34)cc2)ccc1O)C(C)C,active,1,16.890701,8.474712
CHEMBL1777826,O=C(O[C@H]1CN2CCC1CC2)N(Cc1ccccc1)c1ccccc1,active_single,1,7.8422365,2.0631714
CHEMBL1777827,O=C(O[C@H]1C[N+]2(CCCc3cccs3)CCC1CC2)N(Cc1cccs1)c1ccccc1.[Br-],active_single,1,8.074572,0.8525297
CHEMBL1779032,O=C(O[C@H]1CN2CCC1CC2)N(CCc1ccccc1)c1ccccc1,active_single,1,7.852747,2.0505996
CHEMBL1779033,O=C(O[C@H]1CN2CCC1CC2)N(Cc1cccs1)c1ccccc1,active_single,1,7.8215194,1.9915115
CHEMBL1779034,O=C(O[C@H]1CN2CCC1CC2)N(Cc1ccsc1)c1ccccc1,active_single,1,7.8926196,2.0304053
CHEMBL1779035,CCCN(C(=O)O[C@H]1CN2CCC1CC2)c1ccccc1,active_single,1,7.778999,2.1259675
CHEMBL1779036,CCCCN(C(=O)O[C@H]1CN2CCC1CC2)c1ccccc1,active_single,1,7.805235,2.062769
CHEMBL1779037,CCCCCN(C(=O)O[C@H]1CN2CCC1CC2)c1ccccc1,active_single,1,7.8083,2.048551
CHEMBL1779039,O=C(O[C@H]1CN2CCC1CC2)N(Cc1ccccc1)Cc1cccs1,active_single,1,7.815991,1.9687048
CHEMBL1779040,O=C(O[C@H]1CN2CCC1CC2)N(Cc1cccs1)Cc1cccs1,active_single,1,7.76945,1.9310883
CHEMBL1779041,CCCCN(Cc1cccs1)C(=O)O[C@H]1CN2CCC1CC2,active_single,1,7.8917627,1.9256107
CHEMBL1779042,Cc1ccc(N(Cc2ccccc2)C(=O)O[C@H]2CN3CCC2CC3)cc1,active_single,1,7.920357,2.0280895
CHEMBL1779043,O=C(O[C@H]1CN2CCC1CC2)N(Cc1ccccc1)c1ccc(F)cc1,active_single,1,7.876762,2.029963
CHEMBL1779044,O=C(O[C@H]1CN2CCC1CC2)N(Cc1cccc(F)c1)c1cccc(F)c1,active_single,1,7.928674,2.019955
CHEMBL1779045,Cc1cccc(N(Cc2cc(F)c(F)cc2F)C(=O)O[C@H]2CN3CCC2CC3)c1,active_single,1,7.956939,1.9057562
CHEMBL1779046,O=C(O[C@H]1CN2CCC1CC2)N(Cc1cc(F)c(F)c(F)c1)c1cccc(F)c1,active_single,1,7.95169,1.985647
CHEMBL1779047,Cl.O=C(Nc1ccccc1-c1ccccc1)OC12CCN(CC1)CC2,active_single,1,8.633996,10.020629
CHEMBL1779048,O=C(O[C@H]1C[N+]2(CCc3ccccc3)CCC1CC2)N(Cc1ccccc1)c1ccccc1.[Br-],active_single,1,8.073323,0.8458011
CHEMBL1779049,O=C(O[C@H]1C[N+]2(CCCc3ccccc3)CCC1CC2)N(Cc1ccccc1)c1ccccc1.[Br-],active_single,1,8.033073,0.8645082
CHEMBL1779128,O=C(O[C@H]1C[N+]2(CCCc3cccs3)CCC1CC2)N(Cc1ccccc1)c1ccccc1.[Br-],active_single,1,8.124456,0.88607246
CHEMBL1779129,O=C(O[C@H]1C[N+]2(CCOc3ccccc3)CCC1CC2)N(Cc1ccccc1)c1ccccc1.[Br-],active_single,1,8.083657,0.8440671
CHEMBL1779130,C[N+]12CCC(CC1)[C@@H](OC(=O)N(Cc1cccs1)c1ccccc1)C2.[Br-],active_single,1,8.137765,0.99775195
CHEMBL1779131,O=C(O[C@H]1C[N+]2(CCOc3ccccc3)CCC1CC2)N(Cc1cccs1)c1ccccc1.[Br-],active_single,1,8.10324,0.8657111
CHEMBL1779132,O=C(O[C@H]1C[N+]2(CCCc3cccs3)CCC1CC2)N(Cc1ccsc1)c1ccccc1.[Br-],active_single,1,8.080474,0.8915401
CHEMBL1779133,O=C(O[C@H]1C[N+]2(CCOc3ccccc3)CCC1CC2)N(Cc1ccsc1)c1ccccc1.[Br-],active_single,1,8.098245,0.85589916
CHEMBL1779134,CCCCN(C(=O)O[C@H]1C[N+]2(CCc3ccccc3)CCC1CC2)c1ccccc1.[Br-],active_single,1,8.073318,0.87619203
CHEMBL1779135,CCCCN(C(=O)O[C@H]1C[N+]2(CCCc3ccccc3)CCC1CC2)c1ccccc1.[Br-],active_single,1,8.065269,0.86522186
CHEMBL1779136,CCCCN(C(=O)O[C@H]1C[N+]2(CCCc3cccs3)CCC1CC2)c1ccccc1.[Br-],active_single,1,8.084862,0.89852786
CHEMBL1779137,CCCCN(C(=O)O[C@H]1C[N+]2(CCOc3ccccc3)CCC1CC2)c1ccccc1.[Br-],active_single,1,8.063502,0.850457
CHEMBL1779138,Cc1cccc(N(Cc2cc(F)c(F)cc2F)C(=O)O[C@H]2C[N+]3(CCCc4ccccc4)CCC2CC3)c1.[Br-],active_single,1,8.102996,0.8821663
CHEMBL1779139,Cc1cccc(N(Cc2cc(F)c(F)cc2F)C(=O)O[C@H]2C[N+]3(CCOc4ccccc4)CCC2CC3)c1.[Br-],active_single,1,8.07065,0.82259697
CHEMBL1779140,O=C(O[C@H]1C[N+]2(CCOc3ccccc3)CCC1CC2)N(Cc1cc(F)c(F)c(F)c1)c1cccc(F)c1.[Br-],active_single,1,8.0827265,0.8253768
CHEMBL1794855,CCN(C)C1CCCc2ccncc21.O=C(O)/C=CC(=O)O.O=C(O)/C=CC(=O)O,inactive_single,0,7.560073,5.233799
CHEMBL1802360,O=c1[nH]c2ccccc2n1C1CCN(CCCOc2ccc(F)cc2)CC1,inactive_single,0,1.7590061,10.139152
CHEMBL1834350,CCN/C(=NS(=O)(=O)c1cccc(Cl)c1)N1CC2(C=N1)CCNCC2,inactive_single,0,5.0006495,9.600914
CHEMBL1836644,Fc1cccc(F)c1-n1nc(OC2CCNCC2)c2ccccc21,active_single,1,6.8009043,10.321029
CHEMBL1836645,Oc1cccc(F)c1-n1nc(OC2CCNCC2)c2ccccc21,active_single,1,6.7403045,10.360091
CHEMBL1836646,Oc1cccc(F)c1-n1nc(OC2CCNCC2)c2c1CCCC2,active_single,1,6.7869186,10.316681
CHEMBL1836647,O=c1ccc2c([C@@H](O)CNCCCCCCCCCN3CCC(Oc4nn(-c5c(O)cccc5F)c5c4CCCC5)CC3)ccc(O)c2[nH]1,active_single,1,19.863937,9.628214
CHEMBL1900528,C[N+]1(C)[C@@H]2C[C@@H](OC(=O)C(O)(c3cccs3)c3cccs3)C[C@H]1[C@@H]1O[C@@H]12,active_single,1,8.261489,3.607962
CHEMBL1908368,CC(C)[N+]1(C)C2CCC1CC(OC(=O)C(CO)c1ccccc1)C2.O.[Br-],active,1,8.558297,3.9653459
CHEMBL1909073,CC[N+]1(CCOC(=O)C(O)(c2ccccc2)c2ccccc2)CCCCC1.[Br-],active,1,7.4391694,4.320339
CHEMBL1910845,NC(=O)C(CCCN1CC[C@H](Oc2ccccc2)C1)(c1ccccc1)c1ccccc1,active,1,0.20159449,17.946732
CHEMBL1910846,CC(C)(CCC(C(N)=O)(c1ccccc1)c1ccccc1)N1CC[C@H](Oc2ccccc2)C1,active,1,0.20886084,17.939825
CHEMBL1910847,CC(C)(CCC(C(N)=O)(c1ccccc1)c1ccccc1)N1CC[C@@H](Oc2ccccc2)C1,active,1,0.19698885,17.951576
CHEMBL1910848,CC(C)(CCC(C(N)=O)(c1ccccc1)c1ccccc1)N1CC(Oc2ccccc2)C1,active,1,0.17712827,17.971449
CHEMBL1910849,CC(C)(CCC(C(N)=O)(c1ccccc1)c1ccccc1)N1CCC(Oc2ccccc2)CC1,active,1,0.19490857,17.953596
CHEMBL1910850,CC(C)(CCC(C(N)=O)(c1ccccc1)c1ccccc1)N1CC[C@@H](Oc2cccc(O)c2)C1,active,1,0.20464176,17.94452
CHEMBL1910851,CC(C)(CCC(C(N)=O)(c1ccccc1)c1ccccc1)N1CC[C@H](Oc2cccc(O)c2)C1,active,1,0.21838719,17.93026
CHEMBL1910852,CC(C)(CCC(C(N)=O)(c1ccccc1)c1ccccc1)N1CC[C@H](Oc2ccccc2O)C1,active_single,1,0.16033854,17.986626
CHEMBL1910853,CC(C)(CCC(C(N)=O)(c1ccccc1)c1ccccc1)N1CC[C@H](Oc2ccc(O)cc2)C1,active_single,1,0.19031544,17.958607
CHEMBL1910854,CC(C)(CCC(C(N)=O)(c1ccccc1)c1ccccc1)N1CCC(Oc2cccc(O)c2)CC1,active_single,1,0.19530702,17.948698
CHEMBL1910855,CC(C)(CCC(C(N)=O)(c1ccccc1)c1ccccc1)N1CC(Oc2ccccc2O)C1,active_single,1,0.16951525,17.979675
CHEMBL1910856,CC(C)(CCC(C(N)=O)(c1ccccc1)c1ccccc1)N1CC(Oc2cccc(O)c2)C1,active,1,0.1534979,17.99561
CHEMBL1910857,CC(C)(CCC(C(N)=O)(c1ccccc1)c1ccccc1)N1CC(OCc2cccc(O)c2)C1,active_single,1,0.19090855,17.961954
CHEMBL1910858,NC(=O)C(CCC1(N2CC(Oc3cccc(O)c3)C2)CCCC1)(c1ccccc1)c1ccccc1,active_single,1,0.2024449,17.94605
CHEMBL1910859,CC(C)(CCC(C(N)=O)(c1ccccc1)c1ccccc1)N1CC[C@H](Oc2ccc(Cl)c(O)c2)C1,active_single,1,0.14386287,18.004932
CHEMBL1910860,CC(C)(CCC(C(N)=O)(c1ccccc1)c1ccccc1)N1CC[C@@H](Oc2cc(O)cc(F)c2)C1,active_single,1,0.16593872,17.98267
CHEMBL1910861,CC(C)(CCC(C(N)=O)(c1ccccc1)c1ccccc1)N1CC(Oc2ccc(Cl)c(O)c2)C1,active_single,1,0.20995294,17.938519
CHEMBL1910862,CC(C)(CCC(C(N)=O)(c1ccccc1)c1ccccc1)N1CC(Oc2cc(O)cc(Cl)c2)C1,active_single,1,0.18263625,17.967003
CHEMBL1910863,CC(C)(CCC(C(N)=O)(c1ccccc1)c1ccccc1)N1CC(Oc2cc(O)cc(F)c2)C1,active_single,1,0.13359834,18.015972
CHEMBL1910864,CC(C)(CCC(C(N)=O)(c1ccccc1)c1ccccc1)N1CC(Oc2cc(O)c(Cl)cc2Cl)C1,active_single,1,0.17549749,17.973885
CHEMBL1910865,CC(C)(CCC(C(N)=O)(c1ccccc1)c1ccccc1)N1CC(Oc2cccc(O)c2F)C1,active,1,0.19521374,17.953793
CHEMBL1910866,CC(C)(CCC(C(N)=O)(c1ccccc1)c1ccccc1)N1CC(Oc2cc(O)ccc2F)C1,active_single,1,0.17804278,17.97238
CHEMBL1916224,CCOC(=O)N1CCC(N2CCC[C@@H](NC(=O)c3ccccc3C)C2)CC1,inactive_single,0,5.648267,8.831466
CHEMBL1921802,C[C@@](C(=O)O[C@H]1C[N+]2(CCc3cccnc3)CCC1CC2)(c1ccccc1)N1CCCCC1,active_single,1,7.8280087,-2.1563058
CHEMBL1921904,C[C@@](C(=O)O[C@H]1C[N+]2(CCc3ccc(F)cc3)CCC1CC2)(c1ccccc1)N1CCCCC1,active_single,1,7.8621945,-2.2038155
CHEMBL1921905,C[C@@](C(=O)O[C@H]1C[N+]2(CCc3cccc(Cl)c3)CCC1CC2)(c1ccccc1)N1CCCCC1,active_single,1,7.8756332,-2.1662676
CHEMBL1921906,C[C@@](C(=O)O[C@H]1C[N+]2(CCc3cccc(Cl)c3)CCC1CC2)(c1cccs1)N1CCCCC1,active_single,1,7.8686094,-1.2427868
CHEMBL1921907,C[C@@](C(=O)O[C@H]1C[N+]2(CCc3cccc(Br)c3)CCC1CC2)(c1ccccc1)N1CCCCC1,active_single,1,7.8329754,-2.1929479
CHEMBL1921908,C[C@@](C(=O)O[C@H]1C[N+]2(CCc3ccc(Cl)s3)CCC1CC2)(c1ccccc1)N1CCCCC1,active_single,1,7.840176,-2.220671
CHEMBL1921909,Cc1ccc(CC[N+]23CCC(CC2)[C@@H](OC(=O)[C@](C)(c2ccccc2)N2CCCCC2)C3)s1,active_single,1,7.8231606,-2.268911
CHEMBL1921910,C[C@@](C(=O)O[C@H]1C[N+]2(CCc3ccc4ccccc4c3)CCC1CC2)(c1ccccc1)N1CCCCC1,active_single,1,7.83873,-2.202142
CHEMBL1921911,C[C@@](C(=O)O[C@H]1C[N+]2(CCC3=CC4CCOC4C=C3)CCC1CC2)(c1ccccc1)N1CCCCC1,active_single,1,7.842693,-2.1952047
CHEMBL1921912,C[C@@](C(=O)O[C@H]1C[N+]2(CCc3cc4ccccc4o3)CCC1CC2)(c1ccccc1)N1CCCCC1,active_single,1,7.8183575,-2.2747014
CHEMBL1921913,C[C@@](C(=O)O[C@H]1C[N+]2(CCc3c[nH]c4ccccc34)CCC1CC2)(c1ccccc1)N1CCCCC1,active_single,1,7.795769,-2.1990287
CHEMBL1921914,C[C@@](C(=O)O[C@H]1C[N+]2(CCC3CCCCC3)CCC1CC2)(c1cccs1)N1CCCCC1,active_single,1,7.8777623,-1.2148596
CHEMBL1921915,C[C@@](C(=O)O[C@H]1C[N+]2(CCCc3ccccc3)CCC1CC2)(c1cccs1)N1CCCCC1,active_single,1,7.8825583,-1.2183872
CHEMBL1921916,C[C@@](C(=O)O[C@H]1C[N+]2(CCCc3ccccc3)CCC1CC2)(c1ccccc1)N1CCCCC1,active_single,1,7.81325,-2.1947584
CHEMBL1921917,C[C@@](C(=O)O[C@H]1C[N+]2(CCCc3ccncc3)CCC1CC2)(c1ccccc1)N1CCCCC1,active_single,1,7.7704535,-2.1641054
CHEMBL1921918,C[C@@](C(=O)O[C@H]1C[N+]2(CCCc3ccncc3)CCC1CC2)(c1cccs1)N1CCCCC1,active_single,1,7.8743415,-1.2399135
CHEMBL1921919,Cc1cc(CCC[N+]23CCC(CC2)[C@@H](OC(=O)[C@](C)(c2ccccc2)N2CCCCC2)C3)ccn1,active_single,1,7.733838,-2.2019296
CHEMBL1921920,Cc1cc(CCC[N+]23CCC(CC2)[C@@H](OC(=O)[C@](C)(c2ccccc2)N2CCCCC2)C3)cc(C)n1,active_single,1,7.781548,-2.2009435
CHEMBL1921921,C[C@@](C(=O)O[C@H]1C[N+]2(CCCc3cccnc3)CCC1CC2)(c1ccccc1)N1CCCCC1,active_single,1,7.772101,-2.1889982
CHEMBL1921922,Cc1ccc(CCC[N+]23CCC(CC2)[C@@H](OC(=O)[C@](C)(c2ccccc2)N2CCCCC2)C3)cn1,active_single,1,7.6865993,-2.1526518
CHEMBL1921923,C[C@@](C(=O)O[C@H]1C[N+]2(CCCc3cncnc3)CCC1CC2)(c1ccccc1)N1CCCCC1,active_single,1,7.726029,-2.2454922
CHEMBL1921924,C[C@@](C(=O)O[C@H]1C[N+]2(CCCc3nc4ccccc4o3)CCC1CC2)(c1ccccc1)N1CCCCC1,active_single,1,7.824972,-2.2710989
CHEMBL1921925,C[C@@](C(=O)O[C@H]1C[N+]2(CCCc3cc4ccccc4s3)CCC1CC2)(c1ccccc1)N1CCCCC1,active_single,1,7.776192,-2.2709587
CHEMBL1921926,C[C@@](C(=O)O[C@H]1C[N+]2(CCCc3ccc4ncsc4c3)CCC1CC2)(c1ccccc1)N1CCCCC1,active_single,1,7.737005,-2.2030323
CHEMBL1921927,C[C@@](C(=O)O[C@H]1C[N+]2(CCCCc3ccccc3)CCC1CC2)(c1ccccc1)N1CCCCC1,active_single,1,7.8308105,-2.167344
CHEMBL1921928,C[C@@](C(=O)O[C@H]1C[N+]2(CCCCc3ccccc3)CCC1CC2)(c1cccs1)N1CCCCC1,active_single,1,7.898809,-1.2065101
CHEMBL1921929,C[C@@](C(=O)O[C@H]1C[N+]2(CCOc3ccccc3)CCC1CC2)(c1ccccc1)N1CCCCC1,active_single,1,7.940488,-2.1398983
CHEMBL1921930,C[C@@](C(=O)O[C@H]1C[N+]2(CCOc3ccc(F)cc3)CCC1CC2)(c1ccccc1)N1CCCCC1,active_single,1,7.9586825,-2.0783002
CHEMBL1921931,C[C@@](C(=O)O[C@H]1C[N+]2(CCOc3ccc(Cl)cc3)CCC1CC2)(c1ccccc1)N1CCCCC1,active_single,1,7.9733467,-2.1288824
CHEMBL1921932,Cc1ccc(OCC[N+]23CCC(CC2)[C@@H](OC(=O)[C@](C)(c2ccccc2)N2CCCCC2)C3)cc1,active_single,1,8.005217,-2.0453103
CHEMBL1921933,Cc1cccc(OCC[N+]23CCC(CC2)[C@@H](OC(=O)[C@](C)(c2ccccc2)N2CCCCC2)C3)c1,active_single,1,7.9959073,-2.116337
CHEMBL1921934,C[C@@](C(=O)O[C@H]1C[N+]2(CCOc3ccncc3)CCC1CC2)(c1ccccc1)N1CCCCC1,active_single,1,7.883068,-2.1241183
CHEMBL1921935,C[C@@](C(=O)O[C@H]1C[N+]2(CCCOc3ccccc3)CCC1CC2)(c1cccs1)N1CCCCC1,active_single,1,7.9577184,-1.1093577
CHEMBL1921936,C[C@@](C(=O)O[C@H]1C[N+]2(CCCOc3ccc(F)cc3)CCC1CC2)(c1ccccc1)N1CCCCC1,active_single,1,7.9907794,-2.045297
CHEMBL1921937,C[C@@](C(=O)O[C@H]1C[N+]2(CCCOc3ccc(F)cc3)CCC1CC2)(c1cccs1)N1CCCCC1,active_single,1,7.9327617,-1.1268228
CHEMBL1921938,C[C@@](C(=O)O[C@H]1C[N+]2(CCOCc3ccccc3)CCC1CC2)(c1ccccc1)N1CCCCC1,active_single,1,7.9246297,-2.1959653
CHEMBL1921939,C[C@@](C(=O)O[C@H]1C[N+]2(CCOCCc3ccccc3)CCC1CC2)(c1ccccc1)N1CCCCC1,active_single,1,7.894744,-2.199218
CHEMBL1921940,C[C@@](C(=O)O[C@H]1C[N+]2(CC(N)=O)CCC1CC2)(c1ccccc1)N1CCCCC1,active_single,1,7.893716,-2.1184168
CHEMBL1921941,C[C@@](C(=O)O[C@H]1C[N+]2(CC(N)=O)CCC1CC2)(c1cccs1)N1CCCCC1,active_single,1,7.87543,-1.2377306
CHEMBL1921942,C[C@@](C(=O)O[C@H]1C[N+]2(CC(=O)Nc3ccccc3)CCC1CC2)(c1ccccc1)N1CCCCC1,active_single,1,7.855506,-2.0663126
CHEMBL1921943,C[C@@](C(=O)O[C@H]1C[N+]2(CC(=O)Nc3ccccc3)CCC1CC2)(c1cccs1)N1CCCCC1,active_single,1,7.8676066,-1.2632607
CHEMBL1921944,C[C@@](C(=O)O[C@H]1C[N+]2(CC(=O)Nc3cccc(F)c3)CCC1CC2)(c1ccccc1)N1CCCCC1,active_single,1,7.8754,-2.0095687
CHEMBL1921945,C[C@@](C(=O)O[C@H]1C[N+]2(CC(=O)Nc3cccc(F)c3)CCC1CC2)(c1cccs1)N1CCCCC1,active_single,1,7.8621025,-1.2954857
CHEMBL1921946,C[C@@](C(=O)O[C@H]1C[N+]2(CC(=O)Nc3ccccn3)CCC1CC2)(c1ccccc1)N1CCCCC1,active_single,1,7.8184566,-1.9306016
CHEMBL1922048,C[C@@](C(=O)O[C@H]1C[N+]2(CC(=O)Nc3ccncn3)CCC1CC2)(c1ccccc1)N1CCCCC1,active_single,1,7.8567834,-1.9821279
CHEMBL1922049,C[C@@](C(=O)O[C@H]1C[N+]2(CC(=O)Nc3cccnn3)CCC1CC2)(c1ccccc1)N1CCCCC1,active_single,1,7.8246884,-1.968382
CHEMBL1922050,C[C@@](C(=O)O[C@H]1C[N+]2(CC(=O)Nc3cnccn3)CCC1CC2)(c1ccccc1)N1CCCCC1,active_single,1,7.845167,-1.9807571
CHEMBL1922051,C[C@@](C(=O)O[C@H]1C[N+]2(CC(=O)Nc3ccon3)CCC1CC2)(c1ccccc1)N1CCCCC1,active_single,1,7.8184123,-1.8463168
CHEMBL1922052,C[C@@](C(=O)O[C@H]1C[N+]2(CC(=O)Nc3ccon3)CCC1CC2)(c1cccs1)N1CCCCC1,active_single,1,7.861335,-1.2898554
CHEMBL1922053,C[C@@](C(=O)O[C@H]1C[N+]2(CC(=O)Nc3cncc(Cl)n3)CCC1CC2)(c1cccs1)N1CCCCC1,active_single,1,7.8602943,-1.2783164
CHEMBL1922054,Cc1ccc2nc(C[N+]34CCC(CC3)[C@@H](OC(=O)[C@](C)(c3ccccc3)N3CCCCC3)C4)oc2c1,active_single,1,7.8106813,-2.255024
CHEMBL1922055,C[C@@](C(=O)O[C@H]1C[N+]2(Cc3cc(-c4ccccc4)on3)CCC1CC2)(c1ccccc1)N1CCCCC1,active_single,1,7.8424187,-2.2231681
CHEMBL1922056,C[C@@](C(=O)O[C@H]1C[N+]2(Cc3nc(-c4ccccc4)no3)CCC1CC2)(c1ccccc1)N1CCCCC1,active_single,1,7.744336,-2.270568
CHEMBL1922057,C[C@@](C(=O)O[C@H]1C[N+]2(Cc3cc(-c4ccccc4)no3)CCC1CC2)(c1cccs1)N1CCCCC1,active_single,1,7.865251,-1.2387146
CHEMBL1922058,C[C@@](C(=O)O[C@H]1C[N+]2(Cc3noc(-c4ccccc4)n3)CCC1CC2)(c1cccs1)N1CCCCC1,active_single,1,7.8882565,-1.2521628
CHEMBL1924025,C[C@@](C(=O)O[C@H]1C[N+]2(CCc3ccccc3F)CCC1CC2)(c1cccs1)N1CCCCC1,active_single,1,7.8290534,-1.2307299
CHEMBL1924026,CC(C(=O)O[C@@H]1CC[N+](C)(C)C1)(c1ccccc1)C1CCCC1.[Br-],active_single,1,7.21328,3.828637
CHEMBL1924027,C[C@@](C(=O)OC1CC[N+](C)(C)CC1)(c1ccccc1)C1CCCC1.[Br-],active_single,1,7.2147512,3.8005283
CHEMBL1924028,CC(C(=O)OC1CC[N+](C)(C)CC1)(c1ccccc1)N1CCCC1,active_single,1,7.2552657,3.6443808
CHEMBL1924029,CC(C(=O)OC1CC[N+](C)(C)CC1)(c1ccccc1)N1CCCCC1,active_single,1,7.2621355,3.6628544
CHEMBL1924030,CC(C(=O)OC1CC[N+](C)(C)CC1)(c1ccccc1)N1C=CC=CC=C1,active_single,1,7.1924562,3.6864226
CHEMBL1924031,CC(C(=O)OC1CC[N+](C)(C)CC1)(c1ccccc1)N1CCSCC1,active_single,1,7.247415,3.643031
CHEMBL1924032,CC(C(=O)OC1CC[N+](C)(C)CC1)(c1ccccc1)N1CCC(F)(F)CC1,active_single,1,7.235783,3.6850781
CHEMBL1924033,CC1CCN(C(C)(C(=O)OC2CC[N+](C)(C)CC2)c2ccccc2)CC1,active_single,1,7.2379727,3.673352
CHEMBL1924034,CN(C)C(C)(C(=O)OC1CC[N+](C)(C)CC1)c1ccccc1,active_single,1,7.2345724,3.8067453
CHEMBL1924035,CCCN(CCC)C(C)(C(=O)OC1CC[N+](C)(C)CC1)c1ccccc1,active_single,1,7.213665,3.7704978
CHEMBL1924036,CC(C(=O)OC1CC[N+](C)(C)CC1)(c1cccs1)N1CCCCC1,active_single,1,7.28794,3.6068
CHEMBL1924037,CC(C(=O)OC1CC[N+](C)(C)CC1)(c1ccc(Cl)cc1)N1CCCCC1,active_single,1,7.26141,3.6384366
CHEMBL1924038,CN1CCC(OC(=O)C(C)(c2ccccc2)N2CCCC2)CC1,active_single,1,7.337104,3.6564658
CHEMBL1924039,CC(C(=O)O[C@H]1CN2CCC1CC2)(c1ccccc1)N1CCCC1,active_single,1,7.4976683,2.2098894
CHEMBL1924040,C[C@@](C(=O)O[C@H]1C[N+]2(CCCOc3ccccc3)CCC1CC2)(c1ccccc1)N1CCCCC1,active_single,1,7.976343,-2.0185654
CHEMBL1924041,C[C@](C(=O)O[C@H]1C[N+]2(CCCOc3ccccc3)CCC1CC2)(c1ccccc1)N1CCCCC1,active_single,1,7.976699,-1.5414832
CHEMBL1924042,CC(C)[N+]12CCC(CC1)[C@@H](OC(=O)[C@](C)(c1ccccc1)N1CCCCC1)C2,active_single,1,7.916445,-2.169957
CHEMBL1924043,CCC(CC)[N+]12CCC(CC1)[C@@H](OC(=O)[C@](C)(c1ccccc1)N1CCCCC1)C2,active_single,1,7.8858137,-2.1639712
CHEMBL1924044,CCCC[N+]12CCC(CC1)[C@@H](OC(=O)[C@](C)(c1ccccc1)N1CCCCC1)C2,active_single,1,7.906792,-2.0782526
CHEMBL1924045,C[C@@](C(=O)O[C@H]1C[N+]2(CCCC#N)CCC1CC2)(c1ccccc1)N1CCCCC1,active_single,1,7.884634,-2.1453414
CHEMBL1924046,CC(C)=CCC[N+]12CCC(CC1)[C@@H](OC(=O)[C@](C)(c1ccccc1)N1CCCCC1)C2,active_single,1,7.9365907,-2.120324
CHEMBL1924047,C[C@@](C(=O)O[C@H]1C[N+]2(CCc3ccccc3)CCC1CC2)(c1ccccc1)N1CCCCC1,active_single,1,7.8976016,-2.174756
CHEMBL1924048,C[C@@](C(=O)O[C@H]1C[N+]2(CCc3ccccc3)CCC1CC2)(c1cccs1)N1CCCCC1,active_single,1,7.880455,-1.1870581
CHEMBL1924049,C[C@@](C(=O)O[C@H]1C[N+]2(CCc3ccccc3F)CCC1CC2)(c1ccccc1)N1CCCCC1,active_single,1,7.8826704,-2.140992
CHEMBL1924050,C[C@@](C(=O)O[C@H]1C[N+]2(CCc3cccc(F)c3)CCC1CC2)(c1ccccc1)N1CCCCC1,active_single,1,7.8692183,-2.1770687
CHEMBL1924051,C[C@@](C(=O)O[C@H]1C[N+]2(CCc3cccc(F)c3)CCC1CC2)(c1cccs1)N1CCCCC1,active_single,1,7.878971,-1.2304288
CHEMBL1940125,O=C(CCNS(=O)(=O)c1cccc2ncccc12)N1CCN(c2ccncc2)CC1,inactive_single,0,6.4979563,7.6846247
CHEMBL194206,COc1ccc(NC(=O)N2CCN(c3ccc(F)cc3)CC2)cc1N1CCN(C)CC1,inactive_single,0,6.25855,9.040648
CHEMBL195927,COc1ccccc1N1CCC(C(=O)Nc2ccc(OC)c(N3CCN(C)CC3)c2)CC1,inactive_single,0,6.2729897,8.983926
CHEMBL196169,COc1ccc(NC(=O)N2CCN(c3ccccc3F)CC2)cc1N1CCN(C)CC1,inactive_single,0,6.2676725,9.037614
CHEMBL196370,COc1ccc(NC(=O)N2CCN(c3ccccc3OC)CC2)cc1N1CCN(C)CC1,inactive_single,0,6.292454,9.009733
CHEMBL196598,COc1ccc(NC(=O)N2CCN(c3ccc(C(F)(F)F)cc3)CC2)cc1N1CCN(C)CC1,inactive_single,0,6.2178373,9.082706
CHEMBL197408,COc1ccc(NC(=O)N2CCN(c3ccc(-c4ccccc4)cc3)CC2)cc1N1CCN(C)CC1,inactive_single,0,6.268117,9.03186
CHEMBL197796,COc1ccc(NC(=O)N2CCN(c3ccc(SC)cc3)CC2)cc1N1CCN(C)CC1,inactive_single,0,6.2516108,9.020685
CHEMBL1983100,O=C(CN1CCNCC1)NC1CCCCC1,inactive_single,0,4.71499,7.470076
CHEMBL199821,CCCCCC(O)(C#CC1(OC)CN2CCC1CC2)c1ccccc1,active_single,1,-1.9598633,0.7525041
CHEMBL199981,CO[C@]1(C#CC(O)(c2ccc(Cl)cc2)c2ccc(Cl)cc2)CN2CCC1CC2,active_single,1,-1.8947564,0.6700635
CHEMBL200171,CO[C@]1(C#C[C@@](O)(c2ccccc2)c2cccnc2)CN2CCC1CC2,active_single,1,-1.9217304,0.70138395
CHEMBL200208,CO[C@@]1(C#CC(O)(c2ccccc2)c2ccccc2)CN2CCC1CC2,active_single,1,-1.9470819,0.7461129
CHEMBL200209,CO[C@]1(C#CC(O)(c2ccc(C)cc2)c2ccc(C)cc2)CN2CCC1CC2,active_single,1,-1.8983288,0.6683546
CHEMBL200210,COC1(C#CC(O)(c2ccccc2)c2ccccn2)CN2CCC1CC2,active_single,1,-2.0195022,0.78134483
CHEMBL200234,c1cc(N2CCNCC2)c2cc[nH]c2c1,inactive_single,0,5.282735,9.42348
CHEMBL200319,COC1(C#CC(O)(c2ccccc2)c2cccnc2)CN2CCC1CC2,active_single,1,-2.0578403,0.7875379
CHEMBL200401,CO[C@]1(C#CC(O)(c2ccsc2)c2ccsc2)CN2CCC1CC2,active_single,1,-1.8512769,0.6159732
CHEMBL200416,CCCCC(O)(C#CC1(OC)CN2CCC1CC2)c1ccccc1,active_single,1,-2.006913,0.79987615
CHEMBL200432,COC1(C#CC(O)(c2ccccc2)C2CCCC2)CN2CCC1CC2,active_single,1,-1.9765083,0.76897585
CHEMBL200566,CO[C@]1(C#CC(O)C2c3ccccc3C=Cc3ccccc32)CN2CCC1CC2,active_single,1,-1.7826574,0.6746756
CHEMBL200693,CO[C@]1(C#CC(O)(c2ccccc2)C2CCCCC2)CN2CCC1CC2,active_single,1,-1.7815527,0.72462714
CHEMBL200957,COC1(C#CC(O)(c2ccccc2)C2CCC2)CN2CCC1CC2,active_single,1,-2.018467,0.7913634
CHEMBL201933,COC1(C#CC(O)(c2ccccc2)c2ccncc2)CN2CCC1CC2,active_single,1,-2.0549765,0.81277376
CHEMBL2021476,CN(C)[C@@H]1CCCC[C@H]1N(C)CC(=O)N1c2ccccc2NC(=O)c2ccccc21.O=C(O)C(=O)O.O=C(O)C(=O)O,active_single,1,1.0569586,1.1782833
CHEMBL2021477,CN(C)[C@H]1CCCC[C@@H]1N(C)CC(=O)N1c2ccccc2NC(=O)c2ccccc21.O=C(O)C(=O)O.O=C(O)C(=O)O,active_single,1,1.0726607,1.1945719
CHEMBL2021478,CN(C)[C@@H]1CCCC[C@@H]1N(C)CC(=O)N1c2ccccc2NC(=O)c2ccccc21.O=C(O)C(=O)O.O=C(O)C(=O)O,active_single,1,1.0849601,1.2058194
CHEMBL2021479,CN(C)[C@H]1CCCC[C@H]1N(C)CC(=O)N1c2ccccc2NC(=O)c2ccccc21.O=C(O)C(=O)O.O=C(O)C(=O)O,active_single,1,1.0636554,1.185207
CHEMBL2021993,C[N@+]1(CCCOc2ccccc2)C2CCC1C[C@@H](CC(C#N)(c1ccccc1)c1ccccc1)C2.[Br-],active_single,1,10.736187,4.252284
CHEMBL2021994,CCCC[N@+]1(C)C2CCC1C[C@H](CC(C#N)(c1ccccc1)c1ccccc1)C2.[Br-],active_single,1,10.678494,4.2832026
CHEMBL2021995,CCCCCC[N@+]1(C)C2CCC1C[C@H](CC(C#N)(c1ccccc1)c1ccccc1)C2.[Br-],active_single,1,10.75406,4.2942495
CHEMBL2021996,C[N@+]1(CCOc2ccccc2)C2CCC1C[C@@H](CC(C#N)(c1ccccc1)c1ccccc1)C2.[Br-],active_single,1,10.730027,4.2492905
CHEMBL2021997,C[N@+]1(CCCOCc2ccccc2)C2CCC1C[C@@H](CC(C#N)(c1ccccc1)c1ccccc1)C2.[Br-],active_single,1,10.739187,4.213105
CHEMBL2021998,CCCCCCCC[N@+]1(C)C2CCC1C[C@H](CC(C#N)(c1ccccc1)c1ccccc1)C2.[Br-],active_single,1,10.706487,4.242915
CHEMBL2023760,C[N@+]1(CC2CC2)C2CCC1C[C@@H](CC(C#N)(c1ccccc1)c1ccccc1)C2.[Br-],active_single,1,10.683545,4.23234
CHEMBL2023761,C[N@+]1(CC2CC2)C2CCC1C[C@H](CC(C#N)(c1ccccc1)c1ccccc1)C2,active_single,1,10.698673,4.257436
CHEMBL2023762,C=CCCCC[N@+]1(C)C2CCC1C[C@H](CC(C#N)(c1ccccc1)c1ccccc1)C2,active_single,1,10.760839,4.248856
CHEMBL2023763,C=CCCCC[N@+]1(C)C2CCC1C[C@@H](CC(C#N)(c1ccccc1)c1ccccc1)C2,active_single,1,10.73969,4.25237
CHEMBL2023764,C=CCCCC[N@+]1(C)C2CCC1C[C@H](CC(C#N)(c1ccccc1)c1ccccc1)C2.[Br-],active,1,10.795761,4.19853
CHEMBL2023765,C[N@+]1(CCOCc2ccccc2)C2CCC1C[C@@H](CC(C#N)(c1ccccc1)c1ccccc1)C2.[I-],active_single,1,10.722063,4.244905
CHEMBL2023766,C[N@+]1(CCCc2ccccc2)C2CCC1C[C@@H](CC(C#N)(c1ccccc1)c1ccccc1)C2.[Br-],active_single,1,10.771475,4.29305
CHEMBL2024331,CCOC(=O)N1C2CCC1CC(N1CCC[C@@H](NC(=O)c3ccccc3C)C1)C2,inactive_single,0,5.6706986,8.899264
CHEMBL2024407,CCOC(=O)N1[C@@H]2CC[C@H]1C[C@@H](NCCNC(=O)c1ccccc1)C2,inactive_single,0,5.685071,8.861812
CHEMBL202729,Cc1c(NC2CCC2)nc(C2CC2)nc1N1CCCCCC1,active_single,1,-2.8775558,12.710336
CHEMBL203249,COC1(C#CC(O)(c2ccccc2)c2cncnc2)CN2CCC1CC2,active_single,1,-1.9710517,0.7365602
CHEMBL2036989,C[C@@]12CCC[C@]3(C)C(=O)O[C@H](C[C@@]4(CO4)[C@]1(O)CCc1ccoc1)[C@H]23,inactive_single,0,4.0443277,6.677214
CHEMBL2042400,CC[C@H]1COC[C@@H](C[N+](C)(C)C)O1.[I-],inactive_single,0,4.7125616,1.5078553
CHEMBL2042401,CC[C@@H]1COC[C@@H](C[N+](C)(C)C)O1.[I-],inactive_single,0,4.7185383,1.5214822
CHEMBL2042403,C[N+](C)(C)C[C@@H]1COC[C@@H](c2ccccc2)O1.[I-],inactive_single,0,4.9629755,1.7129631
CHEMBL2042404,C[N+](C)(C)CC1COCC(c2ccccc2)(c2ccccc2)O1.[I-],active_single,1,5.150319,1.912844
CHEMBL2042405,C[N+](C)(C)C[C@H]1COCC(c2ccccc2)(c2ccccc2)O1.[I-],active_single,1,5.1417933,1.8986492
CHEMBL2042406,C[N+](C)(C)C[C@@H]1COCC(c2ccccc2)(c2ccccc2)O1.[I-],active_single,1,5.08502,1.8402702
CHEMBL2042551,C[N+](C)(C)C[C@@H]1COC[C@@H](C(c2ccccc2)c2ccccc2)O1.[I-],inactive_single,0,4.888923,1.6435128
CHEMBL2042552,CN(C)CC1COCC(c2ccccc2)(c2ccccc2)O1.O=C(O)C(=O)O,active_single,1,5.231107,2.0400028
CHEMBL2042553,CN(C)C[C@H]1COCC(c2ccccc2)(c2ccccc2)O1.O=C(O)C(=O)O,active_single,1,5.257828,2.0754735
CHEMBL2042554,CN(C)C[C@@H]1COCC(c2ccccc2)(c2ccccc2)O1.O=C(O)C(=O)O,active_single,1,5.2861404,2.0747426
CHEMBL204353,Cc1c(NC2CC2)nc(C2CC2)nc1N1CCC2(CCCC2)CC1,active_single,1,-2.752849,12.834212
CHEMBL204471,Cc1c(NC2CC2)nc(C2CC2)nc1N(C)Cc1ccccc1,active_single,1,-2.7792435,12.799266
CHEMBL205105,Cc1c(NC2CC2)nc(C2CC2)nc1N1CCCCC1,active_single,1,-2.8929956,12.693694
CHEMBL205482,Nc1c(NC2CC2)nc(C2CC2)nc1N1CCCCCC1,active_single,1,-2.931931,12.648747
CHEMBL205654,Cc1c(NC2CC2)nc(C2CC2)nc1N1CCCCCC1,active,1,-2.8897717,12.697351
CHEMBL205686,Cc1c(NC2CC2)nc(C2CC2)nc1N1CCCCCCC1,active_single,1,-2.8608801,12.729013
CHEMBL205737,Cc1c(NCc2cccs2)nc(C2CC2)nc1NC1CC1,active_single,1,-2.6647112,12.912208
CHEMBL2057417,Cc1nc2sc(C(=O)NCc3ccncc3)c(N)c2c(C)c1Cl,inactive_single,0,4.7768703,9.185528
CHEMBL2057513,O=C(C1CN(S(=O)(=O)c2cccc3cnccc23)C1)N1CCN(c2ccncc2)CC1,inactive_single,0,6.53056,7.6121473
CHEMBL2057776,O=C(C1CN(S(=O)(=O)c2cccc3cnccc23)C1)N1CC2CN(c3ccncc3)CC2C1,inactive_single,0,6.50309,7.5391054
CHEMBL205840,Cc1c(NC2CC2)nc(C2CCC2)nc1N1CCCCCC1,active_single,1,-2.9010134,12.689968
CHEMBL205841,Cc1c(NC2CC2)nc(C2CCCC2)nc1N1CCCCCC1,active_single,1,-2.90452,12.693037
CHEMBL205853,Cc1c(NC2CC2)nc(C2CC2)nc1N1CCSCC1,active_single,1,-2.8070965,12.797473
CHEMBL205944,CCC1CCN(c2nc(C3CC3)nc(NC3CC3)c2C)CC1,active_single,1,-2.8065662,12.781868
CHEMBL205976,Cc1c(NC2CC2)nc(C2CC2)nc1N1CC2CCC(C2)C1,active_single,1,-2.8133132,12.775164
CHEMBL205992,Cc1c(NC2CC2)nc(C2CC2)nc1N1CC=CCC1,active_single,1,-2.8281174,12.769764
CHEMBL206127,Brc1c(NC2CC2)nc(C2CC2)nc1N1CCCCCC1,active_single,1,-2.8884628,12.694091
CHEMBL206480,C=C1CCN(c2nc(C3CC3)nc(NC3CC3)c2C)CC1,active_single,1,-2.8110332,12.775362
CHEMBL206714,Cc1c(NC2CC2)nc(C(C)C)nc1N1CCCCCC1,active_single,1,-2.9013689,12.687912
CHEMBL206753,Fc1c(NC2CC2)nc(C2CC2)nc1N1CCCCCC1,active_single,1,-2.8595774,12.726711
CHEMBL206826,CCc1c(NC2CC2)nc(C2CC2)nc1N1CCSCC1,active_single,1,-2.7568214,12.827013
CHEMBL207287,C1CCCN(c2nc(C3CC3)nc3c2CCCN3)CC1,active_single,1,-3.0517206,12.513359
CHEMBL20732,CN(C)CCOC(=O)C1=C/C(=Cc2ccccn2)c2ccccc21,inactive_single,0,8.181661,5.84175
CHEMBL207816,C1CCCN(c2nc(C3CC3)nc3c2CCCCN3)CC1,active_single,1,-3.0474763,12.518005
CHEMBL2078942,CN(C)C[C@H]1COCC(c2ccccc2)(c2ccccc2)O1,active_single,1,5.2354255,2.0514207
CHEMBL2078987,CN(C)C[C@@H]1COCC(c2ccccc2)(c2ccccc2)O1,active_single,1,5.26961,2.0157673
CHEMBL208280,Cc1c(NC2CC2)nc(C2CC2)nc1N1CCC(C)CC1,active_single,1,-2.8002677,12.789561
CHEMBL208299,Cc1c(NC2CC2)nc(C2CC2)nc1N1CCc2ccccc2C1,active_single,1,-2.8016965,12.786777
CHEMBL208335,Cc1c(NC2(C)CC2)nc(C2CC2)nc1N1CCCCCC1,active_single,1,-3.028655,12.5484085
CHEMBL2092735,C[C@H]1O[C@@H]([C@@H]2CCC[N+]2(C)C)C[S@+]1[O-].[I-],inactive_single,0,4.579279,3.055296
CHEMBL2092736,C[C@@H]1O[C@H]([C@@H]2CCC[N+]2(C)C)C[S@+]1[O-].[I-],inactive_single,0,4.511551,3.057493
CHEMBL2092737,C[C@H]1O[C@@H]([C@@H]2CCCN2C)C[S@+]1[O-],inactive_single,0,4.711211,3.0592644
CHEMBL2092820,C[C@@H]1O[C@H]([C@H]2CCC[N+]2(C)C)C[S@@+]1[O-].[I-],inactive_single,0,4.5318522,3.103774
CHEMBL2093081,C[C@@H]1O[C@H]([C@H]2CCC[N+]2(C)C)C[S@+]1[O-].[I-],inactive_single,0,4.45686,3.1277003
CHEMBL2093082,C[C@H]1O[C@@H]([C@@H]2CCC[N+]2(C)C)C[S@@+]1[O-].[I-],inactive,0,4.489392,3.0370374
CHEMBL2093083,C[C@H]1O[C@@H]([C@@H]2CCCN2C)C[S@@+]1[O-],inactive_single,0,4.691611,3.0742633
CHEMBL2093084,C[C@@H]1O[C@H]([C@@H]2CCC[N+]2(C)C)C[S@@+]1[O-].[I-],inactive_single,0,4.5201054,3.1202824
CHEMBL2103803,C[N+]1(C)[C@@H]2CC[C@H]1C[C@@H](CC(C#N)(c1ccccc1)c1ccccc1)C2.[Br-],active,1,10.562846,4.2240224
CHEMBL2106570,CC[N+](C)(CC)CCOC(=O)C(O)(c1ccccc1)c1ccccc1.[Br-],active_single,1,7.521835,4.541853
CHEMBL2107687,CCC(C)C(C(=O)OCC[N+](C)(CC)CC)c1ccccc1.[Br-],active,1,7.682907,4.6004167
CHEMBL2110892,CCN(CC)CCOC(=O)C(c1ccccc1)N1CCCCC1,active_single,1,7.5033774,4.645757
CHEMBL2111540,COc1ccc([S@@+]([O-])c2ccc(C(C#N)N3CCN(C4CCCCC4)CC3)cc2)cc1,active_single,1,5.145771,7.8641768
CHEMBL2112589,CCN1CC[C@@H](c2ccccc2)[C@H](C(=O)OCCc2ccccc2)C1.O=C(O)C(=O)O,active_single,1,8.205148,8.999669
CHEMBL2112955,O=C(CCNC(=O)CNC(=O)CC(c1ccccc1)(c1ccccc1)c1ccccc1)NC[C@H]1CCCN(CC2CCCCC2)C1,active_single,1,4.657704,16.516727
CHEMBL2112956,O=C(CCCCCNC(=O)CC(c1ccccc1)(c1ccccc1)c1ccccc1)NC[C@H]1CCCN(CC2CCCCC2)C1,active_single,1,4.7058406,16.575743
CHEMBL2112957,O=C(NC[C@H]1CCCN(CC2CCCCC2)C1)[C@H]1CCCN1C(=O)[C@@H]1CCCN1C(=O)CC(c1ccccc1)(c1ccccc1)c1ccccc1,active_single,1,4.7702794,16.672081
CHEMBL2112958,O=C(CCNC(=O)[C@@H]1CCCN1C(=O)CC(c1ccccc1)(c1ccccc1)c1ccccc1)NC[C@H]1CCCN(CC2CCCCC2)C1,active_single,1,4.726444,16.611965
CHEMBL2112959,O=C(CCNC(=O)CC(c1ccccc1)(c1ccccc1)c1ccccc1)NCCC(=O)NC[C@H]1CCCN(CC2CCCCC2)C1,active_single,1,4.6968956,16.571512
CHEMBL2112961,O=C(CNC(=O)[C@@H]1CCCN1C(=O)CC(c1ccccc1)(c1ccccc1)c1ccccc1)NC[C@H]1CCCN(CC2CCCCC2)C1,active_single,1,4.7138133,16.59924
CHEMBL2114064,COc1ccc([S@@+]([O-])c2ccc(C(C#N)C3CCN(C4CCCCC4)CC3)cc2)cc1,active_single,1,5.153427,7.8815427
CHEMBL2114067,COc1ccc([S@@+]([O-])c2ccc(C(=O)C3CCN(C4CCCCC4)CC3)cc2)cc1,active_single,1,5.166235,7.880965
CHEMBL2114068,C=C(c1ccc([S@@+]([O-])c2ccc(OC)cc2)cc1)C1CCN(C2CCCCC2)CC1,active_single,1,5.1805058,7.9053516
CHEMBL2115126,COc1ccc([S@+]([O-])c2ccc(C(C#N)C3CCN(C4CCCCC4)CC3)cc2)cc1,active_single,1,5.1293664,7.883146
CHEMBL2115127,COc1ccc([S@+]([O-])c2ccc(C(=O)C3CCN(C4CCCCC4)CC3)cc2)cc1,active_single,1,5.181731,7.8979516
CHEMBL2115128,C=C(c1ccc([S@+]([O-])c2ccc(OC)cc2)cc1)C1CCN(C2CCCCC2)CC1,active_single,1,5.2043276,7.9276676
CHEMBL211976,O=C(NCCC1CCNCC1)[C@H]1CCCN1C(=O)[C@@H]1C[C@@H](O)CN1C(=O)CC(c1ccccc1)(c1ccccc1)c1ccccc1,active_single,1,4.884925,16.80624
CHEMBL212141,CC(C)NC(=O)[C@H]1CCCN1C(=O)[C@@H]1C[C@@H](O)CN1C(=O)CC(c1ccc(F)cc1)(c1ccc(F)cc1)c1ccc(F)cc1,active_single,1,4.926583,16.852556
CHEMBL212530,NC1CCCC(NC(=O)[C@H]2CCCN2C(=O)[C@@H]2CCCN2C(=O)CC(c2ccccc2)(c2ccccc2)c2ccccc2)C1.O=C(O)C(F)(F)F,active_single,1,4.8422394,16.75942
CHEMBL212645,O=C(NCC1CCN(C2CCCC2)CC1)[C@H]1CCCN1C(=O)[C@@H]1C[C@@H](O)CN1C(=O)CC(c1ccc(F)cc1)(c1ccc(F)cc1)c1ccc(F)cc1,active_single,1,4.9242005,16.851969
CHEMBL21328,CN(C)CCN(C)C(=O)C1=C/C(=Cc2cccnc2)c2ccccc21,inactive_single,0,8.153503,5.8410664
CHEMBL213709,CCN1CCC(CNC(=O)[C@H]2CCCN2C(=O)[C@@H]2C[C@@H](O)CN2C(=O)CC(c2ccc(F)cc2)(c2ccc(F)cc2)c2ccc(F)cc2)CC1,active_single,1,4.918739,16.845743
CHEMBL214029,O=C(NCCC1CCNCC1)[C@H]1CCCN1C(=O)[C@@H]1C[C@@H](O)CN1C(=O)CC(c1ccc(F)cc1)(c1ccc(F)cc1)c1ccc(F)cc1,active_single,1,4.9394255,16.86669
CHEMBL214270,O=C(NCCC1CCNCC1)[C@H]1CCCN1C(=O)[C@@H]1CCCN1C(=O)CC(c1ccccc1)(c1ccccc1)c1ccccc1.O=C(O)C(F)(F)F,active_single,1,4.8329945,16.751457
CHEMBL214342,CN1CCC(CNC(=O)[C@H]2CCCN2C(=O)[C@@H]2C[C@@H](O)CN2C(=O)CC(c2ccc(F)cc2)(c2ccc(F)cc2)c2ccc(F)cc2)CC1,active_single,1,4.9263544,16.853876
CHEMBL214642,O=C(NCC1CCNCC1)[C@H]1CCCN1C(=O)[C@@H]1C[C@@H](O)CN1C(=O)CC(c1ccccc1)(c1ccccc1)c1ccccc1,active_single,1,4.908561,16.830156
CHEMBL2146598,O=c1[nH]c2ccccc2n1C1CCN(C2CCOCC2)CC1,inactive_single,0,1.7956654,10.177113
CHEMBL214898,O=C(NCC1CCN(CC2CCCC2)CC1)[C@H]1CCCN1C(=O)[C@@H]1C[C@@H](O)CN1C(=O)CC(c1ccc(F)cc1)(c1ccc(F)cc1)c1ccc(F)cc1,active_single,1,4.8919077,16.817545
CHEMBL21508,CN(C)CCC1=C/C(=Cc2cccnc2)c2ccccc21,inactive_single,0,8.172087,5.8181825
CHEMBL21509,CN(C)CCC1=C/C(=Cc2ccccn2)c2ccccc21,inactive_single,0,8.228206,5.8981934
CHEMBL215180,O=C(NCC1CCNCC1)[C@H]1CCCN1C(=O)[C@@H]1C[C@@H](O)CN1C(=O)CC(c1ccc(F)cc1)(c1ccc(F)cc1)c1ccc(F)cc1,active,1,4.9362593,16.864838
CHEMBL215189,O=C(NCC1CCN(CC2CCC2)CC1)[C@H]1CCCN1C(=O)[C@@H]1C[C@@H](O)CN1C(=O)CC(c1ccc(F)cc1)(c1ccc(F)cc1)c1ccc(F)cc1,active_single,1,4.887846,16.824486
CHEMBL215894,O=C(NC[C@@H]1CCCNC1)[C@H]1CCCN1C(=O)[C@@H]1C[C@@H](O)CN1C(=O)CC(c1ccc(Cl)cc1)(c1ccc(Cl)cc1)c1ccc(Cl)cc1,active_single,1,4.957155,16.884169
CHEMBL2165820,CNCCN1CCCc2cc(NC(=N)c3cccs3)ccc21,inactive_single,0,7.2481985,6.5948215
CHEMBL216927,COc1nsnc1OCCOCCOCCOCCOc1nsnc1C1=CCCN(C)C1,active_single,1,7.845648,7.865495
CHEMBL216928,COc1nsc(OCCOCCOCCOCCOc2nsnc2C2C=CCCN2C)n1,active_single,1,7.7983437,7.826552
CHEMBL216983,CN1CCC=C(c2nsnc2OCCOCCOCCOCCO)C1,active_single,1,7.8106017,7.8320208
CHEMBL21731,CNCCCC12CCC(c3ccccc31)c1ccccc12,active,1,3.1768408,5.2351356
CHEMBL218755,COc1nsnc1OCCOCCOCCOc1nsnc1C1=CCCN(C)C1,active_single,1,7.8399863,7.8571935
CHEMBL219118,COc1nsc(OCCCOCCCOCCCOc2nsnc2-c2cccnc2)n1,active_single,1,7.7444696,7.769134
CHEMBL21937,CN(C)CCNC(=O)C1=C/C(=Cc2ccccn2)c2ccccc21,inactive_single,0,8.203947,5.8622966
CHEMBL219786,C[N+]1(C)CCC[C@H]1[C@H]1CS[C@@](c2ccccc2)(C2CCCCC2)O1.[I-],active_single,1,4.5692368,2.7920413
CHEMBL219825,CN1CCC[C@@H]1[C@@H]1CS[C@@](c2ccccc2)(C2CCCCC2)O1,active_single,1,4.7336807,2.9133162
CHEMBL220393,C[N+]1(C)CCC[C@@H]1[C@@H]1CS[C@](c2ccccc2)(C2CCCCC2)O1.[I-],active_single,1,4.634606,2.8738277
CHEMBL220553,CN1CCC[C@H]1[C@H]1CNC(=O)O1,inactive_single,0,4.8331285,2.961675
CHEMBL2205816,OC12C3C4CC5C6C4C1C6C(C53)N2CCc1ccccn1,active,1,3.120977,7.6758738
CHEMBL2206585,CC(C)OC(=O)c1ccc(NC(=O)N[C@@H](Cc2ccc(O)cc2)C(=O)NCCC[N+](C)(C)Cc2ccc(Cl)cc2)cc1,active_single,1,-8.623465,13.417634
CHEMBL2206586,CC(C)OC(=O)c1ccc(NC(=O)N[C@@H](Cc2ccc(O)cc2)C(=O)NCC(C)(C)C[N+](C)(C)Cc2ccc(Cl)cc2)cc1,active_single,1,-8.589582,13.445419
CHEMBL2206587,CC(C)OC(=O)c1ccc(NC(=O)N[C@@H](Cc2ccc(O)cc2)C(=O)N2CC[N+](C)(Cc3ccc4c(c3)OCO4)CC2)cc1,active_single,1,-8.443431,13.578856
CHEMBL2206588,CC(C)OC(=O)c1ccc(NC(=O)N[C@@H](Cc2ccc(O)cc2)C(=O)N2CC[N+](C)(CC3CCCCC3)CC2)cc1,active_single,1,-8.516621,13.528613
CHEMBL2206589,CC(C)OC(=O)c1ccc(NC(=O)N[C@@H](Cc2ccc(O)cc2)C(=O)N2CC[N+](Cc3ccc(Cl)cc3)(C(C)C)CC2)cc1,active_single,1,-8.527376,13.509173
CHEMBL2206590,CC(C)OC(=O)c1ccc(NC(=O)N[C@@H](Cc2ccc(O)cc2)C(=O)N2CC[N+](Cc3ccc(Cl)cc3)(CC3CCCCC3)CC2)cc1,active_single,1,-8.530827,13.517009
CHEMBL2206591,CC(C)OC(=O)c1ccc(NC(=O)N[C@@H](Cc2ccc(O)cc2)C(=O)N2CC[N+](Cc3ccc(Cl)cc3)(CC3CCc4ccccc4C3)CC2)cc1,active_single,1,-8.563317,13.534975
CHEMBL2206592,CC(C)OC(=O)c1ccc(NC(=O)N[C@@H](Cc2ccc(O)cc2)C(=O)N2CC[N+](C)(CCc3ccccc3)CC2)cc1,active_single,1,-8.524182,13.531816
CHEMBL2206595,CC(C)OC(=O)c1ccc(NC(=O)N[C@@H](Cc2ccc(O)cc2)C(=O)NCc2n(Cc3ccc(Cl)cc3)cc[n+]2Cc2ccc(Cl)cc2)cc1,active_single,1,-8.628155,13.405892
CHEMBL2206596,Cc1csc2n(C)c(CNC(=O)[C@H](Cc3ccc(O)cc3)NC(=O)Nc3ccc(C(=O)OC(C)C)cc3)c[n+]12,active_single,1,-8.628814,13.452361
CHEMBL2206597,Cc1csc2n(Cc3ccc(Cl)cc3)c(CNC(=O)[C@H](Cc3ccc(O)cc3)NC(=O)Nc3ccc(C(=O)OC(C)C)cc3)c[n+]12,active_single,1,-8.554426,13.503601
CHEMBL2206598,Cc1c[n+]2cc(CNC(=O)[C@H](Cc3ccc(O)cc3)NC(=O)Nc3ccc(C(=O)OC(C)C)cc3)n(C)c2s1,active_single,1,-8.572402,13.499855
CHEMBL2206599,CC(C)OC(=O)c1ccc(NC(=O)N[C@@H](Cc2ccc(O)cc2)C(=O)N2CCC[C@H]([N+](C)(C)Cc3ccc(Cl)cc3)C2)cc1,active_single,1,-8.553947,13.509805
CHEMBL2206600,CC(C)OC(=O)c1ccc(NC(=O)N[C@@H](Cc2ccc(O)cc2)C(=O)N2CCC([N+]3(Cc4ccc(Cl)cc4)CCCC3)CC2)cc1,active_single,1,-8.522625,13.514341
CHEMBL2206602,CC(C)OC(=O)c1ccc(NC(=O)N[C@@H](Cc2ccc(O)cc2)C(=O)NCC[N+](C)(Cc2ccc(Cl)cc2)Cc2ccc(Cl)cc2)cc1,active_single,1,-8.600997,13.436627
CHEMBL2206603,CC(C)OC(=O)c1ccc(NC(=O)N[C@@H](Cc2ccc(O)cc2)C(=O)NCC[N+](C)(C)Cc2ccc(Cl)cc2)cc1,active_single,1,-8.583182,13.445539
CHEMBL2206604,CC[N+](CC)(CCNC(=O)[C@H](Cc1ccc(O)cc1)NC(=O)Nc1ccc(C(=O)OC(C)C)cc1)Cc1ccc(Cl)cc1,active_single,1,-8.612747,13.437171
CHEMBL2206605,CC(C)OC(=O)c1ccc(NC(=O)N[C@@H](Cc2ccc(O)cc2)C(=O)NCC[N+](C)(Cc2ccc3ccccc3c2)Cc2ccc3ccccc3c2)cc1,active_single,1,-8.617244,13.4265
CHEMBL2206606,CC(C)OC(=O)c1ccc(NC(=O)N[C@@H](Cc2ccc(O)cc2)C(=O)NCC[N+](C)(C)C23CC4CC(CC(C4)C2)C3)cc1,active_single,1,-8.60263,13.430638
CHEMBL2206607,CC(C)OC(=O)c1ccc(NC(=O)N[C@@H](Cc2ccc(O)cc2)C(=O)NCC[N+]2(Cc3ccc(Cl)cc3)CCCC2)cc1,active_single,1,-8.576736,13.464513
CHEMBL2206608,CC(C)OC(=O)c1ccc(NC(=O)N[C@@H](Cc2ccc(O)cc2)C(=O)NCC[N+]2(Cc3ccc(Cl)cc3)CCCCC2)cc1,active_single,1,-8.592419,13.405692
CHEMBL2206609,CC(C)OC(=O)c1ccc(NC(=O)N[C@@H](Cc2ccc(O)cc2)C(=O)NCC[N+]2(C)CCCCCC2)cc1,active_single,1,-8.55776,13.477057
CHEMBL2206610,CC(C)OC(=O)c1ccc(NC(=O)N[C@@H](Cc2ccc(O)cc2)C(=O)NCC[N+](C)(C(C)C)C(C)C)cc1,active_single,1,-8.605579,13.442893
CHEMBL2207177,CC(C)OC(=O)c1ccc(NC(=O)N[C@@H](Cc2ccc(O)cc2)C(=O)N2CCC[C@@H]([N+](C)(C)Cc3ccc(Cl)cc3)C2)cc1,active_single,1,-8.513025,13.557469
CHEMBL22108,CC(C1=C(CCN(C)C)Cc2ccccc21)c1ccccn1,active_single,1,8.355238,6.0573683
CHEMBL221400,O=C1NC(c2ccccc2)(c2ccccc2)CN1C1CC2CCC(C1)N2Cc1ccccc1,active_single,1,1.5843664,8.264143
CHEMBL221401,O=C1NC(c2ccc(F)cc2)(c2ccc(F)cc2)CN1C1CCN(Cc2cccc(F)c2)CC1,active_single,1,1.643714,8.254234
CHEMBL221713,O=C1NC(Cc2ccccc2)(Cc2ccccc2)CN1C1CCN(Cc2ccccc2)CC1,active_single,1,1.6878686,8.232529
CHEMBL221753,CC(C)(C)CC(C)(C)c1ccc(OCCOCC[N+](C)(C)Cc2ccccc2)cc1.[Cl-],active,1,-1.4346468,4.1984434
CHEMBL221775,C[N+]1(Cc2ccccc2)CC[C@@H](N2CC(c3ccccc3)(c3ccccc3)NC2=O)C1,active_single,1,1.0480531,8.308099
CHEMBL221829,Nc1cccc(CN2CCC(N3CC(c4ccccc4)(c4ccccc4)NC3=O)CC2)c1,active_single,1,1.6203508,8.270377
CHEMBL222054,C[N+]1(CC(=O)c2ccccn2)CC[C@@H](N2CC(c3ccc(F)cc3)(c3ccc(F)cc3)NC2=O)C1,active_single,1,1.0162672,8.307003
CHEMBL222090,C[N+]1(C)CCC(N2CC(c3ccccc3)(c3ccccc3)NC2=O)C1,active_single,1,1.127242,8.298961
CHEMBL222207,O=C1NC(c2ccccc2)(C2CCCCC2)CN1C1CCN(Cc2cccc(Cl)c2)CC1,active_single,1,1.6670843,8.244348
CHEMBL222259,C[N+]1(C)CCC[C@@H]1[C@@H]1CS[C@@](c2ccccc2)(C2CCCCC2)O1.[I-],active_single,1,4.6333165,2.8343759
CHEMBL222387,O=C1NC(c2ccccc2)(c2ccccc2)CN1C1CCCN(Cc2ccccc2)CC1,active_single,1,1.6388328,8.28668
CHEMBL222388,Cc1cccc(CN2CCC(N3CC(c4ccccc4)(c4ccccc4)NC3=O)CC2)c1,active_single,1,1.6172525,8.215192
CHEMBL222403,Cc1cccc(CN2CCC(N3CC(c4ccccc4)(C4CCCCC4)NC3=O)CC2)c1,active_single,1,1.7271526,8.207521
CHEMBL222424,O=C1NC(c2ccc(F)cc2)(c2ccc(F)cc2)CN1C1CCN(Cc2ccccc2)CC1,active_single,1,1.6210266,8.290876
CHEMBL222449,C[N+]1(CC(=O)c2cccc(F)c2)CC[C@@H](N2CC(c3ccc(F)cc3)(c3ccc(F)cc3)NC2=O)C1,active_single,1,1.0117884,8.306174
CHEMBL222450,C[N+]1(CC(=O)c2ccsc2)CC[C@@H](N2CC(c3ccc(F)cc3)(c3ccc(F)cc3)NC2=O)C1,active_single,1,1.0142956,8.3011465
CHEMBL222634,C[N+]1(CC(=O)Nc2ccccc2)CCC(N2CC(c3ccccc3)(c3ccccc3)NC2=O)C1,active_single,1,1.0579708,8.306424
CHEMBL222636,C[N+]1(CC(=O)c2ccccc2)CCC(N2CC(c3ccccc3)(c3ccccc3)NC2=O)C1,active_single,1,0.99066705,8.28748
CHEMBL222689,C[N+]1(C)C2CCC1CC(N1CC(c3ccccc3)(c3ccccc3)NC1=O)C2,active_single,1,1.2227892,8.277653
CHEMBL222804,O=C1NC(c2ccccc2)(c2ccccc2)CN1C1CCN(Cc2cccc(O)c2)CC1,active_single,1,1.6298348,8.250743
CHEMBL222860,O=C1NC(c2cccs2)(c2cccs2)CN1C1CCN(Cc2ccccc2)CC1,active_single,1,1.6340513,8.251469
CHEMBL222874,C[N+]1(CC(=O)c2cccnc2)CC[C@@H](N2CC(c3ccc(F)cc3)(c3ccc(F)cc3)NC2=O)C1,active_single,1,1.0109537,8.30375
CHEMBL222976,C[N+]1(CCOCc2ccccc2)CCC(N2CC(c3ccccc3)(c3ccccc3)NC2=O)C1,active_single,1,1.0520287,8.346681
CHEMBL223016,O=C1NC(c2ccccc2)(c2ccccc2)CN1C1CCN(Cc2cccc(Cl)c2)CC1,active_single,1,1.6389103,8.319632
CHEMBL223017,O=C1NC(c2ccccc2)(c2ccccc2)CN1[C@H]1CCN(Cc2ccccc2)C1,active_single,1,1.5935001,8.249795
CHEMBL223028,C[N+]1(CCCOc2ccccc2)CCC(N2CC(c3ccccc3)(c3ccccc3)NC2=O)C1,active_single,1,1.0675746,8.330045
CHEMBL223055,C[N+]1(CCc2ccccc2)CCC(N2CC(c3ccccc3)(c3ccccc3)NC2=O)C1.[Br-],active_single,1,1.0257208,8.316994
CHEMBL223079,O=C1NC(c2ccc(F)cc2)(c2ccc(F)cc2)CN1C1CCN(Cc2cccc(Cl)c2)CC1,active_single,1,1.624219,8.277165
CHEMBL223186,O=C1NC(c2ccccc2)(c2ccccc2)CN1C1CCN(CCc2ccccc2)CC1,active_single,1,1.5388961,8.254362
CHEMBL223188,O=C1N(C2CCN(Cc3ccccc3)CC2)CC(c2ccccc2)N1Cc1ccccc1,active_single,1,1.753533,8.185806
CHEMBL223267,O=C1NC(c2ccccc2)(C2CCCCC2)CN1C1CCN(Cc2ccccc2)CC1,active_single,1,1.7073319,8.256613
CHEMBL223668,C[N+]1(CCc2ccccc2)CC[C@@H](N2CC(c3ccc(F)cc3)(c3ccc(F)cc3)NC2=O)C1,active_single,1,1.0166916,8.230644
CHEMBL223925,O=C1NC(c2ccccc2)(c2ccccc2)CN1C1CCN(Cc2cccc(C(F)(F)F)c2)CC1,active_single,1,1.6664011,8.246375
CHEMBL224783,C[N+]1(CCOc2ccccc2)CC[C@H](N2CC(c3ccccc3)(c3ccccc3)NC2=O)C1,active_single,1,1.0726329,8.340365
CHEMBL225074,COc1cccc(CN2CCC(N3CC(c4ccccc4)(c4ccccc4)NC3=O)CC2)c1,active_single,1,1.6249278,8.272535
CHEMBL225387,O=C1OC(c2ccccc2)(c2ccccc2)CN1C1CCN(Cc2ccccc2)CC1,active_single,1,1.7308023,8.197978
CHEMBL227378,C[C@@H]1COC[C@H](C[N+](C)(C)C)O1.[I-],inactive,0,4.7157354,1.5262241
CHEMBL227429,C[C@H]1COC[C@H](C[N+](C)(C)C)O1.[I-],inactive_single,0,4.7270236,1.5478679
CHEMBL229429,N#Cc1cc(F)cc(C#Cc2csc(CF)n2)c1,inactive_single,0,7.0966425,10.396847
CHEMBL2308786,CN1[C@@H]2CC[C@H]1C[C@@H](CC(C(=O)NCc1ccccc1)(c1ccccc1)c1ccccc1)C2,active,1,9.170504,4.324021
CHEMBL2311547,COc1ccc(CCOC(=O)C2=C(c3cccc(F)c3)CCN(C)C2)cc1OC,inactive_single,0,7.9445443,8.882791
CHEMBL2312346,COc1ccc(CCOC(=O)C2=C(c3ccccc3)CCN(C)C2)cc1OC,inactive,0,7.9503884,8.851819
CHEMBL2312347,CN1CCC(c2ccccc2)=C(C(=O)OCCc2cccc3ccccc23)C1,inactive_single,0,8.023177,8.816808
CHEMBL2312376,CCN1CCC(c2ccccc2)=C(C(=O)OCCc2ccc3c(c2)CCO3)C1,inactive_single,0,8.052032,8.890211
CHEMBL2313377,Cc1nc2sc(C(=O)NC3CC3)c(N)c2c(C)c1Cl,inactive_single,0,4.7956963,9.135629
CHEMBL232208,COC1CN(c2nc(C3CC3)nc(N3CCCCCC3)c2C)C1,active_single,1,-3.150725,12.383836
CHEMBL232416,c1c(N2CCCCCC2)nc(C2CC2)nc1N1CCC1,active_single,1,-3.0790024,12.478681
CHEMBL232419,Cc1c(N2CCCCCC2)nc(C2CC2)nc1N1CCC1,active,1,-3.124398,12.425781
CHEMBL232860,Cc1c(N2CCCCCC2)nc(C2CC2)nc1N1CC(C)C1,active_single,1,-3.171246,12.377192
CHEMBL233198,CC(C)c1ccc(CCNCC2(N(C)C)COc3ccccc3OC2)cc1,active_single,1,2.811067,5.077973
CHEMBL233199,CN(C)C1(CNCCc2c(Cl)cccc2Cl)COc2ccccc2OC1,active_single,1,2.8348103,5.082087
CHEMBL233200,CN(C)C1(CNCCc2ccccc2F)COc2ccccc2OC1,active_single,1,2.806157,5.0755553
CHEMBL233201,CN(C)C1(CNCCC2CCSCC2)COc2ccccc2OC1,active_single,1,2.772724,5.1060767
CHEMBL233202,CN(C)C1(CNCCC2=CCSCC2)COc2ccccc2OC1,active_single,1,2.8512034,5.0316935
CHEMBL234099,Cc1c(N2CCCCCC2)nc(C2CC2)nc1N1CCCC1,active_single,1,-3.1516879,12.400062
CHEMBL234252,CN(C)C1(CNCCc2ccccc2)COc2ccccc2OC1,active_single,1,2.8364863,5.041392
CHEMBL234253,Cc1ccc(CCNCC2(N(C)C)COc3ccccc3OC2)cc1,active_single,1,2.8337271,5.0841665
CHEMBL234254,CN(C)C1(CNCCc2ccc(Cl)cc2)COc2ccccc2OC1,active_single,1,2.8469183,5.0427246
CHEMBL234255,c1ccc(CCNCC2(N3CCCC3)COc3ccccc3OC2)cc1,active_single,1,2.8931017,5.124442
CHEMBL234256,c1ccc(CCNCC2(N3CCCCC3)COc3ccccc3OC2)cc1,active_single,1,2.8110504,5.0857673
CHEMBL234257,CN(C)C1(CNCC2CCCCC2)COc2ccccc2OC1,active_single,1,2.8197565,5.06936
CHEMBL234258,CN(C)C1(CNCCC2CCC(CO)CC2)COc2ccccc2OC1,active_single,1,2.7787118,5.1037326
CHEMBL234260,CN(C)C1(CC2CCCCC2)COc2ccccc2OC1,active_single,1,2.8814814,5.0367045
CHEMBL234438,CN(C)C1(CNCCC2CCCCC2)COc2ccccc2OC1,active_single,1,2.8147807,5.07575
CHEMBL234439,CN(C)C1(CNCCC2CCCCCC2)COc2ccccc2OC1,active_single,1,2.7854614,5.0929203
CHEMBL234440,CN(C)C1(CNCCC2CCOCC2)COc2cc(Cl)c(Cl)cc2OC1,active_single,1,2.7871695,5.0940347
CHEMBL237067,CC(C)=CCn1c(N2CCC[C@H](N)C2)nc2c1c(=O)n(CC(=O)c1ccccc1)c(=O)n2C,active_single,1,4.090984,6.760236
CHEMBL2377261,CC(C)N(CCOC(=O)C(O)(c1ccccc1)c1ccccc1)C(C)C,active_single,1,7.4874387,4.576798
CHEMBL2377262,CCN(CC)CCOC(=O)c1ccccc1Sc1ccc(Cl)cc1,active_single,1,7.480394,4.617182
CHEMBL2377267,CCN(CC)CCOC(=O)C(O)(c1cccs1)C1CCCCC1,active_single,1,7.3574905,4.4869223
CHEMBL2377268,CN1CCC(OC(=O)C(CO)c2cccc(C(F)(F)F)c2)CC1,active_single,1,8.503798,4.007297
CHEMBL2377269,CCN(CC)CCOC(=O)C(c1ccccc1)C1(O)CCCCC1,active_single,1,7.489117,4.6047106
CHEMBL2377383,CC[N+](CC)(CC)CCOC(=O)C(c1ccccc1)c1ccccc1.[I-],active_single,1,7.7217865,4.584446
CHEMBL2377385,CC[N+](C)(CC)CCOC(=O)C(c1ccccc1)c1ccccc1.[Br-],active_single,1,7.6788063,4.5801177
CHEMBL2377387,CCN(CC)CCSC(=O)C(O)(c1ccccc1)c1ccccc1,active_single,1,7.402814,4.557364
CHEMBL2377388,CCN(CC)CCOC(=O)C(O)(c1ccccc1)c1c(C)cccc1C,active_single,1,7.391059,4.537139
CHEMBL2377392,CC[C@H](C)C(C(=O)OCCCN(CC)CC)c1ccccc1,active_single,1,7.558677,4.696891
CHEMBL2381694,O=C1C(=O)N(CCOc2ccccc2)c2ccc(OC(F)(F)F)cc21,inactive_single,0,5.2768154,10.8336115
CHEMBL239017,Cc1cc(OCC#CCN(C)C)no1.O=C(O)/C=C/C(=O)O,inactive_single,0,7.5822134,4.928576
CHEMBL2391352,O=C(CN1CCN2CCC[C@@H]2C1)NC1CCCCC1,inactive_single,0,4.688367,7.4441166
CHEMBL2391353,O=C(CN1CCN2CCC[C@H]2C1)NC1CCCCC1,inactive_single,0,4.671471,7.428512
CHEMBL2391356,CC(C)NC(=O)CN1CCNCC1,inactive_single,0,4.7199044,7.6547017
CHEMBL2391357,CN1CCCN(CC(=O)NC2CCCCC2)CC1,inactive_single,0,4.650743,7.394517
CHEMBL2391366,CCC(=O)N1CCN(CC(=O)NC(CC)CC)CC1,inactive_single,0,4.8127995,7.488608
CHEMBL2391367,CCC(=O)N1CCN(CC(=O)NC2CCCCC2)CC1,inactive_single,0,4.7230506,7.4505687
CHEMBL2391368,O=C(CN1CCN(C2CCCC2)CC1)NC1CCCCC1,inactive_single,0,4.6713176,7.42437
CHEMBL2391374,CC(C)NC(=O)C(C)(C)N1CCN(C2CCCCC2)CC1,inactive_single,0,4.8448377,7.5871196
CHEMBL2391382,CC(C)(C(=O)NC1CCCCC1)N1CCN(C2CCCC2)CC1,inactive_single,0,4.6756167,7.4186583
CHEMBL2391541,C=CCN(CC=C)CCc1c[nH]c2ccc(OC)cc12,inactive_single,0,5.7865853,6.528714
CHEMBL242345,COc1ccccc1CNCCCCCCN1CCC(CCC2CCN(CCCCCCNCc3ccccc3OC)CC2)CC1,active_single,1,5.8959537,7.3613915
CHEMBL242822,Cc1c(N2CCCCCC2)nc(C2CC2)nc1N1CC(O)C1,active_single,1,-3.1887956,12.357145
CHEMBL242823,Cc1c(N2CCCCCC2)nc(C2CC2)nc1N1CC(Br)C1,active_single,1,-3.1405787,12.409304
CHEMBL2436555,Cl.NC1=Nc2ccc(Cl)cc2CN1,inactive_single,0,9.308864,7.705714
CHEMBL24369,CCN(CC)CCCCCOC(=O)C(C)(c1ccccc1)C1CCCCC1,active_single,1,7.398781,4.5171223
CHEMBL2441750,CN(C)C[C@H]1CN(C)C(=O)O1,inactive_single,0,5.0440607,2.279171
CHEMBL2441751,CN(C)C[C@@H]1CN(C)C(=O)O1,inactive_single,0,5.0421786,2.2516248
CHEMBL2441752,CN1C[C@@H](C[N+](C)(C)C)OC1=O,inactive_single,0,4.8031898,1.9022996
CHEMBL2441753,CN1C[C@H](C[N+](C)(C)C)OC1=O,inactive_single,0,4.857896,1.9006511
CHEMBL2441754,CN(C)C[C@@H]1CNC(=O)O1,inactive_single,0,4.9535303,2.2115414
CHEMBL2441755,CN(C)C[C@H]1CNC(=O)O1,inactive_single,0,4.9908032,2.234353
CHEMBL2441756,C[N+](C)(C)C[C@@H]1CNC(=O)O1,inactive_single,0,4.8030143,1.9433
CHEMBL2441757,C[N+](C)(C)C[C@H]1CNC(=O)O1,inactive_single,0,4.7757635,1.9513971
CHEMBL2441758,CN1CCC[C@H]1COC(N)=O,inactive_single,0,6.6635895,11.801336
CHEMBL2441759,C[N+]1(C)CCC[C@H]1COC(N)=O,inactive_single,0,6.9569435,3.8267992
CHEMBL2441760,CN1CCC[C@H]1[C@@H]1COC(=O)N1,inactive_single,0,4.843087,3.0237825
CHEMBL2441761,CN1CCC[C@H]1[C@H]1COC(=O)N1,inactive_single,0,4.873915,3.003381
CHEMBL2449003,CN1[C@@H]2CC[C@H]1CC(OC(=O)[C@H](CO)c1ccccc1)C2,active,1,8.611412,3.9726076
CHEMBL250699,COc1cc(NC(=O)c2ccc(-c3ccc(Cl)cc3)o2)cc(OC)c1,inactive_single,0,6.019014,11.6051445
CHEMBL254586,C[N+]1(CCCC(O)(c2ccccc2)c2ccccc2)CCCCC1.[I-],active_single,1,5.9640613,4.9803386
CHEMBL254656,CN1[C@@H]2CC[C@H]1CC(OC(=O)C(CO)c1ccccc1)C2,active_single,1,8.635146,4.0793395
CHEMBL255692,CN(CCCC(O)(c1ccccc1)c1ccccc1)CCN(C)CCCC(O)(c1ccccc1)c1ccccc1.Cl.Cl,inactive_single,0,6.0680118,5.0159187
CHEMBL257431,CCCCN(CCCC)c1ccc(/C=C/c2cc[n+](CCC[N+](CC)(CC)CC)cc2)cc1.[Br-].[Br-],active_single,1,7.407963,4.941482
CHEMBL257586,C[N+](C)(CCCC(O)(c1ccccc1)c1ccccc1)CC[N+](C)(C)CCCC(O)(c1ccccc1)c1ccccc1.[I-].[I-],inactive_single,0,6.036937,4.9949074
CHEMBL257643,CCN(CC)c1ccc(/C=C/c2cc[n+](CCC[N+](CC)(CC)CC)cc2)cc1.[Br-].[Br-],active_single,1,7.3645573,4.9417124
CHEMBL258959,COC1(C#CC(C#N)(c2ccccc2)c2ccccc2)CN2CCC1CC2,active_single,1,-1.9900225,0.7809052
CHEMBL260228,CO[C@]1(C#C[C@@](O)(c2ccccc2)C2CCCCCCC2)CN2CCC1CC2,active_single,1,-1.7699417,0.7097911
CHEMBL262198,CCN1CCC(c2ccccc2)=C(C(=O)OCCc2ccccc2)C1.O=C(O)C(=O)O,active_single,1,8.088586,8.861591
CHEMBL263040,NCCCCC1CCN(C(=O)[C@](O)(c2ccccc2)[C@@H]2CCC(F)(F)C2)CC1,active_single,1,4.1945457,5.948681
CHEMBL264414,CO[C@]1(C#C[C@@](O)(c2ccccc2)C2CCCCCC2)CN2CCC1CC2,active_single,1,-1.7455558,0.74083626
CHEMBL264676,CO[C@]1(C#C[C@](O)(c2ccccc2)C2CCCCCCC2)CN2CCC1CC2,active_single,1,-1.732841,0.6982994
CHEMBL265256,CN(CCCCCCCCN(C)CCCCCCN(CC(=O)N1c2ccccc2C(=O)Nc2cccnc21)CC(=O)N1c2ccccc2C(=O)Nc2cccnc21)CCCCCCNCC(=O)N1c2ccccc2C(=O)Nc2cccnc21,active,1,1.1134136,1.2339432
CHEMBL267014,Clc1ccc(N2CCN(Cc3c[nH]c4ncccc34)CC2)cc1,inactive_single,0,6.455066,7.836323
CHEMBL268175,C=CCOc1noc2c1CNCC2.Cl,inactive_single,0,8.486434,8.185844
CHEMBL269280,O=C1NC(c2ccccc2)(c2ccccc2)CN1C1CCN(Cc2ccc(Cl)cc2)CC1,active_single,1,1.6302224,8.29735
CHEMBL271108,CC(C)N(CC[C@H](c1ccccc1)c1cc(CCNC(=O)CCCCCNC(=O)COc2ccc(/C=C/C3=[N+]4C(=Cc5ccc(-c6cccs6)n5[B-]4(F)F)C=C3)cc2)ccc1O)C(C)C,active_single,1,16.821075,8.403521
CHEMBL271519,CCN1CCN(c2ccc(NC(=O)c3ccccc3)cc2Cl)CC1,inactive_single,0,6.0885787,9.426059
CHEMBL273586,c1ccc2c(c1)C(=C1CN3CCC1CC3)c1ccccc1-2,active_single,1,7.248705,2.159047
CHEMBL275914,O=C(NC[C@H]1CCCNC1)[C@H]1CCCN1C(=O)[C@@H]1CCCN1C(=O)CC(c1ccccc1)(c1ccccc1)c1ccccc1,active_single,1,4.840852,16.758831
CHEMBL27673,COc1ccccc1CNCCCCCCNCCCCCCCCNCCCCCCNCc1ccccc1OC,active,1,5.8577847,7.079413
CHEMBL277642,C[C@@H]1OC(=O)[C@H]2C[C@H]3CCCC[C@@H]3[C@@H](/C=C/[C@H]3CCC[C@H](C)N3C)[C@@H]12,active,1,5.115264,3.0812287
CHEMBL278129,CN(C)CCOC(=O)C1=C/C(=Cc2ccncc2)c2ccccc21,inactive_single,0,8.152812,5.8180995
CHEMBL279105,CSc1nsnc1C1=C(C)CCN(C)C1,inactive_single,0,7.7716393,7.773598
CHEMBL279225,CN(C)CCN(C)C(=O)C1=C/C(=Cc2ccccn2)c2ccccc21,inactive_single,0,8.216914,5.8502145
CHEMBL279453,CCCN(CCC)CC1CCCCN1CCNC(=O)N1c2ccccc2C(=O)Nc2cccnc21,active_single,1,1.0415157,1.1626707
CHEMBL279520,CN(C)CCNC(=O)C1=C/C(=Cc2cccnc2)c2ccccc21,inactive_single,0,8.214418,5.845917
CHEMBL280220,CCCc1c(C(=O)OCC)c2c3c(ccc2n1C)OC1c2ccc(SC)cc2CCN1C3,active_single,1,1.1806724,5.9602823
CHEMBL280684,CN(C)CCOC(=O)C1=C/C(=Cc2cccnc2)c2ccccc21,inactive_single,0,8.155217,5.8334785
CHEMBL282424,Fc1ccccc1N1CCN(Cc2c[nH]c3ncccc23)CC1,inactive_single,0,6.459706,7.825084
CHEMBL282829,CCc1ccc(N2CCN(Cc3c[nH]c4ncccc34)CC2)cc1,inactive_single,0,6.432761,7.8587313
CHEMBL283036,FC(F)(F)c1ccc(N2CCN(Cc3c[nH]c4ncccc34)CC2)cc1,inactive_single,0,6.4512744,7.847714
CHEMBL283320,CN(C)CCNC(=O)C1=C/C(=Cc2ccncc2)c2ccccc21,inactive_single,0,8.211209,5.897153
CHEMBL284137,CCN(CC)CCCOC(=O)C(C)(c1ccccc1)C1CCCCC1,active_single,1,7.3997064,4.4886637
CHEMBL285440,CN(C)CCCCOC(=O)C(C)(c1ccccc1)C1CCCCC1,active_single,1,7.338413,4.4513674
CHEMBL285898,CCN(CC)CCCCOC(=O)C(C)(c1ccccc1)C1CCCCC1,active_single,1,7.381372,4.4829593
CHEMBL286008,CN(C)CCCOC(=O)C(C)(c1ccccc1)C1CCCCC1,active_single,1,7.3227696,4.4016724
CHEMBL28607,COc1ccc(N2CCN(Cc3c[nH]c4ncccc34)CC2)cc1,inactive_single,0,6.433274,7.83109
CHEMBL28651,CSc1ccc(N2CCN(Cc3c[nH]c4ncccc34)CC2)cc1,inactive_single,0,6.43462,7.8387446
CHEMBL287671,c1ccc(-c2ccc(N3CCN(Cc4c[nH]c5ncccc45)CC3)cc2)cc1,inactive_single,0,6.4445043,7.824125
CHEMBL28833,CCCc1ccc(N2CCN(Cc3c[nH]c4ncccc34)CC2)cc1,inactive_single,0,6.452755,7.8333874
CHEMBL28997,Fc1ccc(N2CCN(Cc3c[nH]c4ncccc34)CC2)cc1,inactive_single,0,6.4452643,7.8282886
CHEMBL294649,Cn1cc(C(=O)C(=O)N[C@H]2CN3CCC2CC3)c2ccccc21,inactive_single,0,7.492945,1.9374759
CHEMBL294726,COc1ccc2c(c1)CCN1Cc3c(ccc4[nH]c(C)cc34)OC21,inactive_single,0,1.186411,5.963307
CHEMBL295388,CCN(CC)CCCCC1CCN(CC(=O)N2c3ccccc3NC(=O)c3ccccc32)CC1,active_single,1,1.100711,1.2196294
CHEMBL296419,COc1ccc(CCN2CCC(Nc3nc4ccccc4n3Cc3ccc(F)cc3)CC2)cc1,active,1,2.106818,8.34509
CHEMBL29808,C=Cc1ccc(N2CCN(Cc3c[nH]c4ncccc34)CC2)cc1,inactive_single,0,6.450465,7.823033
CHEMBL298612,Cn1cc(C(=O)C(=O)N[C@@H]2CN3CCC2CC3)c2ccccc21,inactive_single,0,7.552111,1.9590675
CHEMBL300987,CCOC(=O)c1c(C)[nH]c2ccc3c(c12)CN1CCc2ccc(OC)cc2C1O3,inactive_single,0,1.1908723,5.9725413
CHEMBL301265,CCCN[C@H]1CCc2nc(N)sc2C1,inactive_single,0,-2.73463,12.776509
CHEMBL302145,NCc1cccc(NC(=O)[C@](O)(c2ccccc2)[C@@H]2CCC(F)(F)C2)c1,active_single,1,3.8967407,6.3259606
CHEMBL302809,CC1(CCN)CCN(C(=O)[C@](O)(c2ccccc2)[C@@H]2CCC(F)(F)C2)CC1,active_single,1,4.212984,5.9070253
CHEMBL3039518,COc1cc(NC(=O)CCN2CCC(OC(=O)Nc3ccccc3-c3ccccc3)CC2)c(Cl)cc1CNC[C@H](O)c1ccc(O)c2[nH]c(=O)ccc12,active,1,20.57819,9.591232
CHEMBL305531,NCC1CCN(C(=O)[C@](O)(c2ccccc2)[C@@H]2CCC(F)(F)C2)C1,active_single,1,4.1836066,5.9551706
CHEMBL305660,CC(C)(C)c1ccc(C(=O)CCCN2CCC(OC(c3ccccc3)c3ccccc3)CC2)cc1,active,1,8.81989,9.723132
CHEMBL306903,O=C(NCC1CCNCC1)[C@](O)(c1ccccc1)[C@@H]1CCC(F)(F)C1,active_single,1,3.9708607,6.2409854
CHEMBL30713,CC(N)Cc1c[nH]c2ccccc12,inactive_single,0,6.321674,7.737548
CHEMBL307554,O=C(Nc1ccc2c(c1)CNC2)[C@](O)(c1ccccc1)[C@@H]1CCC(F)(F)C1,active_single,1,3.9251199,6.267994
CHEMBL307810,COc1ccc([S+]([O-])c2ccc(C(C)N3CCN(C4CCCCC4)CC3)cc2)cc1,active_single,1,5.1676097,7.8795156
CHEMBL3084394,CN1[C@@H]2CC[C@H]1C[C@@H](CCC(O)(c1ccccc1)c1ccccc1)C2,active_single,1,9.148131,4.331056
CHEMBL3084395,CN1[C@@H]2CC[C@H]1C[C@@H](CC(O)(c1ccccc1)c1ccccn1)C2,active_single,1,9.151661,4.332432
CHEMBL3084396,CN1[C@@H]2CC[C@H]1C[C@@H](CC(O)(c1cccs1)c1cccs1)C2,active_single,1,9.31405,4.319476
CHEMBL3084397,CCC(O)(C[C@H]1C[C@H]2CC[C@@H](C1)N2C)c1ccccc1,active_single,1,9.170066,4.3356686
CHEMBL3084398,C[N+]1(C)[C@@H]2CC[C@H]1C[C@@H](C=C(c1ccccc1)c1ccccc1)C2.[Br-],active_single,1,9.790122,3.9856074
CHEMBL3084399,Cc1ccccc1C(O)(C[C@H]1C[C@H]2CC[C@@H](C1)[N+]2(C)C)c1ccccc1C.[Br-],active_single,1,9.978746,4.13065
CHEMBL3084400,COc1ccccc1C(O)(C[C@H]1C[C@H]2CC[C@@H](C1)[N+]2(C)C)c1ccccc1OC.[Br-],inactive_single,0,9.976065,4.1273313
CHEMBL3084401,C[N+]1(C)[C@@H]2CC[C@H]1C[C@@H](CC(O)(c1cccc(F)c1)c1cccc(F)c1)C2.[I-],active_single,1,9.996714,4.127039
CHEMBL3084402,C[N+]1(C)[C@@H]2CC[C@H]1C[C@@H](CC(O)(c1cccc(Cl)c1)c1cccc(Cl)c1)C2.[I-],active_single,1,10.012939,4.15131
CHEMBL3084403,COc1ccc(C(O)(C[C@H]2C[C@H]3CC[C@@H](C2)[N+]3(C)C)c2ccc(OC)cc2)cc1.[Br-],inactive_single,0,9.980423,4.1432962
CHEMBL3084404,C[N+]1(C)[C@@H]2CC[C@H]1C[C@@H](CC(O)(c1ccc(Cl)cc1)c1ccc(Cl)cc1)C2.[I-],active_single,1,9.989862,4.1189528
CHEMBL3084405,Cc1c(F)cccc1C(O)(C[C@H]1C[C@H]2CC[C@@H](C1)[N+]2(C)C)c1cccc(F)c1C.[Br-],active_single,1,9.981734,4.124073
CHEMBL3084406,Cc1ccc(F)cc1C(O)(C[C@H]1C[C@H]2CC[C@@H](C1)[N+]2(C)C)c1cc(F)ccc1C.[Br-],active_single,1,9.996806,4.1221437
CHEMBL3084407,C[N+]1(C)[C@@H]2CC[C@H]1C[C@@H](CC(O)(c1cc(F)cc(F)c1)c1cc(F)cc(F)c1)C2.[Br-],active_single,1,10.026276,4.095128
CHEMBL3084408,C[N+]1(C)[C@@H]2CC[C@H]1C[C@@H](CC(O)(c1ccc(F)c(F)c1)c1ccc(F)c(F)c1)C2.[Br-],active_single,1,10.009212,4.1382995
CHEMBL3084409,C[N+]1(C)[C@@H]2CC[C@H]1C[C@@H](CC(C(N)=O)(c1ccccc1)c1ccccc1)C2.[I-],active_single,1,9.887596,4.2014
CHEMBL3084410,C[N+]1(C)[C@@H]2CC[C@H]1C[C@@H](CC(O)(c1cccs1)c1cccs1)C2.[Br-],active_single,1,9.952755,4.120352
CHEMBL3084411,C[N+]1(C)[C@@H]2CC[C@H]1C[C@@H](CC(O)(c1ccsc1)c1ccsc1)C2.[I-],active_single,1,9.969895,4.120995
CHEMBL3084412,Cc1cc(C(O)(C[C@H]2C[C@H]3CC[C@@H](C2)[N+]3(C)C)c2csc(C)c2)cs1.[Br-],active_single,1,9.988265,4.1150284
CHEMBL3084413,C[N+]1(C)[C@@H]2CC[C@H]1C[C@@H](C=C(c1cccs1)c1cccs1)C2.[Br-],active,1,9.778876,3.9773104
CHEMBL3084414,Cc1ccccc1C(=C[C@H]1C[C@H]2CC[C@@H](C1)[N+]2(C)C)c1ccccc1C.[Br-],active_single,1,9.8320675,4.001441
CHEMBL3084415,C[N+]1(C)[C@@H]2CCC[C@H]1C[C@@H](CC(O)(c1cccs1)c1cccs1)C2.[I-],active_single,1,9.93,4.118403
CHEMBL3084416,Cc1ccccc1C(O)(C[C@H]1C[C@H]2CCC[C@@H](C1)[N+]2(C)C)c1ccccc1C.[I-],active_single,1,9.972403,4.104337
CHEMBL3084417,C[N+]1(C)[C@@H]2CCC[C@H]1C[C@H](CC(O)(c1ccccc1)c1ccccc1)C2.[Br-],active_single,1,10.031412,4.1592336
CHEMBL3084418,C[N+]1(C)[C@@H]2CCC[C@H]1C[C@H](C=C(c1cccs1)c1cccs1)C2.[Br-],active_single,1,9.833608,4.0069003
CHEMBL3084419,CN1[C@@H]2CC[C@H]1C[C@@H](CC(C(N)=O)(c1ccccc1)c1ccccc1)C2,active_single,1,9.1715975,4.3199167
CHEMBL3084447,CCOC(=O)N1C[C@H]2CC[C@@H](C1)[C@H]2NCCNC(=O)c1ccccc1,inactive_single,0,5.6826334,8.855474
CHEMBL3084457,CC[N+]1(C)[C@@H]2CC[C@H]1C[C@@H](CC(C#N)(c1ccccc1)c1ccccc1)C2.[Br-],active_single,1,10.707522,4.2486877
CHEMBL3084458,CCC[N+]1(C)[C@@H]2CC[C@H]1C[C@@H](CC(C#N)(c1ccccc1)c1ccccc1)C2.[Br-],active_single,1,10.67552,4.2823563
CHEMBL3084459,C[N+]1(CC2CC2)[C@@H]2CC[C@H]1C[C@@H](CC(C#N)(c1ccccc1)c1ccccc1)C2.[Br-],active_single,1,10.684783,4.2410183
CHEMBL3084460,C[N+]1(CCO)[C@@H]2CC[C@H]1C[C@@H](CC(C#N)(c1ccccc1)c1ccccc1)C2.[Br-],active_single,1,10.711673,4.258273
CHEMBL3084461,C=CC[N+]1(C)[C@@H]2CC[C@H]1C[C@@H](CC(C#N)(c1ccccc1)c1ccccc1)C2.[I-],active_single,1,10.687374,4.267812
CHEMBL3084462,COCC[N+]1(C)[C@@H]2CC[C@H]1C[C@@H](CC(C#N)(c1ccccc1)c1ccccc1)C2.[Br-],active_single,1,10.67239,4.213863
CHEMBL3084463,C[N+]1(CCCC#N)[C@@H]2CC[C@H]1C[C@@H](CC(C#N)(c1ccccc1)c1ccccc1)C2.[Br-],active_single,1,10.720602,4.309282
CHEMBL3084464,C[N+]1(CC2CCCCC2)[C@@H]2CC[C@H]1C[C@@H](CC(C#N)(c1ccccc1)c1ccccc1)C2.[Br-],active_single,1,10.719445,4.265793
CHEMBL3084465,C[N+]1(Cc2ccccc2)[C@@H]2CC[C@H]1C[C@@H](CC(C#N)(c1ccccc1)c1ccccc1)C2.[Br-],active_single,1,10.719935,4.2904444
CHEMBL3084466,C[N+]1(CCC2CCCCC2)[C@@H]2CC[C@H]1C[C@@H](CC(C#N)(c1ccccc1)c1ccccc1)C2.[Br-],active_single,1,10.727098,4.2417583
CHEMBL3084467,C=CCCCC[N+]1(C)[C@@H]2CC[C@H]1C[C@@H](CC(C#N)(c1ccccc1)c1ccccc1)C2.[Br-],active_single,1,10.713063,4.2645006
CHEMBL3084468,COCCOCC[N+]1(C)[C@@H]2CC[C@H]1C[C@@H](CC(C#N)(c1ccccc1)c1ccccc1)C2.[Br-],active_single,1,10.693184,4.206239
CHEMBL3084469,CCCCCCCCCCCC[N+]1(C)[C@@H]2CC[C@H]1C[C@H](CC(C#N)(c1ccccc1)c1ccccc1)C2.[Br-],active_single,1,10.725552,4.300277
CHEMBL3084639,CN1[C@@H]2CC[C@H]1C[C@@H](CC(c1ccccc1)(c1ccccc1)c1ccccc1)C2,active,1,9.151453,4.335145
CHEMBL3084643,C[N+]1(C)[C@@H]2CC[C@H]1C[C@@H](CC(CO)(c1ccccc1)c1ccccc1)C2.[Br-],active,1,9.925292,4.1230783
CHEMBL3084650,CN1[C@@H]2CC[C@H]1C[C@@H](CC(C#N)(c1ccccc1)c1ccccc1)C2,active,1,9.268027,4.3483057
CHEMBL3084658,C[N+]1(C)[C@@H]2CC[C@H]1C[C@@H](CC(O)(c1ccccc1)c1ccccc1)C2.[Br-],active,1,9.973159,4.1508083
CHEMBL3084662,CN1[C@@H]2CC[C@H]1C[C@@H](CC(O)(c1ccccc1)c1ccccc1)C2,active,1,9.169789,4.3323917
CHEMBL3084678,CN1[C@@H]2CC[C@H]1C[C@@H](CC(C(=O)O)(c1ccccc1)c1ccccc1)C2,active,1,9.190263,4.3224797
CHEMBL3084679,CN1[C@@H]2CC[C@H]1C[C@@H](CC(CO)(c1ccccc1)c1ccccc1)C2,active,1,9.209486,4.354419
CHEMBL3084748,O=C(O[C@H]1C[C@H]2CC[C@@H](C1)[N+]21CCCC1)C(O)(c1ccccc1)c1ccccc1.[Cl-],active_single,1,7.321485,3.7512665
CHEMBL3085058,C[N+]1(C)[C@@H]2CC[C@H]1C[C@H](OC(=O)N(Cc1ccccc1)c1ccccc1)C2.[Br-],active_single,1,9.144428,3.6027849
CHEMBL3085059,C[N+]1(C)[C@@H]2CC[C@H]1C[C@H](OC(=O)N(Cc1cccs1)c1ccccc1)C2.[Br-],active_single,1,9.128604,3.6066246
CHEMBL3085060,C[N+]1(C)[C@@H]2CC[C@H]1C[C@@H](OC(=O)N(Cc1ccsc1)c1ccccc1)C2.[Br-],active_single,1,9.13313,3.6037366
CHEMBL3085061,C[N+]1(C)[C@@H]2CC[C@H]1C[C@H](OC(=O)N(Cc1ccc(Br)cc1)c1ccccc1)C2.[Br-],active_single,1,9.139688,3.6055648
CHEMBL3085062,COc1ccc(CN(C(=O)O[C@H]2C[C@H]3CC[C@@H](C2)[N+]3(C)C)c2ccccc2)cc1.[Br-],active_single,1,9.118868,3.5855403
CHEMBL3085067,Cc1ccc(CN(C(=O)O[C@@H]2C[C@H]3CC[C@@H](C2)[N+]3(C)C)c2ccccc2)s1.[Br-],active_single,1,9.113186,3.617328
CHEMBL3085068,Cc1ccsc1CN(C(=O)O[C@H]1C[C@H]2CC[C@@H](C1)[N+]2(C)C)c1ccccc1.[Br-],active_single,1,9.156229,3.5972922
CHEMBL3085069,C[N+]1(C)[C@@H]2CC[C@H]1C[C@H](OC(=O)N(Cc1ccoc1)c1ccccc1)C2.[Br-],active_single,1,9.128348,3.6176512
CHEMBL3085070,Cc1ccoc1CN(C(=O)O[C@H]1C[C@H]2CC[C@@H](C1)[N+]2(C)C)c1ccccc1.[Br-],active_single,1,9.159423,3.5952258
CHEMBL3085071,C[N+]1(C)[C@@H]2CC[C@H]1C[C@H](OC(=O)N(Cc1ccccc1)c1cccs1)C2.[Br-],active_single,1,9.1441555,3.6121426
CHEMBL3085072,C[N+]1(C)[C@@H]2CC[C@H]1C[C@H](OC(=O)N(Cc1ccccc1)c1ccsc1)C2.[Br-],active_single,1,9.136835,3.605556
CHEMBL3085073,C[N+]1(C)[C@@H]2CC[C@H]1C[C@@H](OC(=O)N(Cc1ccsc1)c1ccsc1)C2.[Br-],active_single,1,9.11511,3.6227705
CHEMBL3085074,C[N+]1(C)[C@@H]2CC[C@H]1C[C@H](OC(=O)N(CC1CCCCC1)c1ccsc1)C2.[Br-],active_single,1,9.070188,3.6581118
CHEMBL3085075,C[N+]1(C)[C@@H]2CC[C@H]1C[C@@H](OC(=O)N(Cc1cccc(C#N)c1)c1ccsc1)C2.[Br-],active_single,1,9.156165,3.5706515
CHEMBL3085076,CN1[C@@H]2CC[C@H]1C[C@H](OC(=O)N(Cc1ccccc1)c1ccccc1)C2,active_single,1,8.852461,3.805406
CHEMBL3085077,CN1[C@@H]2CC[C@H]1C[C@H](OC(=O)N(Cc1cccs1)c1ccccc1)C2,active_single,1,8.82347,3.8060014
CHEMBL3085078,CN1[C@@H]2CC[C@H]1C[C@@H](OC(=O)N(Cc1ccsc1)c1ccccc1)C2,active_single,1,8.89987,3.7710106
CHEMBL3085085,Cc1ccc(CN(C(=O)O[C@@H]2C[C@H]3CC[C@@H](C2)N3C)c2ccccc2)s1,active_single,1,8.838929,3.7918777
CHEMBL3085086,Cc1ccsc1CN(C(=O)O[C@H]1C[C@H]2CC[C@@H](C1)N2C)c1ccccc1,active_single,1,8.888615,3.7646875
CHEMBL3085087,CN1[C@@H]2CC[C@H]1C[C@H](OC(=O)N(Cc1ccoc1)c1ccccc1)C2,active_single,1,8.906519,3.780131
CHEMBL3085089,CN1[C@@H]2CC[C@H]1C[C@H](OC(=O)N(Cc1ccccc1)c1cccs1)C2,active_single,1,8.883652,3.785832
CHEMBL3085090,CN1[C@@H]2CC[C@H]1C[C@H](OC(=O)N(Cc1ccccc1)c1ccsc1)C2,active_single,1,8.87003,3.7995336
CHEMBL3085091,CN1[C@@H]2CC[C@H]1C[C@H](OC(=O)N(Cc1ccsc1)c1ccsc1)C2,active_single,1,8.921462,3.7592382
CHEMBL3085092,CN1[C@@H]2CC[C@H]1C[C@@H](OC(=O)N(CC1CCCCC1)c1ccsc1)C2,active_single,1,8.925662,3.752677
CHEMBL3085093,CN1[C@@H]2CC[C@H]1C[C@@H](OC(=O)N(Cc1ccc(C#N)cc1)c1ccsc1)C2,active_single,1,8.935031,3.751146
CHEMBL308566,C=C(c1ccc(S(=O)(=O)c2ccc(OC)cc2)cc1)C1CCN(C2CCN(C(=O)OCC)CC2)CC1,active_single,1,5.230111,7.9891953
CHEMBL3087229,O=C(O[C@H]1C[N+]2(CCCc3ccncc3)CCC1CC2)C1(C2=CC=CC2)CCCCCC1,active_single,1,4.620457,-4.9219933
CHEMBL3087230,O=C(O[C@H]1C[N+]2(CCCc3ccncc3)CCC1CC2)C1(c2cccs2)CCCCCC1,active_single,1,4.646422,-4.868399
CHEMBL3087231,Cc1cc(CCC[N+]23CCC(CC2)[C@@H](OC(=O)C2(C4=CC=CC4)CCCCCC2)C3)ccn1,active,1,4.5792475,-5.0049367
CHEMBL3087232,Cc1ccc(CCC[N+]23CCC(CC2)[C@@H](OC(=O)C2(C4=CC=CC4)CCCCCC2)C3)cn1,active_single,1,4.6034193,-4.9401236
CHEMBL3087233,Cc1ccc(CCC[N+]23CCC(CC2)[C@@H](OC(=O)C2(C4=CC=CC4)CCCCCC2)C3)c(C)n1,active_single,1,4.6412525,-4.9031224
CHEMBL3087234,Cn1ccc(CCC[N+]23CCC(CC2)[C@@H](OC(=O)C2(C4=CC=CC4)CCCCCC2)C3)n1,active_single,1,4.592248,-4.9181213
CHEMBL3087235,O=C(O[C@H]1C[N+]2(CCCc3nc4ccccc4o3)CCC1CC2)C1(C2=CC=CC2)CCCCCC1,active_single,1,4.6198015,-4.9220667
CHEMBL3087236,NC(=O)C[N+]12CCC(CC1)[C@@H](OC(=O)C1(C3=CC=CC3)CCCCCC1)C2,active_single,1,4.4975524,-5.103667
CHEMBL3087237,O=C(C[N+]12CCC(CC1)[C@@H](OC(=O)C1(C3=CC=CC3)CCCCCC1)C2)Nc1ccccc1,active_single,1,4.399972,-5.372187
CHEMBL3087238,O=C(C[N+]12CCC(CC1)[C@@H](OC(=O)C1(C3=CC=CC3)CCCCCC1)C2)Nc1cccc(F)c1,active_single,1,4.432265,-5.35451
CHEMBL3087239,O=C(C[N+]12CCC(CC1)[C@@H](OC(=O)C1(C3=CC=CC3)CCCCCC1)C2)N1CCOCC1,active_single,1,4.4293537,-5.2191854
CHEMBL3087240,O=C(C[N+]12CCC(CC1)[C@@H](OC(=O)C1(C3=CC=CC3)CCCCCC1)C2)Nc1ccon1,active_single,1,4.320493,-5.48029
CHEMBL3087241,Cc1cc(NC(=O)C[N+]23CCC(CC2)[C@@H](OC(=O)C2(C4=CC=CC4)CCCCCC2)C3)no1,active_single,1,4.41126,-5.3872056
CHEMBL3087242,O=C(C[N+]12CCC(CC1)[C@@H](OC(=O)C1(C3=CC=CC3)CCCCCC1)C2)Nc1cc[nH]n1,active_single,1,4.2813783,-5.5307083
CHEMBL3087243,O=C(C[N+]12CCC(CC1)[C@@H](OC(=O)C1(C3=CC=CC3)CCCCCC1)C2)Nc1nncs1,active_single,1,4.3145585,-5.491363
CHEMBL3087244,O=C(C[N+]12CCC(CC1)[C@@H](OC(=O)C1(C3=CC=CC3)CCCCCC1)C2)Nc1ncns1,active_single,1,4.3574147,-5.4524846
CHEMBL3087245,O=C(C[N+]12CCC(CC1)[C@@H](OC(=O)C1(C3=CC=CC3)CCCCCC1)C2)Nc1ncco1,active_single,1,4.312507,-5.482196
CHEMBL3087361,CC(C)(C)c1cc(NC(=O)C[N+]23CCC(CC2)[C@@H](OC(=O)C2(C4=CC=CC4)CCCCCC2)C3)no1,active_single,1,4.4085636,-5.4034514
CHEMBL3087362,O=C(C[N+]12CCC(CC1)[C@@H](OC(=O)C1(C3=CC=CC3)CCCCCC1)C2)Nc1ccccn1,active_single,1,4.3574123,-5.4421163
CHEMBL3087363,O=C(C[N+]12CCC(CC1)[C@H](OC(=O)C1(C3=CC=CC3)CCCCCC1)C2)Nc1ccccn1,active_single,1,4.3421993,-5.469931
CHEMBL3087364,O=C(C[N+]12CCC(CC1)[C@@H](OC(=O)C1(C3=CC=CC3)CCCCCC1)C2)Nc1cccnc1,active_single,1,4.3582945,-5.4476504
CHEMBL3087365,O=C(C[N+]12CCC(CC1)[C@@H](OC(=O)C1(C3=CC=CC3)CCCCCC1)C2)Nc1ccncc1,active_single,1,4.3659735,-5.4223886
CHEMBL3087366,O=C(C[N+]12CCC(CC1)[C@@H](OC(=O)C1(C3=CC=CC3)CCCCCC1)C2)Nc1cncnc1,active_single,1,4.2662086,-5.5024533
CHEMBL3087367,O=C(C[N+]12CCC(CC1)[C@@H](OC(=O)C1(C3=CC=CC3)CCCCCC1)C2)Nc1ccncn1,active_single,1,4.3141394,-5.4976826
CHEMBL3087368,O=C(C[N+]12CCC(CC1)[C@@H](OC(=O)C1(C3=CC=CC3)CCCCCC1)C2)Nc1cccnn1,active_single,1,4.368007,-5.4466143
CHEMBL3087369,O=C(C[N+]12CCC(CC1)[C@@H](OC(=O)C1(C3=CC=CC3)CCCCCC1)C2)Nc1cnccn1,active_single,1,4.258522,-5.5595665
CHEMBL3087370,O=C(C[N+]12CCC(CC1)[C@@H](OC(=O)C1(C3=CC=CC3)CCCCCC1)C2)Nc1ncccc1F,active_single,1,4.326843,-5.4865236
CHEMBL3087371,Cc1ccc(NC(=O)C[N+]23CCC(CC2)[C@@H](OC(=O)C2(C4=CC=CC4)CCCCCC2)C3)nc1,active_single,1,4.33196,-5.483465
CHEMBL3087372,O=C(C[N+]12CCC(CC1)[C@@H](OC(=O)C1(C3=CC=CC3)CCCCCC1)C2)Nc1ccc(F)cn1,active_single,1,4.3692045,-5.487672
CHEMBL3087373,Cc1ccnc(NC(=O)C[N+]23CCC(CC2)[C@@H](OC(=O)C2(C4=CC=CC4)CCCCCC2)C3)c1,active_single,1,4.297832,-5.521045
CHEMBL3087374,O=C(C[N+]12CCC(CC1)[C@@H](OC(=O)C1(C3=CC=CC3)CCCCCC1)C2)Nc1cccc(C(F)(F)F)n1,active_single,1,4.3792396,-5.471277
CHEMBL3087375,O=C(C[N+]12CCC(CC1)[C@@H](OC(=O)C1(C3=CC=CC3)CCCCCC1)C2)Nc1ccc(C(F)(F)F)nc1,active_single,1,4.33847,-5.500555
CHEMBL3087376,Cc1ccc(NC(=O)C[N+]23CCC(CC2)[C@@H](OC(=O)C2(C4=CC=CC4)CCCCCC2)C3)cn1,active_single,1,4.3314157,-5.484988
CHEMBL3087377,Cc1nccc(NC(=O)C[N+]23CCC(CC2)[C@@H](OC(=O)C2(C4=CC=CC4)CCCCCC2)C3)n1,active_single,1,4.2786794,-5.540007
CHEMBL3087378,Cc1cc(NC(=O)C[N+]23CCC(CC2)[C@@H](OC(=O)C2(C4=CC=CC4)CCCCCC2)C3)ncn1,active_single,1,4.336173,-5.4695816
CHEMBL3087379,Cc1ccc(NC(=O)C[N+]23CCC(CC2)[C@@H](OC(=O)C2(C4=CC=CC4)CCCCCC2)C3)nn1,active_single,1,4.3111377,-5.5108366
CHEMBL3087945,O=C(C[N+]12CCC(CC1)[C@@H](OC(=O)C1(C3=CC=CC3)CCCCCC1)C2)Nc1ccc(C(F)(F)F)nn1,active_single,1,4.252346,-5.583933
CHEMBL3087946,O=C(C[N+]12CCC(CC1)[C@@H](OC(=O)C1(C3=CC=CC3)CCCCCC1)C2)Nc1ccc(Cl)nn1,active_single,1,4.3021502,-5.5329385
CHEMBL3087947,Cc1cnc(NC(=O)C[N+]23CCC(CC2)[C@@H](OC(=O)C2(C4=CC=CC4)CCCCCC2)C3)cn1,active_single,1,4.3060145,-5.5071716
CHEMBL3087948,Cc1cncc(NC(=O)C[N+]23CCC(CC2)[C@@H](OC(=O)C2(C4=CC=CC4)CCCCCC2)C3)n1,active_single,1,4.2668667,-5.5591917
CHEMBL3087949,O=C(C[N+]12CCC(CC1)[C@@H](OC(=O)C1(C3=CC=CC3)CCCCCC1)C2)Nc1cncc(Cl)n1,active_single,1,4.312551,-5.5641193
CHEMBL3087950,O=C(C[N+]12CCC(CC1)[C@@H](OC(=O)C1(C3=CC=CC3)CCCCCC1)C2)NCCNC(=O)c1cnccn1,active_single,1,4.288334,-5.524232
CHEMBL3087951,O=C(C[N+]12CCC(CC1)[C@@H](OC(=O)C1(C3=CC=CC3)CCCCCC1)C2)NCCCNC(=O)c1ccccn1,active_single,1,4.2916346,-5.5092397
CHEMBL3087952,O=C(O[C@H]1C[N+]2(Cc3nc4ccccc4o3)CCC1CC2)C1(C2=CC=CC2)CCCCCC1,active_single,1,4.560043,-5.0086675
CHEMBL3087953,O=C(O[C@H]1C[N+]2(Cc3nc(-c4ccccc4)no3)CCC1CC2)C1(C2=CC=CC2)CCCCCC1,active_single,1,4.576943,-4.970211
CHEMBL3087954,O=C(O[C@H]1C[N+]2(Cc3cc(-c4ccccc4)no3)CCC1CC2)C1(C2=CC=CC2)CCCCCC1,active_single,1,4.5730557,-4.977749
CHEMBL3087955,O=C(O[C@H]1C[N+]2(Cc3ccn(-c4ccccc4)n3)CCC1CC2)C1(C2=CC=CC2)CCCCCC1,active_single,1,4.5483446,-5.0043073
CHEMBL3087956,O=C(O[C@H]1C[N+]2(Cc3csc(-c4ccccc4)n3)CCC1CC2)C1(C2=CC=CC2)CCCCCC1,active_single,1,4.564653,-4.9853015
CHEMBL3087957,O=C(O[C@H]1C[N+]2(Cc3cc(-c4ccccc4)on3)CCC1CC2)C1(C2=CC=CC2)CCCCCC1,active_single,1,4.553165,-4.9980154
CHEMBL3087958,O=C(O[C@H]1C[N+]2(Cc3nnc(-c4ccccc4)o3)CCC1CC2)C1(C2=CC=CC2)CCCCCC1,active_single,1,4.558562,-4.9752316
CHEMBL3087959,CC(C(=O)OC1CC[N+](C)(C)CC1)(c1ccccc1)C1CCCC1,active_single,1,7.2195888,3.8220804
CHEMBL3087960,C[N+]1(C)CCC(OC(=O)C2(c3ccccc3)CCCCCC2)CC1,active_single,1,7.228286,3.6928253
CHEMBL3087961,O=C(O[C@H]1CN2CCC1CC2)C1(c2ccccc2)CCCCCC1,active_single,1,7.5824842,2.0470352
CHEMBL3088075,O=C(O[C@H]1CN2CCC1CC2)C1(c2cccs2)CCCCCC1,active_single,1,7.629585,1.8942308
CHEMBL3088076,C[N+]12CCC(CC1)[C@@H](OC(=O)C1(C3=CC=CC3)CCCCCC1)C2,active_single,1,4.52633,-5.0514483
CHEMBL3088077,O=C(O[C@H]1C[N+]2(Cc3ccccc3)CCC1CC2)C1(C2=CC=CC2)CCCCCC1,active_single,1,4.573326,-4.995329
CHEMBL3088078,O=C(O[C@H]1C[N+]2(Cc3ccc(F)c(F)c3)CCC1CC2)C1(C2=CC=CC2)CCCCCC1,active_single,1,4.541829,-4.9969115
CHEMBL3088079,COc1cccc(C[N+]23CCC(CC2)[C@@H](OC(=O)C2(C4=CC=CC4)CCCCCC2)C3)c1,active_single,1,4.50663,-5.048322
CHEMBL3088080,O=C(O[C@H]1C[N+]2(CCc3ccccc3)CCC1CC2)C1(C2=CC=CC2)CCCCCC1,active_single,1,4.615466,-4.951108
CHEMBL3088081,Cc1ccc(CC[N+]23CCC(CC2)[C@@H](OC(=O)C2(C4=CC=CC4)CCCCCC2)C3)s1,active_single,1,4.6086226,-4.9379807
CHEMBL3088082,O=C(O[C@H]1C[N+]2(CCc3cccc(Cl)c3)CCC1CC2)C1(C2=CC=CC2)CCCCCC1,active_single,1,4.550106,-5.0197144
CHEMBL3088083,N#Cc1ccc(CC[N+]23CCC(CC2)[C@@H](OC(=O)C2(C4=CC=CC4)CCCCCC2)C3)cc1,active_single,1,4.566485,-4.9672775
CHEMBL3088084,O=C(O[C@H]1C[N+]2(CCOc3ccccc3)CCC1CC2)C1(C2=CC=CC2)CCCCCC1,active_single,1,4.6142645,-4.966024
CHEMBL3088085,O=C(O[C@H]1C[N+]2(CCOCc3ccccc3)CCC1CC2)C1(C2=CC=CC2)CCCCCC1,active_single,1,4.654931,-4.898409
CHEMBL3088086,O=C(O[C@H]1C[N+]2(CCCOc3ccccc3)CCC1CC2)C1(C2=CC=CC2)CCCCCC1,active_single,1,4.5405626,-4.981264
CHEMBL308924,CCO/C(O)=C1CN2CC(CCC2CN(C)C)C1=O,inactive,0,5.133099,2.3278697
CHEMBL3091664,C[N+]1(C)[C@@H]2C[C@H](OC(=O)C(O)(c3ccccc3)c3ccccc3)C[C@H]1[C@@H]1O[C@@H]12.[Br-],active_single,1,8.198446,3.6818616
CHEMBL3091665,CC(C(=O)O[C@H]1C[C@@H]2[C@H]3O[C@H]3[C@H](C1)[N+]2(C)C)(c1cccs1)c1cccs1.[Br-],active_single,1,8.250312,3.6159856
CHEMBL3091666,COC(C(=O)O[C@H]1C[C@@H]2[C@H]3O[C@H]3[C@H](C1)[N+]2(C)C)(c1cccs1)c1cccs1.[Br-],active_single,1,8.252001,3.6242855
CHEMBL3091667,C[N+]1(C)[C@@H]2C[C@H](OC(=O)[C@H](CO)c3ccccc3)C[C@H]1[C@@H]1O[C@@H]12.[Br-],active_single,1,8.422246,3.8041713
CHEMBL3091668,C[N+]1(C)[C@@H]2C[C@H](OC(=O)C(O)c3ccccc3)C[C@H]1[C@@H]1O[C@@H]12.[Br-],active_single,1,8.388512,3.7805204
CHEMBL3091669,C[N+]1(C)[C@@H]2C[C@H](OC(=O)C(O)c3cccs3)C[C@H]1[C@@H]1O[C@@H]12.[Br-],active_single,1,8.318255,3.676623
CHEMBL3091670,C[N+]1(C)[C@@H]2C[C@H](OC(=O)C(CO)(c3cccs3)c3cccs3)C[C@H]1[C@@H]1O[C@@H]12.[Br-],active_single,1,8.249632,3.6099393
CHEMBL310016,O=C(c1ccco1)N(c1ccccc1)C1CCN(Cc2ccccc2)CC1,active_single,1,2.8108082,8.307015
CHEMBL310132,O=C(c1ccccc1)N(c1ccc(Cl)c(Cl)c1)C1CCN(Cc2ccccc2)CC1,active_single,1,2.8127246,8.357636
CHEMBL3104092,CN1CCc2c(c3cccc4c3n2Cc2ccccc2C4)C1,inactive_single,0,7.4377494,6.3838353
CHEMBL3104093,CN1CCc2c(c3cccc4c3n2CCc2ccccc2-4)C1,inactive_single,0,7.524427,6.2763014
CHEMBL3105208,O=C(c1ccc(F)c(F)c1)N1CCN2C(=O)c3ccccc3C12c1ccccc1,inactive_single,0,3.8262827,11.193002
CHEMBL3105213,O=C(c1ccc(F)c(F)c1)N1CCN2C(=O)c3ccccc3C12c1ccc(Cl)cc1,inactive_single,0,3.8444207,11.187524
CHEMBL3105228,O=C(c1ccc(F)c(F)c1)N1CCN2C(=O)c3ccccc3[C@@]12c1ccc(Cl)cc1,inactive_single,0,3.850677,11.18054
CHEMBL310558,CCC(=O)OC1CC2CCCC1N2,inactive_single,0,7.8338757,4.234102
CHEMBL313918,C#CCC#CCO/N=C1CN2CCC1C2,inactive_single,0,7.3359003,2.2023165
CHEMBL314737,Nc1noc(C2CN3CCC2C3)n1,inactive_single,0,7.4151955,2.1807096
CHEMBL314831,O=C(C1CCC1)N(c1ccc(Br)cc1)C1CCN(Cc2ccccc2)CC1,active_single,1,2.7610285,8.285588
CHEMBL320465,CCCc1[nH]c2ccc3c(c2c1C(=O)OCC)CN1CCc2cc(OC)ccc2C1O3,active_single,1,1.1803678,5.9542155
CHEMBL3219031,CS(=O)(=O)Nc1cc([C@@H](O)CNCCCCCCCCCN2CCC(OC(=O)Nc3ccccc3-c3ccccc3)CC2)ccc1O,active_single,1,16.492012,7.8734374
CHEMBL3219032,CS(=O)(=O)Nc1cc([C@@H](O)CNCCCCCCCCCN2CCC(OC(=O)Nc3ccccc3-c3ccc(O)cc3)CC2)ccc1O,active_single,1,16.507992,7.846775
CHEMBL3219033,CS(=O)(=O)Nc1cc([C@@H](O)CNCCCCCCCCCN2CCC(OC(=O)Nc3ccccc3-c3cccc(O)c3)CC2)ccc1O,active_single,1,16.508987,7.9163613
CHEMBL3219034,CS(=O)(=O)Nc1cc([C@@H](O)CNCCCCCCCCCN2CCC(OC(=O)Nc3ccccc3-c3ccccc3O)CC2)ccc1O,active_single,1,16.473925,7.8970656
CHEMBL3219035,CS(=O)(=O)Nc1cc([C@@H](O)CNCCCCCCCCCN2CCC(OC(=O)Nc3ccccc3-c3ccc(F)cc3O)CC2)ccc1O,active_single,1,16.473608,7.8366156
CHEMBL3219036,CS(=O)(=O)Nc1cc([C@@H](O)CNCCCCCCCCCN2CCC(OC(=O)Nc3ccccc3-c3cccc(F)c3O)CC2)ccc1O,active_single,1,16.476324,7.8978825
CHEMBL3219037,CS(=O)(=O)Nc1cc([C@@H](O)CNCCCCCCCCCN2CCC(OC(=O)Nc3ccccc3-c3cc(C#N)ccc3O)CC2)ccc1O,active_single,1,16.487373,7.891179
CHEMBL3219038,CS(=O)(=O)Nc1cc([C@@H](O)CNCCCCCCCCCN2CCC(OC(=O)Nc3ccccc3-c3cc(F)cc(F)c3O)CC2)ccc1O,active_single,1,16.502674,7.868166
CHEMBL3219039,CS(=O)(=O)Nc1cc([C@@H](O)CNCCCCCCCCCN2CCC(OC(=O)Nc3ccccc3-c3cc(O)cc(F)c3)CC2)ccc1O,active_single,1,16.498787,7.8636312
CHEMBL3219040,CS(=O)(=O)Nc1cc([C@@H](O)CNCCCCCCCCCN2CCC(OC(=O)Nc3ccccc3-c3ccc(O)c(F)c3)CC2)ccc1O,active_single,1,16.489222,7.8702955
CHEMBL3219041,CS(=O)(=O)Nc1cc([C@@H](O)CNCCCCCCCCCN2CCC(OC(=O)Nc3ccccc3-c3cc(F)c(O)cc3F)CC2)ccc1O,active_single,1,16.496132,7.918812
CHEMBL3219042,CS(=O)(=O)Nc1cc([C@@H](O)CNCCCCCCCCCN2CCC(OC(=O)Nc3ccccc3-c3ccc(O)c(Cl)c3)CC2)ccc1O,active_single,1,16.515629,7.8250046
CHEMBL3219043,Cc1ccc(NC(=O)OC2CCN(CCCCCCCCCNC[C@H](O)c3ccc(O)c(NS(C)(=O)=O)c3)CC2)c(-c2ccc(O)c(Cl)c2)c1,active_single,1,16.543646,7.8226185
CHEMBL3219044,Cc1ccc(-c2ccc(O)c(Cl)c2)c(NC(=O)OC2CCN(CCCCCCCCCNC[C@H](O)c3ccc(O)c(NS(C)(=O)=O)c3)CC2)c1,active_single,1,16.482395,7.903206
CHEMBL3219045,Cc1cc(C)c(NC(=O)OC2CCN(CCCCCCCCCNC[C@H](O)c3ccc(O)c(NS(C)(=O)=O)c3)CC2)c(-c2ccc(O)c(Cl)c2)c1,active_single,1,16.540815,7.827333
CHEMBL3219046,CS(=O)(=O)Nc1cc([C@@H](O)CNCCCCCCCCCN2CCC(OC(=O)Nc3ccc(F)cc3-c3ccc(O)c(Cl)c3)CC2)ccc1O,active_single,1,16.521978,7.8027587
CHEMBL3219047,CS(=O)(=O)Nc1cc([C@@H](O)CNCCCCCCCCCN2CCC(OC(=O)Nc3cc(F)ccc3-c3ccc(O)c(Cl)c3)CC2)ccc1O,active_single,1,16.508926,7.878744
CHEMBL3219048,CS(=O)(=O)Nc1cc([C@@H](O)CNCCCCCCCCN2CCC(OC(=O)Nc3ccccc3-c3ccc(O)c(Cl)c3)CC2)ccc1O,active_single,1,16.520704,7.828817
CHEMBL3219049,CS(=O)(=O)Nc1cc([C@@H](O)CNCCCCCCCCCCN2CCC(OC(=O)Nc3ccccc3-c3ccc(O)c(Cl)c3)CC2)ccc1O,active_single,1,16.516918,7.8352103
CHEMBL3219050,CS(=O)(=O)Nc1cc([C@@H](O)CNCCCCCCCCCCCN2CCC(OC(=O)Nc3ccccc3-c3ccc(O)c(Cl)c3)CC2)ccc1O,active_single,1,16.521263,7.80998
CHEMBL3219051,CS(=O)(=O)Nc1cc([C@@H](O)CNCCCCCCCCCN2CC[C@@H](OC(=O)Nc3ccccc3-c3ccc(O)c(Cl)c3)C2)ccc1O,active_single,1,16.53367,7.8110933
CHEMBL3219052,CS(=O)(=O)Nc1cc([C@@H](O)CNCCCCCCCCCN2C[C@H]3C[C@@]3(COC(=O)Nc3ccccc3-c3ccc(O)c(Cl)c3)C2)ccc1O,active_single,1,16.532808,7.758143
CHEMBL3219053,CS(=O)(=O)Nc1cc([C@@H](O)CNCCCCCCCCCN2C[C@@H]3[C@@H](COC(=O)Nc4ccccc4-c4ccc(O)c(Cl)c4)[C@@H]3C2)ccc1O,active_single,1,16.573114,7.7444167
CHEMBL3219054,CS(=O)(=O)Nc1cc([C@@H](O)CNCCCCCCCCCN2C3CCC2CC(OC(=O)Nc2ccccc2-c2ccc(O)c(Cl)c2)C3)ccc1O,active_single,1,16.525755,7.8118954
CHEMBL3219055,CS(=O)(=O)Nc1cc([C@@H](O)CNCCc2ccc(OCCN3CCC(OC(=O)Nc4ccccc4-c4ccc(O)c(Cl)c4)CC3)cc2)ccc1O,active_single,1,16.615469,7.943045
CHEMBL3219056,CS(=O)(=O)Nc1cc([C@@H](O)CNCCc2ccc(OCCCN3CCC(OC(=O)Nc4ccccc4-c4ccc(O)c(Cl)c4)CC3)cc2)ccc1O,active_single,1,16.553745,7.8443747
CHEMBL3236549,CC(C)c1cc(N2CC[C@@H](N)C2)nc(N)n1,active_single,1,-3.0444252,12.495941
CHEMBL324936,CCN1CC=C(c2ccccc2)C(C(=O)OC2CCCCC2)C1.O=C(O)C(=O)O,active_single,1,8.307743,9.0201
CHEMBL326450,CCCCc1[nH]c2ccc3c(c2c1C(=O)OCC)CN1CCc2cc(OC)ccc2C1O3,active,1,1.1447986,5.9618697
CHEMBL327664,OC1(C2=CN3CCC2CC3)c2ccccc2Oc2ccccc21,inactive_single,0,7.181955,2.0553083
CHEMBL3289390,C[N+]1(C)CCC[C@@H](OC(=O)C(O)(c2ccccc2)c2ccccc2)C1.[Br-],active_single,1,7.254749,3.738207
CHEMBL3289391,C[N+]1(C)CCC[C@H](OC(=O)C(O)(c2ccccc2)c2ccccc2)C1.[Br-],active_single,1,7.286423,3.7194037
CHEMBL330692,OC1(C2=CN3CCC2CC3)c2ccccc2C=Cc2ccccc21,active_single,1,7.1806245,2.3175907
CHEMBL330885,CCN1CC=C(c2ccccc2)C(C(=O)OC)C1.O=C(O)C(=O)O,inactive_single,0,8.305678,9.035534
CHEMBL3309715,C[C@@]1(C[N+](C)(C)C)COCCO1.[I-],inactive_single,0,4.63926,1.4559544
CHEMBL3309717,C[C@H]1OCCO[C@@H]1C[N+](C)(C)C.[I-],inactive_single,0,4.6879325,1.5394639
CHEMBL3309718,C[N+](C)(C)C[C@@H]1COCCO1.[I-],inactive_single,0,4.7639613,1.558782
CHEMBL330999,CCN1CC=C(c2ccccc2)C(C(=O)OCC2CCCCC2)C1.O=C(O)C(=O)O,active_single,1,8.305339,9.059036
CHEMBL332181,CCCCOC(=O)C1CN(CC)CC=C1c1ccccc1.O=C(O)C(=O)O,active_single,1,8.343041,9.086942
CHEMBL332645,CCN1CC=C(c2ccccc2)C(C(=O)Oc2ccccc2)C1.O=C(O)C(=O)O,inactive_single,0,8.334256,9.075606
CHEMBL332980,CCN1CCC(c2ccccc2)=C(C(=O)OC2CCCCC2)C1.O=C(O)C(=O)O,active_single,1,8.137497,8.895107
CHEMBL334245,CCCCCCCOC(=O)C1=C(c2ccccc2)CCN(CC)C1.O=C(O)C(=O)O,active_single,1,8.130005,8.907506
CHEMBL334255,CCCCCCCCCCCCCCCC[n+]1ccccc1.[Br-],active,1,7.4365344,5.028118
CHEMBL3350062,C[C@@H]1O[C@H]([C@H]2CCCN2C)C[S@@+]1[O-],inactive_single,0,4.6399717,3.084667
CHEMBL3350063,C[C@H]1O[C@@H]([C@H]2CCCN2C)C[S@+]1[O-],inactive_single,0,4.6901503,3.0963218
CHEMBL3350064,C[C@@H]1O[C@H]([C@@H]2CCCN2C)C[S@@+]1[O-],inactive_single,0,4.7123704,3.119047
CHEMBL3351103,C[C@@H]1O[C@H]([C@H]2CCCN2C)C[S@+]1[O-],inactive_single,0,4.6442933,3.134102
CHEMBL3351104,C[C@H]1O[C@@H]([C@H]2CCCN2C)C[S@@+]1[O-],inactive_single,0,4.6875753,3.1350253
CHEMBL3351105,C[C@@H]1O[C@H]([C@@H]2CCCN2C)C[S@+]1[O-],inactive_single,0,4.6235943,3.1085134
CHEMBL3354066,CN1CCC=C(c2nsnc2OCCCC2CCN(CCCN3C(=O)CCc4ccccc43)CC2)C1,active_single,1,7.554129,7.5108943
CHEMBL3354067,CN1CCC=C(c2nsnc2OCCCCCC2CCN(CCCN3C(=O)CCc4ccccc43)CC2)C1,active_single,1,7.538825,7.496835
CHEMBL3354068,CN1CCC=C(c2nsnc2OCCCCCCCC2CCN(CCCN3C(=O)CCc4ccccc43)CC2)C1,active_single,1,7.560709,7.518023
CHEMBL3354069,CN1CCC=C(c2nsnc2OCCCCCCCCCC2CCN(CCCN3C(=O)CCc4ccccc43)CC2)C1,active_single,1,7.581484,7.5102863
CHEMBL3354070,CN1CCC=C(c2nsnc2OCCCCCCCCCCCC2CCN(CCCN3C(=O)CCc4ccccc43)CC2)C1,active_single,1,7.5596414,7.5167885
CHEMBL3354071,CN1CCC=C(c2nsnc2OCCCCCCCCCCCCCC2CCN(CCCN3C(=O)CCc4ccccc43)CC2)C1,active_single,1,7.561179,7.49867
CHEMBL3354072,O=C1CCc2ccccc2N1CCCN1CCC(CCCO)CC1,inactive_single,0,7.400466,7.231548
CHEMBL3354075,O=C1CCc2ccccc2N1CCCN1CCC(CCCCCCCCCO)CC1,active_single,1,7.421157,7.2273345
CHEMBL3354078,O=C1CCc2ccccc2N1CCCN1CCC(CCCCCCCCCC2CCN(CCCN3C(=O)CCc4ccccc43)CC2)CC1,active_single,1,7.40662,7.2480006
CHEMBL335542,CN1CCC=C(c2nsnc2OCCOCCOCCOCCOc2nsnc2C2=CCCN(C)C2)C1,active_single,1,7.844723,7.871042
CHEMBL3359597,C[C@@H]1OCCO[C@@H]1C[N+](C)(C)C.[I-],inactive_single,0,4.631499,1.4578842
CHEMBL3401640,O=C(N[C@H]1CN2CCC1CC2)C(O)(c1ccccc1)c1ccccc1,active_single,1,7.4523096,1.9314523
CHEMBL3401641,O=C(N[C@H]1CN2CCC1CC2)C(O)(c1cccs1)c1cccs1,active_single,1,7.505048,1.7427969
CHEMBL3401642,O=C(N[C@H]1CN2CCC1CC2)C(c1cccs1)c1cccs1,active_single,1,7.5457187,1.8206933
CHEMBL3401643,O=C(N[C@H]1CN2CCC1CC2)[C@](O)(c1cccs1)C1CCCC1,active_single,1,7.548014,1.8166698
CHEMBL3401644,CCC(O)(C(=O)N[C@H]1CN2CCC1CC2)c1cccs1,active,1,7.5518184,1.778213
CHEMBL3401645,O=C(N[C@H]1CN2CCC1CC2)C1(O)c2ccccc2-c2ccccc21,active_single,1,7.407282,1.8336916
CHEMBL3401646,O=C(N[C@H]1CN2CCC1CC2)C1c2ccccc2Oc2ccccc21,active_single,1,7.5039134,1.8791143
CHEMBL3401647,CN(C(=O)C1c2ccccc2Oc2ccccc21)[C@H]1CN2CCC1CC2,active_single,1,7.5300603,1.8404912
CHEMBL3401648,O=C(N[C@H]1C[N+]2(CCCc3ccccc3)CCC1CC2)C(O)(c1cccs1)c1cccs1.[Br-],active_single,1,8.215288,-0.3758749
CHEMBL3401649,O=C(N[C@H]1C[N+]2(CCCc3cccs3)CCC1CC2)C(O)(c1cccs1)c1cccs1.[Br-],active_single,1,8.141211,-0.32806483
CHEMBL3401650,O=C(N[C@H]1C[N+]2(CCOc3ccccc3)CCC1CC2)C(O)(c1cccs1)c1cccs1.[Br-],active_single,1,8.094643,-0.25777388
CHEMBL3401651,O=C(N[C@H]1C[N+]2(CCCOc3ccccc3)CCC1CC2)C(O)(c1cccs1)c1cccs1.[Br-],active_single,1,8.124155,-0.2417668
CHEMBL3401652,O=C(N[C@H]1C[N+]2(CCCOc3ccccc3)CCC1CC2)C(c1cccs1)c1cccs1.[Br-],active_single,1,8.014933,-0.025884172
CHEMBL3401653,CN(CCC[N+]12CCC(CC1)[C@@H](NC(=O)C1(O)c3ccccc3-c3ccccc31)C2)c1ccccc1.[Cl-],active_single,1,7.6409683,0.30479416
CHEMBL3401654,O=C(N[C@H]1C[N+]2(CCCOc3ccccc3)CCC1CC2)C1c2ccccc2Oc2ccccc21.[Br-],active_single,1,7.9488125,0.21100421
CHEMBL3401655,CN(C(=O)C1c2ccccc2Oc2ccccc21)[C@H]1C[N+]2(CCCn3cccc3)CCC1CC2.[Br-],active_single,1,7.8653107,0.48104843
CHEMBL3401656,CN(C(=O)C1c2ccccc2Oc2ccccc21)[C@H]1C[N+]2(CCCOc3ccc(-c4ccccc4)cc3)CCC1CC2.[Cl-],active_single,1,7.904175,0.32086444
CHEMBL340780,CCCCCCOC(=O)[C@H]1CN(CC)CC[C@H]1c1ccccc1.O=C(O)C(=O)O,active_single,1,8.234135,9.00262
CHEMBL3426687,O=C(CCN1CCC(OC(=O)Nc2ccccc2-c2ccccc2)CC1)Nc1ccc(CNC[C@H](O)c2ccc(O)c3[nH]c(=O)ccc23)cc1,active_single,1,20.62757,9.465826
CHEMBL3426688,O=C(CCN1CCC(OC(=O)Nc2ccccc2-c2ccccc2)CC1)Nc1ccc(CNC[C@H](O)c2ccc(O)c3[nH]c(=O)ccc23)cc1Cl,active_single,1,20.562475,9.537585
CHEMBL3426689,COc1cc(CNC[C@H](O)c2ccc(O)c3[nH]c(=O)ccc23)ccc1NC(=O)CCN1CCC(OC(=O)Nc2ccccc2-c2ccccc2)CC1,active_single,1,20.56833,9.529164
CHEMBL3426690,O=C(CCN1CCC(OC(=O)Nc2ccccc2-c2ccccc2)CC1)Nc1ccc(CNC[C@H](O)c2ccc(O)c3[nH]c(=O)ccc23)c(Cl)c1,active_single,1,20.530973,9.514483
CHEMBL3426691,COc1cc(NC(=O)CCN2CCC(OC(=O)Nc3ccccc3-c3ccccc3)CC2)ccc1CNC[C@H](O)c1ccc(O)c2[nH]c(=O)ccc12,active_single,1,20.531607,9.550989
CHEMBL3426692,COc1c(CNC[C@H](O)c2ccc(O)c3[nH]c(=O)ccc23)ccc(NC(=O)CCN2CCC(OC(=O)Nc3ccccc3-c3ccccc3)CC2)c1Cl,active_single,1,20.505373,9.581324
CHEMBL3426693,Cc1cc(CNC[C@H](O)c2ccc(O)c3[nH]c(=O)ccc23)ccc1NC(=O)CCN1CCC(OC(=O)Nc2ccccc2-c2ccccc2)CC1,active_single,1,20.614773,9.498713
CHEMBL3426694,Cc1cc(NC(=O)CCN2CCC(OC(=O)Nc3ccccc3-c3ccccc3)CC2)ccc1CNC[C@H](O)c1ccc(O)c2[nH]c(=O)ccc12,active_single,1,20.511051,9.546115
CHEMBL3426695,COc1c(CNC[C@H](O)c2ccc(O)c3[nH]c(=O)ccc23)ccc(NC(=O)CCN2CCC(OC(=O)Nc3ccccc3-c3ccccc3)CC2)c1C,active_single,1,20.535782,9.545004
CHEMBL3426696,COc1cc(NC(=O)CCN2CCC(OC(=O)Nc3ccccc3-c3ccccc3)CC2)c(C)cc1CNC[C@H](O)c1ccc(O)c2[nH]c(=O)ccc12,active_single,1,20.508083,9.554346
CHEMBL3426697,O=C(CCN1CCC(OC(=O)Nc2ccccc2-c2ccccc2)CC1)NCCCCCNC[C@H](O)c1ccc(O)c2[nH]c(=O)ccc12,active_single,1,20.09356,9.602398
CHEMBL3426698,O=C(CCN1CCC(OC(=O)Nc2ccccc2-c2ccccc2)CC1)N[C@H]1CC[C@H](CNC[C@H](O)c2ccc(O)c3[nH]c(=O)ccc23)CC1,active_single,1,20.208868,9.576881
CHEMBL3426699,O=C(Nc1ccccc1-c1ccccc1)OC1CCN(CCNC(=O)c2ccc(CNC[C@H](O)c3ccc(O)c4[nH]c(=O)ccc34)cc2)CC1,active_single,1,20.361122,9.602072
CHEMBL3426700,COc1cc(C(=O)NCCN2CCC(OC(=O)Nc3ccccc3-c3ccccc3)CC2)ccc1CNC[C@H](O)c1ccc(O)c2[nH]c(=O)ccc12,active_single,1,20.451239,9.62986
CHEMBL3426701,Cc1cc(C(=O)NCCN2CCC(OC(=O)Nc3ccccc3-c3ccccc3)CC2)c(C)cc1CNC[C@H](O)c1ccc(O)c2[nH]c(=O)ccc12,active_single,1,20.42942,9.59913
CHEMBL3426702,CN(CCN1CCC(OC(=O)Nc2ccccc2-c2ccccc2)CC1)C(=O)c1ccc(CNC[C@H](O)c2ccc(O)c3[nH]c(=O)ccc23)cc1,active_single,1,20.63211,9.495302
CHEMBL3426703,COc1cc(N(C)C(=O)CCN2CCC(OC(=O)Nc3ccccc3-c3ccccc3)CC2)c(Cl)cc1CNC[C@H](O)c1ccc(O)c2[nH]c(=O)ccc12,active_single,1,20.726677,9.522552
CHEMBL3426704,COc1cc(N(C)C(=O)CCN2CCC(OC(=O)Nc3ccccc3-c3ccccc3)CC2)ccc1CNC[C@H](O)c1ccc(O)c2[nH]c(=O)ccc12,active,1,20.79875,9.604613
CHEMBL3426705,Cc1cc(CNC[C@H](O)c2ccc(O)c3[nH]c(=O)ccc23)ccc1N(C)C(=O)CCN1CCC(OC(=O)Nc2ccccc2-c2ccccc2)CC1,active_single,1,21.005215,9.55237
CHEMBL3426706,O=C(CCN1CCC(OC(=O)Nc2ccccc2-c2ccccc2)CC1)Nc1cccc(CCNC[C@H](O)c2ccc(O)c3[nH]c(=O)ccc23)c1,active_single,1,20.745522,9.44494
CHEMBL3426707,COc1ccc(CCNC[C@H](O)c2ccc(O)c3[nH]c(=O)ccc23)cc1NC(=O)CCN1CCC(OC(=O)Nc2ccccc2-c2ccccc2)CC1,active_single,1,20.570847,9.51942
CHEMBL3426708,COc1ccc(NC(=O)CCN2CCC(OC(=O)Nc3ccccc3-c3ccccc3)CC2)cc1CCNC[C@H](O)c1ccc(O)c2[nH]c(=O)ccc12,active_single,1,20.568129,9.5046015
CHEMBL343449,Nc1ccc(CN2CCC(NC(=O)[C@](O)(c3ccccc3)[C@@H]3CCC(F)(F)C3)CC2)cc1,active_single,1,3.7425141,6.486963
CHEMBL343644,CC(C)=CCCN1CCC(NC(=O)[C@](O)(c2ccccc2)[C@H]2CC[C@H](F)C2)CC1,active_single,1,3.9790204,6.631288
CHEMBL343659,Cc1cccc(CN2CCC(NC(=O)C(O)(c3ccccc3)C3CCCC3)CC2)n1,active_single,1,4.3351927,7.1056533
CHEMBL344892,CO/N=C(C#N)C12CCN(CC1)C2,active_single,1,-1.8005135,0.718438
CHEMBL345985,O=C(NC1CCN(CC2CCCC2)CC1)C(O)(c1ccccc1)C1CCCC1,active_single,1,4.3278418,6.9989376
CHEMBL346194,O=C(NC1CCN(Cc2ccccn2)CC1)C(O)(c1ccccc1)C1CCCC1,active_single,1,4.3620205,7.1259465
CHEMBL3480577,Cc1ccc2nc(CNCCCOc3ccccc3)cc(O)c2c1,inactive,0,16.880386,8.554925
CHEMBL352779,CN(C)CCNC(=O)C1=C(Cc2ccccn2)c2ccccc2C1,inactive_single,0,8.29649,5.9842815
CHEMBL353140,CCN(CCCCC1CCN(CC(=O)N2c3ccccc3NC(=O)c3ccccc32)CC1)C(=O)c1ccc(F)cc1,active_single,1,1.0519507,1.1749719
CHEMBL353290,CC(C1=C(CCN(C)C)Cc2ccc(F)cc21)c1ccccn1,active_single,1,8.338578,6.029073
CHEMBL3545181,C[N+]1(C)[C@@H]2C[C@@H](OC(=O)C(O)(c3cccs3)c3cccs3)C[C@H]1[C@@H]1O[C@@H]12.O.[Br-],active,1,8.237594,3.6104143
CHEMBL354523,CCC(C1=C(CCN(C)C)Cc2cc(Cl)ccc21)c1ccccn1,active_single,1,8.400232,6.1105433
CHEMBL354678,CCC(C1=C(CCN(C)C)Cc2ccccc21)c1ccccn1,active_single,1,8.300494,5.980034
CHEMBL355851,CN(C)CCNC(=O)C1=C(Cc2cccnc2)c2ccccc2C1,inactive_single,0,8.241317,5.938579
CHEMBL356181,Nc1ccc(CN2CCC(NC(=O)[C@](O)(c3ccccc3)[C@@H]3CCC(F)(F)C3)CC2)cc1F,active_single,1,3.774015,6.4687624
CHEMBL356305,Cc1cc(CN2CCC(NC(=O)C(O)(c3ccccc3)C3CCCC3)CC2)cs1,active_single,1,4.3043976,7.0769844
CHEMBL356505,O=C(NC1CCN(Cc2ccsc2)CC1)[C@](O)(c1ccccc1)[C@@H]1CCC(F)(F)C1,active_single,1,3.775449,6.5185895
CHEMBL358193,O=C(NC1CCN(Cc2ccsc2)CC1)C(O)(c1ccccc1)C1CCCC1,active_single,1,4.318932,7.088331
CHEMBL358289,O=C(NC1CCN(CC2CCCCCC2)CC1)[C@](O)(c1ccccc1)[C@@H]1CCC(F)(F)C1,active_single,1,3.9155157,6.562959
CHEMBL358726,Cc1cccc(CN2CCC(NC(=O)C(O)(c3ccccc3)C3CCCC3)CC2)c1,active_single,1,4.2689586,7.0892243
CHEMBL359197,O=C(NC1CCN(Cc2ccncc2)CC1)C(O)(c1ccccc1)C1CCCC1,active_single,1,4.338038,7.1108146
CHEMBL359220,CC(C)=CCCN1CCC(NC(=O)[C@](O)(c2ccccc2)[C@H]2CC[C@H](O)C2)CC1,active_single,1,4.005156,6.6584296
CHEMBL3629353,O=C(Nc1ccccc1-c1ccc(O)c(Cl)c1)OC1CCN(CCCCCCCCCNC[C@H](O)c2ccc(O)c3[nH]c(=O)ccc23)CC1,active_single,1,19.932178,9.64676
CHEMBL3629354,CN1CCC(Cn2cnc(C(O)(c3ccccc3)c3ccccc3)n2)CC1,active_single,1,5.740603,4.6674204
CHEMBL3629355,CN1CCC(Cn2cnc(C(O)(c3ccccc3)C3CCCCC3)n2)CC1,active_single,1,5.5246787,4.528817
CHEMBL3629356,O=c1ccc2c([C@@H](O)CNCCCCCCCCCN3CCC(Cn4cnc(C(O)(c5ccccc5)c5ccccc5)n4)CC3)ccc(O)c2[nH]1,active_single,1,19.515469,9.702326
CHEMBL3629357,O=c1ccc2c([C@@H](O)CNCCc3ccc(CCN4CCC(Cn5cnc(C(O)(c6ccccc6)c6ccccc6)n5)CC4)cc3)ccc(O)c2[nH]1,active_single,1,19.488754,9.710038
CHEMBL3629358,O=c1ccc2c([C@@H](O)CNCCCCCCCCCN3CCC(Cn4cnc(C(O)(c5ccccc5)C5CCCCC5)n4)CC3)ccc(O)c2[nH]1,active_single,1,19.510786,9.700316
CHEMBL3629359,O=c1ccc2c([C@@H](O)CNCCCCCCCCCN3CCC(Cn4cnc([C@](O)(c5ccccc5)C5CCCCC5)n4)CC3)ccc(O)c2[nH]1,active_single,1,19.463503,9.698278
CHEMBL3629360,O=c1ccc2c([C@@H](O)CNCCc3ccc(CCN4CCC(Cn5cnc([C@](O)(c6ccccc6)C6CCCCC6)n5)CC4)cc3)ccc(O)c2[nH]1,active_single,1,19.503506,9.711728
CHEMBL3629531,COc1ccc(CCNC(=O)C2(c3ccccc3)CCN(C)CC2)cc1OC,inactive_single,0,6.446161,8.813452
CHEMBL3629535,COc1ccc(CCC(=O)NCC2(c3ccccc3)CCN(C)CC2)cc1OC,inactive_single,0,6.4919267,8.810094
CHEMBL3629538,COc1ccc(CCNC(=O)NCC2(c3ccccc3)CCN(C)CC2)cc1OC,inactive_single,0,6.503414,8.803494
CHEMBL3633650,CN(CC(=O)c1c(-c2ccccc2)[nH]c2ccccc12)CC(=O)N1CCOCC1,inactive,0,6.9759173,6.8140945
CHEMBL3633665,CN(CCN1CCOCC1)CC(=O)c1c(-c2ccccc2)[nH]c2ccccc12,inactive,0,8.910036,9.819122
CHEMBL3639442,C[C@H](Cc1ccc(CCNC(=O)Cc2ccc(N(C)C(=O)CCN3CCC(OC(=O)Nc4ccccc4-c4ccccc4)CC3)cc2)cc1)NC[C@H](O)c1ccc(O)c2[nH]c(=O)ccc12,active,1,21.98292,9.415559
CHEMBL3643413,CCC(=O)N1CC[C@H](Nc2ncnc3c2CN(c2cnc(OC)c(C(F)(F)F)c2)CC3)C1,inactive_single,0,6.03666,9.117473
CHEMBL3645274,Cc1cc(CNC[C@H](O)c2ccc(O)c3[nH]c(=O)ccc23)ccc1NC(=O)CCCN(C)C(=O)CCN1CCC(OC(=O)Nc2ccccc2-c2ccccc2)CC1,active,1,20.72429,9.356392
CHEMBL3645275,COc1cc(CNC[C@H](O)c2ccc(O)c3[nH]c(=O)ccc23)ccc1NC(=O)CCCN(C)C(=O)CCN1CCC(OC(=O)Nc2ccccc2-c2ccccc2)CC1,active,1,20.694063,9.393479
CHEMBL3645276,COc1cc(NC(=O)CCCN(C)C(=O)CCN2CCC(OC(=O)Nc3ccccc3-c3ccccc3)CC2)ccc1CNC[C@H](O)c1ccc(O)c2[nH]c(=O)ccc12,active,1,20.675018,9.44239
CHEMBL3645277,Cc1cc(NC(=O)CCCN(C)C(=O)CCN2CCC(OC(=O)Nc3ccccc3-c3ccccc3)CC2)c(C)cc1CNC[C@H](O)c1ccc(O)c2[nH]c(=O)ccc12,active,1,20.729399,9.384875
CHEMBL3645278,COc1cc(NC(=O)CCCN(C)C(=O)CCN2CCC(OC(=O)Nc3ccccc3-c3ccccc3)CC2)c(Cl)cc1CNC[C@H](O)c1ccc(O)c2[nH]c(=O)ccc12,active,1,20.686506,9.485623
CHEMBL3645279,COc1ccc(NC(=O)CCCN(C)C(=O)CCN2CCC(OC(=O)Nc3ccccc3-c3ccccc3)CC2)cc1CCNC[C@H](O)c1ccc(O)c2[nH]c(=O)ccc12,active,1,20.608747,9.456283
CHEMBL3645280,CC(Cc1cccc(NC(=O)CCCN(C)C(=O)CCN2CCC(OC(=O)Nc3ccccc3-c3ccccc3)CC2)c1)NC[C@H](O)c1ccc(O)c2[nH]c(=O)ccc12,active,1,21.066051,9.246461
CHEMBL3645281,CC(Cc1cccc(CC(=O)NCCCN(C)C(=O)CCN2CCC(OC(=O)Nc3ccccc3-c3ccccc3)CC2)c1)NC[C@H](O)c1ccc(O)c2[nH]c(=O)ccc12,active,1,21.598036,9.106885
CHEMBL3645282,C[C@H](Cc1cccc(CC(=O)NCCCN(C)C(=O)CCN2CCC(OC(=O)Nc3ccccc3-c3ccccc3)CC2)c1)NC[C@H](O)c1ccc(O)c2[nH]c(=O)ccc12,active,1,21.587936,9.116715
CHEMBL3645283,Cc1cc(CNC[C@H](O)c2ccc(O)c3[nH]c(=O)ccc23)ccc1NC(=O)CCCCN(C)C(=O)CCN1CCC(OC(=O)Nc2ccccc2-c2ccccc2)CC1,active,1,20.741777,9.362451
CHEMBL3645284,COc1cc(CNC[C@H](O)c2ccc(O)c3[nH]c(=O)ccc23)ccc1NC(=O)CCCCN(C)C(=O)CCN1CCC(OC(=O)Nc2ccccc2-c2ccccc2)CC1,active,1,20.745655,9.362486
CHEMBL3645285,COc1cc(NC(=O)CCCCN(C)C(=O)CCN2CCC(OC(=O)Nc3ccccc3-c3ccccc3)CC2)ccc1CNC[C@H](O)c1ccc(O)c2[nH]c(=O)ccc12,active,1,20.66365,9.440121
CHEMBL3645286,COc1cc(NC(=O)CCCCN(C)C(=O)CCN2CCC(OC(=O)Nc3ccccc3-c3ccccc3)CC2)c(Cl)cc1CNC[C@H](O)c1ccc(O)c2[nH]c(=O)ccc12,active,1,20.68391,9.408285
CHEMBL3645287,CN(CCCCC(=O)Nc1cccc(CCNC[C@H](O)c2ccc(O)c3[nH]c(=O)ccc23)c1)C(=O)CCN1CCC(OC(=O)Nc2ccccc2-c2ccccc2)CC1,active,1,20.847235,9.347985
CHEMBL3645288,CN(CCCCC(=O)Nc1ccc(CCNC[C@H](O)c2ccc(O)c3[nH]c(=O)ccc23)cc1)C(=O)CCN1CCC(OC(=O)Nc2ccccc2-c2ccccc2)CC1,active,1,20.721107,9.289407
CHEMBL3645289,CC(Cc1cccc(CC(=O)NCCCCN(C)C(=O)CCN2CCC(OC(=O)Nc3ccccc3-c3ccccc3)CC2)c1)NC[C@H](O)c1ccc(O)c2[nH]c(=O)ccc12,active,1,21.562025,9.101741
CHEMBL3645290,C[C@H](Cc1cccc(CC(=O)NCCCCN(C)C(=O)CCN2CCC(OC(=O)Nc3ccccc3-c3ccccc3)CC2)c1)NC[C@H](O)c1ccc(O)c2[nH]c(=O)ccc12,active,1,21.545124,9.086986
CHEMBL3645291,C[C@@H](Cc1cccc(CC(=O)NCCCCN(C)C(=O)CCN2CCC(OC(=O)Nc3ccccc3-c3ccccc3)CC2)c1)NC[C@H](O)c1ccc(O)c2[nH]c(=O)ccc12,active,1,21.574783,9.1043625
CHEMBL3645292,Cc1ccc(C(=O)Nc2ccc(CNC[C@H](O)c3ccc(O)c4[nH]c(=O)ccc34)cc2)cc1N(C)C(=O)CCN1CCC(OC(=O)Nc2ccccc2-c2ccccc2)CC1,active,1,21.302256,9.696544
CHEMBL3645293,Cc1cc(CNC[C@H](O)c2ccc(O)c3[nH]c(=O)ccc23)ccc1NC(=O)c1cccc(N(C)C(=O)CCN2CCC(OC(=O)Nc3ccccc3-c3ccccc3)CC2)c1,active,1,21.179874,9.580394
CHEMBL3645294,Cc1cc(CNC[C@H](O)c2ccc(O)c3[nH]c(=O)ccc23)ccc1NC(=O)c1ccc(C)c(N(C)C(=O)CCN2CCC(OC(=O)Nc3ccccc3-c3ccccc3)CC2)c1,active,1,21.20586,9.679558
CHEMBL3645295,COc1cc(CNC[C@H](O)c2ccc(O)c3[nH]c(=O)ccc23)ccc1NC(=O)c1cccc(N(C)C(=O)CCN2CCC(OC(=O)Nc3ccccc3-c3ccccc3)CC2)c1,active,1,21.130743,9.588409
CHEMBL3645296,Cc1cc(NC(=O)c2cccc(N(C)C(=O)CCN3CCC(OC(=O)Nc4ccccc4-c4ccccc4)CC3)c2)c(C)cc1CNC[C@H](O)c1ccc(O)c2[nH]c(=O)ccc12,active,1,21.143326,9.597203
CHEMBL3645297,COc1cc(NC(=O)c2cccc(N(C)C(=O)CCN3CCC(OC(=O)Nc4ccccc4-c4ccccc4)CC3)c2)c(Cl)cc1CNC[C@H](O)c1ccc(O)c2[nH]c(=O)ccc12,active,1,20.916786,9.572191
CHEMBL3645298,CN(C(=O)CCN1CCC(OC(=O)Nc2ccccc2-c2ccccc2)CC1)c1cccc(C(=O)Nc2cccc(CCNC[C@H](O)c3ccc(O)c4[nH]c(=O)ccc34)c2)c1,active,1,21.296371,9.569326
CHEMBL3645299,Cc1ccc(C(=O)Nc2cccc(CCNC[C@H](O)c3ccc(O)c4[nH]c(=O)ccc34)c2)cc1N(C)C(=O)CCN1CCC(OC(=O)Nc2ccccc2-c2ccccc2)CC1,active,1,21.352695,9.695204
CHEMBL3645300,CN(C(=O)CCN1CCC(OC(=O)Nc2ccccc2-c2ccccc2)CC1)c1cccc(C(=O)Nc2ccc(CCNC[C@H](O)c3ccc(O)c4[nH]c(=O)ccc34)cc2)c1,active,1,21.341047,9.61332
CHEMBL3645301,CC(Cc1cccc(NC(=O)c2cccc(N(C)C(=O)CCN3CCC(OC(=O)Nc4ccccc4-c4ccccc4)CC3)c2)c1)NC[C@H](O)c1ccc(O)c2[nH]c(=O)ccc12,active,1,21.50421,9.648325
CHEMBL3645302,Cc1ccc(C(=O)Nc2cccc(CC(C)NC[C@H](O)c3ccc(O)c4[nH]c(=O)ccc34)c2)cc1N(C)C(=O)CCN1CCC(OC(=O)Nc2ccccc2-c2ccccc2)CC1,active,1,21.438557,9.701969
CHEMBL3645303,C[C@H](Cc1cccc(NC(=O)c2cccc(N(C)C(=O)CCN3CCC(OC(=O)Nc4ccccc4-c4ccccc4)CC3)c2)c1)NC[C@H](O)c1ccc(O)c2[nH]c(=O)ccc12,active,1,21.497965,9.687076
CHEMBL3645304,C[C@@H](Cc1cccc(NC(=O)c2cccc(N(C)C(=O)CCN3CCC(OC(=O)Nc4ccccc4-c4ccccc4)CC3)c2)c1)NC[C@H](O)c1ccc(O)c2[nH]c(=O)ccc12,active,1,21.531021,9.660322
CHEMBL3645305,CC(Cc1ccc(NC(=O)c2cccc(N(C)C(=O)CCN3CCC(OC(=O)Nc4ccccc4-c4ccccc4)CC3)c2)cc1)NC[C@H](O)c1ccc(O)c2[nH]c(=O)ccc12,active,1,21.496315,9.685334
CHEMBL3645306,Cc1ccc(C(=O)Nc2ccc(CC(C)NC[C@H](O)c3ccc(O)c4[nH]c(=O)ccc34)cc2)cc1N(C)C(=O)CCN1CCC(OC(=O)Nc2ccccc2-c2ccccc2)CC1,active,1,21.397259,9.70287
CHEMBL3645307,C[C@H](Cc1ccc(NC(=O)c2cccc(N(C)C(=O)CCN3CCC(OC(=O)Nc4ccccc4-c4ccccc4)CC3)c2)cc1)NC[C@H](O)c1ccc(O)c2[nH]c(=O)ccc12,active,1,21.553741,9.672708
CHEMBL3645308,C[C@@H](Cc1ccc(NC(=O)c2cccc(N(C)C(=O)CCN3CCC(OC(=O)Nc4ccccc4-c4ccccc4)CC3)c2)cc1)NC[C@H](O)c1ccc(O)c2[nH]c(=O)ccc12,active,1,21.487988,9.740973
CHEMBL3645309,CC(Cc1cccc(CNC(=O)c2cccc(N(C)C(=O)CCN3CCC(OC(=O)Nc4ccccc4-c4ccccc4)CC3)c2)c1)NC[C@H](O)c1ccc(O)c2[nH]c(=O)ccc12,active,1,21.61725,9.642413
CHEMBL3645310,Cc1ccc(C(=O)NCc2cccc(CC(C)NC[C@H](O)c3ccc(O)c4[nH]c(=O)ccc34)c2)cc1N(C)C(=O)CCN1CCC(OC(=O)Nc2ccccc2-c2ccccc2)CC1,active,1,21.515755,9.708979
CHEMBL3645311,CC(Cc1ccc(CNC(=O)c2cccc(N(C)C(=O)CCN3CCC(OC(=O)Nc4ccccc4-c4ccccc4)CC3)c2)cc1)NC[C@H](O)c1ccc(O)c2[nH]c(=O)ccc12,active,1,21.606888,9.713254
CHEMBL3645312,Cc1ccc(C(=O)NCc2ccc(CC(C)NC[C@H](O)c3ccc(O)c4[nH]c(=O)ccc34)cc2)cc1N(C)C(=O)CCN1CCC(OC(=O)Nc2ccccc2-c2ccccc2)CC1,active,1,21.494804,9.709797
CHEMBL3645313,C[C@H](Cc1ccc(CNC(=O)c2cccc(N(C)C(=O)CCN3CCC(OC(=O)Nc4ccccc4-c4ccccc4)CC3)c2)cc1)NC[C@H](O)c1ccc(O)c2[nH]c(=O)ccc12,active,1,21.643106,9.641613
CHEMBL3645314,C[C@@H](Cc1ccc(CNC(=O)c2cccc(N(C)C(=O)CCN3CCC(OC(=O)Nc4ccccc4-c4ccccc4)CC3)c2)cc1)NC[C@H](O)c1ccc(O)c2[nH]c(=O)ccc12,active,1,21.66013,9.665995
CHEMBL3645315,C[C@H](Cc1cccc(CNC(=O)c2ccc(N(C)C(=O)CCN3CCC(OC(=O)Nc4ccccc4-c4ccccc4)CC3)cc2)c1)NC[C@H](O)c1ccc(O)c2[nH]c(=O)ccc12,active,1,21.854872,9.498476
CHEMBL3645316,C[C@@H](Cc1cccc(CNC(=O)c2ccc(N(C)C(=O)CCN3CCC(OC(=O)Nc4ccccc4-c4ccccc4)CC3)cc2)c1)NC[C@H](O)c1ccc(O)c2[nH]c(=O)ccc12,active,1,21.79141,9.571353
CHEMBL3645317,CC(Cc1cccc(CC(=O)Nc2cccc(N(C)C(=O)CCN3CCC(OC(=O)Nc4ccccc4-c4ccccc4)CC3)c2)c1)NC[C@H](O)c1ccc(O)c2[nH]c(=O)ccc12,active,1,21.711567,9.461463
CHEMBL3645318,CC(Cc1ccc(CC(=O)Nc2cccc(N(C)C(=O)CCN3CCC(OC(=O)Nc4ccccc4-c4ccccc4)CC3)c2)cc1)NC[C@H](O)c1ccc(O)c2[nH]c(=O)ccc12,active,1,21.781208,9.50016
CHEMBL3645319,COc1ccc(CC(=O)Nc2cccc(N(C)C(=O)CCN3CCC(OC(=O)Nc4ccccc4-c4ccccc4)CC3)c2)cc1CC(C)NC[C@H](O)c1ccc(O)c2[nH]c(=O)ccc12,active,1,22.069921,9.297585
CHEMBL3645320,C[C@H](Cc1cccc(CCNC(=O)c2ccc(N(C)C(=O)CCN3CCC(OC(=O)Nc4ccccc4-c4ccccc4)CC3)cc2)c1)NC[C@H](O)c1ccc(O)c2[nH]c(=O)ccc12,active,1,21.93739,9.5307
CHEMBL3645321,C[C@@H](Cc1cccc(CCNC(=O)c2ccc(N(C)C(=O)CCN3CCC(OC(=O)Nc4ccccc4-c4ccccc4)CC3)cc2)c1)NC[C@H](O)c1ccc(O)c2[nH]c(=O)ccc12,active,1,21.926302,9.532649
CHEMBL3645322,C[C@H](Cc1ccc(CCNC(=O)c2ccc(N(C)C(=O)CCN3CCC(OC(=O)Nc4ccccc4-c4ccccc4)CC3)cc2)cc1)NC[C@H](O)c1ccc(O)c2[nH]c(=O)ccc12,active,1,21.908728,9.553957
CHEMBL3645323,C[C@@H](Cc1ccc(CCNC(=O)c2ccc(N(C)C(=O)CCN3CCC(OC(=O)Nc4ccccc4-c4ccccc4)CC3)cc2)cc1)NC[C@H](O)c1ccc(O)c2[nH]c(=O)ccc12,active,1,21.96857,9.5312
CHEMBL3645324,CN(C(=O)CCN1CCC(OC(=O)Nc2ccccc2-c2ccccc2)CC1)c1cccc(CC(=O)Nc2ccc(CNC[C@H](O)c3ccc(O)c4[nH]c(=O)ccc34)cc2)c1,active,1,21.396896,9.475676
CHEMBL3645325,Cc1cc(NC(=O)Cc2cccc(N(C)C(=O)CCN3CCC(OC(=O)Nc4ccccc4-c4ccccc4)CC3)c2)c(C)cc1CNC[C@H](O)c1ccc(O)c2[nH]c(=O)ccc12,active,1,21.17831,9.488563
CHEMBL3645326,COc1cc(NC(=O)Cc2cccc(N(C)C(=O)CCN3CCC(OC(=O)Nc4ccccc4-c4ccccc4)CC3)c2)c(Cl)cc1CNC[C@H](O)c1ccc(O)c2[nH]c(=O)ccc12,active,1,20.984615,9.569603
CHEMBL3645327,CN(C(=O)CCN1CCC(OC(=O)Nc2ccccc2-c2ccccc2)CC1)c1cccc(CC(=O)Nc2cccc(CCNC[C@H](O)c3ccc(O)c4[nH]c(=O)ccc34)c2)c1,active,1,21.36888,9.514396
CHEMBL3645328,CN(C(=O)CCN1CCC(OC(=O)Nc2ccccc2-c2ccccc2)CC1)c1cccc(CC(=O)Nc2ccc(CCNC[C@H](O)c3ccc(O)c4[nH]c(=O)ccc34)cc2)c1,active,1,21.386093,9.474495
CHEMBL3645329,CN(C(=O)CCN1CCC(OC(=O)Nc2ccccc2-c2ccccc2)CC1)c1ccc(CC(=O)NCc2ccc(CCNC[C@H](O)c3ccc(O)c4[nH]c(=O)ccc34)cc2)cc1,active,1,21.795023,9.297269
CHEMBL3645330,CN(C(=O)CCN1CCC(OC(=O)Nc2ccccc2-c2ccccc2)CC1)c1ccc(CC(=O)NCc2cccc(CCNC[C@H](O)c3ccc(O)c4[nH]c(=O)ccc34)c2)cc1,active,1,21.829176,9.2872505
CHEMBL3645331,CC(Cc1ccc(CNC(=O)Cc2ccc(N(C)C(=O)CCN3CCC(OC(=O)Nc4ccccc4-c4ccccc4)CC3)cc2)cc1)NC[C@H](O)c1ccc(O)c2[nH]c(=O)ccc12,active,1,22.059525,9.2831135
CHEMBL3645332,C[C@H](Cc1cccc(CNC(=O)Cc2ccc(N(C)C(=O)CCN3CCC(OC(=O)Nc4ccccc4-c4ccccc4)CC3)cc2)c1)NC[C@H](O)c1ccc(O)c2[nH]c(=O)ccc12,active,1,21.934414,9.310725
CHEMBL3645333,C[C@@H](Cc1cccc(CNC(=O)Cc2ccc(N(C)C(=O)CCN3CCC(OC(=O)Nc4ccccc4-c4ccccc4)CC3)cc2)c1)NC[C@H](O)c1ccc(O)c2[nH]c(=O)ccc12,active,1,21.968855,9.308348
CHEMBL3645334,Cc1ccc(CNC(=O)Cc2ccc(N(C)C(=O)CCN3CCC(OC(=O)Nc4ccccc4-c4ccccc4)CC3)cc2)cc1CC(C)NC[C@H](O)c1ccc(O)c2[nH]c(=O)ccc12,active,1,22.129148,9.2362
CHEMBL3645335,Cc1c(CNC(=O)Cc2ccc(N(C)C(=O)CCN3CCC(OC(=O)Nc4ccccc4-c4ccccc4)CC3)cc2)cccc1CC(C)NC[C@H](O)c1ccc(O)c2[nH]c(=O)ccc12,active,1,22.103025,9.259743
CHEMBL3645336,COc1ccc(CNC(=O)Cc2ccc(N(C)C(=O)CCN3CCC(OC(=O)Nc4ccccc4-c4ccccc4)CC3)cc2)cc1CC(C)NC[C@H](O)c1ccc(O)c2[nH]c(=O)ccc12,active,1,22.111137,9.254862
CHEMBL3645337,CC(Cc1cc(CNC(=O)Cc2ccc(N(C)C(=O)CCN3CCC(OC(=O)Nc4ccccc4-c4ccccc4)CC3)cc2)ccc1F)NC[C@H](O)c1ccc(O)c2[nH]c(=O)ccc12,active,1,22.142666,9.213687
CHEMBL3645338,CN(C(=O)CCN1CCC(OC(=O)Nc2ccccc2-c2ccccc2)CC1)c1ccc(CNC(=O)Cc2cccc(CNC[C@H](O)c3ccc(O)c4[nH]c(=O)ccc34)c2)cc1,active,1,21.836287,9.309505
CHEMBL3645339,CN(C(=O)CCN1CCC(OC(=O)Nc2ccccc2-c2ccccc2)CC1)c1ccc(CNC(=O)Cc2ccc(CNC[C@H](O)c3ccc(O)c4[nH]c(=O)ccc34)cc2)cc1,active,1,21.890093,9.323724
CHEMBL3645340,CN(C(=O)CCN1CCC(OC(=O)Nc2ccccc2-c2ccccc2)CC1)c1ccc(CNC(=O)Cc2cccc(CCNC[C@H](O)c3ccc(O)c4[nH]c(=O)ccc34)c2)cc1,active,1,21.873535,9.3339405
CHEMBL3645341,CC(Cc1cccc(CC(=O)NCc2ccc(N(C)C(=O)CCN3CCC(OC(=O)Nc4ccccc4-c4ccccc4)CC3)cc2)c1)NC[C@H](O)c1ccc(O)c2[nH]c(=O)ccc12,active,1,22.050488,9.299801
CHEMBL3645342,C[C@H](Cc1cccc(CC(=O)NCc2ccc(N(C)C(=O)CCN3CCC(OC(=O)Nc4ccccc4-c4ccccc4)CC3)cc2)c1)NC[C@H](O)c1ccc(O)c2[nH]c(=O)ccc12,active,1,21.971817,9.31262
CHEMBL3645343,C[C@@H](Cc1cccc(CC(=O)NCc2ccc(N(C)C(=O)CCN3CCC(OC(=O)Nc4ccccc4-c4ccccc4)CC3)cc2)c1)NC[C@H](O)c1ccc(O)c2[nH]c(=O)ccc12,active,1,21.94615,9.313751
CHEMBL3645344,CC(Cc1ccc(CC(=O)NCc2ccc(N(C)C(=O)CCN3CCC(OC(=O)Nc4ccccc4-c4ccccc4)CC3)cc2)cc1)NC[C@H](O)c1ccc(O)c2[nH]c(=O)ccc12,active,1,22.06298,9.292103
CHEMBL3645345,COc1ccc(CC(=O)NCc2ccc(N(C)C(=O)CCN3CCC(OC(=O)Nc4ccccc4-c4ccccc4)CC3)cc2)cc1CC(C)NC[C@H](O)c1ccc(O)c2[nH]c(=O)ccc12,active,1,22.12001,9.239184
CHEMBL3645346,COc1ccc(CC(=O)NCc2ccc(N(C)C(=O)CCN3CCC(OC(=O)Nc4ccccc4-c4ccccc4)CC3)cc2)cc1C[C@@H](C)NC[C@H](O)c1ccc(O)c2[nH]c(=O)ccc12,active,1,22.115639,9.253943
CHEMBL3645347,COc1ccc(CC(=O)NCc2ccc(N(C)C(=O)CCN3CCC(OC(=O)Nc4ccccc4-c4ccccc4)CC3)cc2)cc1C[C@H](C)NC[C@H](O)c1ccc(O)c2[nH]c(=O)ccc12,active,1,22.128136,9.216636
CHEMBL3645348,CC(Cc1cc(CC(=O)NCc2ccc(N(C)C(=O)CCN3CCC(OC(=O)Nc4ccccc4-c4ccccc4)CC3)cc2)ccc1F)NC[C@H](O)c1ccc(O)c2[nH]c(=O)ccc12,active,1,22.099981,9.256789
CHEMBL3645349,CC(Cc1cccc(CCNC(=O)Cc2ccc(N(C)C(=O)CCN3CCC(OC(=O)Nc4ccccc4-c4ccccc4)CC3)cc2)c1)NC[C@H](O)c1ccc(O)c2[nH]c(=O)ccc12,active,1,21.979784,9.360919
CHEMBL3645350,C[C@@H](Cc1cccc(CCNC(=O)Cc2ccc(N(C)C(=O)CCN3CCC(OC(=O)Nc4ccccc4-c4ccccc4)CC3)cc2)c1)NC[C@H](O)c1ccc(O)c2[nH]c(=O)ccc12,active,1,21.883495,9.447381
CHEMBL3645351,CC(Cc1ccc(CCNC(=O)Cc2ccc(N(C)C(=O)CCN3CCC(OC(=O)Nc4ccccc4-c4ccccc4)CC3)cc2)cc1)NC[C@H](O)c1ccc(O)c2[nH]c(=O)ccc12,active,1,22.046041,9.33973
CHEMBL3645352,C[C@@H](Cc1ccc(CCNC(=O)Cc2ccc(N(C)C(=O)CCN3CCC(OC(=O)Nc4ccccc4-c4ccccc4)CC3)cc2)cc1)NC[C@H](O)c1ccc(O)c2[nH]c(=O)ccc12,active,1,21.9275,9.446423
CHEMBL3645353,CC(Cc1cccc(CCC(=O)NCc2ccc(N(C)C(=O)CCN3CCC(OC(=O)Nc4ccccc4-c4ccccc4)CC3)cc2)c1)NC[C@H](O)c1ccc(O)c2[nH]c(=O)ccc12,active,1,21.96958,9.352313
CHEMBL3645354,C[C@H](Cc1cccc(CCC(=O)NCc2ccc(N(C)C(=O)CCN3CCC(OC(=O)Nc4ccccc4-c4ccccc4)CC3)cc2)c1)NC[C@H](O)c1ccc(O)c2[nH]c(=O)ccc12,active,1,21.951427,9.336736
CHEMBL3645355,C[C@@H](Cc1cccc(CCC(=O)NCc2ccc(N(C)C(=O)CCN3CCC(OC(=O)Nc4ccccc4-c4ccccc4)CC3)cc2)c1)NC[C@H](O)c1ccc(O)c2[nH]c(=O)ccc12,active,1,21.992392,9.326548
CHEMBL3645356,COc1ccc(CC(C)NC[C@H](O)c2ccc(O)c3[nH]c(=O)ccc23)cc1CC(=O)NCc1ccc(N(C)C(=O)CCN2CCC(OC(=O)Nc3ccccc3-c3ccccc3)CC2)cc1,active,1,22.142168,9.214081
CHEMBL3645357,CC(Cc1ccc(F)c(CC(=O)NCc2ccc(N(C)C(=O)CCN3CCC(OC(=O)Nc4ccccc4-c4ccccc4)CC3)cc2)c1)NC[C@H](O)c1ccc(O)c2[nH]c(=O)ccc12,active,1,22.080467,9.268901
CHEMBL3645358,CN(C(=O)CCN1CCC(OC(=O)Nc2ccccc2-c2ccccc2)CC1)c1ccc(CNC(=O)CCc2cccc(CNC[C@H](O)c3ccc(O)c4[nH]c(=O)ccc34)c2)cc1,active,1,21.827427,9.300317
CHEMBL3645359,CN(CCCC(=O)Nc1ccc(CCNC[C@H](O)c2ccc(O)c3[nH]c(=O)ccc23)cc1)C(=O)CCN1CCC(OC(=O)Nc2ccccc2-c2ccccc2)CC1,active,1,20.777174,9.353068
CHEMBL3645360,C[C@@H](Cc1ccc(NC(=O)CCCN(C)C(=O)CCN2CCC(OC(=O)Nc3ccccc3-c3ccccc3)CC2)cc1)NC[C@H](O)c1ccc(O)c2[nH]c(=O)ccc12,active_single,1,20.935434,9.279225
CHEMBL3645361,Cc1ccc(C(=O)Nc2ccc(CCNC[C@H](O)c3ccc(O)c4[nH]c(=O)ccc34)cc2)cc1N(C)C(=O)CCN1CCC(OC(=O)Nc2ccccc2-c2ccccc2)CC1,active,1,21.324802,9.689646
CHEMBL3645362,CN(CCCC(=O)Nc1ccc(CNC[C@H](O)c2ccc(O)c3[nH]c(=O)ccc23)cc1)C(=O)CCN1CCC(OC(=O)Nc2ccccc2-c2ccccc2)CC1,active,1,20.774815,9.331019
CHEMBL3645363,CN(CCCCC(=O)Nc1ccc(CNC[C@H](O)c2ccc(O)c3[nH]c(=O)ccc23)cc1)C(=O)CCN1CCC(OC(=O)Nc2ccccc2-c2ccccc2)CC1,active,1,20.749996,9.322947
CHEMBL3645364,CN(C(=O)CCN1CCC(OC(=O)Nc2ccccc2-c2ccccc2)CC1)c1cccc(C(=O)Nc2ccc(CNC[C@H](O)c3ccc(O)c4[nH]c(=O)ccc34)cc2)c1,active,1,21.313686,9.599613
CHEMBL3645365,C[C@H](Cc1cccc(CCNC(=O)Cc2ccc(N(C)C(=O)CCN3CCC(OC(=O)Nc4ccccc4-c4ccccc4)CC3)cc2)c1)NC[C@H](O)c1ccc(O)c2[nH]c(=O)ccc12,active,1,21.903847,9.411417
CHEMBL3666066,CN(CCCC(=O)Nc1cccc(CNC[C@H](O)c2ccc(O)c3[nH]c(=O)ccc23)c1)C(=O)CCN1CCC(OC(=O)Nc2ccccc2-c2ccccc2)CC1,active_single,1,20.7465,9.298642
CHEMBL3666067,C[C@H](NC[C@H](O)c1ccc(O)c2[nH]c(=O)ccc12)c1cccc(CC(=O)NCCCN(C)C(=O)CCN2CCC(OC(=O)Nc3ccccc3-c3ccccc3)CC2)c1,active_single,1,21.578138,9.085644
CHEMBL3666068,Cc1cc(NC(=O)CCCCN(C)C(=O)CCN2CCC(OC(=O)Nc3ccccc3-c3ccccc3)CC2)c(C)cc1CNC[C@H](O)c1ccc(O)c2[nH]c(=O)ccc12,active,1,20.72265,9.415218
CHEMBL3670826,C[N+]1(C)C2CCC1[C@H](OC(=O)[C@@](O)(c1ccccc1)C1CCCC1)C2,active,1,7.3252153,4.0049143
CHEMBL3670827,C[N+]1(C)C2CCC1[C@@H](OC(=O)[C@@](O)(c1ccccc1)C1CCCC1)C2,active,1,7.302332,3.9834943
CHEMBL3670828,C[N+]1(C)C2CCC1[C@@H](OC(=O)[C@](O)(c1ccccc1)C1CCCC1)C2,active,1,7.3236685,3.9915626
CHEMBL369062,O=C(CCCNC(=O)CC(c1ccccc1)(c1ccccc1)c1ccccc1)NCCC(=O)NCC1CCCN(CC2CCCCC2)C1,active_single,1,4.671968,16.54185
CHEMBL370128,COc1ccc(NC(=O)N2CCN(c3ccccc3Cl)CC2)cc1N1CCN(C)CC1,inactive_single,0,6.279121,9.034525
CHEMBL370232,CO[C@]1(C#CC(O)(c2cccs2)c2cccs2)CN2CCC1CC2,active_single,1,-1.8762467,0.64595366
CHEMBL370862,COC1(C#CC(O)(c2ccccn2)C2CCCC2)CN2CCC1CC2,active_single,1,-1.9864525,0.7920319
CHEMBL371734,CO[C@]1(C#C[C@@](O)(c2ccccc2)C2CCCCC2)CN2CCC1CC2,active,1,-1.772353,0.72573906
CHEMBL372453,COc1ccc(NC(=O)N2CCN(c3ccc(Cl)cc3)CC2)cc1N1CCN(C)CC1,inactive_single,0,6.261295,9.03553
CHEMBL372566,CO[C@]1(C#C[C@](O)(c2ccccc2)c2cccnc2)CN2CCC1CC2,active_single,1,-1.9267772,0.7125464
CHEMBL373256,COC1(C#CC(O)(Cc2ccccc2)c2ccccc2)CN2CCC1CC2,active_single,1,-2.0413837,0.802705
CHEMBL373515,CN1CCC[C@H]1[C@H]1CSC(c2ccccc2)(c2ccccc2)O1,active_single,1,4.7686048,2.9992418
CHEMBL37372,CCN(CC)CCOC(=O)C(C)(c1ccccc1)c1ccc(O)cc1,active_single,1,7.42845,4.578769
CHEMBL373888,COc1nsnc1OCCOCCOc1nsnc1C1=CCCN(C)C1,active_single,1,7.8524384,7.8702545
CHEMBL373994,O=C1NC(c2ccccc2)(c2ccccc2)CN1C1CCN(Cc2cccc(F)c2)CC1,active_single,1,1.5947376,8.215309
CHEMBL374099,COc1ccc(C2(c3ccc(OC)cc3)CN(C3CCN(Cc4ccccc4)CC3)C(=O)N2)cc1,active_single,1,1.6548841,8.279964
CHEMBL374452,C[N+]1(CCCc2ccccc2)CCC(N2CC(c3ccccc3)(c3ccccc3)NC2=O)C1,active_single,1,1.0903072,8.292764
CHEMBL374513,C[N+]1(CC(=O)c2ccccc2)CC[C@@H](N2CC(c3ccc(F)cc3)(c3ccc(F)cc3)NC2=O)C1,active_single,1,0.97530204,8.319912
CHEMBL374989,C[N+]1(CCOc2ccccc2)CCC(N2CC(c3ccccc3)(c3ccccc3)NC2=O)C1,active_single,1,1.016448,8.356731
CHEMBL375073,CN1CCC[C@@H]1[C@@H]1CSC(c2ccccc2)(c2ccccc2)O1,active_single,1,4.776021,3.0155945
CHEMBL375277,CN1C(=O)N(C2CCN(Cc3ccccc3)CC2)CC1(c1ccccc1)c1ccccc1,active_single,1,1.7112811,8.198459
CHEMBL375420,Cc1cccc(CN2CCC(N3CC(c4cccs4)(c4cccs4)NC3=O)CC2)c1,active_single,1,1.6965812,8.336053
CHEMBL375851,C[N+]1(C)CCC[C@@H]1[C@@H]1CSC(c2ccccc2)(c2ccccc2)O1.[I-],active_single,1,4.621837,3.0151203
CHEMBL375969,C[N+]1(C)CCC[C@H]1[C@H]1CSC(c2ccccc2)(c2ccccc2)O1.[I-],active_single,1,4.58558,2.9337215
CHEMBL376000,O=C1NC(c2ccccc2)(c2ccccc2)CN1C1CCN(Cc2ccccc2)CC1,active_single,1,1.5732375,8.294156
CHEMBL376057,C[N+]1(C)CCC[C@H]1[C@H]1CS[C@](c2ccccc2)(C2CCCCC2)O1.[I-],active_single,1,4.5839486,2.8685727
CHEMBL376255,CN1CCC[C@H]1[C@H]1CS[C@](c2ccccc2)(C2CCCCC2)O1,active_single,1,4.7500296,2.916751
CHEMBL376295,COc1nsnc1OCCCOCCCOCCCOc1nsnc1-c1cccnc1,active_single,1,7.769454,7.80998
CHEMBL376781,O=C1NC(c2cccs2)(c2cccs2)CN1C1CCN(Cc2cccc(F)c2)CC1,active_single,1,1.6434302,8.251824
CHEMBL376870,CN1CCC[C@@H]1[C@@H]1CS[C@](c2ccccc2)(C2CCCCC2)O1,active_single,1,4.7537975,2.9291549
CHEMBL376897,C[N+]1(C)[C@@H]2C[C@@H](OC(=O)[C@H](CO)c3ccccc3)C[C@H]1[C@@H]1O[C@@H]12,active,1,8.372092,3.7339382
CHEMBL376900,C[N+]1(C[C@H]2O[C@@H]2c2ccccc2)CCC(N2CC(c3ccccc3)(c3ccccc3)NC2=O)C1,active_single,1,1.0349455,8.311727
CHEMBL377241,CN[C@@H]1CCN(c2ccc(-n3ncc4cc(-c5ccc(C(F)(F)F)cc5)sc4c3=O)cn2)C1,active_single,1,5.508496,10.847299
CHEMBL3775226,Cc1ncoc1-c1nnc(SCCCN2CC3CCN(c4ccc(C(F)(F)F)cc4F)C3C2)n1C,active_single,1,5.654984,10.425809
CHEMBL377728,Cc1c(NC2CCCCC2)nc(C2CC2)nc1NC1CC1,active_single,1,-2.846957,12.737758
CHEMBL377729,Cc1c(NC2CC2)nc([C@@H]2C[C@H]2C)nc1N1CCCCCC1,active_single,1,-2.888965,12.70085
CHEMBL378772,O=C(NCC1CCN(CC2CC2)CC1)[C@H]1CCCN1C(=O)[C@@H]1C[C@@H](O)CN1C(=O)CC(c1ccc(F)cc1)(c1ccc(F)cc1)c1ccc(F)cc1,active_single,1,4.91249,16.83948
CHEMBL378859,O=C(NCCC1CCNCC1)[C@H]1CCCN1C(=O)[C@@H]1C[C@@H](O)CN1C(=O)CC(c1ccc(Cl)cc1)(c1ccc(Cl)cc1)c1ccc(Cl)cc1,active_single,1,4.9131966,16.83832
CHEMBL378872,O=C(NCC1CCNCC1)[C@H]1CCCN1C(=O)[C@@H]1C[C@@H](O)CN1C(=O)CC(c1ccc(Cl)cc1)(c1ccc(Cl)cc1)c1ccc(Cl)cc1,active_single,1,4.969127,16.896358
CHEMBL378885,O=C(NC[C@@H]1CCCNC1)[C@H]1CCCN1C(=O)[C@@H]1C[C@@H](O)CN1C(=O)CC(c1ccccc1)(c1ccccc1)c1ccccc1,active_single,1,4.899498,16.821894
CHEMBL378904,Cc1c(NC2CC2)nc(CC2CC2)nc1N1CCCCCC1,active_single,1,-2.8407288,12.748411
CHEMBL379055,NCC1CCN(C(=O)[C@H]2CCCN2C(=O)[C@@H]2CCCN2C(=O)CC(c2ccccc2)(c2ccccc2)c2ccccc2)CC1.O=C(O)C(F)(F)F,active_single,1,4.857384,16.775797
CHEMBL379483,O=C(NCC1CCNCC1)[C@H]1CCCN1C(=O)[C@@H]1CCCN1C(=O)CC(c1ccccc1)(c1ccccc1)c1ccccc1.O=C(O)C(F)(F)F,active_single,1,4.844707,16.762709
CHEMBL380135,c1c(NC2CC2)nc(C2CC2)nc1N1CCCCCC1,active_single,1,-2.9578001,12.615647
CHEMBL380314,Cc1c(N[C@H]2C[C@@H]2C)nc(C2CC2)nc1N1CCCCCC1,active_single,1,-2.8844976,12.705471
CHEMBL380477,Cc1c(NCCc2cccs2)nc(C2CC2)nc1NC1CC1,active_single,1,-2.7304265,12.851143
CHEMBL380583,CO[C@]1(C#CC(O)(c2cccc(C)c2)c2cccc(C)c2)CN2CCC1CC2,active_single,1,-1.8576487,0.63526165
CHEMBL3808485,Cc1ccc(OC2CCN(c3ncnc4ccc(F)cc34)CC2)cn1,inactive_single,0,7.774903,10.895631
CHEMBL380926,Cc1c(NC2CC2)nc(C2CC2)nc1N1CCC(C(F)(F)F)CC1,active_single,1,-2.7574167,12.830949
CHEMBL380954,Cc1c(NCc2c(F)cccc2F)nc(C2CC2)nc1NC1CC1,active_single,1,-2.6902537,12.89029
CHEMBL381020,COC1(C#CC(O)(c2ccccn2)C2CCC2)CN2CCC1CC2,active_single,1,-1.9807389,0.77243805
CHEMBL381259,Cc1c(NCc2ccccc2)nc(C2CC2)nc1NC1CC1,active_single,1,-2.7175202,12.829044
CHEMBL381333,Cc1c(NC2CC2)nc(C2CC2)nc1N1CCC(C)(C)CC1,active_single,1,-2.7707133,12.817554
CHEMBL381469,CO[C@]1(C#CC(O)(c2cccnc2)c2cccnc2)CN2CCC1CC2,active_single,1,-1.987785,0.7241798
CHEMBL381623,CO[C@]1(C#CC(O)(c2ccccc2)c2ccccc2)CN2CCC1CC2,active,1,-1.9099253,0.65562385
CHEMBL381752,Cc1c(NC2CC2)nc(C2CC2)nc1N1CCC(F)(F)CC1,active_single,1,-2.7833211,12.805449
CHEMBL381878,CO[C@]1(C#CC(O)(c2ccc(F)cc2)c2ccc(F)cc2)CN2CCC1CC2,active_single,1,-1.89238,0.6571221
CHEMBL382213,COC1(C#CC(O)(c2ccccc2)c2cccnc2F)CN2CCC1CC2,active_single,1,-2.0749037,0.82168704
CHEMBL383248,COC1(C#CC(O)(c2ccccc2)c2cccnn2)CN2CCC1CC2,active_single,1,-2.0538964,0.81462103
CHEMBL3833319,CN(CCN1CCC(OC(=O)Nc2ccccc2-c2ccccc2)CC1)C(=O)c1ccc(CN2CCC(C(N)=O)CC2)cc1,active,1,9.078314,9.923291
CHEMBL383389,CO[C@]1(C#CC(O)(c2cccc(F)c2)c2cccc(F)c2)CN2CCC1CC2,active_single,1,-1.8831983,0.65540797
CHEMBL384670,O=C1NC(c2ccccc2)(c2ccccc2)CN1C1CCN(Cc2ccccc2Cl)CC1,active_single,1,1.6562723,8.240851
CHEMBL385229,O=C(NC[C@@H]1CCCNC1)[C@H]1CCCN1C(=O)[C@@H]1CCCN1C(=O)CC(c1ccccc1)(c1ccccc1)c1ccccc1.O=C(O)C(F)(F)F,active_single,1,4.8615103,16.780977
CHEMBL385328,CN1CCC[C@H]1[C@H]1CS[C@@](c2ccccc2)(C2CCCCC2)O1,active_single,1,4.7316775,2.893774
CHEMBL387546,C[N+]1(CCOc2ccccc2)CC[C@@H](N2CC(c3ccccc3)(c3ccccc3)NC2=O)C1,active_single,1,1.0266093,8.326948
CHEMBL387632,C[C@H]1OC[C@@H](C[N+](C)(C)C)O1.[I-],inactive_single,0,4.7027955,1.5068997
CHEMBL388541,COc1ccccc1CN1CCC(N2CC(c3ccccc3)(c3ccccc3)NC2=O)CC1,active_single,1,1.6893865,8.233301
CHEMBL3890898,CN(CCCc1nc(-c2ccc(CNC[C@H](O)c3ccc(O)c4[nH]c(=O)ccc34)cc2)no1)[C@H]1CC[C@H](OC(=O)C(O)(c2cccs2)c2cccs2)CC1,active_single,1,20.275799,8.702312
CHEMBL3892021,CN(CCCn1ccc2cc(CNC[C@H](O)c3ccc(O)c4[nH]c(=O)ccc34)ccc21)[C@H]1CC[C@H](OC(=O)C(O)(c2cccs2)c2cccs2)CC1,active_single,1,20.26006,8.687028
CHEMBL3896828,C[C@@H](Cc1cccc(CC(=O)NCCCN(C)C(=O)CCN2CCC(OC(=O)Nc3ccccc3-c3ccccc3)CC2)c1)NC[C@H](O)c1ccc(O)c2[nH]c(=O)ccc12,active,1,21.563553,9.113494
CHEMBL3896880,CCN(CCN1CCC(OC(=O)Nc2ccccc2-c2ccccc2)CC1)C(=O)c1ccc(CN2CCC(C(N)=O)CC2)cc1,active_single,1,9.096515,9.928452
CHEMBL3897499,CCCN1CC[C@H]2c3cc4ccc(C(F)(F)F)cc4nc3[C@H](CC)[C@H]3CCC[C@@H]1[C@@H]32,inactive_single,0,5.4344897,11.4565325
CHEMBL389992,CC1CN(c2cc(N3CCCCCC3)nc(C3CC3)n2)C1,active_single,1,-3.0670266,12.489259
CHEMBL3900995,CN(CCCn1c(=O)oc2cc(CNC[C@H](O)c3ccc(O)c4[nH]c(=O)ccc34)ccc21)[C@H]1CC[C@H](OC(=O)C(O)(c2cccs2)c2cccs2)CC1,active_single,1,20.283842,8.717505
CHEMBL3904721,O=C(O[C@H]1C[N+]2(CCc3cccs3)CCC1CC2)C(O)(c1cccs1)c1cccs1,active,1,8.13683,-0.37197563
CHEMBL3905320,COc1cc(OCC(=O)N(C)CCN(C)[C@H]2CC[C@H](OC(=O)C(O)(c3cccs3)c3cccs3)CC2)c(Cl)cc1CNC[C@H](O)c1ccc(O)c2[nH]c(=O)ccc12,active_single,1,20.269907,8.714837
CHEMBL3905582,Cn1c(SCCCN2CC[C@]3(C[C@@H]3c3ccc(C(F)(F)F)cc3)C2)nnc1-c1csnn1,active_single,1,5.594146,10.369674
CHEMBL3906438,COc1cc(-c2noc(CCCN(C)[C@H]3CC[C@H](OC(=O)C(O)(c4cccs4)c4cccs4)CC3)n2)c(Cl)cc1CNC[C@H](O)c1ccc(O)c2[nH]c(=O)ccc12,active_single,1,20.280369,8.708307
CHEMBL390839,C[N+]1(C)CCC(N2CC(c3ccccc3)(c3ccccc3)NC2=O)CC1,active_single,1,1.2306656,8.288937
CHEMBL3908788,CN(CCCn1c(=O)sc2cc(CNC[C@H](O)c3ccc(O)c4[nH]c(=O)ccc34)ccc21)[C@H]1CC[C@H](OC(=O)C(O)(c2cccs2)c2cccs2)CC1,active_single,1,20.261354,8.699788
CHEMBL3910208,CC(Cc1ccc(OCC(=O)NCCN[C@H]2CC[C@H](OC(=O)C(O)(c3cccs3)c3cccs3)CC2)cc1)NC[C@H](O)c1ccc(O)c2[nH]c(=O)ccc12,active_single,1,20.296204,8.726276
CHEMBL3911114,CN(CCCn1c(=O)oc2cc(CCNC[C@H](O)c3ccc(O)c4[nH]c(=O)ccc34)ccc21)[C@H]1CC[C@H](OC(=O)C(O)(c2cccs2)c2cccs2)CC1,active_single,1,20.238773,8.724509
CHEMBL3914137,O=C(O[C@H]1C[N+]2(C/C=C/c3ccccc3)CCC1CC2)C1(O)c2ccccc2-c2ccccc21,active_single,1,7.6289883,0.3046093
CHEMBL3915401,CN(CCN(C)[C@H]1CC[C@H](OC(C(=O)O)(c2cccs2)c2cccs2)CC1)C(=O)COc1ccc(CNC[C@H](O)c2ccc(O)c3[nH]c(=O)ccc23)cc1,active_single,1,20.341139,8.793155
CHEMBL3915634,Cc1nnc2sc(C(=O)NCc3ccc(S(=O)(=O)C(F)(F)F)cc3)c(N)c2c1C,inactive_single,0,4.7649016,9.258908
CHEMBL3916700,COc1cc(NC(=O)OCCN(C)[C@H]2CC[C@H](OC(=O)C(O)(c3cccs3)c3cccs3)CC2)c(Cl)cc1CNC[C@H](O)c1ccc(O)c2[nH]c(=O)ccc12,active_single,1,20.296082,8.725646
CHEMBL3917058,C[C@@](C(=O)O[C@@H]1CC2CCC1[N+]2(C)C)(c1ccccc1)C1CCCC1,active,1,7.2881947,3.9995394
CHEMBL391977,CN(C)C1(CNCCC2CCC(O)CC2)COc2ccccc2OC1,active_single,1,2.7850888,5.0733285
CHEMBL3920279,O=C(O[C@H]1C[N+]2(CCCCc3ccccc3)CCC1CC2)C1c2ccccc2Oc2ccccc21,active_single,1,7.87188,0.46092266
CHEMBL392045,CN(C)C1(CCCCC2CCCCC2)COc2ccccc2OC1,active_single,1,2.8702888,5.119684
CHEMBL392186,CN(C)C1(CNCCC2CCOCC2)COc2ccc(F)cc2OC1,active_single,1,2.8016903,5.07981
CHEMBL3923686,CN(CCCn1c(=O)oc2cc(CNC[C@H](O)c3ccc(O)c4[nH]c(=O)ccc34)ccc21)[C@H]1CC[C@H](OC(=O)C2(C)c3ccccc3Oc3ccccc32)CC1,active_single,1,20.31232,8.755759
CHEMBL3926721,CN(CCCn1c(=O)oc2cc(CNC[C@H](O)c3ccc(O)c(NC=O)c3)ccc21)[C@H]1CC[C@H](c2cccc3c2C(C)(C(=O)O)c2ccccc2O3)CC1,active_single,1,20.287361,8.734228
CHEMBL3931995,O=C(O[C@H]1C[N+]2(CCOCc3ccccc3)CCC1CC2)C(O)(c1cccs1)c1cccs1,active,1,8.154946,-0.35103106
CHEMBL3932738,O=C(O[C@H]1C[N+]2(CCCOc3ccccc3)CCC1CC2)C1c2ccccc2Oc2ccccc21,active_single,1,7.894799,0.22417302
CHEMBL3933797,O=C(O[C@H]1C[N+]2(CCCc3cccs3)CCC1CC2)C1(O)c2ccccc2Oc2ccccc21,active_single,1,7.7607985,0.33606938
CHEMBL394137,CN(C)C1(CNCCC23CC4CC(CC(C4)C2)C3)COc2ccccc2OC1,active_single,1,2.7624764,5.108251
CHEMBL3942511,Cc1nnc2sc(C(=O)NCc3ccc(S(F)(F)(F)(F)F)cc3)c(N)c2c1C,inactive_single,0,4.780686,9.207171
CHEMBL394254,CN(C)C1(CNCCC2CCCC2)COc2ccccc2OC1,active_single,1,2.8227255,5.0673757
CHEMBL394255,CN(C)C1(CNCC=C2CCOCC2)COc2ccccc2OC1,active_single,1,2.802439,5.048619
CHEMBL3948099,CC1(C(=O)O[C@H]2C[N+]3(C/C=C/c4ccccc4)CCC2CC3)c2ccccc2-c2ccccc21,active_single,1,7.65372,0.27955428
CHEMBL3948162,O=C(O[C@H]1C[N+]2(C/C=C/c3ccccc3)CCC1CC2)C(O)(c1ccccc1)c1ccco1,active,1,8.287964,-0.06320306
CHEMBL3949833,O=C(O[C@H]1C[N+]2(CCOc3ccccc3)CCC1CC2)C(O)(c1ccccc1)c1ccco1,active,1,8.319048,-0.06788956
CHEMBL395110,CN1CCCC(CN2c3ccccc3Sc3ccccc32)C1,active,1,7.4415364,5.9969277
CHEMBL3952427,Cc1ccc(C(=O)Nc2ccc(CC(C)NC[C@H](C)c3ccc(O)c4[nH]c(=O)ccc34)cc2)cc1N(C)C(=O)CCN1CCC(OC(=O)Nc2ccccc2-c2ccccc2)CC1,active_single,1,21.422766,9.717935
CHEMBL395571,Cc1c(N2CCCCCC2)nc(C2CC2)nc1N1CCCCCC1,active_single,1,-3.1628964,12.385889
CHEMBL3956752,O=C(O[C@H]1C[N+]2(CCOc3ccccc3)CCC1CC2)C1c2ccccc2Oc2ccccc21,active_single,1,7.9130664,0.39277953
CHEMBL3956822,CC(C(=O)O[C@H]1C[N+]2(CCCOc3ccccc3)CCC1CC2)(c1ccccc1)c1ccccc1,active,1,8.135112,-0.06586017
CHEMBL3960065,O=C(O[C@H]1C[N+]2(CCCOc3ccccc3O)CCC1CC2)C(O)(c1cccs1)c1cccs1,active,1,8.169601,-0.33997703
CHEMBL3960091,CN(CCCn1nnc2cc(CNC[C@H](O)c3ccc(O)c4[nH]c(=O)ccc34)ccc21)[C@H]1CC[C@H](OC(=O)[C@](O)(c2cccs2)C2CCCC2)CC1,active_single,1,20.27213,8.687868
CHEMBL3961014,CN(CCCn1c(=O)[nH]c2cc(CNC[C@H](O)c3ccc(O)c4[nH]c(=O)ccc34)ccc21)[C@H]1CC[C@H](OC(=O)C(O)(c2cccs2)c2cccs2)CC1,active_single,1,20.260216,8.6863575
CHEMBL3963421,O=C(O[C@H]1C[N+]2(CCCn3cccc3)CCC1CC2)C(O)(c1cccs1)c1cccs1,active,1,8.163107,-0.35097143
CHEMBL3963770,CN(CCCn1nnc2cc(CNC[C@H](O)c3ccc(O)c4c3OCC(=O)N4)ccc21)[C@H]1CC[C@H](OC(=O)[C@](O)(c2cccs2)C2CCCC2)CC1,active_single,1,20.302628,8.72665
CHEMBL3963788,Cc1nnc2sc(C(=O)NCc3ccc(S(=O)(=O)C(F)F)cc3)c(N)c2c1C,inactive_single,0,4.772321,9.20426
CHEMBL3965159,O=C(O[C@H]1C[N+]2(CCCc3cccs3)CCC1CC2)C(O)(c1cccs1)c1cccs1,active,1,8.12735,-0.40414524
CHEMBL3965175,CC(Cc1ccc(CNC(=O)Cc2ccc(N(C)C(=O)CCN3CCC(OC(=O)Nc4ccccc4-c4ccccc4)CC3)cc2)cc1)NCCc1ccc(O)c2[nH]c(=O)ccc12,active_single,1,22.101206,9.2596855
CHEMBL396761,Cc1c(N2CCCCCC2)nc(C2CC2)nc1N1CC(F)C1,active,1,-3.173849,12.4087515
CHEMBL3971284,CN(CCNC(=O)COc1ccc(CNC[C@H](O)c2ccc(O)c3[nH]c(=O)ccc23)cc1)[C@H]1CC[C@H](OC(=O)C(O)(c2cccs2)c2cccs2)CC1,active_single,1,20.257418,8.688699
CHEMBL3974189,O=C(O[C@H]1C[N+]2(CCCOc3ccccc3)CCC1CC2)C(O)(c1ccccc1)c1cccs1,active,1,8.1653595,-0.2689323
CHEMBL3978891,O=C(O[C@H]1C[N+]2(CCCOc3ccccc3)CCC1CC2)C(O)(c1ccccc1)c1ccco1,active,1,8.25158,-0.07987266
CHEMBL3981221,COc1cc(NC(=O)c2cccc(N(C)C(=O)CCN3CCC(OC(=O)Nc4ccccc4-c4ccccc4)CC3)c2)c(C)cc1CNC[C@H](O)c1ccc(O)c2[nH]c(=O)ccc12,active_single,1,20.979757,9.600063
CHEMBL3985491,O=C(O[C@@H]1CC2CC[N+]1(CCCOc1ccccc1)CC2)C(c1ccccc1)c1ccccc1,active_single,1,8.07978,0.09642669
CHEMBL403029,Cl.OC(CCCN1CCN(c2ccccc2)CC1)(c1ccccc1)c1ccccc1,inactive_single,0,5.949179,5.0663633
CHEMBL403592,C[N+](C)(CCCC(O)(c1ccccc1)c1ccccc1)CCC[N+](C)(C)CCCC(O)(c1ccccc1)c1ccccc1.[I-].[I-],inactive_single,0,6.0540776,4.9846787
CHEMBL404557,C[C@@H]1COC[C@@H](C[N+](C)(C)C)O1.[I-],inactive,0,4.7030706,1.5068067
CHEMBL404866,Cl.Cl.OC(CCCN1CCN(CCCC(O)(c2ccccc2)c2ccccc2)CC1)(c1ccccc1)c1ccccc1,inactive_single,0,5.9970474,5.0285826
CHEMBL405117,N[C@H]1CCCC[C@@H]1NC(=O)[C@H]1CCCN1C(=O)[C@@H]1CCCN1C(=O)CC(c1ccccc1)(c1ccccc1)c1ccccc1.O=C(O)C(F)(F)F,active_single,1,4.852034,16.770607
CHEMBL4061390,C[N+]1(C)CCC(OCc2nccs2)C1.O=C[O-],inactive_single,0,7.227538,3.753057
CHEMBL4064668,COc1ccc(F)c(CC[N+](C)(C)C)c1.O=C[O-],inactive_single,0,5.826608,6.4420075
CHEMBL4065555,C[N+](C)(C)CCCc1ccc2ccoc2c1.O=C[O-],active_single,1,5.8187294,6.3221602
CHEMBL4067722,Cc1cc2c(cc1Cc1ccc(-c3cocn3)cc1)C(=O)N([C@H]1CCOC[C@@H]1O)C2,inactive_single,0,5.720292,11.185133
CHEMBL4070061,CN1CCCC(OCc2cccnc2)C1,inactive_single,0,7.309594,9.85105
CHEMBL4074104,CC1CCN(CCCN2C(=O)CCc3ccccc32)CC1,inactive_single,0,7.3729243,7.200555
CHEMBL4074319,CCOc1cccc(CC[N+](C)(C)C)c1.O=C[O-],inactive_single,0,5.855666,6.3550806
CHEMBL4079233,CCC(=O)NC1CN(CCCCC2CCN(CC(=O)N3c4ccccc4NC(=O)c4ccccc43)CC2)CCN(CCCCC2CCN(CC(=O)N3c4ccccc4NC(=O)c4ccccc43)CC2)C1.O=C(O)C(F)(F)F.O=C(O)C(F)(F)F.O=C(O)C(F)(F)F.O=C(O)C(F)(F)F,active_single,1,1.1151841,1.2365965
CHEMBL4083241,c1cncc(COC2CCCNC2)c1,inactive_single,0,7.311872,9.8740635
CHEMBL4084607,COc1cccc(C(O)C[N+](C)(C)C)c1.O=C[O-],inactive_single,0,5.836937,6.399821
CHEMBL4085780,O=C1CCc2ccccc2N1CCCN1CCN(c2ccccc2)CC1,inactive_single,0,7.366176,7.1969385
CHEMBL4086147,NC/C=C/CN(C[C@H]1Cc2ccccc2CN1)[C@H]1CCCc2cccnc21,inactive_single,0,12.838736,3.1217937
CHEMBL4088272,CCCN1CCC=C(c2cc(-c3ccc(C)cc3)no2)C1,inactive_single,0,7.872349,7.930969
CHEMBL4089027,C[N+](C)(C)CCc1cccc(OC(F)(F)F)c1.O=C[O-],inactive_single,0,5.832306,6.399248
CHEMBL4091032,CN1CCC(COCc2cccnc2)C1,inactive_single,0,7.383246,10.147023
CHEMBL409151,CO[C@]1(C#C[C@](O)(c2ccccc2)C2CCCCCC2)CN2CCC1CC2,active_single,1,-1.7872909,0.73660135
CHEMBL4091934,COc1cccc(CC[N+](C)(C)C)c1.O=C[O-],inactive,0,5.8383894,6.395804
CHEMBL4092348,C[N+](C)(C)CCc1cccc(O)c1.O=C[O-],inactive_single,0,5.845683,6.378027
CHEMBL4092769,COc1cccc(C#CC[N+](C)(C)C)c1.O=C[O-],inactive_single,0,5.8267117,6.4058547
CHEMBL4095626,COc1cccc2c1CCC(C[N+](C)(C)C)C2.O=C[O-],inactive_single,0,5.921527,6.469358
CHEMBL4095774,COc1ccccc1C[N+](C)(C)C.[I-],inactive_single,0,5.8784084,6.7128468
CHEMBL4097248,COc1cccc2c1CC[N+](C)(C)C2.O=C[O-],inactive_single,0,5.973644,6.4924946
CHEMBL4097258,CCC(=O)NCc1cc(C(=O)NCCNC(=O)CCc2cn(CCCCC3CCN(CC(=O)N4c5ccccc5NC(=O)c5ccccc54)CC3)cn2)cc(C(=O)NCCNC(=O)CCc2cn(CCCCC3CCN(CC(=O)N4c5ccccc5NC(=O)c5ccccc54)CC3)cn2)c1.O=C(O)C(F)(F)F.O=C(O)C(F)(F)F.O=C(O)C(F)(F)F.O=C(O)C(F)(F)F,active_single,1,1.15844,1.2796787
CHEMBL4099667,COc1cccc(/C=C/C[N+](C)(C)C)c1.O=C[O-],inactive_single,0,5.853181,6.413985
CHEMBL4099673,c1cncc(COCC2CCNC2)c1,inactive_single,0,7.2357073,10.1213255
CHEMBL410061,COC1(C#CC(C)(c2ccccc2)c2ccccc2)CN2CCC1CC2,active_single,1,-2.063849,0.8143183
CHEMBL4100938,C[N+](C)(C)CCc1ccc2ccoc2c1.O=C[O-],active_single,1,5.824088,6.360003
CHEMBL4102555,COc1cccc(C(=O)C[N+](C)(C)C)c1.O=C[O-],active_single,1,5.798309,6.434149
CHEMBL4103087,C[N+](C)(C)C1CCc2cccc(O)c2C1.[I-],inactive_single,0,6.8767834,6.23497
CHEMBL410890,NCCC1CCN(C(=O)[C@](O)(c2ccccc2)[C@@H]2CCC(F)(F)C2)CC1,active_single,1,4.2236543,5.91622
CHEMBL4109862,CCC1([N+]23CCC(CC2)[C@@H](OC(=O)C2(O)c4ccccc4-c4ccccc42)C3)c2ccsc21,active_single,1,7.6606455,0.28492483
CHEMBL4114219,C[C@@H](NC[C@H](O)c1ccc(O)c2[nH]c(=O)ccc12)c1cccc(CCNC(=O)c2ccc(N(C)C(=O)CCN3CCC(OC(=O)Nc4ccccc4-c4ccccc4)CC3)cc2)c1,active_single,1,21.906593,9.523204
CHEMBL411514,COC(C#C[C@@]1(OC)CN2CCC1CC2)(c1ccccc1)c1ccccc1,active_single,1,-1.7570764,0.6229968
CHEMBL4126071,O=C(O[C@H]1CN2CCC1CC2)[C@H]1COCC(c2ccccc2)(c2ccccc2)O1,active_single,1,5.906949,1.9867741
CHEMBL4126290,c1ccc(C2(c3ccccc3)COC[C@@H](CO[C@@H]3CN4CCC3CC4)O2)cc1,active_single,1,5.659569,1.9969532
CHEMBL4128341,c1ccc(C2(c3ccccc3)COC[C@H](CO[C@@H]3CN4CCC3CC4)O2)cc1,active_single,1,5.6400847,1.9952362
CHEMBL4128926,CC(C)(C)NS(=O)(=O)c1ccc(-c2sc(C(=O)N[C@H]3C[C@H](C(=O)O)C3)nc2CC2CCCCC2)c2ccccc12,active_single,1,4.2674875,6.9747987
CHEMBL4129382,O=C(O[C@@H]1CN2CCC1CC2)[C@@H]1COCC(c2ccccc2)(c2ccccc2)O1,inactive_single,0,5.760447,1.9938105
CHEMBL4129580,c1ccc(C2(c3ccccc3)COC[C@H](CO[C@H]3CN4CCC3CC4)O2)cc1,active_single,1,5.6714106,1.989824
CHEMBL415,CN(C)CCCN1c2ccccc2CCc2ccc(Cl)cc21,active,1,7.794435,6.2519913
CHEMBL4159607,C/C(=C/CN(C[C@H]1Cc2ccccc2CN1)[C@H]1CCCc2cccnc21)CN,active_single,1,12.835367,3.125464
CHEMBL4160401,NC(=O)NC/C=CCN(C[C@H]1Cc2ccccc2CN1)[C@H]1CCCc2cccnc21,inactive_single,0,12.837082,3.123003
CHEMBL4161850,N[C@H]1CC[C@@H](N(C[C@H]2Cc3ccccc3CN2)[C@H]2CCCc3cccnc32)CC1,inactive_single,0,12.836632,3.123289
CHEMBL4163770,NCC1CC1CN(C[C@H]1Cc2ccccc2CN1)[C@H]1CCCc2cccnc21,inactive,0,12.8466215,3.115427
CHEMBL4164874,FC1(F)CCC(NC/C=CCN(C[C@H]2Cc3ccccc3CN2)[C@H]2CCCc3cccnc32)CC1,inactive_single,0,12.853078,3.1079936
CHEMBL4167221,NC[C@H]1CC[C@H](CN(C[C@H]2Cc3ccccc3CN2)[C@H]2CCCc3cccnc32)CC1,inactive_single,0,12.840504,3.121053
CHEMBL4167521,NCC1=C(CN(C[C@H]2Cc3ccccc3CN2)[C@H]2CCCc3cccnc32)CCCC1,inactive_single,0,12.856398,3.1051698
CHEMBL4169450,C/C(CN(C[C@H]1Cc2ccccc2CN1)[C@H]1CCCc2cccnc21)=C(/F)CN,inactive_single,0,12.838963,3.1225424
CHEMBL4171643,N[C@H]1CC[C@H](CN(C[C@H]2Cc3ccccc3CN2)[C@H]2CCCc3cccnc32)CC1,inactive_single,0,12.853212,3.1105864
CHEMBL4175088,N[C@H]1CC[C@H](N(C[C@H]2Cc3ccccc3CN2)[C@H]2CCCc3cccnc32)CC1,inactive_single,0,12.832432,3.1280236
CHEMBL42,CN1CCN(C2=Nc3cc(Cl)ccc3Nc3ccccc32)CC1,active,1,7.395059,9.976683
CHEMBL420008,C=C(c1ccc(S(=O)(=O)c2ccc(OC)cc2)cc1)C1CCN(C2CCNCC2)CC1,active_single,1,5.1965137,7.956707
CHEMBL4211076,Cc1nnc2sc(C(=O)N3CC(c4ccccc4)C3)c(N)c2c1C,inactive_single,0,4.7884297,9.179059
CHEMBL421113,C=C(c1ccc(S(=O)(=O)c2ccc(OC)cc2)cc1)C1CCN(C2CCN(S(=O)(=O)CCC)CC2)CC1,active_single,1,5.2256956,7.987353
CHEMBL422665,Nc1cccc(CN2CCC(NC(=O)[C@](O)(c3ccccc3)[C@@H]3CCC(F)(F)C3)CC2)c1,active_single,1,3.7481258,6.526683
CHEMBL423831,CN(C)CCC1=C(C(C)(C)c2ccccn2)c2ccccc2C1,active_single,1,8.328731,6.019569
CHEMBL424214,CN1CCN(C(=O)C2=C/C(=Cc3ccncc3)c3ccccc32)CC1,inactive_single,0,8.100613,5.884626
CHEMBL424416,O=C(N1CCCNCC1)[C@](O)(c1ccccc1)[C@@H]1CCC(F)(F)C1,active_single,1,4.196624,5.9666967
CHEMBL426393,O=C1NC(c2ccccc2)(c2ccccc2)CN1C1CCN(CCOc2ccccc2)CC1,active_single,1,1.470367,8.319344
CHEMBL427013,COC1(C#CC(O)(c2ccccc2)c2ccc(F)nc2)CN2CCC1CC2,active_single,1,-2.0479314,0.78376144
CHEMBL427390,Cc1c(NC2CC2)nc(C2CC2)nc1N1CCCC1,active_single,1,-2.7596505,12.829662
CHEMBL4277101,O=C1[C@@H]2[C@H](C(=O)N1CCCCN1CCN(c3cccc4sccc34)CC1)[C@H]1C=C[C@@H]2C1,inactive_single,0,7.201274,7.4665513
CHEMBL4284346,O=C1[C@@H]2[C@H]3CC[C@H](C3)[C@@H]2C(=O)N1CCCCN1CCN(c2cccc3sccc23)CC1,inactive_single,0,7.191047,7.4676633
CHEMBL4286717,CCC1(C)CC(=O)N(CCCCN2CCN(c3cccc4sccc34)CC2)C(=O)C1,inactive_single,0,7.1995068,7.4809003
CHEMBL428962,CO[C@]1(C#C[C@](O)(c2ccccc2)C2CCCCC2)CN2CCC1CC2,active_single,1,-1.7673327,0.7236314
CHEMBL4294617,O=C1CC2(CCCC2)CC(=O)N1CCCCN1CCN(c2cccc3sccc23)CC1,inactive_single,0,7.2247777,7.4739814
CHEMBL429620,COc1ccc(CCNCC2(N(C)C)COc3ccccc3OC2)cc1,active_single,1,2.7932954,5.0944076
CHEMBL4297483,CN(CCCn1nnc2cc(CNC[C@H](O)c3ccc(O)c4[nH]c(=O)ccc34)ccc21)[C@H]1CC[C@H](OC(=O)C(O)(c2cccs2)c2cccs2)CC1,active_single,1,20.24676,8.67325
CHEMBL430587,C[C@@H]1OC(=O)[C@@H]2C[C@@H]3CCCC[C@@H]3[C@@H](C#C[C@H]3CCC[C@H](C)N3C)[C@H]12,inactive_single,0,5.1248417,2.9569464
CHEMBL43064,C(=C/c1ccccc1)CN1CCN(C(c2ccccc2)c2ccccc2)CC1,active,1,7.7112536,5.429881
CHEMBL43383,CCN(CC)CCCCC1CCN(CC(=O)N2c3ccccc3C(=O)Nc3cccnc32)CC1,active_single,1,1.1278365,1.2494885
CHEMBL434388,Cc1c(N2CCCCCC2)nc(C2CC2)nc1N1CC(C)(C)C1,active_single,1,-3.1540537,12.399572
CHEMBL434684,CC(C1=C(CN(C)C)Cc2ccccc21)c1ccccn1,active_single,1,8.369492,6.0719614
CHEMBL434765,Cc1c(N2CCCCCC2)nc(C2CC2)nc1N1CCCCC1,active_single,1,-3.177525,12.371127
CHEMBL434929,O=C1NC(c2ccccc2)(c2ccccc2)CN1C1CCN(c2ccccc2)CC1,active_single,1,1.4584169,8.248804
CHEMBL435158,CN(CCc1ccccc1)CC1(N(C)C)COc2ccccc2OC1,active_single,1,2.8183959,5.0181203
CHEMBL435353,CN(C)C1(CNCCC2CCOCC2)COc2ccccc2OC1,active_single,1,2.7616012,5.075277
CHEMBL435949,COc1ccccc1N1CCN(Cc2c[nH]c3ncccc23)CC1,inactive_single,0,6.4268837,7.8168087
CHEMBL436492,COc1ccc(CN2CCC(N3CC(c4ccccc4)(c4ccccc4)NC3=O)CC2)cc1,active_single,1,1.634933,8.306154
CHEMBL438427,O=C1NC(c2ccccc2)(c2ccccc2)CN1[C@@H]1CCN(Cc2ccccc2)C1,active_single,1,1.5703467,8.272595
CHEMBL438822,O=C(NC[C@@H]1CCCNC1)[C@H]1CCCN1C(=O)[C@@H]1C[C@@H](O)CN1C(=O)CC(c1ccc(F)cc1)(c1ccc(F)cc1)c1ccc(F)cc1,active_single,1,4.942529,16.873568
CHEMBL441873,O=C1NC(c2ccccc2)(c2ccccc2)CN1C1CCN(Cc2cccs2)CC1,active_single,1,1.6282086,8.2753935
CHEMBL443267,CCC1(CCN)CCN(C(=O)[C@](O)(c2ccccc2)[C@@H]2CCC(F)(F)C2)CC1,active_single,1,4.2034445,5.9346313
CHEMBL4435641,O=C(OCCCc1ccc(Cl)c(Cl)c1)N(c1ccccc1)C1CN2CCC1CC2,active_single,1,8.148569,2.4262044
CHEMBL4436930,O=C(OC1C[N+]2(CCCc3cccc(F)c3)CCC1CC2)C(O)(c1ccccc1)c1ccccc1.[Br-],active_single,1,9.016358,0.11015596
CHEMBL4436947,O=C(OC1C[N+]2(CCCCCc3ccccc3)CCC1CC2)C(O)(c1ccccc1)c1ccccc1.[Br-],active_single,1,8.973729,0.088285565
CHEMBL443780,CCN(CC)CCOC(=O)C(C)(c1ccccc1)C1CCCCC1,active_single,1,7.425859,4.5416427
CHEMBL443925,CCOC(=O)c1ccc(NC(=O)N[C@@H](Cc2ccc(O)cc2)C(=O)NC2CCN(Cc3cccc(C(F)(F)F)c3)C2)cc1,active_single,1,-8.611009,14.08977
CHEMBL4441041,O=C(OC1C[N+]2(CCCc3cccc(C(F)(F)F)c3)CCC1CC2)C(O)(c1ccccc1)c1ccccc1.[Br-],active_single,1,9.011665,0.09970096
CHEMBL4441786,O=C(OCc1ccccc1)N(c1ccccc1)C1CN2CCC1CC2,active_single,1,8.101918,2.4480622
CHEMBL4442329,O=C(OC1C[N+]2(CCOc3ccccc3)CCC1CC2)C(O)(c1ccccc1)c1ccccc1.[Br-],active_single,1,8.742573,0.05614158
CHEMBL4446039,O=C(OCc1ccc(Cl)c(Cl)c1)N(c1ccccc1)C1CN2CCC1CC2,active_single,1,8.175606,2.4675872
CHEMBL4447975,COc1cc(OC)c2c(c1)OC[C@@]1(C)NCC[C@@H]21,inactive_single,0,2.6045985,5.5156536
CHEMBL4448108,CN(CCCCCCCCN(C)CCCCCCN(CC(=O)N1c2ccccc2C(=O)Nc2cccnc21)CC(=O)N1c2ccccc2C(=O)Nc2cccnc21)CCCCCCNCC(=O)N1c2ncccc2NC(=O)c2cccnc21,active_single,1,1.0777893,1.198501
CHEMBL4448944,O=C(OC1C[N+]2(CCCc3ccccc3)CCC1CC2)C(O)(c1ccccc1)c1ccccc1.[Br-],active_single,1,8.974449,0.07692143
CHEMBL445,CNCCC=C1c2ccccc2CCc2ccccc21,active,1,8.08144,6.0971684
CHEMBL4450188,O=C(OC1C[N+]2(CCCc3ccc(F)cc3)CCC1CC2)C(O)(c1ccccc1)c1ccccc1.[Br-],active_single,1,9.071441,0.109734714
CHEMBL4451383,CC(=O)N[C@@H](Cc1ccc(O)cc1)C(=O)N[C@@H](CCCCN)C(=O)NCCN1CCN(CCCCC2CCN(CC(=O)N3c4ccccc4NC(=O)c4ccccc43)CC2)CC1.O=C(O)C(F)(F)F.O=C(O)C(F)(F)F.O=C(O)C(F)(F)F.O=C(O)C(F)(F)F,active_single,1,1.2014017,1.3221977
CHEMBL4451770,O=C(OCCc1ccc(Cl)c(Cl)c1)N(c1ccccc1)C1CN2CCC1CC2,active_single,1,8.15799,2.4452941
CHEMBL4452706,O=C(OC1C[N+]2(CCCc3cccc(Cl)c3)CCC1CC2)C(O)(c1ccccc1)c1ccccc1.[Br-],active_single,1,9.001413,0.08301933
CHEMBL4454300,CC(=O)N[C@@H](Cc1c[nH]c2ccccc12)C(=O)N[C@@H](Cc1ccc(O)cc1)C(=O)NCCN1CCN(CCCCC2CCN(CC(=O)N3c4ccccc4NC(=O)c4ccccc43)CC2)CC1.O=C(O)C(F)(F)F.O=C(O)C(F)(F)F.O=C(O)C(F)(F)F,active_single,1,1.2446573,1.3654375
CHEMBL4455481,COc1ccc(CCCOC(=O)N(c2ccccc2)C2CN3CCC2CC3)cc1F,active_single,1,8.160633,2.4440553
CHEMBL4456047,O=C(OCCc1ccc2c(c1)OCO2)N(c1ccccc1)C1CN2CCC1CC2,active_single,1,8.128681,2.4215698
CHEMBL4457734,O=C(OC1C[N+]2(CCSc3ccccc3)CCC1CC2)C(O)(c1ccccc1)c1ccccc1.[Br-],active_single,1,8.85986,0.06714534
CHEMBL4457754,C[C@@]12CN(c3ccccc3)c3ccccc3[C@@H]1CCN2,inactive_single,0,2.5015368,5.7647467
CHEMBL4461243,O=C(OC1C[N+]2(CCCOc3ccccc3)CCC1CC2)C(O)(c1ccccc1)c1ccccc1.[Br-],active_single,1,8.699479,0.028000847
CHEMBL4462631,Cc1ccc(COC(=O)N(c2ccccc2)C2CN3CCC2CC3)cc1F,active_single,1,8.111699,2.3992877
CHEMBL4463636,Cc1cccc(CCC[N+]23CCC(CC2)C(OC(=O)C(O)(c2ccccc2)c2ccccc2)C3)c1.[Br-],active_single,1,8.96768,0.029451337
CHEMBL4465556,CC(C)c1ncc(C(=O)N2CCOC3(CCN(Cc4ccc(F)c(CCNC[C@H](O)c5ccc(O)c6[nH]c(=O)sc56)c4)CC3)C2)s1,active_single,1,2.9629233,9.235285
CHEMBL4469848,FC(F)(F)c1cc(Oc2nccc3occc23)ccc1-c1cccc2nccn12,inactive_single,0,5.3005743,10.822279
CHEMBL4470924,O=C(OC1C[N+]2(CCCc3cccc(Br)c3)CCC1CC2)C(O)(c1ccccc1)c1ccccc1.[Br-],active_single,1,9.014195,0.092145436
CHEMBL4472703,CC[C@H]1c2cc(OC)ccc2CC[C@@]1(C)N,inactive_single,0,1.8782778,5.7641253
CHEMBL4472832,CN1CCC(OC(=O)N(CCc2ccc(F)cc2)c2ccccc2)CC1,active_single,1,8.308739,3.0466332
CHEMBL4473985,COc1ccc(COC(=O)N(c2ccccc2)C2CN3CCC2CC3)cc1F,active_single,1,8.142751,2.4313254
CHEMBL4474694,O=C(OC1C[N+]2(CCCCc3ccccc3)CCC1CC2)C(O)(c1ccccc1)c1ccccc1.[Br-],active_single,1,8.973321,0.07577272
CHEMBL447566,OCC[N+]12CCC(C(O)(c3ccccc3)c3ccccc3)(CC1)CC2.[Br-],inactive_single,0,-1.3405223,4.384844
CHEMBL4483083,O=C(O[C@H]1C[N+]2(CCCc3ccccc3)CCC1CC2)C(O)(c1ccccc1)c1ccccc1.[Br-],active_single,1,8.755865,0.08006476
CHEMBL448904,N#Cc1ccc(CN2CCC(NC(=O)[C@H](Cc3ccc(O)cc3)NC(=O)Nc3ccc(C(=O)NCC4CC4)cc3)C2)cc1,active_single,1,-8.666588,14.106874
CHEMBL450463,Cc1ccc([C@@H]2CCCN2C)o1,inactive_single,0,4.956478,3.4436367
CHEMBL450729,CN1CCC[C@H]1c1ccco1,inactive_single,0,4.9203563,3.3623338
CHEMBL451040,CC(C)NC(=O)c1ccc(NC(=O)N[C@@H](Cc2ccc(O)cc2)C(=O)NC2CCN(Cc3ccc(C#N)cc3)C2)cc1,active_single,1,-8.6270685,14.078919
CHEMBL451043,O=C(Nc1ccc(C(=O)OCC2CC2)cc1)N[C@@H](Cc1ccc(O)cc1)C(=O)NC1CCN(Cc2ccc(O)cc2)C1,active_single,1,-8.629398,14.055726
CHEMBL451335,c1coc([C@@H]2CCCN2)c1,inactive_single,0,4.880422,3.4851465
CHEMBL4514058,O=C(O[C@@H]1C[N+]2(CCCc3ccccc3)CCC1CC2)C(O)(c1ccccc1)c1ccccc1.[Br-],active_single,1,8.927554,0.09327512
CHEMBL4515788,CC(=O)N[C@@H](Cc1ccc(O)cc1)C(=O)N[C@@H](C)C(=O)N[C@@H](CCCCN)C(=O)NCCN1CCN(CCCCC2CCN(CC(=O)N3c4ccccc4NC(=O)c4ccccc43)CC2)CC1.O=C(O)C(F)(F)F.O=C(O)C(F)(F)F.O=C(O)C(F)(F)F.O=C(O)C(F)(F)F,active_single,1,1.2233008,1.3443128
CHEMBL4516342,O=C(OC1C[N+]2(CCCc3ccc(C(F)(F)F)cc3)CCC1CC2)C(O)(c1ccccc1)c1ccccc1.[Br-],active_single,1,9.057444,0.09461185
CHEMBL4519301,O=C(OC1CN2CCC1CC2)N(CCc1ccc(F)cc1)c1ccccc1,active_single,1,8.013104,2.2749617
CHEMBL4519930,O=C(OC1C[N+]2(CCCc3ccc(Cl)cc3)CCC1CC2)C(O)(c1ccccc1)c1ccccc1.[Br-],active_single,1,9.0249815,0.08990659
CHEMBL4521993,O=C(OC1C[N+]2(CCCc3ccc(OC(F)(F)F)cc3)CCC1CC2)C(O)(c1ccccc1)c1ccccc1.[Br-],active_single,1,9.04017,0.08680506
CHEMBL4528651,CC[C@H]1c2cc(C)ccc2OC[C@@]1(C)N,inactive_single,0,2.5908356,5.3595715
CHEMBL4535474,CNCc1ccccc1-c1csc([C@@H](C)Nc2nc(C)nc3cc(OC)c(OC)cc23)c1,active,1,5.9199023,7.069475
CHEMBL4539799,O=C(OC1C[N+]2(CCCc3ccc(Br)cc3)CCC1CC2)C(O)(c1ccccc1)c1ccccc1.[Br-],active_single,1,9.035288,0.07221038
CHEMBL4540604,O=C(OC1C[N+]2(CCc3ccccc3)CCC1CC2)C(O)(c1ccccc1)c1ccccc1.[Br-],active_single,1,8.987701,0.1264093
CHEMBL4540949,CC(=O)N[C@@H](CCCCN)C(=O)N[C@@H](CCCNC(=N)N)C(=O)NCCN1CCN(CCCCC2CCN(CC(=O)N3c4ccccc4NC(=O)c4ccccc43)CC2)CC1.O=C(O)C(F)(F)F.O=C(O)C(F)(F)F.O=C(O)C(F)(F)F.O=C(O)C(F)(F)F.O=C(O)C(F)(F)F,active_single,1,1.2440398,1.3647416
CHEMBL4541518,Cc1ccc(CCCOC(=O)N(c2ccccc2)C2CN3CCC2CC3)cc1F,active_single,1,8.16347,2.4421399
CHEMBL4541647,O=C(OC1C[N+]2(CCCc3cccc(I)c3)CCC1CC2)C(O)(c1ccccc1)c1ccccc1.[Br-],active_single,1,9.020554,0.08465221
CHEMBL4544820,CC(=O)N[C@@H](Cc1ccc(O)cc1)C(=O)N[C@@H](CCCCN)C(=O)NCCCCC1CCN(CC(=O)N2c3ccccc3NC(=O)c3ccccc32)CC1.O=C(O)C(F)(F)F.O=C(O)C(F)(F)F,inactive_single,0,1.178463,1.2996588
CHEMBL4545030,COc1ccc(CCN(C(=O)OC2C[C@H]3CC[C@H](C2)N3C)c2ccccc2)cc1,active_single,1,8.810244,3.6761124
CHEMBL45454,C[N+](C)(C)C[C@@H]1CS[C@@](c2ccccc2)(C2CCCCC2)O1.[I-],active_single,1,4.8418365,2.3561528
CHEMBL4545504,COc1ccc(CCC[N+]23CCC(CC2)C(OC(=O)C(O)(c2ccccc2)c2ccccc2)C3)cc1.[Br-],active_single,1,9.021253,0.078117855
CHEMBL4548432,CC(=O)N[C@@H](C)C(=O)N[C@@H](C)C(=O)NCCN1CCN(CCCCC2CCN(CC(=O)N3c4ccccc4NC(=O)c4ccccc43)CC2)CC1.O=C(O)C(F)(F)F.O=C(O)C(F)(F)F.O=C(O)C(F)(F)F,active_single,1,1.1960214,1.3171018
CHEMBL4554682,CC(=O)N[C@@H](CCCCN)C(=O)N[C@@H](C)C(=O)N[C@@H](Cc1ccc(O)cc1)C(=O)NCCN1CCN(CCCCC2CCN(CC(=O)N3c4ccccc4NC(=O)c4ccccc43)CC2)CC1.O=C(O)C(F)(F)F.O=C(O)C(F)(F)F.O=C(O)C(F)(F)F.O=C(O)C(F)(F)F,active_single,1,1.2446657,1.3651634
CHEMBL4563408,O=C(Nc1ccc(OC(F)F)nc1)NC1CCN(c2ncnc3c2nc(-c2ccccc2Cl)n3-c2ccc(Cl)cc2)CC1,inactive,0,6.9604945,11.45683
CHEMBL4563530,CC(=O)N[C@@H](CCC(N)=O)C(=O)N[C@@H](CC(C)C)C(=O)NCCCCC1CCN(CC(=O)N2c3ccccc3NC(=O)c3ccccc32)CC1.O=C(O)C(F)(F)F,inactive_single,0,1.1989444,1.320737
CHEMBL4567026,CC(=O)N[C@@H](CCC(N)=O)C(=O)N[C@@H](C)C(=O)N[C@@H](CC(C)C)C(=O)NCCN1CCN(CCCCC2CCN(CC(=O)N3c4ccccc4NC(=O)c4ccccc43)CC2)CC1.O=C(O)C(F)(F)F.O=C(O)C(F)(F)F.O=C(O)C(F)(F)F,active_single,1,1.2214054,1.3422793
CHEMBL4567385,O=C(OC1C[N+]2(CCCOCc3ccccc3)CCC1CC2)C(O)(c1ccccc1)c1ccccc1.[Br-],active_single,1,8.909968,0.072135754
CHEMBL4568151,CC(=O)N[C@@H](CCC(N)=O)C(=O)N[C@@H](CC(C)C)C(=O)NCCN1CCN(CCCCC2CCN(CC(=O)N3c4ccccc4NC(=O)c4ccccc43)CC2)CC1.O=C(O)C(F)(F)F.O=C(O)C(F)(F)F.O=C(O)C(F)(F)F,active_single,1,1.160686,1.2822169
CHEMBL4569639,CC(=O)N[C@@H](CCCCN)C(=O)N[C@@H](Cc1ccc(O)cc1)C(=O)NCCN1CCN(CCCCC2CCN(CC(=O)N3c4ccccc4NC(=O)c4ccccc43)CC2)CC1.O=C(O)C(F)(F)F.O=C(O)C(F)(F)F.O=C(O)C(F)(F)F.O=C(O)C(F)(F)F,active_single,1,1.2235669,1.3443425
CHEMBL4571841,O=C(OCCc1ccccc1)N(c1ccccc1)C1CN2CCC1CC2,active_single,1,8.10414,2.4115355
CHEMBL4572167,CC[C@H]1c2ccccc2N(c2ccccc2)C[C@@]1(C)N,inactive_single,0,2.4939477,5.700608
CHEMBL457302,CC(C)COC(=O)c1ccc(NC(=O)N[C@@H](Cc2ccc(O)cc2)C(=O)NC2CCN(Cc3ccc(O)cc3)C2)cc1,active_single,1,-8.624518,14.017809
CHEMBL4576060,O=C(OC1C[N+]2(CCCCOc3ccccc3)CCC1CC2)C(O)(c1ccccc1)c1ccccc1.[Br-],active_single,1,8.766937,0.021216135
CHEMBL4576768,O=C(OCc1ccc2c(c1)OCO2)N(c1ccccc1)C1CN2CCC1CC2,active_single,1,8.117387,2.4133108
CHEMBL4577453,O=C(OCCCc1ccc(F)c(F)c1)N(c1ccccc1)C1CN2CCC1CC2,active_single,1,8.162839,2.4116592
CHEMBL4579642,CC(=O)N[C@@H](CCC(N)=O)C(=O)N[C@@H](C)C(=O)N[C@@H](CC(C)C)C(=O)NCCCCC1CCN(CC(=O)N2c3ccccc3NC(=O)c3ccccc32)CC1.O=C(O)C(F)(F)F,inactive_single,0,1.1958795,1.3177687
CHEMBL4580590,COc1ccc(CCN(C(=O)OC2CN3CCC2CC3)c2ccccc2)cc1OC,active_single,1,8.03504,2.282687
CHEMBL458416,Cc1ccc([C@@H]2CCCN2)o1,inactive_single,0,4.954671,3.5082502
CHEMBL4585326,COc1ccc(CCN(C(=O)OC2CN3CCC2CC3)c2ccccc2)cc1,active_single,1,7.9716954,2.242886
CHEMBL4589047,CC(=O)N[C@@H](Cc1c[nH]c2ccccc12)C(=O)N[C@@H](C)C(=O)N[C@@H](Cc1ccc(O)cc1)C(=O)NCCN1CCN(CCCCC2CCN(CC(=O)N3c4ccccc4NC(=O)c4ccccc43)CC2)CC1.O=C(O)C(F)(F)F.O=C(O)C(F)(F)F.O=C(O)C(F)(F)F,active_single,1,1.2365466,1.3570361
CHEMBL4590868,Cc1ccc(CCC[N+]23CCC(CC2)C(OC(=O)C(O)(c2ccccc2)c2ccccc2)C3)cc1.[Br-],active_single,1,9.051364,0.07029197
CHEMBL4591883,O=C(OC1C[N+]2(Cc3ccccc3)CCC1CC2)C(O)(c1ccccc1)c1ccccc1.[Br-],active_single,1,8.879046,0.14953047
CHEMBL4597972,O=C(OC1C[N+]2(CCCOc3ccccc3)CCC1CC2)C(O)(c1ccccc1)c1ccccc1,active,1,8.785623,0.051608834
CHEMBL460470,CN1CCCC1c1ccco1,inactive_single,0,4.870859,3.3714564
CHEMBL461087,c1coc(C2CCCN2)c1,inactive_single,0,4.908573,3.48381
CHEMBL461088,c1coc([C@H]2CCCN2)c1,inactive_single,0,4.896548,3.4523454
CHEMBL461089,Cc1ccc([C@H]2CCCN2)o1,inactive_single,0,4.9676356,3.5213308
CHEMBL461502,CN1CCC[C@@H]1c1ccco1,inactive_single,0,4.8767896,3.4180663
CHEMBL461709,Cc1ccc([C@H]2CCCN2C)o1,inactive_single,0,4.9636745,3.4244013
CHEMBL4632545,O=C(Nc1ccc(F)cc1-c1ccc(Cl)cc1)OCC1CCNCC1,active_single,1,7.2617893,10.554747
CHEMBL4632615,O=C(Nc1ccc(F)cc1-c1ccccc1)N[C@H]1CN2CCC1CC2,active_single,1,7.790393,10.567104
CHEMBL4633165,O=C(Nc1ccc(F)cc1-c1ccc(Br)cc1)OCC1CCNCC1,active_single,1,7.237868,10.5043125
CHEMBL4633296,C[N+](C)(C)C[C@@H]1COC[C@@H](c2ccc(-c3ccccc3)cc2)O1.[I-],inactive_single,0,4.8977246,1.632601
CHEMBL4634066,C[N+](C)(C)C[C@@H]1COC(c2ccccc2)(c2ccccc2)CO1.[I-],active_single,1,5.030627,1.8174702
CHEMBL4634464,C[N+](C)(C)C[C@@H]1CO[C@H](c2ccc(-c3ccccc3)cc2)CO1.[I-],inactive_single,0,4.899733,1.6444758
CHEMBL4634605,C[N+](C)(C)C[C@@H]1CO[C@H](c2ccc([S+]([O-])c3ccccc3)cc2)CO1.[I-],inactive_single,0,4.8943353,1.6447595
CHEMBL4635148,C[N+](C)(C)C[C@@H]1COC[C@H](c2ccc(-c3ccccc3)cc2)O1.[I-],inactive_single,0,5.0180197,1.7170461
CHEMBL4635385,C[N+](C)(C)C[C@@H]1CO[C@@](c2ccccc2)(C2CCCCC2)CO1.[I-],active_single,1,5.0403547,1.9147106
CHEMBL4635500,CN(C)C[C@H]1COC[C@@](c2ccccc2)(C2CCCCC2)O1,active_single,1,5.165543,2.096139
CHEMBL4635566,O=C(Nc1ccccc1-c1ccc(Cl)cc1)OCC1CCNCC1,active_single,1,7.1107564,10.646629
CHEMBL4636083,NCCN1CCN(CCCCC2CCN(CC(=O)N3c4ccccc4NC(=O)c4ccccc43)CC2)CC1.O=C(O)C(F)(F)F.O=C(O)C(F)(F)F.O=C(O)C(F)(F)F.O=C(O)C(F)(F)F,active_single,1,1.1381568,1.2594266
CHEMBL4636302,O=C(Nc1ccccc1-c1ccccc1)OCC1CCNCC1,active_single,1,7.1487923,10.621304
CHEMBL4636528,O=C(Nc1ccc(F)cc1-c1ccc(F)c(Cl)c1)OCC1CCNCC1,active_single,1,7.3052874,10.58805
CHEMBL4636887,C[N+]1(C)CCC(COC(=O)Nc2ccc(F)cc2-c2cccc(Cl)c2)CC1.O=C[O-],active_single,1,7.652755,10.72586
CHEMBL4637155,O=C(Nc1ccc(F)cc1-c1cc(F)c(F)c(F)c1)OCC1CCNCC1,active_single,1,7.1791453,10.488083
CHEMBL4637749,C[N@+]12CC[C@H](CC1)[C@@H](NC(=O)Nc1ccc(F)cc1-c1ccccc1)C2.O=C([O-])C(F)(F)F,active_single,1,7.831882,10.599789
CHEMBL4638599,O=c1n(CCCCN2CCN(c3cccc4sccc34)CC2)nc2ccccn12,inactive_single,0,7.166057,7.500155
CHEMBL4639307,C[N@+]12CC[C@H](CC1)[C@@H](OC(=O)Nc1ccc(F)cc1-c1ccccc1)C2.O=C([O-])C(F)(F)F,active_single,1,7.875007,10.54466
CHEMBL4639938,CN1[C@@H]2C[C@H](OC(=O)Nc3ccc(F)cc3-c3ccccc3)C[C@H]1[C@@H]1O[C@@H]12,active_single,1,8.15531,10.351762
CHEMBL4640544,O=C(Nc1ccccc1-c1cc(F)c(F)c(F)c1)OCC1CCNCC1,active_single,1,7.0904913,10.550918
CHEMBL4640926,C[N+](C)(C)C[C@@H]1COC[C@H](c2ccc(Sc3ccccc3)cc2)O1.[I-],inactive_single,0,4.9576097,1.6853536
CHEMBL4641288,COc1ccc(-c2cc(F)ccc2NC(=O)OCC2CCNCC2)cc1,active_single,1,7.191632,10.510536
CHEMBL4641328,NCc1cc(C(=O)NCCN2CCC(N3CCC(n4c(=O)[nH]c5ccccc54)CC3)CC2)cc(C(=O)NCCN2CCN(CCCCC3CCN(CC(=O)N4c5ccccc5NC(=O)c5ccccc54)CC3)CC2)c1.O=C(O)C(F)(F)F.O=C(O)C(F)(F)F.O=C(O)C(F)(F)F.O=C(O)C(F)(F)F.O=C(O)C(F)(F)F.O=C(O)C(F)(F)F,active_single,1,1.1911298,1.3161513
CHEMBL4641531,C[N+](C)(C)C[C@@H]1CO[C@@H](c2ccc(S(=O)(=O)c3ccccc3)cc2)CO1.[I-],inactive_single,0,4.8869705,1.6809925
CHEMBL4642292,Cc1nccc2c1C(C)(C)Nc1cc(Br)ccc1-2,inactive_single,0,7.3855577,10.068508
CHEMBL4643643,CN1[C@@H]2CC[C@H]1C[C@H](OC(=O)Nc1ccc(F)cc1-c1ccccc1)C2,active_single,1,8.1327505,10.341733
CHEMBL4643867,O=C(Nc1ccc(F)cc1-c1ccc(Cl)c(Cl)c1)O[C@H]1CN2CCC1CC2,active_single,1,7.851824,10.670705
CHEMBL4644192,C[N@+]12CC[C@H](CC1)[C@@H](OC(=O)Nc1ccccc1-c1ccccc1)C2.O=C([O-])C(F)(F)F,active_single,1,8.713609,10.099972
CHEMBL4644285,CN(C)C[C@@H]1COC[C@](c2ccccc2)(C2CCCCC2)O1,active_single,1,5.1335015,2.1190934
CHEMBL4644352,O=c1n(CCCCN2CCN(c3cccc4sccc34)CC2)nc2c(F)cccn12,inactive_single,0,7.171952,7.4978075
CHEMBL4644389,C[N+](C)(C)C[C@@H]1COC[C@H](c2ccc([S+]([O-])c3ccccc3)cc2)O1.[I-],inactive_single,0,4.9396152,1.6601197
CHEMBL4644391,N#Cc1ccc2nn(CCCCN3CCN(c4cccc5sccc45)CC3)c(=O)n2c1,inactive_single,0,7.141453,7.5126953
CHEMBL4644852,O=C(Nc1ccc(F)cc1-c1ccccc1)OCC1CCNCC1,active_single,1,7.2276287,10.539641
CHEMBL4644999,O=C(Nc1ccc(F)cc1-c1cc(Cl)cc(Cl)c1)OCC1CCNCC1,active_single,1,7.256765,10.535542
CHEMBL4645235,C[N+]1(C)CCC(COC(=O)Nc2ccc(F)cc2-c2ccc(F)c(Cl)c2)CC1.O=C[O-],active_single,1,7.748149,10.732646
CHEMBL4645254,C[N+](C)(C)C[C@@H]1CO[C@@H](c2ccc(-c3ccccc3)cc2)CO1.[I-],inactive_single,0,4.830616,1.5951475
CHEMBL4645580,C[N+](C)(C)C[C@H]1COC[C@@](c2ccccc2)(C2CCCCC2)O1.[I-],active_single,1,5.097707,2.0411215
CHEMBL4646245,C[N+](C)(C)C[C@@H]1CO[C@@H](c2ccccc2)CO1.[I-],inactive_single,0,4.9272037,1.6921309
CHEMBL4646531,C[N+](C)(C)C[C@@H]1CO[C@@H](c2ccc(Cc3ccccc3)cc2)CO1.[I-],inactive_single,0,4.8919005,1.6529127
CHEMBL4646717,O=C(Nc1ccc(F)cc1-c1ccccc1Cl)OCC1CCNCC1,active_single,1,7.1698747,10.546816
CHEMBL4648196,O=C(Nc1ccc(F)cc1-c1ccc(F)cc1)OCC1CCNCC1,active_single,1,7.1910887,10.500792
CHEMBL4648229,C[N+](C)(C)C[C@@H]1COC[C@@](c2ccccc2)(C2CCCCC2)O1.[I-],active_single,1,5.094553,2.037594
CHEMBL4648444,C[N+](C)(C)C[C@@H]1CO[C@](c2ccccc2)(C2CCCCC2)CO1.[I-],active_single,1,4.973368,1.9102999
CHEMBL4648939,C[N+](C)(C)C[C@@H]1COC[C@](c2ccccc2)(C2CCCCC2)O1,active_single,1,5.0856824,1.9870847
CHEMBL4649201,O=C(Nc1ccc(F)cc1-c1ccc(Cl)c(Cl)c1)OCC1CCNCC1,active_single,1,7.290781,10.602564
CHEMBL4649224,CN(C)CC1COCC(c2ccccc2)(C2CCCCC2)O1,active_single,1,5.169806,2.0708106
CHEMBL4649668,C[N+](C)(C)C[C@@H]1COC[C@H](c2ccc(S(=O)(=O)c3ccccc3)cc2)O1.[I-],inactive_single,0,4.962551,1.6612874
CHEMBL4650755,C[N+]1(C)[C@@H]2C[C@H](OC(=O)C(O)(c3cccs3)c3cccs3)C[C@H]1[C@@H]1O[C@@H]12,active_single,1,8.239867,3.6048784
CHEMBL466253,COc1ccc(CN2C(=O)C(=O)c3cc(OC(F)(F)F)ccc32)cc1,inactive,0,5.288616,10.782943
CHEMBL466271,CCOC(=O)c1ccc(NC(=O)N[C@@H](Cc2ccc(Br)cc2)C(=O)N[C@H]2CC[N+](C)(Cc3ccc4c(c3)OCO4)C2)cc1.[I-],active_single,1,-7.900819,14.100062
CHEMBL467094,COc1cc2c3c(c1OC)-c1cc4c(cc1CC3N(C)CC2)OCO4,inactive_single,0,4.991804,9.082942
CHEMBL471214,CCOC(=O)c1ccc(NC(=O)N[C@@H](Cc2ccc(O)cc2)C(=O)NC2CCN(CC3CC3)C2)cc1,active_single,1,-8.5974455,14.094876
CHEMBL4740422,O=C(CCN1CCCc2ccccc21)NCc1cccc(F)c1,inactive_single,0,7.2441573,6.6239686
CHEMBL4745429,CC1Cc2ccccc2N1CC(=O)N1CCCC1,inactive_single,0,7.0637226,6.5211835
CHEMBL4745885,COC1CN(C(=O)CCN2CCCc3ccccc32)C1,inactive_single,0,7.1823535,6.584212
CHEMBL4747438,O=C(CCN1CCCc2ccccc21)Nc1nccs1,inactive_single,0,7.26103,6.640452
CHEMBL4748337,Cn1ccc2c(NC(=O)CCN3CCCc4ccccc43)cccc21,inactive_single,0,7.2701354,6.6213384
CHEMBL4752380,O=C(CCN1CCCc2ccccc21)N1CCC(O)C1,inactive_single,0,7.1766067,6.573961
CHEMBL4752973,O=C(CCN1CCCc2ccccc21)Nc1ccc(Cl)cc1,inactive_single,0,7.2097006,6.592933
CHEMBL4756237,O=C(CN1CCCc2cnccc21)N1CCCC1,inactive_single,0,7.102826,6.5087304
CHEMBL4756442,O=C(CCN1CCCc2ccccc21)N1CCC(O)CC1,inactive_single,0,7.187285,6.561484
CHEMBL4756873,O=C(CCN1CCCc2ccccc21)Nc1cccnn1,inactive_single,0,7.2711535,6.624219
CHEMBL4757676,O=C(CN1CCc2ccc(Br)cc21)N1CCCCC1,inactive_single,0,7.124611,6.5396786
CHEMBL4758449,O=C(CCN1CCCc2ccccc21)N1CCC1,inactive_single,0,7.204333,6.584604
CHEMBL4758633,O=C(CCN1CCCc2ccccc21)N1CCC[C@H]1CO,inactive_single,0,7.2273273,6.5895333
CHEMBL4758742,CCn1c2ccccc2c2ccc(NCC(=O)N3CCCCC3)cc21,inactive_single,0,6.9795017,6.5816813
CHEMBL4759774,CC(C)(C)OC(=O)N1CCN(CC(=O)n2c3ccccc3c3ccccc32)CC1,inactive_single,0,6.871496,6.586168
CHEMBL4760037,O=C(CCN1CCCc2ccccc21)N1CCCC1CO,inactive_single,0,7.2112803,6.5887074
CHEMBL4760150,CC1CCCC(C)N1C(=O)CCN1CCCc2ccccc21,inactive_single,0,7.1966066,6.5447407
CHEMBL4760904,CC1CCc2ccccc2N1CC(=O)N1CCCCC1,inactive_single,0,7.074365,6.5332127
CHEMBL4761549,O=C(CN1CCCc2ccc(O)cc21)N1CCCCC1,inactive_single,0,7.0322204,6.455878
CHEMBL4762056,O=C(CN1CCCc2ccccc21)N1CCCCC1,inactive_single,0,7.0587916,6.484249
CHEMBL4762755,O=C(CCN1CCCc2ccccc21)Nc1cccc2cccnc12,inactive_single,0,7.2549324,6.619289
CHEMBL4763422,O=C(CCN1CCCc2ccccc21)N1CCCCC1CO,inactive_single,0,7.209203,6.6367383
CHEMBL476434,Cc1cccc(COCC[N+]23CCC(C(O)(c4ccccc4)c4ccccc4)(CC2)CC3)c1.[Br-],inactive_single,0,-1.5193512,4.213782
CHEMBL476435,Br.OC(c1ccccc1)(c1ccccc1)C1CC2CCN1CC2,inactive_single,0,6.0422616,3.7475865
CHEMBL476436,Br.OC(c1ccccc1)(c1ccccc1)C12CCN(CC1)CC2,inactive_single,0,-1.2408984,4.445688
CHEMBL4765133,O=C(CCN1CCCc2ccccc21)Nc1ccc(O)cc1F,inactive_single,0,7.2845817,6.6233006
CHEMBL476990,N#Cc1ccccc1CN1CCC(N2CCC(n3c(=O)[nH]c4ccccc43)CC2)CC1,inactive_single,0,1.7968285,10.162561
CHEMBL4775999,CC1CCc2ccccc2N1CC(=O)N1CCCC1,inactive_single,0,7.0866323,6.5112658
CHEMBL4777127,O=C(CCN1CCCc2ccccc21)Nc1cccc2ccccc12,inactive_single,0,7.2487392,6.61394
CHEMBL4778178,O=C(CCN1CCCc2ccccc21)NCc1ccco1,inactive_single,0,7.2584147,6.6545215
CHEMBL477821,O=c1[nH]c2ccccc2n1C1CCN(C2CCN(Cc3ccccc3Cl)CC2)CC1,inactive_single,0,1.7606399,10.140228
CHEMBL4778407,O=C(O[C@@H](Cc1c(Cl)c[n+]([O-])cc1Cl)c1ccc(OC(F)F)c(OCC2CC2)c1)C1CN(C(=O)c2ccc(COc3cccc(CN(C(=O)O[C@H]4CN5CCC4CC5)c4ccccc4)c3)cc2)C1,active_single,1,12.719338,-9.125851
CHEMBL4779424,CN(C)CC/C=C/c1cccnc1,inactive_single,0,8.088805,5.81174
CHEMBL478034,O=c1[nH]c2ccccc2n1C1CCN(C2CCN(Cc3ccccc3[N+](=O)[O-])CC2)CC1,inactive_single,0,1.7961156,10.209345
CHEMBL478069,OC(CC1C[N+]2(CCc3ccccc3)CCC1CC2)(c1ccccc1)c1ccccc1.[Br-],inactive_single,0,8.886393,0.20040661
CHEMBL478070,OC(c1ccccc1)(c1ccccc1)C12CC[N+](CCc3ccccc3)(CC1)CC2.[Br-],inactive_single,0,-1.3620944,4.3620234
CHEMBL478226,CN1CCN(CC(=O)N2c3ccccc3C(=O)Nc3cccnc32)[C@@H]2CCCC[C@H]21,inactive_single,0,1.0854847,1.2078518
CHEMBL478227,CN1CCN(CC(=O)N2c3ccccc3C(=O)Nc3cccnc32)[C@@H]2CCCC[C@@H]21,inactive_single,0,1.0403949,1.162976
CHEMBL478662,O=c1[nH]c2ccccc2n1C1CCN(C2CCN(Cc3ccccc3C(F)(F)F)CC2)CC1,inactive_single,0,1.7471166,10.177445
CHEMBL4786868,O=C(CN1CCCc2cnccc21)N1CCCCC1,inactive_single,0,7.079726,6.494873
CHEMBL4787283,Cc1ccc2c(c1)CCCN2CC(=O)N1CCCCC1,inactive_single,0,7.095523,6.5210376
CHEMBL4787944,Cn1ccc(NC(=O)CCN2CCCc3ccccc32)n1,inactive_single,0,7.228962,6.6003385
CHEMBL479,CSc1ccc2c(c1)N(CCC1CCCCN1C)c1ccccc1S2,active,1,5.499851,11.602553
CHEMBL4792360,O=C(CCN1CCCc2ccccc21)N1CCCC(O)C1,inactive_single,0,7.168195,6.537549
CHEMBL4792675,O=C(CN1CCc2ccc(F)cc21)N1CCCC1,inactive_single,0,7.100171,6.517321
CHEMBL4793864,CC1Cc2ccccc2N1CC(=O)N1CCCCC1,inactive_single,0,7.0277796,6.507167
CHEMBL479526,COC(=O)c1ccc(NC(=O)N[C@@H](Cc2ccc(O)cc2)C(=O)NC2CCN(Cc3ccc(O)cc3)C2)cc1,active_single,1,-8.608448,14.019567
CHEMBL4800495,CC1CCCCN1CC(=O)n1c2ccccc2c2ccccc21,inactive_single,0,6.9546714,6.536091
CHEMBL480299,CCOC(=O)c1ccc(NC(=O)N[C@@H](Cc2ccc(O)cc2)C(=O)NC2CCN(Cc3ccc(OC)cc3)C2)cc1,active_single,1,-8.628061,14.072804
CHEMBL480464,CC[C@@H](C)[C@@H](O)C(=O)OC[C@H]1CCN2CCC[C@@H]12,active_single,1,6.6246724,11.742616
CHEMBL480877,CCOC(=O)c1ccc(NC(=O)N[C@@H](Cc2ccc(O)cc2)C(=O)NC2CCN(Cc3cccc(Cl)c3)C2)cc1,active_single,1,-8.617622,14.070516
CHEMBL480878,CCOC(=O)c1ccc(NC(=O)N[C@@H](Cc2ccc(O)cc2)C(=O)NC2CCN(Cc3ccccc3)C2)cc1,active_single,1,-8.621505,14.082593
CHEMBL481153,O=C(OCCN1CCCC1)N1c2ccccc2Sc2ccccc21,active_single,1,7.344834,5.9702554
CHEMBL483253,CC(C)(C)c1ccc(COCC[N+]23CCC(C(O)(c4ccccc4)c4ccccc4)(CC2)CC3)cc1.[Br-],inactive_single,0,-1.5531648,4.1759543
CHEMBL484475,OC(c1ccccc1)(c1ccccc1)C12CC[N+](CCCCc3ccccc3)(CC1)CC2.[Br-],inactive_single,0,-1.3345547,4.399492
CHEMBL484476,OC(c1ccccc1)(c1ccccc1)C12CC[N+](CCCCCOc3ccccc3)(CC1)CC2.[Br-],inactive_single,0,-1.4114119,4.310606
CHEMBL4846536,O=C(NC(c1ccccc1)c1cccc(OCCCCCCCCCNC[C@H](O)c2ccc(O)c3[nH]c(=O)ccc23)c1)O[C@H]1CN2CCC1CC2,active_single,1,17.581888,8.945377
CHEMBL4847458,CC(=O)NC(=O)[C@H](CCCNC(=N)N)NC(=O)[C@H](C)NC(=O)CNCC(=O)NC1CCN(CC(=O)N2c3ccccc3NC(=O)c3ccccc32)CC1.O=C(O)C(F)(F)F.O=C(O)C(F)(F)F,inactive_single,0,1.2769111,1.3969617
CHEMBL4847801,Cn1cc2cc(-c3ccc(CN4Cc5ncsc5C4=O)c(F)c3)ccc2n1,inactive_single,0,5.8055887,11.284781
CHEMBL4847910,O=C(N[C@@H](c1ccccc1)c1cccc(OCCCCCCNC[C@H](O)c2ccc(O)c3[nH]c(=O)ccc23)c1)O[C@H]1CN2CCC1CC2,active_single,1,17.591507,8.955753
CHEMBL4849385,Fc1ccc2c(c1)C(C1=CCNCC1)=Nc1cc(Cl)ccc1N2,inactive_single,0,7.3914657,10.313957
CHEMBL4850130,N=C(N)NCCC[C@@H](N)C(=O)NCCN1CCN(CCCC2CCN(CC(=O)N3c4ccccc4NC(=O)c4ccccc43)CC2)CC1.O=C(O)C(F)(F)F.O=C(O)C(F)(F)F.O=C(O)C(F)(F)F.O=C(O)C(F)(F)F.O=C(O)C(F)(F)F,active_single,1,1.2296165,1.3506546
CHEMBL4850216,O=C(OC1CN2CCC1CC2)N1CCc2ccccc2[C@@H]1c1ccc(F)cc1,inactive_single,0,7.6620383,2.0729606
CHEMBL4852403,CN1CC=C(C2=Nc3cc(Cl)ccc3Nc3ccc(F)cc32)CC1,inactive_single,0,7.479523,10.411732
CHEMBL4852629,O=C(NC(c1ccccc1)c1cccc(OCCCCCCCCNC[C@H](O)c2ccc(O)c3[nH]c(=O)ccc23)c1)O[C@H]1CN2CCC1CC2,active_single,1,17.59809,8.96246
CHEMBL4854091,O=C(N[C@@H](c1ccccc1)c1cccc(OCc2ccc(CCNC[C@H](O)c3ccc(O)c4[nH]c(=O)ccc34)cc2)c1)O[C@H]1CN2CCC1CC2,active,1,17.656477,9.022642
CHEMBL4854179,CC(=O)N[C@@H](CCCN)C(=O)NC(=O)[C@H](C)NC(=O)[C@H](CCCNC(=N)N)NCCN1CCN(C(=O)CCC2CCN(CC(=O)N3c4ccccc4NC(=O)c4ccccc43)CC2)CC1.O=C(O)C(F)(F)F.O=C(O)C(F)(F)F.O=C(O)C(F)(F)F.O=C(O)C(F)(F)F,inactive_single,0,1.2896158,1.4101832
CHEMBL4854418,O=C(NC(c1ccccc1)c1cccc(OCCCCCCCNC[C@H](O)c2ccc(O)c3[nH]c(=O)ccc23)c1)O[C@H]1CN2CCC1CC2,active_single,1,17.573174,8.936436
CHEMBL4855033,O=C(NC1CN2CCC1CC2)N1CCc2ccccc2[C@@H]1c1ccc(F)cc1,inactive_single,0,7.651398,2.0614889
CHEMBL4856090,CC(=O)NC(=O)[C@H](CCCCN)NC(=O)[C@H](CCCNC(=N)N)NCCCC1CCN(CC(=O)N2c3ccccc3NC(=O)c3ccccc32)CC1.O=C(O)C(F)(F)F.O=C(O)C(F)(F)F.O=C(O)C(F)(F)F,inactive_single,0,1.2681206,1.3890264
CHEMBL4856628,Cc1ccc2c(c1)N=C(C1=CCNCC1)c1cc(F)ccc1N2,inactive_single,0,7.407048,10.296651
CHEMBL485755,O=c1[nH]c2cc(F)ccc2n1C1CCN(C2CCN(S(=O)(=O)c3ccccc3)CC2)CC1,inactive_single,0,1.7742643,10.199873
CHEMBL4857743,O=C(N[C@H](c1ccccc1)c1cccc(OCCCCCCNC[C@H](O)c2ccc(O)c3[nH]c(=O)ccc23)c1)O[C@H]1CN2CCC1CC2,active_single,1,17.608578,8.974502
CHEMBL4859485,O=C(OC1CN2CCC1CC2)N1CCc2ccccc2[C@@H]1c1ccc(F)c(F)c1,inactive_single,0,7.684846,2.0711582
CHEMBL485953,O=c1[nH]c2ccc(F)cc2n1C1CCN(C2CCN(S(=O)(=O)c3ccccc3)CC2)CC1,inactive_single,0,1.7912173,10.176274
CHEMBL4862221,CC(=O)NC(=O)[C@H](CCCCN)NC(=O)[C@H](C)NC(=O)[C@H](CCCNC(=N)N)NCCN1CCN(C(=O)CC2CCN(CC(=O)N3c4ccccc4NC(=O)c4ccccc43)CC2)CC1.O=C(O)C(F)(F)F.O=C(O)C(F)(F)F.O=C(O)C(F)(F)F.O=C(O)C(F)(F)F,inactive_single,0,1.2835784,1.4043291
CHEMBL486331,O=C(Nc1cccc(SC(F)(F)F)c1)N1CCC(N2CCC(n3c(=O)[nH]c4ccccc43)CC2)CC1,inactive_single,0,1.7626091,10.196559
CHEMBL4863525,O=C(NC(c1ccccc1)c1cccc(OCCCCCCNC[C@H](O)c2ccc(O)c3[nH]c(=O)ccc23)c1)O[C@H]1CN2CCC1CC2,active_single,1,17.559324,8.920232
CHEMBL4863723,CC(=O)NC(=O)[C@H](CCCCN)NC(=O)[C@H](CCCNC(=N)N)NCCN1CCN(CC(=O)NC2CCN(CC(=O)N3c4ccccc4NC(=O)c4ccccc43)CC2)CC1.O=C(O)C(F)(F)F.O=C(O)C(F)(F)F.O=C(O)C(F)(F)F.O=C(O)C(F)(F)F.O=C(O)C(F)(F)F,inactive_single,0,1.2619427,1.3826604
CHEMBL4865137,CC(=O)NC(=O)[C@H](CCCNC(=N)N)NC(=O)[C@H](C)NC(=O)[C@H](CCCNC(=N)N)NC1CCN(CC(=O)N2c3ccccc3NC(=O)c3ccccc32)CC1.O=C(O)C(F)(F)F.O=C(O)C(F)(F)F.O=C(O)C(F)(F)F,inactive_single,0,1.28451,1.4051571
CHEMBL4866806,CCN(CCCNC[C@H](O)c1ccc(O)c2[nH]c(=O)ccc12)C(=O)c1ccc(COc2cccc(-c3ccc([C@@H](NC(=O)O[C@H]4CN5CCC4CC5)c4ccccc4)cc3)c2)cc1,active_single,1,17.63045,8.997052
CHEMBL486758,O=c1[nH]c2c(F)cccc2n1C1CCN(C2CCN(S(=O)(=O)c3ccccc3)CC2)CC1,inactive_single,0,1.7701011,10.144752
CHEMBL4869096,O=C(NC(c1ccccc1)c1ccccc1)O[C@H]1CN2CCC1CC2,active_single,1,13.710551,5.882795
CHEMBL486982,CCCOC(=O)c1ccc(NC(=O)N[C@@H](Cc2ccc(O)cc2)C(=O)NC2CCN(Cc3ccc(O)cc3)C2)cc1,active_single,1,-8.612858,14.0630865
CHEMBL486983,CC(C)OC(=O)c1ccc(NC(=O)N[C@@H](Cc2ccc(O)cc2)C(=O)NC2CCN(Cc3ccc(O)cc3)C2)cc1,active_single,1,-8.600454,13.990836
CHEMBL4870729,CC(=O)N[C@H](CCCN)C(=O)NC(=O)[C@H](C)NC(=O)[C@H](CCCNC(=N)N)NCCN1CCN(C(=O)CCCC2CCN(CC(=O)N3c4ccccc4NC(=O)c4ccccc43)CC2)CC1.O=C(O)C(F)(F)F.O=C(O)C(F)(F)F.O=C(O)C(F)(F)F.O=C(O)C(F)(F)F,inactive_single,0,1.3189613,1.4402566
CHEMBL4871517,O=C(N[C@@H](c1ccccc1)c1ccc(-c2cccc(OCc3ccc(C(=O)NCCCNC[C@H](O)c4ccc(O)c5[nH]c(=O)ccc45)cc3)c2)cc1)O[C@H]1CN2CCC1CC2,active_single,1,17.615864,8.985824
CHEMBL4871702,O=C(N[C@@H](c1ccccc1)c1ccc(-c2cccc(OCc3ccc(C(=O)N(CCCNC[C@H](O)c4ccc(O)c5[nH]c(=O)ccc45)Cc4ccccc4)cc3)c2)cc1)O[C@H]1CN2CCC1CC2,active_single,1,17.632479,8.995938
CHEMBL4873426,Cc1ccc2c(c1)N=C(C1=CCN(C)CC1)c1cc(F)ccc1N2,inactive_single,0,7.4661775,10.405716
CHEMBL4873492,O=C(CC1CN2CCC1CC2)N1CCc2ccccc2[C@@H]1c1ccc(F)cc1,inactive_single,0,7.68822,2.1163588
CHEMBL4874580,Cn1cc2c(-c3cc(F)c(CN4Cc5cnn(CC6CCCO6)c5C4=O)c(F)c3)cccc2n1,inactive_single,0,5.819845,11.339238
CHEMBL4874819,O=C(NC(c1ccccc1)c1cccc(OCCCCCNC[C@H](O)c2ccc(O)c3[nH]c(=O)ccc23)c1)O[C@H]1CN2CCC1CC2,active_single,1,17.569605,8.933021
CHEMBL4875268,CC(=O)NC(=O)[C@H](CCCCN)NC(=O)[C@H](C)NC(=O)[C@H](CCCNC(=N)N)NCCN1CCN(C(=O)CCC2CCN(CC(=O)N3c4ccccc4NC(=O)c4ccccc43)CC2)CC1.O=C(O)C(F)(F)F.O=C(O)C(F)(F)F.O=C(O)C(F)(F)F,inactive_single,0,1.2765045,1.3975496
CHEMBL4877107,CC(=O)N[C@@H](CCCN)C(=O)NC(=O)[C@H](C)NC(=O)[C@H](CCNC(=N)N)NCCN1CCN(C(=O)CCC2CCN(CC(=O)N3c4ccccc4NC(=O)c4ccccc43)CC2)CC1.O=C(O)C(F)(F)F.O=C(O)C(F)(F)F.O=C(O)C(F)(F)F.O=C(O)C(F)(F)F,inactive_single,0,1.263359,1.3843894
CHEMBL487764,CCNC(=O)c1ccc(NC(=O)N[C@@H](Cc2ccc(O)cc2)C(=O)NC2CCN(Cc3ccc(C#N)cc3)C2)cc1,active_single,1,-8.624559,14.0857525
CHEMBL487788,O=C(Nc1cccc(SC(F)(F)F)c1)N1CCC(N2CCC(n3c(=O)[nH]c4c(F)cccc43)CC2)CC1,inactive_single,0,1.7634237,10.201775
CHEMBL4878138,COc1cc(C(=O)NCCN2CCC(OC(=O)Nc3ccccc3-c3ccccc3)CC2)c(Cl)cc1CNC[C@H](O)c1ccc(O)c2[nH]c(=O)ccc12,active_single,1,20.512413,9.599801
CHEMBL4878395,O=C(NC(c1ccccc1)c1ccc(OCCCCCCCCCNC[C@H](O)c2ccc(O)c3[nH]c(=O)ccc23)cc1)O[C@H]1CN2CCC1CC2,active_single,1,17.545292,8.9023
CHEMBL487984,O=c1[nH]c2cc(Br)ccc2n1C1CCN(C2CCN(S(=O)(=O)c3ccccc3)CC2)CC1,inactive_single,0,1.7948679,10.16825
CHEMBL487985,O=C(Nc1cccc(SC(F)(F)F)c1)N1CCC(N2CCC(n3c(=O)[nH]c4ccc(F)cc43)CC2)CC1,inactive_single,0,1.7526432,10.211014
CHEMBL487986,O=C(Nc1cccc(SC(F)(F)F)c1)N1CCC(N2CCC(n3c(=O)[nH]c4cc(Cl)ccc43)CC2)CC1,inactive_single,0,1.7798711,10.188243
CHEMBL489020,CCCC[N+]12CCC(C(O)(c3ccccc3)c3ccccc3)(CC1)CC2.[Br-],inactive_single,0,-1.2421476,4.4753423
CHEMBL489032,NCC[N+]12CCC(C(O)(c3ccccc3)c3ccccc3)(CC1)CC2.[Br-],inactive_single,0,-1.3589966,4.363565
CHEMBL489211,Cc1ccc(COCC[N+]23CCC(C(O)(c4ccccc4)c4ccccc4)(CC2)CC3)cc1.[Br-],inactive_single,0,-1.5176303,4.2138324
CHEMBL489212,OC(c1ccccc1)(c1ccccc1)C12CC[N+](CCOCc3cccc(F)c3)(CC1)CC2.[Br-],inactive_single,0,-1.514864,4.220238
CHEMBL489225,COCC[N+]12CCC(C(O)(c3ccccc3)c3ccccc3)(CC1)CC2.[Br-],inactive_single,0,-1.3629899,4.3600945
CHEMBL489576,O=c1[nH]c2cc(F)ccc2n1C1CCN(C2CCN(Cc3ccccc3C(F)(F)F)CC2)CC1,inactive_single,0,1.7505624,10.169454
CHEMBL489625,OC(c1cccc(F)c1)(c1cccc(F)c1)C12CC[N+](CCOCc3ccccc3)(CC1)CC2.[Br-],inactive_single,0,-1.5327461,4.2027655
CHEMBL489626,Cc1ccc(C(O)(c2ccc(C)cc2)C23CC[N+](CCOCc4ccccc4)(CC2)CC3)cc1.[Br-],inactive_single,0,-1.5130522,4.2177005
CHEMBL490,Fc1ccc([C@@H]2CCNC[C@H]2COc2ccc3c(c2)OCO3)cc1,active,1,7.1136975,10.459687
CHEMBL490236,OC(c1ccccc1)(c1ccccc1)C12CC[N+](CCOCc3ccccc3Br)(CC1)CC2.[Br-],inactive_single,0,-1.5032048,4.22864
CHEMBL490237,OC(c1ccccc1)(c1ccccc1)C12CC[N+](CCOCc3ccccc3F)(CC1)CC2.[Br-],inactive_single,0,-1.4490223,4.283563
CHEMBL490242,N#CC(c1ccccc1)(c1ccccc1)C12CC[N+](CCOCc3ccccc3)(CC1)CC2.[Br-],inactive_single,0,-1.5450033,4.190998
CHEMBL490243,OC(c1ccccc1)(c1ccccc1)C12CC[N+](CCOCc3ccccc3)(CC1)C2.[Br-],inactive_single,0,-1.5280312,4.2063966
CHEMBL490244,N#CC(c1ccccc1)(c1ccccc1)C12CC[N+](CCOCc3ccccc3)(CC1)C2.[Br-],inactive_single,0,-1.5313989,4.203066
CHEMBL490597,O=c1[nH]c2cc(Cl)ccc2n1C1CCN(C2CCN(Cc3ccccc3)CC2)CC1,inactive_single,0,1.8242054,10.17552
CHEMBL490598,Cc1ccccc1CN1CCC(N2CCC(n3c(=O)[nH]c4c(F)cccc43)CC2)CC1,inactive_single,0,1.8238027,10.13521
CHEMBL490652,OCCC[N+]12CCC(C(O)(c3ccccc3)c3ccccc3)(CC1)CC2.[Br-],inactive_single,0,-1.2876058,4.432593
CHEMBL490797,Cc1ccccc1CN1CCC(N2CCC(n3c(=O)[nH]c4ccc(F)cc43)CC2)CC1,inactive_single,0,1.7900125,10.165375
CHEMBL490856,COCCC[N+]12CCC(C(O)(c3ccccc3)c3ccccc3)(CC1)CC2.[Br-],inactive_single,0,-1.3742926,4.3484344
CHEMBL491208,N#Cc1ccccc1CN1CCC(N2CCC(n3c(=O)[nH]c4cc(Cl)ccc43)CC2)CC1,inactive_single,0,1.8654113,10.159301
CHEMBL491246,Cc1ccccc1COCC[N+]12CCC(C(O)(c3ccccc3)c3ccccc3)(CC1)CC2.[Br-],inactive_single,0,-1.4799796,4.252038
CHEMBL491252,N#Cc1ccccc1COCC[N+]12CCC(C(O)(c3ccccc3)c3ccccc3)(CC1)CC2.[Br-],inactive_single,0,-1.498111,4.2319174
CHEMBL491456,OC(c1ccccc1)(c1ccccc1)C12CC[N+](CC3CC3)(CC1)CC2.[Br-],inactive_single,0,-1.3215442,4.408582
CHEMBL491457,CC[N+]12CCC(C(O)(c3ccccc3)c3ccccc3)(CC1)CC2.[Br-],inactive_single,0,-1.2725434,4.446721
CHEMBL491818,O=c1[nH]c2ccc(F)cc2n1C1CCN(C2CCN(Cc3ccccc3C(F)(F)F)CC2)CC1,inactive_single,0,1.7897221,10.161249
CHEMBL492359,O=C(NCc1cccc(-c2ccc(F)c(CN3CCNCC3)c2)c1)c1ccc2c(c1)OCO2,active_single,1,4.650641,9.4764385
CHEMBL492374,COC(=O)c1cccc(C(=O)NCc2cccc(-c3cccc(CN4CCNCC4)c3)c2)c1,active_single,1,4.8029137,9.373888
CHEMBL492701,C[C@H]1CN(Cc2cccc(-c3cccc(CNC(=O)c4ccc5c(c4)OCO5)c3)n2)CCN1,active_single,1,4.6116467,9.496103
CHEMBL492756,COc1ccc(-c2cccc(CNC(=O)c3ccc4c(c3)OCO4)c2)cc1CN1CCNCC1,active_single,1,4.701927,9.438598
CHEMBL492802,N#Cc1ccc(C(=O)NCc2cccc(-c3cccc(CN4CCNCC4)c3)c2)cc1,active_single,1,4.848836,9.376747
CHEMBL492978,CCOc1cccc(C(=O)NCc2cccc(-c3cccc(CN4CCNCC4)c3)c2)c1,active_single,1,4.817746,9.373093
CHEMBL492988,O=C(NCc1cccc(-c2cccc(CN3C[C@@H]4C[C@H]3CN4)c2)c1)c1ccc2c(c1)OCO2,active_single,1,4.599499,9.530825
CHEMBL492997,O=C(NCc1cccc(-c2cccc(CN3CCNCC3)c2)c1)c1cccc(Cl)c1,active_single,1,4.8223953,9.383825
CHEMBL492998,O=C(NCc1cccc(-c2cccc(CN3CCNCC3)c2)c1)c1ccc(Cl)cc1,active_single,1,4.807862,9.450687
CHEMBL493079,O=C(NCc1cccc(-c2cccc(CN3CCNCC3)c2)c1)c1ccc2c(c1)OCO2,active,1,4.6627274,9.463962
CHEMBL493131,C[C@@H]1CN(Cc2cccc(-c3cccc(CNC(=O)c4ccc5c(c4)OCO5)c3)c2)CCN1,active_single,1,4.651958,9.478647
CHEMBL493328,CC1CN(Cc2cccc(-c3cccc(CNC(=O)c4ccc5c(c4)OCO5)c3)c2)CCN1,active_single,1,4.687496,9.451901
CHEMBL493329,C[C@H]1CN(Cc2cccc(-c3cccc(CNC(=O)c4ccc5c(c4)OCO5)c3)c2)CCN1,active_single,1,4.6778283,9.45475
CHEMBL493795,CN1CCC[C@H]1[C@H]1C[S+]([O-])C(c2ccccc2)(c2ccccc2)O1,active,1,4.8056345,3.0069313
CHEMBL493939,O=C(NCc1cc(-c2cccc(CN3CCNCC3)c2)ccc1F)c1ccc2c(c1)OCO2,active_single,1,4.64025,9.481929
CHEMBL493979,CN1CCC[C@@H]1[C@@H]1C[S+]([O-])[C@](c2ccccc2)(C2CCCCC2)O1,active,1,4.722763,2.8852232
CHEMBL493980,CN1CCC[C@H]1[C@H]1C[S+]([O-])[C@@](c2ccccc2)(C2CCCCC2)O1,active,1,4.782347,2.895828
CHEMBL494410,Cc1cccc(C(=O)NCc2cccc(-c3cccc(CN4CCNCC4)c3)c2)c1,active_single,1,4.811833,9.352188
CHEMBL494411,CCc1cccc(C(=O)NCc2cccc(-c3cccc(CN4CCNCC4)c3)c2)c1,active_single,1,4.8448334,9.36938
CHEMBL494741,O=C(NCc1cccc(-c2cccc(CN3CCNCC3)c2)c1)c1cccc(C(F)(F)F)c1,active_single,1,4.831567,9.370615
CHEMBL494749,CS(=O)(=O)c1cccc(C(=O)NCc2cccc(-c3cccc(CN4CCNCC4)c3)c2)c1,active_single,1,4.816903,9.338855
CHEMBL494752,CC(=O)Nc1cccc(C(=O)NCc2cccc(-c3cccc(CN4CCNCC4)c3)c2)c1,active_single,1,4.8535686,9.354135
CHEMBL494778,O=S(=O)(NCc1cccc(-c2cccc(CN3CCNCC3)c2)c1)c1ccc2c(c1)OCO2,active_single,1,4.702699,9.488362
CHEMBL494836,O=C(NCc1cccc(-c2cccc(CN3CCCNCC3)c2)c1)c1ccc2c(c1)OCO2,active_single,1,4.6814656,9.462818
CHEMBL494950,CN(C)c1cccc(C(=O)NCc2cccc(-c3cccc(CN4CCNCC4)c3)c2)c1,active_single,1,4.8594556,9.314092
CHEMBL494998,O=C(NCc1cccc(-c2cccc(CN3CCOCC3)c2)c1)c1ccc2c(c1)OCO2,inactive_single,0,4.5951695,9.53737
CHEMBL495025,N#Cc1ccccc1C(=O)NCc1cccc(-c2cccc(CN3CCNCC3)c2)c1,active_single,1,4.8288794,9.385993
CHEMBL495028,CN1CCN(Cc2cccc(C(=O)NCc3cccc(-c4cccc(CN5CCNCC5)c4)c3)c2)CC1,active_single,1,4.8149033,9.388415
CHEMBL495102,CCOC(=O)c1ccc(NC(=O)N[C@@H](Cc2ccc(-c3ccccc3)cc2)C(=O)N[C@H]2CC[N+](C)(Cc3ccc4c(c3)OCO4)C2)cc1.[I-],active_single,1,-7.9209647,14.074473
CHEMBL495172,N#Cc1cccc(C(=O)NCc2cccc(-c3cccc(CN4CCNCC4)c3)c2)c1,active_single,1,4.879982,9.342095
CHEMBL495180,COc1cccc(C(=O)NCc2cccc(-c3cccc(CN4CCNCC4)c3)c2)c1,active_single,1,4.848455,9.389833
CHEMBL495357,O=C1CN(Cc2cccc(-c3cccc(CNC(=O)c4ccc5c(c4)OCO5)c3)c2)CCN1,inactive_single,0,4.6617875,9.491967
CHEMBL496376,NC(=O)CN1CCCC(c2ccccc2)(C2CCN(Cc3ccc(Br)cc3)CC2)C1,inactive,0,2.4164455,8.284382
CHEMBL496915,CN1CCC[C@@H]1[C@@H]1C[S+]([O-])[C@@](c2ccccc2)(C2CCCCC2)O1,active,1,4.676867,2.8863108
CHEMBL497799,O=C(Nc1ccccc1)N1CCCC(c2ccccc2)(C2CCN(Cc3ccc(Br)cc3)CC2)C1,inactive,0,2.4815614,8.280018
CHEMBL499519,CCCCCCCCCCCC(OC(=O)C(CCCCN(O)C(C)=O)NC(=O)c1coc(-c2ccccc2O)n1)C(C)C(=O)NC1CCCCN(O)C1=O,active,1,8.764167,9.82342
CHEMBL499536,C[C@H](OC(=O)N[C@@H]1CN2CCC1CC2)c1ccccc1F,inactive_single,0,7.494727,1.9535881
CHEMBL500306,Br.OC(CC1CN2CCC1CC2)(c1ccccc1)c1ccccc1,inactive_single,0,7.3007584,2.3119
CHEMBL500313,CN1CCC[C@H]1[C@@H]1CNC(=O)O1,inactive_single,0,4.8672824,2.9906275
CHEMBL501419,CCOC(=O)c1ccc(NC(=O)N[C@@H](Cc2ccc(O)cc2)C(=O)NC2CCN(Cc3ccc4c(c3)OCO4)C2)cc1,active_single,1,-8.571589,14.121444
CHEMBL501727,CCOC(=O)c1ccc(NC(=O)N[C@H](Cc2ccc(O)cc2)C(=O)N[C@@H]2CCN(Cc3ccc(O)cc3)C2)cc1,inactive_single,0,-8.62774,14.059109
CHEMBL503468,O=C(Nc1ccc2[nH]cc(C3CCN(CCCCCCCN4CCC(c5c[nH]c6ccc(NC(=O)c7ccc(F)cc7)cc56)CC4)CC3)c2c1)c1ccc(F)cc1,inactive_single,0,8.5323305,10.873036
CHEMBL505086,Cc1ccc(C2CCCN2)o1,inactive_single,0,4.9504523,3.5089893
CHEMBL505452,CCOC(=O)c1ccc(NC(=O)N[C@@H](Cc2ccc(O)cc2)C(=O)NC2CCN(Cc3ccc(O)cc3)C2)cc1,active,1,-8.57272,14.037953
CHEMBL5069430,COc1ccc([C@H](Cc2c(Cl)c[n+]([O-])cc2Cl)OC(=O)c2ccc(CN(C(=O)O[C@H]3CN4CCC3CC4)c3cccnc3)s2)cc1OC,active_single,1,12.858046,-9.232002
CHEMBL5070876,COc1ccc([C@H](Cc2c(Cl)c[n+]([O-])cc2Cl)OC(=O)c2ccc(CN(C(=O)O[C@H]3CN4CCC3CC4)c3ccccc3)s2)cc1OC,active_single,1,12.819924,-9.222044
CHEMBL5074216,COc1ccc([C@H](Cc2c(Cl)c[n+]([O-])cc2Cl)OC(=O)c2ccc(CNC(C(=O)O[C@@H]3CCN(C)C3)c3ccccc3)s2)cc1OC,active,1,13.8228245,-8.784233
CHEMBL5074599,COc1ccc([C@H](Cc2c(Cl)c[n+]([O-])cc2Cl)OC(=O)c2ccc(CNC(C(=O)O[C@H]3CN4CCC3CC4)c3ccccc3)s2)cc1OC,active,1,13.192943,-9.036939
CHEMBL5075132,COc1ccc([C@H](Cc2c(Cl)c[n+]([O-])cc2Cl)OC(=O)c2ccc(CN(C(=O)O[C@H]3CN4CCC3CC4)c3ccccc3)cc2F)cc1OC,active_single,1,12.7050905,-9.130127
CHEMBL5076266,COc1ccc([C@H](Cc2c(Cl)c[n+]([O-])cc2Cl)OC(=O)c2ccc(F)c(CN(C(=O)O[C@H]3CN4CCC3CC4)c3ccccc3)c2)cc1OC,active_single,1,12.735131,-9.112051
CHEMBL5076445,COc1ccc([C@H](Cc2c(Cl)c[n+]([O-])cc2Cl)OC(=O)c2ccc(CNC(C(=O)OC[C@H]3CCN3C)c3ccccc3)s2)cc1OC,active,1,13.909615,-8.719445
CHEMBL5076535,COc1ccc([C@H](Cc2c(Cl)c[n+]([O-])cc2Cl)OC(=O)c2ccc(CNC(C(=O)OCCN(C)C)c3ccccc3)s2)cc1OC,active,1,13.858023,-8.743852
CHEMBL5076558,COc1ccc([C@H](Cc2c(Cl)c[n+]([O-])cc2Cl)OC(=O)c2cccc(CNC(C(=O)O[C@H]3CN4CCC3CC4)c3ccccc3)c2)cc1OC,active,1,12.848474,-8.933599
CHEMBL5076637,COc1ccc([C@H](Cc2c(Cl)c[n+]([O-])cc2Cl)OC(=O)c2ccc(CNC(C(=O)O[C@H]3CN4CCC3CC4)c3ccccc3F)s2)cc1OC,active,1,13.161552,-9.0903225
CHEMBL5076680,COc1ccc([C@H](Cc2c(Cl)c[n+]([O-])cc2Cl)OC(=O)Cc2ccc(CN(C(=O)O[C@H]3CN4CCC3CC4)c3ccccc3)cc2)cc1OC,active_single,1,12.71584,-9.1105995
CHEMBL5076886,COc1ccc([C@H](Cc2c(Cl)c[n+]([O-])cc2Cl)OC(=O)c2ccc(CNC(C(=O)OC3C[C@H]4CC[C@H](C3)N4C)c3ccccc3)s2)cc1OC,active,1,13.847842,-8.784835
CHEMBL5077161,COc1ccc([C@H](Cc2c(Cl)c[n+]([O-])cc2Cl)OC(=O)c2ccc(CN(C(=O)O[C@H]3CN4CCC3CC4)c3ccccc3)cc2)cc1OC,active_single,1,12.720162,-9.058615
CHEMBL5077250,COc1ccc([C@H](Cc2c(Cl)c[n+]([O-])cc2Cl)OC(=O)c2ccc(CN(C(=O)O[C@H]3CN4CCC3CC4)c3cccc(C(F)F)c3)s2)cc1OC,active_single,1,12.792479,-9.237497
CHEMBL5077424,COc1ccc([C@H](Cc2c(Cl)c[n+]([O-])cc2Cl)OC(=O)c2ccc(CN(C)C(C(=O)O[C@H]3CN4CCC3CC4)c3ccccc3)s2)cc1OC,active,1,12.993322,-9.146605
CHEMBL5078006,COc1ccc([C@H](Cc2c(Cl)c[n+]([O-])cc2Cl)OC(=O)c2ccc(CNC(C(=O)OC[C@H]3CN4CCC3CC4)c3ccccc3)s2)cc1OC,active,1,13.752426,-8.734369
CHEMBL5078078,CC(C)(O)c1ccc(N2Cc3c(ccnc3-c3ccc(F)cc3OCC(F)(F)F)C2=O)cc1,inactive,0,5.6647215,11.210291
CHEMBL5078680,O=C(O[C@@H](Cc1c(Cl)c[n+]([O-])cc1Cl)c1ccc(OC(F)F)c(OCC2CC2)c1)c1cccc(NC(C(=O)O[C@H]2CN3CCC2CC3)c2ccccc2)c1,active_single,1,12.798081,-9.000263
CHEMBL5080391,O=C(O[C@@H](Cc1c(Cl)c[n+]([O-])cc1Cl)c1ccc(OC(F)F)c(OCC2CC2)c1)c1cccc(CN(C(=O)O[C@H]2CN3CCC2CC3)c2ccccc2)c1,active_single,1,12.664304,-9.114873
CHEMBL5081214,O=C(O[C@@H](Cc1c(Cl)c[n+]([O-])cc1Cl)c1ccc(OC(F)F)c(OCC2CC2)c1)c1cccc(S(=O)(=O)NC(C(=O)O[C@H]2CN3CCC2CC3)c2ccccc2)c1,active_single,1,12.791107,-9.001123
CHEMBL5081816,COc1ccc([C@H](Cc2c(Cl)c[n+]([O-])cc2Cl)OC(=O)c2ccc(CNC(C(=O)OCC3CCN(C)CC3)c3ccccc3)s2)cc1OC,active,1,13.903798,-8.785239
CHEMBL5084383,COc1ccc([C@H](Cc2c(Cl)c[n+]([O-])cc2Cl)OC(=O)c2ccc(CN(C(=O)O[C@H]3CN4CCC3CC4)c3cccc(F)c3)s2)cc1OC,active_single,1,12.812704,-9.2356415
CHEMBL5084829,CCOc1cc([C@H](Cc2c(Cl)c[n+]([O-])cc2Cl)OC(=O)c2ccc(CN(C(=O)O[C@H]3CN4CCC3CC4)c3ccccc3F)s2)ccc1OC(F)F,active_single,1,12.7991905,-9.289004
CHEMBL5085166,COc1ccc([C@H](Cc2c(Cl)c[n+]([O-])cc2Cl)OC(=O)c2ccc(CN(C(=O)O[C@H]3CN4CCC3CC4)c3ccccn3)s2)cc1OC,active_single,1,12.87032,-9.262632
CHEMBL5085717,CC(C)Oc1cc([C@H](Cc2c(Cl)c[n+]([O-])cc2Cl)OC(=O)c2ccc(CN(C(=O)O[C@H]3CN4CCC3CC4)c3ccccc3F)s2)ccc1OC(F)F,active_single,1,12.766967,-9.301543
CHEMBL5086272,COc1ccc([C@H](Cc2c(Cl)c[n+]([O-])cc2Cl)OC(=O)c2ccc(CN(C(=O)O[C@H]3CN4CCC3CC4)c3nccs3)s2)cc1OC,active_single,1,12.809168,-9.2735
CHEMBL5086393,COc1ccc([C@H](Cc2c(Cl)c[n+]([O-])cc2Cl)OC(=O)c2ccc(CNC(C(=O)OC3CCN(C)CC3)c3ccccc3)s2)cc1OC,active,1,13.781313,-8.859724
CHEMBL5086769,COc1ccc([C@H](Cc2c(Cl)c[n+]([O-])cc2Cl)OC(=O)c2ccc(CN(C(=O)O[C@H]3CN4CCC3CC4)c3cccc(O)c3)s2)cc1OC,active_single,1,12.825541,-9.24136
CHEMBL5086895,O=C(O[C@@H](Cc1c(Cl)c[n+]([O-])cc1Cl)c1ccc(OC(F)F)c(OCC2CC2)c1)c1cccc(CNC(C(=O)O[C@H]2CN3CCC2CC3)c2ccccc2)c1,active_single,1,12.780511,-8.966903
CHEMBL5087564,COc1ccc([C@H](Cc2c(Cl)c[n+]([O-])cc2Cl)OC(=O)c2cccc(NC(C(=O)O[C@H]3CN4CCC3CC4)c3ccccc3)c2)cc1OC,active_single,1,12.867166,-8.915184
CHEMBL5088742,COc1ccc([C@H](Cc2c(Cl)c[n+]([O-])cc2Cl)OC(=O)c2cccc(CN(C(=O)O[C@H]3CN4CCC3CC4)c3ccccc3)c2)cc1OC,active_single,1,12.687703,-9.083646
CHEMBL5090179,COc1cc([C@H](Cc2c(Cl)c[n+]([O-])cc2Cl)OC(=O)c2ccc(CN(C(=O)O[C@H]3CN4CCC3CC4)c3ccccc3F)s2)ccc1OC(F)F,active_single,1,12.762388,-9.277663
CHEMBL5090464,O=C(O[C@@H](Cc1c(Cl)c[n+]([O-])cc1Cl)c1ccc(OC(F)F)c(OCC2CC2)c1)c1ccc(CN(C(=O)O[C@H]2CN3CCC2CC3)c2ccccc2F)s1,active_single,1,12.784616,-9.252635
CHEMBL5091461,COc1ccc([C@H](Cc2c(Cl)c[n+]([O-])cc2Cl)OC(=O)c2ccc(CN(C(=O)O[C@H]3CN4CCC3CC4)c3ccccc3F)s2)cc1OC,active_single,1,12.81376,-9.245017
CHEMBL5092058,Cc1cn([C@H](C)CC#N)c(=O)c2cc(Cn3nc(C(F)F)cc3Cl)nn12,inactive,0,2.1248953,10.07988
CHEMBL5094110,COc1ccc([C@H](Cc2c(Cl)c[n+]([O-])cc2Cl)OC(=O)c2cccc(S(=O)(=O)NC(C(=O)O[C@H]3CN4CCC3CC4)c3ccccc3)c2)cc1OC,active_single,1,12.8768215,-8.880638
CHEMBL513277,Cc1ccc(C2CCCN2C)o1,inactive_single,0,4.9545026,3.449365
CHEMBL514689,O=c1[nH]c2cc(Cl)ccc2n1C1CCN(C2CCN(Cc3ccccc3[N+](=O)[O-])CC2)CC1,inactive_single,0,1.8309246,10.217027
CHEMBL515462,Br.OC(c1ccccc1)(c1ccccc1)C1CN2CCC1CC2,inactive_single,0,7.2632313,2.1889112
CHEMBL515489,O=c1[nH]c2cc(Cl)ccc2n1C1CCN(C2CCN(Cc3ccccc3Cl)CC2)CC1,inactive_single,0,1.8435098,10.184606
CHEMBL516,CN1CCC(=C2c3ccccc3C=Cc3ccccc32)CC1,active,1,7.8343925,5.973639
CHEMBL516120,OC(c1ccccc1)(c1ccccc1)C1C[N+]2(CCc3ccccc3)CCC1CC2.[Br-],inactive_single,0,8.867051,0.22460473
CHEMBL516121,C[N+]12CCC(C(O)(c3ccccc3)c3ccccc3)(CC1)CC2.[Br-],inactive_single,0,-1.3301226,4.387276
CHEMBL5170720,O=C(N[C@@H](c1ccccc1)c1cccc(OCc2ccc(C(=O)O)o2)c1)O[C@H]1CN2CCC1CC2,active_single,1,13.780301,5.9045725
CHEMBL517087,CCOC(=O)c1ccc(NC(=O)N[C@@H](Cc2ccc(O)cc2)C(=O)NC2CCN(Cc3cccc(OC)c3)C2)cc1,active_single,1,-8.602081,14.08092
CHEMBL5172865,Cn1nc(C(=O)OCCCCNC[C@H](O)c2ccc(O)c3[nH]c(=O)ccc23)cc1COc1cccc([C@@H](NC(=O)O[C@H]2CN3CCC2CC3)c2ccccc2)c1,active_single,1,17.614874,8.979243
CHEMBL517712,CN1[C@@H]2CC[C@H]1C[C@@H](OC(=O)C(CO)c1ccccc1)C2,active,1,8.610058,4.0341926
CHEMBL5177499,O=C(N[C@@H](c1ccccc1)c1cccc(OC[C@H]2CC[C@H](C(=O)O)CC2)c1)O[C@H]1CN2CCC1CC2,active_single,1,13.7131405,5.8504753
CHEMBL5178217,Cn1nc(COc2cccc([C@@H](NC(=O)O[C@H]3CN4CCC3CC4)c3ccccc3)c2)cc1C(=O)O,active_single,1,13.777687,5.9151926
CHEMBL5179380,O=C(N[C@@H](c1ccccc1)c1cccc(OCc2ccc(C(=O)O)nc2)c1)O[C@H]1CN2CCC1CC2,active_single,1,13.76296,5.927494
CHEMBL518001,CCOC(=O)c1ccc(NC(=O)N[C@@H](Cc2ccc(O)cc2)C(=O)NC2CCN(Cc3cccc(O)c3)C2)cc1,active_single,1,-8.606374,14.089241
CHEMBL5180420,COc1cc(C(=O)O)ccc1COc1cccc([C@@H](NC(=O)O[C@H]2CN3CCC2CC3)c2ccccc2)c1,active_single,1,13.773621,5.912154
CHEMBL5181855,O=C(N[C@@H](c1ccccc1)c1cccc(OCc2nc(C(=O)O)co2)c1)O[C@H]1CN2CCC1CC2,active_single,1,13.761349,5.931084
CHEMBL5184455,O=C(N[C@@H](c1ccccc1)c1cccc(OCc2ccc(C(=O)OCCCCNC[C@H](O)c3ccc(O)c4[nH]c(=O)ccc34)cc2)c1)O[C@H]1CN2CCC1CC2,active_single,1,17.649338,9.014207
CHEMBL5184598,O=C(N[C@H](c1ccccc1)c1cccc(OCc2ccc(C(=O)OCCCCNC[C@H](O)c3ccc(O)c4[nH]c(=O)ccc34)cc2)c1)O[C@H]1CN2CCC1CC2,active_single,1,17.642256,9.00629
CHEMBL518747,O=c1[nH]c2cc(Cl)ccc2n1C1CCN(C2CCN(Cc3ccccc3C(F)(F)F)CC2)CC1,inactive_single,0,1.8208071,10.15949
CHEMBL5187593,O=C(N[C@@H](c1ccccc1)c1cccc(OCc2nc(C(=O)O)cs2)c1)O[C@H]1CN2CCC1CC2,active_single,1,13.773446,5.920738
CHEMBL5190387,O=C(N[C@@H](c1ccccc1)c1cccc(OCc2ccc(C(=O)OCCCCNC[C@H](O)c3ccc(O)c4[nH]c(=O)ccc34)o2)c1)O[C@H]1CN2CCC1CC2,active_single,1,17.675459,9.042159
CHEMBL5193776,O=C(N[C@@H](c1ccccc1)c1cccc(OCc2ccc(C(=O)O)cc2F)c1)O[C@H]1CN2CCC1CC2,active_single,1,13.771483,5.9108834
CHEMBL5193853,O=C(N[C@@H](c1ccccc1)c1cccc(OCc2cccc(C(=O)OCCCCNC[C@H](O)c3ccc(O)c4[nH]c(=O)ccc34)c2)c1)O[C@H]1CN2CCC1CC2,active_single,1,17.663303,9.033686
CHEMBL5193865,COC(=O)c1ccc(COc2cccc([C@H](NC(=O)O[C@H]3CN4CCC3CC4)c3ccccc3)c2)cc1,active_single,1,13.755246,5.922561
CHEMBL5194569,O=C(N[C@@H](c1ccccc1)c1cccc(OCc2ccc(C(=O)O)c(F)c2)c1)O[C@H]1CN2CCC1CC2,active_single,1,13.773109,5.914198
CHEMBL5195203,COC(=O)c1ccc(COc2cccc(C(NC(=O)O[C@H]3CN4CCC3CC4)c3ccccc3)c2)cc1,active_single,1,13.735539,5.8897676
CHEMBL5195224,O=C(N[C@@H](c1ccccc1)c1cccc(OCc2csc(C(=O)O)c2)c1)O[C@H]1CN2CCC1CC2,active_single,1,13.775144,5.9168606
CHEMBL519609,CCN(CC)CCCOC(=O)N1c2ccccc2Sc2ccccc21,active_single,1,7.4546604,4.9291654
CHEMBL519652,COc1cccc(COCC[N+]23CCC(C(O)(c4ccccc4)c4ccccc4)(CC2)CC3)c1.[Br-],inactive_single,0,-1.5521446,4.174558
CHEMBL519760,CCOC(=O)c1ccc(NC(=O)N[C@@H](Cc2ccc(O)cc2)C(=O)NC2CCN(Cc3ccccc3OC)C2)cc1,active_single,1,-8.622983,14.112722
CHEMBL5200448,COC(=O)c1ccc(COc2cccc([C@@H](NC(=O)O[C@H]3CN4CCC3CC4)c3ccccc3)c2)cc1,active_single,1,13.765197,5.9056964
CHEMBL5200887,COc1cc(C(=O)OCCCCNC[C@H](O)c2ccc(O)c3[nH]c(=O)ccc23)ccc1COc1cccc([C@@H](NC(=O)O[C@H]2CN3CCC2CC3)c2ccccc2)c1,active_single,1,17.70993,9.077283
CHEMBL5201074,C[C@@H](NC(=O)/N=C(N)NCCCc1ncn[nH]1)c1ccccc1.Cl.Cl,inactive_single,0,16.673788,8.360857
CHEMBL5202045,O=C(N[C@@H](c1ccccc1)c1cccc(OCc2cc(C(=O)O)co2)c1)O[C@H]1CN2CCC1CC2,active_single,1,13.76838,5.905433
CHEMBL5202567,O=C(N[C@@H](c1ccccc1)c1cccc(OCc2ccc(C(=O)O)cc2)c1)O[C@H]1CN2CCC1CC2,active_single,1,13.766111,5.908893
CHEMBL5202787,O=C(N[C@@H](c1ccccc1)c1cccc(OCc2cccc(C(=O)O)c2)c1)O[C@H]1CN2CCC1CC2,active_single,1,13.7829075,5.915893
CHEMBL5203937,Cn1nc(C(=O)O)cc1COc1cccc([C@@H](NC(=O)O[C@H]2CN3CCC2CC3)c2ccccc2)c1,active_single,1,13.8120165,5.9531345
CHEMBL5207792,O=C(N[C@@H](c1ccccc1)c1cccc(OCc2cnc(C(=O)O)cn2)c1)O[C@H]1CN2CCC1CC2,active_single,1,13.786363,5.9311914
CHEMBL5208201,O=C(NC(c1ccccc1)c1cccc(OCc2ccc(C(=O)OCCCCNC[C@H](O)c3ccc(O)c4[nH]c(=O)ccc34)cc2)c1)O[C@H]1CN2CCC1CC2,active_single,1,17.672821,9.037983
CHEMBL5208957,O=C(N[C@@H](c1ccccc1)c1cccc(OCc2nc(C(=O)OCCCCNC[C@H](O)c3ccc(O)c4[nH]c(=O)ccc34)co2)c1)O[C@H]1CN2CCC1CC2,active_single,1,17.637045,9.000491
CHEMBL521030,O=c1[nH]c2cc(Cl)ccc2n1C1CCN(C2CCN(S(=O)(=O)c3ccccc3)CC2)CC1,inactive_single,0,1.8291376,10.203396
CHEMBL521244,CCOC(=O)c1ccc(NC(=O)N[C@@H](Cc2ccc(O)cc2)C(=O)NC2CCN(Cc3cccc(C#N)c3)C2)cc1,active_single,1,-8.6186695,14.11017
CHEMBL521523,C[C@H]1CN(Cc2cccc(-c3cc(CNC(=O)c4cccc(CC5CCNCC5)c4)ccc3F)c2)CCN1,active_single,1,4.7119656,9.501078
CHEMBL521781,OC(c1ccccc1)(c1ccccc1)C12CC[N+](CCOCc3ccc(F)cc3)(CC1)CC2.[Br-],inactive_single,0,-1.5229074,4.2120576
CHEMBL521914,O=c1[nH]c2c(F)cccc2n1C1CCN(C2CCN(Cc3ccccc3C(F)(F)F)CC2)CC1,inactive_single,0,1.7946917,10.117316
CHEMBL521921,COc1ccc(C(O)(c2ccc(OC)cc2)C23CC[N+](CCOCc4ccccc4)(CC2)CC3)cc1.[Br-],inactive_single,0,-1.5469025,4.189646
CHEMBL521986,O=C(NCc1ccc(F)c(-c2cccc(CN3CCNCC3)c2)c1)c1ccc2c(c1)OCO2,active_single,1,4.636272,9.484749
CHEMBL522020,CC(=O)c1cccc(C(=O)NCc2cccc(-c3cccc(CN4CCNCC4)c3)c2)c1,active_single,1,4.82709,9.362096
CHEMBL522081,OC(c1ccc(F)cc1)(c1ccc(F)cc1)C12CC[N+](CCOCc3ccccc3)(CC1)CC2.[Br-],inactive_single,0,-1.5356812,4.215805
CHEMBL522418,OC(c1ccccc1)(c1ccccc1)C12CC[N+](CCOc3ccccc3)(CC1)CC2.[Br-],inactive_single,0,-1.4206922,4.3015323
CHEMBL522451,Cc1ccccc1CN1CCC(N2CCC(n3c(=O)[nH]c4cc(F)ccc43)CC2)CC1,inactive_single,0,1.7737482,10.175206
CHEMBL522632,CCC[N+]12CCC(C(O)(c3ccccc3)c3ccccc3)(CC1)CC2.[Br-],inactive_single,0,-1.3445125,4.379279
CHEMBL522838,COc1ccc(CNC(=O)c2ccc3c(c2)OCO3)cc1-c1cccc(CN2CCNCC2)c1,active_single,1,4.612271,9.509594
CHEMBL523474,OC(c1ccccc1)(c1ccccc1)C12CC[N+](CCOCc3ccc(Cl)cc3)(CC1)CC2.[Br-],inactive_single,0,-1.5516272,4.182114
CHEMBL523518,CN1CCC[C@@H]1[C@@H]1C[S+]([O-])C(c2ccccc2)(c2ccccc2)O1,active,1,4.702376,2.9289317
CHEMBL523598,N#Cc1ccc(COCC[N+]23CCC(C(O)(c4ccccc4)c4ccccc4)(CC2)CC3)cc1.[Br-],inactive_single,0,-1.48747,4.2449274
CHEMBL523657,Cc1ccccc1CN1CCC(N2CCC(n3c(=O)[nH]c4cc(Cl)ccc43)CC2)CC1,inactive_single,0,1.8684605,10.1929455
CHEMBL523767,COc1cccc(C(O)(c2cccc(OC)c2)C23CC[N+](CCOCc4ccccc4)(CC2)CC3)c1.[Br-],inactive_single,0,-1.5586709,4.1715145
CHEMBL523957,OC(c1ccccc1)(c1ccccc1)C12CC[N+](CCOCc3ccc(Br)cc3)(CC1)CC2.[Br-],inactive_single,0,-1.5538385,4.180052
CHEMBL524032,Cc1c(CNC(=O)c2ccc3c(c2)OCO3)cccc1-c1cccc(CN2CCNCC2)c1,inactive_single,0,4.6228266,9.466769
CHEMBL524061,CN1CCC[C@H]1[C@H]1C[S+]([O-])[C@](c2ccccc2)(C2CCCCC2)O1,active,1,4.7323875,2.9056787
CHEMBL524119,OC(c1ccccc1)(c1ccccc1)C12CC[N+](CCOCc3cccc(Br)c3)(CC1)CC2.[Br-],inactive_single,0,-1.513825,4.22247
CHEMBL526009,CCOC(=O)c1ccc(NC(=O)N[C@@H](Cc2ccc(O)cc2)C(=O)N[C@H]2CCN(Cc3ccc(O)cc3)C2)cc1,active,1,-8.589425,14.065039
CHEMBL5265833,C#CCCCCCCN1CCC(COC(=O)Nc2ccc(F)cc2-c2ccc(F)c(Cl)c2)CC1,active_single,1,8.460959,11.050656
CHEMBL5267836,CN(C)c1ccc2c(-c3ccc(-c4cn(CCCCCn5cc(CCCCCCN6CCC(OC(=O)Nc7ccc(F)cc7-c7ccc(F)c(Cl)c7)CC6)nn5)nn4)cc3C(=O)[O-])c3ccc(=[N+](C)C)cc-3oc2c1,active_single,1,8.367153,11.121042
CHEMBL5268503,CN(C)c1ccc2c(-c3ccc(-c4cn(CCCCCn5cc(CCCCCN6CCC(COC(=O)Nc7ccc(F)cc7-c7ccc(F)c(Cl)c7)CC6)nn5)nn4)cc3C(=O)[O-])c3ccc(=[N+](C)C)cc-3oc2c1,active_single,1,8.32411,11.082787
CHEMBL5270870,NCCCCCCCCN1CCC(COC(=O)Nc2ccc(F)cc2-c2ccc(F)c(Cl)c2)CC1,active_single,1,8.371607,11.004863
CHEMBL5270925,C#CCCCCCCN1CCC(OC(=O)Nc2ccc(F)cc2-c2ccc(F)c(Cl)c2)CC1,active_single,1,8.471039,11.02857
CHEMBL527216,CCOC(=O)c1ccc(NC(=O)N[C@@H](Cc2ccc(F)cc2)C(=O)N[C@H]2CC[N+](C)(Cc3ccc4c(c3)OCO4)C2)cc1.[I-],active_single,1,-7.9057245,14.085303
CHEMBL5272950,O=C1C[C@@H](Cc2cnc[nH]2)CO1,inactive_single,0,5.003745,2.4077141
CHEMBL5273907,CN1/C(=C/C=C/C=C/C2=[N+](CCCCCC(=O)NCCCCCCN3CCC(COC(=O)Nc4ccc(F)cc4-c4ccc(F)c(Cl)c4)CC3)c3ccccc3C2(C)C)C(C)(C)c2ccccc21,active_single,1,8.3943615,11.142907
CHEMBL5274390,O=C(Nc1ccc(F)cc1-c1ccc(F)c(Cl)c1)OC1CCNCC1,active_single,1,7.6002455,10.706441
CHEMBL5277670,CN1/C(=C/C=C/C=C/C2=[N+](CCCCCC(=O)NCCCCCCN3CCC(OC(=O)Nc4ccc(F)cc4-c4ccc(F)c(Cl)c4)CC3)c3ccccc3C2(C)C)C(C)(C)c2ccccc21,active_single,1,8.496928,11.16439
CHEMBL5277944,CC[C@H]1C(=O)OC[C@@H]1Cc1c[n+](CCCCCCCC[N+](C)(C)CC(C)(C)CN2C(=O)c3cccc4cccc(c34)C2=O)cn1C.O=C[O-].O=C[O-],inactive_single,0,6.0432014,6.025246
CHEMBL527880,C[N+]1(C)CCC[C@@H]1c1ccco1.[I-],inactive_single,0,4.7808857,3.3597097
CHEMBL5279174,C#CCCCCCN1CCC(COC(=O)Nc2ccc(F)cc2-c2ccc(F)c(Cl)c2)CC1,active_single,1,8.425973,11.029687
CHEMBL5281043,NCCCCCCN1CCC(COC(=O)Nc2ccc(F)cc2-c2ccc(F)c(Cl)c2)CC1,active_single,1,8.395884,11.024597
CHEMBL5282659,NCCCCCCN1CCC(OC(=O)Nc2ccc(F)cc2-c2ccc(F)c(Cl)c2)CC1,active_single,1,8.498871,10.984175
CHEMBL5283759,CN(C)c1ccc2c(-c3ccc(-c4cn(CCCCCn5cc(CCCCCN6CCC(OC(=O)Nc7ccc(F)cc7-c7ccc(F)c(Cl)c7)CC6)nn5)nn4)cc3C(=O)[O-])c3ccc(=[N+](C)C)cc-3oc2c1,active_single,1,8.3901005,11.11605
CHEMBL5284000,NCCCCCCCCN1CCC(OC(=O)Nc2ccc(F)cc2-c2ccc(F)c(Cl)c2)CC1,active_single,1,8.445224,10.998311
CHEMBL5284728,O=C(O[C@H]1CN2CCC1CC2)N1CCc2ccccc2[C@@H]1c1ccc(F)cc1,inactive_single,0,7.62322,2.0275416
CHEMBL5287096,CC[C@@H]1C(=O)OC[C@@H]1Cc1c[n+](CCCCCC[N+](C)(C)CC(C)(C)CN2C(=O)c3cccc4cccc(c34)C2=O)cn1C.[Br-].[Br-],inactive_single,0,6.3019567,5.750694
CHEMBL5287315,C#CCCCCCN1CCC(OC(=O)Nc2ccc(F)cc2-c2ccc(F)c(Cl)c2)CC1,active_single,1,8.479922,11.024098
CHEMBL5289083,CN1/C(=C/C=C/C=C/C2=[N+](CCCCCC(=O)NCCCNCCCCCCN3CCC(COC(=O)Nc4ccc(F)cc4-c4ccc(F)c(Cl)c4)CC3)c3ccccc3C2(C)C)C(C)(C)c2ccccc21,active_single,1,8.415784,11.170022
CHEMBL5289601,CN1/C(=C/C=C/C=C/C2=[N+](CCCCCC(=O)NCCCCCCCCN3CCC(COC(=O)Nc4ccc(F)cc4-c4ccc(F)c(Cl)c4)CC3)c3ccccc3C2(C)C)C(C)(C)c2ccccc21,active_single,1,8.413446,11.151221
CHEMBL5289667,CN1/C(=C/C=C/C=C/C2=[N+](CCCCCC(=O)NCCCCCCCCN3CCC(OC(=O)Nc4ccc(F)cc4-c4ccc(F)c(Cl)c4)CC3)c3ccccc3C2(C)C)C(C)(C)c2ccccc21,active_single,1,8.486749,11.143893
CHEMBL53325,COc1cccc2c1CCCC2CCCN1CCN(C2CCCCC2)CC1,inactive_single,0,5.3443985,7.818351
CHEMBL539119,C[N+]1(Cc2cccc(-c3cccc(CNC(=O)c4ccc5c(c4)OCO5)c3)c2)CCNCC1.[I-],inactive_single,0,4.6198006,9.470328
CHEMBL539120,C[N+]1(C)CCC[C@H]1[C@H]1C[S+]([O-])[C@@](c2ccccc2)(C2CCCCC2)O1.[I-],active,1,4.589033,2.7995217
CHEMBL539121,C[N+]1(C)CCC[C@@H]1[C@@H]1C[S+]([O-])[C@@](c2ccccc2)(C2CCCCC2)O1.[I-],active,1,4.550668,2.8006554
CHEMBL539373,C[N+]1(C)CCC[C@H]1[C@H]1C[S+]([O-])C(c2ccccc2)(c2ccccc2)O1.[I-],active,1,4.5482,2.9293504
CHEMBL5395712,COc1ccc([C@H](Cc2c(Cl)c[n+]([O-])cc2Cl)OC(=O)c2ccc(CNC(C)(C(=O)O[C@H]3CN4CCC3CC4)c3ccccc3)s2)cc1OC,active,1,13.221853,-9.187185
CHEMBL5396126,COc1ccccc1C1CCN([C@@H]2COC3(C2)CN(C(=O)C2COC2)C3)CC1,inactive_single,0,5.5265737,8.167915
CHEMBL5397387,COc1cc(C(=O)O[C@@H](Cc2c(Cl)c[n+]([O-])cc2Cl)c2ccc(OC)c(OC)c2)ccc1CNC(C(=O)O[C@H]1CN2CCC1CC2)c1ccccc1,active_single,1,12.873392,-8.919722
CHEMBL539885,CCOC(=O)c1ccc(NC(=O)N[C@@H](Cc2ccc(OC)cc2)C(=O)N[C@H]2CC[N+](C)(Cc3ccc4c(c3)OCO4)C2)cc1.[I-],active_single,1,-7.9030285,14.092495
CHEMBL5399363,COc1ccc([C@H](Cc2c(Cl)c[n+]([O-])cc2Cl)OC(=O)c2ccc(CNC(CO)(C(=O)O[C@H]3CN4CCC3CC4)c3ccccc3)s2)cc1OCC1CC1,active,1,13.260734,-9.179169
CHEMBL5399732,COc1ccc(F)cc1C1CCN([C@@H]2CCC3(C2)CN(C(=O)C2COC2)C3)CC1,inactive_single,0,5.5570807,8.160857
CHEMBL540144,CCOC(=O)c1ccc(NC(=O)N[C@@H](Cc2ccc(O)cc2)C(=O)N[C@H]2CC[N+](C)(Cc3ccc(F)cc3)C2)cc1.[I-],active_single,1,-8.053564,14.022784
CHEMBL5401679,COc1ccccc1C1CCN(C2CCC3(C2)CN(C(=O)C2COC2)C3)CC1,inactive_single,0,5.558415,8.2111
CHEMBL5402697,COc1ccc([C@H](Cc2c(Cl)c[n+]([O-])cc2Cl)OC(=O)c2ccc(CNC(C(=O)O[C@H]3CN4CCC3CC4)c3ccccc3)cc2)cc1OC,active_single,1,12.857351,-8.9055195
CHEMBL5403404,CCCN1CCN(c2ccc3c(c2)C(N(C)C(=O)OCc2ccccc2)CCC3)CC1,inactive_single,0,8.148384,2.7928772
CHEMBL540359,CC(C)OC(=O)c1ccc(NC(=O)N[C@@H](Cc2ccc(O)cc2)C(=O)N[C@H]2CCC[N+](C)(Cc3cccc(O)c3)C2)cc1.[I-],active_single,1,-8.162511,13.916846
CHEMBL540398,CCOC(=O)c1ccc(NC(=O)N[C@@H](Cc2ccc(Cl)c(Cl)c2)C(=O)N[C@H]2CC[N+](C)(Cc3ccc4c(c3)OCO4)C2)cc1.[I-],active_single,1,-7.895158,14.096854
CHEMBL540399,CCOC(=O)c1ccc(NC(=O)N[C@@H](Cc2ccc(O)cc2)C(=O)N[C@H]2CC[N+](C)(Cc3ccc4c(c3)OCO4)C2)cc1.[I-],active_single,1,-7.9376893,14.089841
CHEMBL540400,CCOC(=O)c1ccc(NC(=O)N[C@@H](Cc2cccc(Cl)c2)C(=O)N[C@H]2CC[N+](C)(Cc3ccc4c(c3)OCO4)C2)cc1.[I-],active_single,1,-7.9150715,14.084701
CHEMBL5404020,COc1ccc([C@H](Cc2c(Cl)c[n+]([O-])cc2Cl)OC(=O)c2ccc(CNC(CO)(C(=O)O[C@H]3CN4CCC3CC4)c3ccccc3)c(OCC3CC3)c2)cc1OC,active,1,12.991047,-9.035871
CHEMBL5408238,COc1ccc([C@H](Cc2c(Cl)c[n+]([O-])cc2Cl)OC(=O)c2ccc(CNC(CO)(C(=O)O[C@H]3CN4CCC3CC4)c3ccccc3)s2)cc1OC,active,1,13.249474,-9.193516
CHEMBL5409010,CCOc1cc([C@H](Cc2c(Cl)c[n+]([O-])cc2Cl)OC(=O)c2ccc(CN[C@](CO)(C(=O)O[C@H]3CN4CCC3CC4)c3ccccc3)s2)ccc1OC,active_single,1,13.262032,-9.223066
CHEMBL5410533,CCC(NCc1ccc(C(=O)O[C@@H](Cc2c(Cl)c[n+]([O-])cc2Cl)c2ccc(OC)c(OC)c2)s1)(C(=O)O[C@H]1CN2CCC1CC2)c1ccccc1,active,1,13.213408,-9.189953
CHEMBL541671,C[N+]1(C)CCC[C@H]1[C@H]1C[S+]([O-])[C@](c2ccccc2)(C2CCCCC2)O1.[I-],active,1,4.5351477,2.9425247
CHEMBL5416951,COc1cc(F)ccc1C1CCN([C@@H]2COC3(C2)CN(C(=O)C2COC2)C3)CC1,inactive_single,0,5.528216,8.183242
CHEMBL5417689,CCOc1cc([C@H](Cc2c(Cl)c[n+]([O-])cc2Cl)OC(=O)c2ccc(CN[C@@](CO)(C(=O)O[C@H]3CN4CCC3CC4)c3ccccc3)s2)ccc1OC,active_single,1,13.193183,-9.253184
CHEMBL5419462,CCOc1ccccc1C1CCN([C@@H]2CCC3(C2)CN(C(=O)C2COC2)C3)CC1,inactive_single,0,5.534276,8.206257
CHEMBL5419622,COc1ccc(F)cc1C1CCN([C@@H]2COC3(C2)CN(C(=O)C2COC2)C3)CC1,inactive_single,0,5.502729,8.158974
CHEMBL5419862,CCOc1cc([C@H](Cc2c(Cl)cncc2Cl)OC(=O)c2ccc(CN[C@@](CO)(C(=O)O[C@H]3CN4CCC3CC4)c3ccccc3)s2)ccc1OC,active_single,1,13.20413,-9.2224245
CHEMBL5420551,CCOc1cc([C@@H](Cc2c(Cl)c[n+]([O-])cc2Cl)OC(=O)c2ccc(CN[C@@](CO)(C(=O)O[C@H]3CN4CCC3CC4)c3ccccc3)s2)ccc1OC,active_single,1,13.242648,-9.213758
CHEMBL5423866,CCOc1ccccc1C1CCN([C@@H]2CCC3(C2)CN(C(C)=O)C3)CC1,inactive_single,0,5.541667,8.215801
CHEMBL5426968,COc1ccc([C@H](Cc2c(Cl)c[n+]([O-])cc2Cl)OC(=O)c2ccc(CN[C@@H](C(=O)O[C@H]3CN4CCC3CC4)c3ccccc3)s2)cc1OC,active_single,1,13.156472,-9.097571
CHEMBL5430170,COCC(NCc1ccc(C(=O)O[C@@H](Cc2c(Cl)c[n+]([O-])cc2Cl)c2ccc(OC)c(OC)c2)s1)(C(=O)O[C@H]1CN2CCC1CC2)c1ccccc1,active,1,13.230078,-9.238702
CHEMBL543113,CN1C2CCC1CC(OC(c1ccc(F)cc1)c1ccc(F)cc1)C2.Cl,active_single,1,8.876273,4.1336184
CHEMBL543177,CCN1CCC(c2ccccc2)=C(C(=O)OCc2ccccc2)C1.Cl,active_single,1,8.051023,8.802533
CHEMBL5433640,CCOc1cc(C(=O)O[C@@H](Cc2c(Cl)c[n+]([O-])cc2Cl)c2ccc(OC)c(OC)c2)ccc1CNC(C(=O)O[C@H]1CN2CCC1CC2)c1ccccc1,active_single,1,12.868881,-8.899409
CHEMBL5436967,COc1cc(F)ccc1C1CCN([C@@H]2CCC3(C2)CN(C(=O)C2COC2)C3)CC1,inactive_single,0,5.5373087,8.188961
CHEMBL5439180,COc1ccc([C@H](Cc2c(Cl)c[n+]([O-])cc2Cl)OC(=O)c2ccc(CNC(C(=O)O[C@H]3CN4CCC3CC4)c3ccccc3)c(OCC3CC3)c2)cc1OC,active_single,1,12.900515,-8.894651
CHEMBL5440079,CCOc1ccccc1C1CCN([C@@H]2CCC3(C2)CN(C(=O)CC)C3)CC1,inactive_single,0,5.5505075,8.254805
CHEMBL549577,O=C(O[C@H]1CN2CCC1CC2)C1c2ccccc2Oc2ccccc21,active_single,1,7.4777703,1.9275855
CHEMBL549784,CCCCCCC[N+]12CCC(CC1)[C@@H](OC(=O)C(O)(c1cccs1)c1cccs1)C2.[Br-],active_single,1,8.165898,-0.35614988
CHEMBL549986,O=C(O[C@H]1C[N+]2(CCCOc3ccccc3)CCC1CC2)[C@@](O)(c1cccs1)C1CCCC1.[Br-],active_single,1,8.073037,-0.3250277
CHEMBL5505762,COc1cc(C(=O)NCCCOc2cccc([C@](O)(C(=O)O[C@@H]3CCCN(C)C3)c3ccccc3)c2)c(F)cc1CNC[C@H](O)c1ccc(O)c2[nH]c(=O)ccc12,active_single,1,18.399008,10.518651
CHEMBL5505816,O=C(NCCCCNC[C@H](O)c1ccc(O)c2[nH]c(=O)ccc12)c1ccc(CNC2(C(=O)OCC3CCN(Cc4ccccc4)CC3)CCc3ccccc32)s1,active,1,18.123514,9.871632
CHEMBL5505925,O=C(c1ccc(OCc2ccc(CNC[C@H](O)c3ccc(O)c4[nH]c(=O)ccc34)cc2)cc1)N1CCC(C(=O)O[C@@H]2CN3CCC2CC3)(c2ccccc2)CC1,active_single,1,17.793154,9.200666
CHEMBL551063,O=C(O[C@H]1C[N+]2(CCCOc3ccccc3)CCC1CC2)C(c1cccs1)c1cccs1.[Br-],active_single,1,8.054855,-0.086343706
CHEMBL5512435,O=C(NCCCCNC[C@H](O)c1ccc(O)c2[nH]c(=O)ccc12)c1ccc(CNC2(C(=O)O[C@H]3CN4CCC3CC4)CCc3ccccc32)cc1,active_single,1,17.731918,9.122642
CHEMBL5512578,O=C(NCCCOc1cccc([C@](O)(C(=O)O[C@@H]2CCN(Cc3ccccc3)C2)c2ccccc2)c1)c1ccc(CNC[C@H](O)c2ccc(O)c3[nH]c(=O)ccc23)cc1,active_single,1,18.28612,10.340416
CHEMBL551327,O=C(O[C@H]1C[N+]2(CCCOc3ccccc3)CCC1CC2)C(O)(c1ccsc1)c1ccsc1.[Br-],active_single,1,8.221017,-0.15322836
CHEMBL551466,O=C(O[C@H]1C[N+]2(CCCOc3ccccc3)CCC1CC2)C(O)(c1cccs1)c1cccs1.[Br-],active,1,8.066851,-0.32376614
CHEMBL551525,O=C(O[C@H]1CN2CCC1CC2)C1c2ccccc2CCc2ccccc21,active_single,1,7.5622187,2.008834
CHEMBL551729,O=C(O[C@H]1CN2CCC1CC2)C(O)(c1cccs1)c1cccs1,active_single,1,7.620362,1.8239751
CHEMBL551731,O=C(O[C@H]1C[N+]2(CCCOc3ccccc3)CCC1CC2)C(O)(c1ccccc1)c1ccccc1.[Br-],active_single,1,8.33275,-0.0049667396
CHEMBL5517637,O=C(N[C@@H](c1ccccc1)c1cccc(OCc2cccc(C(=O)NCCCCNC[C@H](O)c3ccc(O)c4[nH]c(=O)ccc34)c2)c1)O[C@H]1CN2CCC1CC2,active_single,1,17.593468,8.960892
CHEMBL5517803,CN1CCC[C@@H](OC(=O)[C@](O)(c2ccccc2)c2cccc(OCCCNC(=O)c3cnc(CNC[C@H](O)c4ccc(O)c5[nH]c(=O)ccc45)nc3)c2)C1.O=CO,active_single,1,18.443737,10.54731
CHEMBL5518087,CN1CCC(COC(=O)[C@](O)(c2ccccc2)c2cccc(OCCCNC(=O)c3ccc(CNC[C@H](O)c4ccc(O)c5[nH]c(=O)ccc45)cc3)c2)CC1,active_single,1,18.291958,10.315716
CHEMBL5523340,O=C(NCCCCNC[C@H](O)c1ccc(O)c2[nH]c(=O)ccc12)c1ccc(C(=O)N2CCC(C(=O)O[C@H]3CN4CCC3CC4)(c3ccccc3)CC2)cc1,active_single,1,17.73501,9.124049
CHEMBL5523404,CN1CCC[C@H](OC(=O)[C@](O)(c2ccccc2)c2cccc(OCCCNC(=O)c3ccc(CNC[C@H](O)c4ccc(O)c5[nH]c(=O)ccc45)cc3)c2)C1.O=CO.O=CO,active_single,1,18.38692,10.456906
CHEMBL5523438,O=C(NCCCOc1cccc([C@](O)(C(=O)O[C@H]2CCN(Cc3ccccc3)C2)c2ccccc2)c1)c1ccc(CNC[C@H](O)c2ccc(O)c3[nH]c(=O)ccc23)cc1,active_single,1,18.31846,10.363591
CHEMBL5523458,O=C(NCCCCNC[C@H](O)c1ccc(O)c2[nH]c(=O)ccc12)c1ccc(C(=O)NC2(C(=O)O[C@H]3CN4CCC3CC4)CCc3ccccc32)cc1,active_single,1,17.74664,9.13989
CHEMBL5527849,COc1cc(C(=O)NCCCOc2cccc([C@](O)(C(=O)OCC3CCN(CC4CC4)CC3)c3ccccc3)c2)c(F)cc1CNC[C@H](O)c1ccc(O)c2[nH]c(=O)ccc12.O=CO.O=CO,active_single,1,18.354334,10.412368
CHEMBL5527960,CCN1CCC(COC(=O)[C@](O)(c2ccccc2)c2cccc(OCCCNC(=O)c3cc(OC)c(CNC[C@H](O)c4ccc(O)c5[nH]c(=O)ccc45)cc3F)c2)CC1.O=C(O)C(F)(F)F.O=C(O)C(F)(F)F,active_single,1,18.34785,10.407981
CHEMBL553058,COc1nsnc1OCCOCCOCCOCCOc1nsnc1C1=CCCN(C)C1.Cl,active_single,1,7.8477516,7.863951
CHEMBL553155,C[N+]1(C)CCC[C@H]1c1ccco1.[I-],inactive_single,0,4.8412027,3.4462476
CHEMBL5532029,CN1CCC[C@@H](OC(=O)[C@](O)(c2ccccc2)c2cccc(OCCCNC(=O)c3ccc(CNC[C@H](O)c4ccc(O)c5[nH]c(=O)ccc45)cc3)c2)C1,active_single,1,18.390755,10.462037
CHEMBL5532329,O=C(CCO)N1CCC(=C2c3ccc(Cl)cc3CCc3cccnc32)CC1,inactive_single,0,9.596767,7.507748
CHEMBL5532469,O=C(NCCCOc1cccc([C@](O)(C(=O)OC[C@H]2CCN(Cc3ccccc3)C2)c2ccccc2)c1)c1ccc(CNC[C@H](O)c2ccc(O)c3[nH]c(=O)ccc23)cc1,active_single,1,18.303377,10.317276
CHEMBL553431,CCOC(=O)c1ccc(NC(=O)N[C@@H](Cc2ccc(N)cc2)C(=O)N[C@H]2CC[N+](C)(Cc3ccc4c(c3)OCO4)C2)cc1.[I-],active_single,1,-7.8756804,14.115399
CHEMBL553433,CCOC(=O)c1ccc(NC(=O)N[C@@H](Cc2ccc(C#N)cc2)C(=O)N[C@H]2CC[N+](C)(Cc3ccc4c(c3)OCO4)C2)cc1.[I-],active_single,1,-7.8809314,14.111216
CHEMBL553446,CCOC(=O)c1ccc(NC(=O)N[C@@H](Cc2ccccc2Cl)C(=O)N[C@H]2CC[N+](C)(Cc3ccc4c(c3)OCO4)C2)cc1.[I-],active_single,1,-7.9134097,14.081137
CHEMBL5542277,O=C(NCCCOc1cccc([C@](O)(C(=O)OC2CCN(Cc3ccccc3)CC2)c2ccccc2)c1)c1ccc(CNC[C@H](O)c2ccc(O)c3[nH]c(=O)ccc23)cc1,active_single,1,18.226007,10.237224
CHEMBL5542534,O=C(c1ccc(CNC[C@H](O)c2ccc(O)c3[nH]c(=O)ccc23)cc1)N1CC(COc2cccc([C@](O)(C(=O)OCC3CCN(Cc4ccccc4)CC3)c3ccccc3)c2)C1,active_single,1,18.292625,10.297253
CHEMBL5542602,O=C(NCCCCNC[C@H](O)c1ccc(O)c2[nH]c(=O)ccc12)c1ccc(C(=O)C2CC(C(=O)O[C@H]3CN4CCC3CC4)(c3ccccc3)C2)cc1,active_single,1,17.706512,9.0858135
CHEMBL5542670,CN1CCC(COC(=O)[C@](O)(c2ccccc2)c2cccc(-c3ccc(CNC(=O)c4ccc(CNC[C@H](O)c5ccc(O)c6[nH]c(=O)ccc56)cc4)s3)c2)CC1,active_single,1,18.287357,10.30531
CHEMBL5542735,O=C(c1ccc(OCc2ccc(CNC[C@H](O)c3ccc(O)c4[nH]c(=O)ccc34)cc2)cc1)N1CC(C(=O)O[C@@H]2CN3CCC2CC3)(c2ccccc2)C1,active_single,1,17.73003,9.139283
CHEMBL5542993,CC(C)(C(=O)O)c1ccc(CCN2CCC(=C3c4ccc(Cl)cc4CCc4cccnc43)CC2)cc1,inactive_single,0,9.610794,7.5118103
CHEMBL5543004,O=C(NCCCOc1cccc([C@](O)(C(=O)O)c2ccccc2)c1)c1ccc(CNC[C@H](O)c2ccc(O)c3[nH]c(=O)ccc23)cc1,active_single,1,18.28568,10.312681
CHEMBL554632,CCOC(=O)c1ccc(NC(=O)N[C@@H](Cc2ccc(C)cc2)C(=O)N[C@H]2CC[N+](C)(Cc3ccc4c(c3)OCO4)C2)cc1.[I-],active_single,1,-7.8924403,14.098855
CHEMBL554699,O=C(O[C@H]1CN2CCC1CC2)[C@@](O)(c1cccs1)C1CCCC1,active_single,1,7.5912333,1.7394094
CHEMBL554725,O=C(O[C@H]1C[N+]2(CCCCc3ccccc3)CCC1CC2)C(O)(c1cccs1)c1cccs1.[Br-],active_single,1,8.168887,-0.39888448
CHEMBL554916,C[N+]1(C)CCC[C@@H]1[C@@H]1C[S+]([O-])[C@](c2ccccc2)(C2CCCCC2)O1.[I-],active,1,4.5697436,2.8288102
CHEMBL554918,CCOC(=O)c1ccc(NC(=O)N[C@@H](Cc2ccc(C(=O)c3ccccc3)cc2)C(=O)N[C@H]2CC[N+](C)(Cc3ccc4c(c3)OCO4)C2)cc1.[I-],active_single,1,-7.9010115,14.092786
CHEMBL5550055,O=C(N[C@@H](c1ccccc1)c1cccc(OCc2ccc(C(=O)NCCCNC[C@H](O)c3ccc(O)c4[nH]c(=O)ccc34)cc2)c1)O[C@@H]1CN2CCC1CC2,active_single,1,17.636503,9.005093
CHEMBL555019,CCOC(=O)c1ccc(NC(=O)N[C@@H](Cc2ccc(Cl)cc2)C(=O)N[C@H]2CC[N+](C)(Cc3ccc4c(c3)OCO4)C2)cc1.[I-],active_single,1,-7.8934216,14.096447
CHEMBL555146,C[C@@H]1CCCN1CCc1cc2cc(C(=O)c3ccc(F)cc3)ccc2o1,active_single,1,6.2111897,11.876383
CHEMBL555471,CCOC(=O)c1ccc(NC(=O)N[C@@H](Cc2ccc(O)cc2)C(=O)N[C@H]2CC[N+](C)(Cc3ccc(O)cc3)C2)cc1.[I-],active_single,1,-8.114567,13.99116
CHEMBL555474,CCOC(=O)c1ccc(NC(=O)N[C@@H](Cc2ccc(O)cc2)C(=O)N[C@H]2CCC[N+](C)(Cc3ccc(F)cc3)C2)cc1.[I-],active_single,1,-8.120456,14.019706
CHEMBL5554991,COC(=O)C(C)(C)c1cnnn1CCN1CCC(=C2c3ccc(Cl)cc3CCc3cccnc32)CC1,inactive_single,0,9.615287,7.50824
CHEMBL5555388,COc1cc(C(=O)NCCCOc2cccc([C@](O)(C(=O)O[C@@H]3CCCN(C)C3)c3ccccc3)c2)c(Cl)cc1CNC[C@H](O)c1ccc(O)c2[nH]c(=O)ccc12,active_single,1,18.398172,10.510402
CHEMBL5555464,COc1cc(C(=O)NCCCOc2cccc([C@](O)(C(=O)O[C@@H]3CCCN(C)C3)c3ccccc3)c2)ccc1CNC[C@H](O)c1ccc(O)c2[nH]c(=O)ccc12,active_single,1,18.412941,10.540515
CHEMBL5555665,O=C(NCCCOc1cccc([C@](O)(C(=O)OCC2CCN(Cc3ccccc3)CC2)c2ccccc2)c1)c1ccc(CNC[C@H](O)c2ccc(O)c3[nH]c(=O)ccc23)cc1,active_single,1,18.308363,10.31268
CHEMBL5555669,O=C(NCCCOc1cccc([C@](O)(C(=O)OCC2CCN(C3CCC3)CC2)c2ccccc2)c1)c1ccc(CNC[C@H](O)c2ccc(O)c3[nH]c(=O)ccc23)cc1,active_single,1,18.303684,10.333475
CHEMBL5555744,O=C(NCCCNC[C@H](O)c1ccc(O)c2[nH]c(=O)ccc12)c1ccc(COc2cccc([C@@](O)(C(=O)OCC3CCN(Cc4ccccc4)CC3)c3ccccc3)c2)cc1,active_single,1,18.323137,10.327059
CHEMBL5555844,CC(C)(C(=O)O)c1cccc(CC(O)CN2CCC(=C3c4ccc(Cl)cc4CCc4cccnc43)CC2)c1,inactive_single,0,9.607421,7.5020247
CHEMBL5555858,O=C(O)CC(O)CN1CCC(=C2c3ccc(Cl)cc3CCc3cccnc32)CC1,inactive_single,0,9.604019,7.5073023
CHEMBL5556153,O=C(NCCCCNC[C@H](O)c1ccc(O)c2[nH]c(=O)ccc12)c1cccc(C(=O)NC2(C(=O)O[C@H]3CN4CCC3CC4)CCc3ccccc32)c1,active_single,1,17.746008,9.137996
CHEMBL5556228,COc1cc(C(=O)NCCCOc2cccc([C@](O)(C(=O)OCC3CCN(Cc4ccccc4)CC3)c3ccccc3)c2)c(F)cc1CNC[C@H](O)c1ccc(O)c2[nH]c(=O)ccc12,active_single,1,18.364273,10.410366
CHEMBL5556348,COc1cc(CNC[C@H](O)c2ccc(O)c3[nH]c(=O)ccc23)c(Cl)cc1C(=O)NCCCOc1cccc([C@](O)(C(=O)O[C@@H]2CCCN(C)C2)c2ccccc2)c1,active_single,1,18.395046,10.509012
CHEMBL5556597,CC(C)(C(=O)O)c1ccc(CCCN2CCC(=C3c4ccc(Cl)cc4CCc4cccnc43)CC2)cc1,inactive_single,0,9.61417,7.505234
CHEMBL5556694,COc1cc(C(=O)N2CCC(c3cccc([C@](O)(C(=O)OCC4CCN(Cc5ccccc5)CC4)c4ccccc4)c3)CC2)ccc1CNC[C@H](O)c1ccc(O)c2[nH]c(=O)ccc12,active_single,1,18.285433,10.284889
CHEMBL5556756,O=C(c1ccc(OCc2ccc(CNC[C@H](O)c3ccc(O)c4[nH]c(=O)ccc34)cc2)cc1)N1CC(C(=O)OCC2CCN(Cc3ccccc3)CC2)(c2ccccc2)C1,active_single,1,18.198868,10.08247
CHEMBL555707,CCOC(=O)c1ccc(NC(=O)N[C@@H](Cc2ccc(C(F)(F)F)cc2)C(=O)N[C@H]2CC[N+](C)(Cc3ccc4c(c3)OCO4)C2)cc1.[I-],active_single,1,-7.907121,14.08606
CHEMBL5557294,OC[C@H](O)CN1CCC(=C2c3ccc(Cl)cc3CCc3cccnc32)CC1,inactive_single,0,9.588532,7.49794
CHEMBL5557509,CN1CCC[C@@H](OC(=O)[C@](O)(c2ccccc2)c2cccc(OCCCNC(=O)c3ccc(CNC[C@H](O)c4ccc(O)c5[nH]c(=O)ccc45)nc3)c2)C1.O=CO.O=CO,active_single,1,18.43178,10.537409
CHEMBL5557651,CN1CCC(COC(=O)[C@@](O)(c2ccccc2)c2cccc(-c3ccc(CNC(=O)c4ccc(CNC[C@H](O)c5ccc(O)c6[nH]c(=O)ccc56)cc4)s3)c2)CC1,active_single,1,18.275848,10.298231
CHEMBL5557820,O=C(NCCCOc1cccc([C@](O)(C(=O)O[C@H]2CCCN(Cc3ccccc3)C2)c2ccccc2)c1)c1ccc(CNC[C@H](O)c2ccc(O)c3[nH]c(=O)ccc23)cc1.O=CO,active_single,1,18.359879,10.419858
CHEMBL5557828,COc1cc(C(=O)NCCCOc2cccc([C@](O)(C(=O)OCC3CCN(Cc4ccccc4)CC3)c3ccccc3)c2)ccc1CNC[C@H](O)c1ccc(O)c2[nH]c(=O)ccc12,active_single,1,18.335375,10.3538885
CHEMBL5558093,O=C(NCc1ccc(-c2cccc([C@](O)(C(=O)OCC3CCN(Cc4ccccc4)CC3)c3ccccc3)c2)s1)c1ccc(CNC[C@H](O)c2ccc(O)c3[nH]c(=O)ccc23)cc1,active_single,1,18.22185,10.204987
CHEMBL5558239,O=C(NCCCOc1cccc([C@](O)(C(=O)O[C@@H]2CCCN(Cc3ccccc3)C2)c2ccccc2)c1)c1ccc(CNC[C@H](O)c2ccc(O)c3[nH]c(=O)ccc23)cc1.O=CO,active_single,1,18.32645,10.413317
CHEMBL5558303,O=C(NCCCOc1cccc([C@](O)(C(=O)OC[C@@H]2CCN(Cc3ccccc3)C2)c2ccccc2)c1)c1ccc(CNC[C@H](O)c2ccc(O)c3[nH]c(=O)ccc23)cc1,active_single,1,18.25684,10.308132
CHEMBL5558368,O=C(NCCCNC[C@H](O)c1ccc(O)c2[nH]c(=O)ccc12)c1ccc(COc2cccc([C@](O)(C(=O)OCC3CCN(Cc4ccccc4)CC3)c3ccccc3)c2)cc1,active_single,1,18.321268,10.272409
CHEMBL5558681,O=C(O)c1ccc(CCCN2CCC(=C3c4ccc(Cl)cc4CCc4cccnc43)CC2)cc1,inactive_single,0,9.610525,7.505814
CHEMBL5558825,O=C(NCCCOc1cccc([C@](O)(C(=O)OCC2CCN(C3CCCC3)CC2)c2ccccc2)c1)c1ccc(CNC[C@H](O)c2ccc(O)c3[nH]c(=O)ccc23)cc1,active_single,1,18.293663,10.320011
CHEMBL5559208,O=C(OCC1CCN(Cc2ccccc2)CC1)C(O)(c1ccccc1)c1ccccc1,active_single,1,3.913272,7.4348426
CHEMBL5559271,Cc1cc(C(=O)NCCCOc2cccc([C@](O)(C(=O)O[C@@H]3CCCN(C)C3)c3ccccc3)c2)c(C)cc1CNC[C@H](O)c1ccc(O)c2[nH]c(=O)ccc12,active_single,1,18.410269,10.534223
CHEMBL5559786,CC(C)(C(=O)O)c1cccc(CCCN2CCC(=C3c4ccc(Cl)cc4CCc4cccnc43)CC2)c1,inactive_single,0,9.63318,7.5074983
CHEMBL5560206,CC(C)(C(=O)O)c1cccc(NCCN2CCC(=C3c4ccc(Cl)cc4CCc4cccnc43)CC2)c1,inactive_single,0,9.620029,7.5107393
CHEMBL5560560,CC(C)(C(=O)O)c1ccc(CN2CCC(=C3c4ccc(Cl)cc4CCc4cccnc43)CC2)cc1,inactive_single,0,9.609043,7.507027
CHEMBL556221,CC1(C(=O)O[C@H]2C[N+]3(CCCOc4ccccc4)CCC2CC3)c2ccccc2Oc2ccccc21.[Br-],active_single,1,7.8009205,0.22554833
CHEMBL556222,O=C(O[C@H]1C[N+]2(CCCOc3ccccc3)CCC1CC2)[C@@](O)(c1ccccc1)c1cccs1.[Br-],active_single,1,8.156794,-0.26592013
CHEMBL556390,C[N+]1(C)CCC[C@@H]1[C@@H]1C[S+]([O-])C(c2ccccc2)(c2ccccc2)O1.[I-],active,1,4.5448217,2.901067
CHEMBL556426,O=C(O[C@H]1CN2CCC1CC2)[C@](O)(c1ccccc1)c1cccs1,active_single,1,7.55041,1.7265655
CHEMBL5564521,CC(C)(C(=O)O)c1ccc(CCCN2CCC(=C3c4ccc(Cl)cc4CCc4cccnc43)CC2)nc1,inactive_single,0,9.617857,7.5002937
CHEMBL5565071,NC(=O)c1cn(CCN2CCC(=C3c4ccc(Cl)cc4CCc4cccnc43)CC2)nn1,inactive_single,0,9.6057825,7.5100665
CHEMBL556634,O=C(O[C@H]1C[N+]2(Cc3ccccc3)CCC1CC2)C(O)(c1cccs1)c1cccs1.[Br-],active_single,1,8.189701,-0.39207307
CHEMBL556635,O=C(O[C@H]1C[N+]2(CCCOc3ccccc3)CCC1CC2)[C@](O)(c1cccs1)C1CCCC1.[Br-],active,1,8.116174,-0.30045512
CHEMBL5567709,CC(C)(C(=O)O)c1ccccc1CCCN1CCC(=C2c3ccc(Cl)cc3CCc3cccnc32)CC1,inactive_single,0,9.617075,7.504903
CHEMBL5568499,CC(C)(C(=O)O)c1ccc(CCCN2CCC(=C3c4ccc(Cl)cc4CCc4cccnc43)CC2)c(F)c1,inactive_single,0,9.628674,7.4885793
CHEMBL557808,C[N+](C)(C)C[C@@H]1C[S+]([O-])[C@@](c2ccccc2)(C2CCCCC2)O1.[I-],active_single,1,4.7442856,2.520235
CHEMBL558910,O=C(O[C@H]1CN2CCC1CC2)C(O)(c1ccccc1)c1ccccc1,active_single,1,7.4337544,2.0178266
CHEMBL559106,O=C(O[C@H]1C[N+]2(CCc3ccccc3)CCC1CC2)C1c2ccccc2Oc2ccccc21.[Br-],active_single,1,7.9000525,0.4444746
CHEMBL559931,CC1(C(=O)O[C@H]2C[N+]3(CCCOc4ccccc4)CCC2CC3)c2ccccc2-c2ccccc21.[Br-],active_single,1,7.7609777,0.1678538
CHEMBL560327,C[N+]12CCC(CC1)[C@@H](OC(=O)C(O)(c1cccs1)c1cccs1)C2.[Br-],active_single,1,8.185782,-0.37885717
CHEMBL561187,CC(C(=O)O[C@H]1C[N+]2(CCCOc3ccccc3)CCC1CC2)(c1cccs1)c1cccs1.[Br-],active_single,1,8.052766,-0.30443174
CHEMBL561870,O=C(O[C@H]1C[N+]2(CCCOc3ccccc3)CCC1CC2)C1(O)c2ccccc2-c2ccccc21.[Br-],active_single,1,7.7309666,0.22117156
CHEMBL562642,O=C(O[C@H]1CN2CCC1CC2)[C@](O)(c1cccs1)C1CCCC1,active_single,1,7.596516,1.7775145
CHEMBL562655,O=C(O[C@H]1C[N+]2(CCc3ccccc3)CCC1CC2)C1(O)c2ccccc2-c2ccccc21.[Br-],active_single,1,7.7306447,0.3491955
CHEMBL562890,O=C(O[C@H]1C[N+]2(CCCOc3ccccc3)CCC1CC2)C1(O)c2ccccc2Oc2ccccc21.[Br-],active_single,1,7.711112,0.25964895
CHEMBL563887,O=C(O[C@H]1CN2CCC1CC2)C1(O)c2ccccc2-c2ccccc21,active_single,1,7.313002,1.8815428
CHEMBL563920,C[C@@H](c1ccccn1)c1c(CCN(C)C)oc2ccccc12,active_single,1,8.351836,6.033285
CHEMBL5639287,CN1[C@@H]2CC[C@H]1C[C@@H](Oc1nc3ccccc3n1-c1ccccc1)C2,active_single,1,8.509084,4.447548
CHEMBL5639365,CN1CCC(Oc2nc3ccccc3n2-c2ccccc2)C1,active_single,1,8.4369335,4.4865065
CHEMBL5639592,CN1CCC(OC(=O)N(c2ccccc2)c2ccccc2)CC1,active_single,1,8.522641,3.794478
CHEMBL5639621,CN1CCCC(Oc2nc3ccccc3n2-c2ccccc2)C1,active_single,1,8.445508,4.504422
CHEMBL5639729,CN1CCC(Oc2nc3ccccc3n2-c2ccccc2)CC1,active_single,1,8.43681,4.512806
CHEMBL5639857,CN1CCC(OC(=O)N(c2ccccc2)c2ccccc2)C1,active_single,1,8.466271,3.6873517
CHEMBL563996,CCCCCCC[N+]12CCC(CC1)[C@@H](OC(=O)C1(O)c3ccccc3-c3ccccc31)C2.[Br-],active_single,1,7.65632,0.33532685
CHEMBL5639994,c1ccc(-n2c(O[C@H]3CN4CCC3CC4)nc3ccccc32)cc1,active_single,1,8.415929,4.485506
CHEMBL564,CN(C)CCCN1c2ccccc2Sc2ccccc21,active,1,7.5714235,5.9127645
CHEMBL564057,O=C(O[C@H]1C[N+]2(CCc3ccccc3)CCC1CC2)C(O)(c1cccs1)c1cccs1.[Br-],active,1,8.165013,-0.37325144
CHEMBL5641756,CN1[C@@H]2CC[C@H]1C[C@H](OC(=O)N(c1ccccc1)c1ccccc1)C2,active_single,1,8.750105,3.8233893
CHEMBL564515,O=C(O[C@H]1C[N+]2(CCc3ccccc3)CCC1CC2)C1(O)c2ccccc2Oc2ccccc21.[Br-],active_single,1,7.7215757,0.3606641
CHEMBL5646625,CN1[C@@H]2CC[C@H]1C[C@H](Oc1nc3ccccc3n1-c1ccccc1)C2,active_single,1,8.507548,4.4432116
CHEMBL564747,O=C(O[C@H]1CN2CCC1CC2)[C@@](O)(c1ccccc1)c1cccs1,active_single,1,7.556889,1.7679006
CHEMBL564765,O=C(O[C@H]1C[N+]2(CCCOc3ccccc3)CCC1CC2)[C@](O)(c1ccccc1)c1cccs1.[Br-],active_single,1,8.206167,-0.27500996
CHEMBL568775,C[N+]1(C)CCC[C@@H]1c1ccc([C@@](O)(c2ccccc2)C2CCCCC2)o1.[I-],active_single,1,5.1478896,3.6502604
CHEMBL568870,C[N+]1(C)CCC[C@H]1c1ccc([C@](O)(c2ccccc2)C2CCCCC2)o1.[I-],active_single,1,5.121952,3.659409
CHEMBL569270,CNc1cc(-c2csc(N(C)C(=O)c3ccc(F)cc3)n2)ncn1,inactive_single,0,6.2236114,11.566458
CHEMBL569307,C[N+]1(C)CCC[C@@H]1c1ccc([C@](O)(c2ccccc2)C2CCCCC2)o1.[I-],active_single,1,5.091708,3.630823
CHEMBL569712,C[N+]1(C)CCCC1c1ccc(C(c2ccccc2)C2CCCCC2)o1.[I-],active_single,1,4.8729854,3.3871245
CHEMBL569713,CN1[C@@H]2C[C@@H](OC(=O)[C@H](CO)c3ccccc3)C[C@H]1[C@@H]1O[C@@H]12,active_single,1,8.47796,3.8981378
CHEMBL569729,C[N+]1(C)CCCC1c1ccc(C(O)(c2ccccc2)c2ccccc2)o1.[I-],active_single,1,5.0783906,3.609729
CHEMBL569760,C[N+]1(C)CCCC1c1ccc(C(O)(c2ccccc2)C2CCCCC2)o1.[I-],active_single,1,5.1140327,3.6632762
CHEMBL571121,CN1CCC[C@@H]1c1ccc([C@](O)(c2ccccc2)C2CCCCC2)o1,active_single,1,5.1664705,3.730332
CHEMBL571123,CN1CCCC1c1ccc(C(c2ccccc2)c2ccccc2)o1,active_single,1,4.95556,3.4480336
CHEMBL571341,CN1CCC[C@H]1c1ccc([C@](O)(c2ccccc2)C2CCCCC2)o1,active_single,1,5.1203475,3.671816
CHEMBL5739801,CN1CC[C@H](COC(=O)Nc2ccccc2-c2cc(F)cc(Cl)c2)C1,active_single,1,7.4975734,11.21003
CHEMBL5744293,COc1ccc(C(Cc2c(Cl)c[n+]([O-])cc2Cl)c2cc(CNC(C(=O)OCC34CCN(CC3)CC4)c3ccccc3)sc2C(=O)O)cc1OCC1CC1,active_single,1,14.104617,-8.653397
CHEMBL5744752,COc1ccc([C@H](Cc2c(Cl)c[n+]([O-])cc2Cl)OC(=O)c2ccc(CNC(C(=O)OCC3C[C@H]4CC[C@@H](C3)N4C)c3ccccc3)s2)cc1OC,active_single,1,13.967982,-8.690713
CHEMBL5745712,COCCOc1cc([C@H](Cc2c(Cl)c[n+]([O-])cc2Cl)OC(=O)c2ccc(CNC(C(=O)OCC3CCN(C)CC3)c3ccccc3)s2)ccc1OC(F)F,active,1,13.954803,-8.782092
CHEMBL5748199,CCN1CCC(COC(=O)C(NCc2ccc(C(=O)O[C@@H](Cc3c(Cl)c[n+]([O-])cc3Cl)c3ccc(OC)c(OC)c3)s2)c2ccccc2)CC1,active,1,14.027007,-8.692255
CHEMBL5748947,COc1ccc([C@H](Cc2c(Cl)c[n+]([O-])cc2Cl)OC(=O)c2ccc(CNC(C(=O)OC[C@H]3CN(C)CCN3C)c3ccccc3)s2)cc1OC,active_single,1,14.011103,-8.671512
CHEMBL5752501,CN1CCC[C@H]1COC(=O)Nc1cc(F)ccc1-c1cccc(F)c1,active_single,1,6.6682763,12.084807
CHEMBL5752791,COc1ccc(C(Cc2c(Cl)c[n+]([O-])cc2Cl)OC(=O)c2ccc(CNC(C(=O)OCC3CCN(C)CC3)c3ccccc3)s2)cc1OC1CCCC1,active,1,14.159249,-8.714092
CHEMBL5756333,CN1CCCC1CCOC(=O)Nc1ccc(F)cc1-c1ccc(F)cc1,active_single,1,5.538188,11.970649
CHEMBL5757795,CN1CCCC1CCOC(=O)Nc1ccc(F)cc1-c1ccc(Cl)c(F)c1,active_single,1,5.4951897,12.1401415
CHEMBL5759677,CN1CC[C@@H](COC(=O)Nc2ccc(F)cc2-c2cc(F)cc(Cl)c2)C1,active_single,1,7.82228,10.92524
CHEMBL5760673,COc1ccc([C@H](Cc2c(Cl)c[n+]([O-])cc2Cl)OC(=O)c2ccc(CNC(C(=O)OC[C@@H]3CCCCN3C)c3ccccc3)s2)cc1OC,active_single,1,13.9962635,-8.656961
CHEMBL5762077,CN1CCCC1CCOC(=O)Nc1ccccc1-c1ccccc1F,active_single,1,5.3801503,11.595138
CHEMBL5762104,CN1CCC[C@H]1COC(=O)Nc1ccccc1-c1ccc(F)cc1F,active_single,1,6.647899,11.859225
CHEMBL5762248,CN1CCC[C@H]1COC(=O)Nc1ccccc1-c1cccc(F)c1F,active_single,1,6.602916,11.74301
CHEMBL5764049,CN1CC[C@@H](COC(=O)Nc2ccccc2-c2ccccc2F)C1,active_single,1,7.400654,11.354162
CHEMBL5764725,CN1CCCC1CCOC(=O)Nc1ccccc1-c1cccc(O)c1,active_single,1,5.404923,11.599398
CHEMBL5764825,CN1CCC[C@H]1COC(=O)Nc1cc(F)c(F)cc1-c1ccc(F)c(Cl)c1,active_single,1,6.684595,12.082294
CHEMBL5765530,CN1CC[C@H](COC(=O)Nc2ccc(F)cc2-c2cccc(F)c2)C1,active_single,1,7.786463,10.869378
CHEMBL576663,CN1CCCC1c1ccc(C(O)(c2ccccc2)c2ccccc2)o1,active_single,1,5.143386,3.6508381
CHEMBL5766762,CN1CC[C@@H](COC(=O)Nc2ccc(F)cc2-c2cc(F)cc(F)c2)C1,active_single,1,7.830863,10.895227
CHEMBL576707,CN1CCCC1c1ccc(C(c2ccccc2)C2CCCCC2)o1,active_single,1,5.006831,3.3875237
CHEMBL5767706,CN1CC[C@H](COC(=O)Nc2ccc(F)cc2-c2cc(F)cc(F)c2)C1,active_single,1,7.827837,10.816025
CHEMBL5768559,CN1CCCC1CCOC(=O)Nc1ccc(F)cc1-c1cccc(N)c1,active_single,1,5.4523396,11.979364
CHEMBL5768565,O=C(O[C@H]1C[N+]2(CCCOc3ccccc3)CCC1CC2)C1(O)C2C=CC=CC2C2C=CC=CC21,active_single,1,7.765849,0.19163238
CHEMBL5768631,CN1CCC[C@H]1COC(=O)Nc1ccccc1-c1cccc(F)c1,active_single,1,6.65634,11.905842
CHEMBL5769236,COc1ccc([C@H](Cc2c(Cl)c[n+]([O-])cc2Cl)OC(=O)c2ccc(CNC(CO)(C(=O)OCC34CCN(CC3)CC4)c3ccccc3)s2)cc1OC,active_single,1,13.695593,-9.097505
CHEMBL5771396,CN1CCC[C@H]1COC(=O)Nc1ccccc1-c1ccc(Cl)cc1Cl,active_single,1,6.680024,11.784104
CHEMBL5772125,CN1CC[C@@H](COC(=O)Nc2ccccc2-c2ccc(F)cc2F)C1,active_single,1,7.5266924,11.199182
CHEMBL5772294,COc1ccc([C@H](Cc2c(Cl)c[n+]([O-])cc2Cl)OC(=O)c2ccc(CNC(C(=O)OCC3CCN(C)CC3)c3cccc(O)c3)s2)cc1OC,active_single,1,14.005603,-8.805176
CHEMBL5772371,CN1CC[C@H](COC(=O)Nc2ccc(F)cc2-c2cc(Cl)cc(Cl)c2)C1,active_single,1,7.878619,10.84254
CHEMBL5774078,CN1CCCC1CCOC(=O)Nc1ccccc1-c1cc(F)c(F)c(F)c1,active_single,1,5.3835344,11.599982
CHEMBL5776594,CN1CCCC1CCOC(=O)Nc1ccc(F)cc1-c1ccc(F)c(Cl)c1,active_single,1,5.52916,12.10285
CHEMBL5776891,O=C(O[C@H]1C[N+]2(CCCOc3ccccc3)CCC1CC2)C1C2C=CC=CC2OC2C=CC=CC21,active_single,1,7.8317866,0.15852645
CHEMBL5777931,COc1ccc([C@H](Cc2c(Cl)c[n+]([O-])cc2Cl)OC(=O)c2ccc(CNC(C(=O)OCC3CCCCN3C)c3ccccc3)s2)cc1OC,active_single,1,14.060643,-8.656024
CHEMBL5778841,COc1ccc([C@H](Cc2c(Cl)c[n+]([O-])cc2Cl)OC(=O)c2ccc(CNCC(O)(C(=O)OCC3CCN(C)CC3)c3cccs3)s2)cc1OC,active_single,1,13.71951,-9.056799
CHEMBL5779782,COc1ccc([C@H](Cc2c(Cl)c[n+]([O-])cc2Cl)OC(=O)c2ccc(CNCC(C(=O)OC3CCN(C)CC3)c3ccccc3)s2)cc1OC,active_single,1,13.681568,-8.889926
CHEMBL5780376,CN1CCCC1CCOC(=O)Nc1ccc(F)cc1-c1cc(F)cc(Cl)c1,active_single,1,5.457999,12.129866
CHEMBL5781417,CN1CCC[C@H]1COC(=O)Nc1ccccc1-c1cc(F)cc(F)c1,active_single,1,6.638502,11.849385
CHEMBL5781612,Cc1ccc(-c2cc(F)ccc2NC(=O)OCCC2CCCN2C)cc1C,active_single,1,5.534552,12.074577
CHEMBL5782982,COc1ccc([C@H](Cc2c(Cl)c[n+]([O-])cc2Cl)OC(=O)c2ccc(CNC(C(=O)OCCN3CCCC3)c3ccccc3)s2)cc1OC,active,1,13.965085,-8.657575
CHEMBL5784530,COc1ccc([C@H](Cc2c(Cl)c[n+]([O-])cc2Cl)OC(=O)c2ccc(CNC(C(=O)OCCN3CCCCC3)c3ccccc3)s2)cc1OC,active,1,13.993946,-8.691605
CHEMBL5787729,O=C(O[C@H]1C[N+]2(CCc3ccccc3)CCC1CC2)C1(O)C2C=CC=CC2C2C=CC=CC21,active_single,1,7.7514277,0.2778458
CHEMBL5788508,Cc1ccc(Cl)c2[nH]c3c(C(=O)O)ccc(F)c3c12,inactive_single,0,6.9193563,10.943
CHEMBL5790068,CN1CC[C@@H](COC(=O)Nc2ccccc2-c2cc(Cl)cc(Cl)c2)C1,active_single,1,7.495089,11.22674
CHEMBL5790426,CN1CCCC1CCOC(=O)Nc1ccc(C(F)(F)F)cc1-c1cccc(F)c1,active_single,1,5.388309,11.686383
CHEMBL5792538,CN1CCC[C@H]1COC(=O)Nc1ccccc1-c1ccc(F)c(F)c1,active_single,1,6.638678,11.786406
CHEMBL5793262,CC(C)N1CCC[C@H]1COC(=O)Nc1ccccc1-c1ccccc1,active_single,1,6.706523,11.816591
CHEMBL5794152,COc1ccc([C@H](Cc2c(Cl)c[n+]([O-])cc2Cl)OC(=O)c2ccc(CNCC(C(=O)O[C@H]3CN4CCC3CC4)c3ccccc3)s2)cc1OC,active_single,1,13.164933,-9.050288
CHEMBL5794392,CN1CCC[C@@H]1COC(=O)Nc1ccccc1-c1ccc(F)cc1,active_single,1,6.569783,11.616993
CHEMBL5794841,Cc1cc(CCNC[C@H](O)c2ccc(O)c3[nH]c(=O)ccc23)ccc1NC(=O)c1ccc(C)c(N(C)C(=O)CCN2CCC(OC(=O)Nc3ccccc3-c3ccccc3)CC2)c1,active_single,1,21.360218,9.699843
CHEMBL5797563,CN1CCCC1CCOC(=O)Nc1ccccc1-c1cccc(F)c1F,active_single,1,5.41767,11.565175
CHEMBL5798407,COc1ccc([C@H](Cc2c(Cl)c[n+]([O-])cc2Cl)OC(=O)c2ccc(CNC(C(=O)OCC3CCN(C)CC3)c3ccccc3OC)s2)cc1OC,active_single,1,13.878267,-8.87255
CHEMBL5798564,COc1ccc([C@H](Cc2c(Cl)c[n+]([O-])cc2Cl)OC(=O)c2ccc(CNC(C)(C(=O)OCC3CCN(C)CC3)c3ccccc3)s2)cc1OC,active,1,13.7092495,-9.048411
CHEMBL5801760,CN1CCCC1CCOC(=O)Nc1ccc(CO)cc1-c1cccc(F)c1,active_single,1,5.602328,11.900762
CHEMBL5802633,CN1CCC[C@H]1COC(=O)Nc1ccc(F)cc1-c1cc(F)c(F)cc1F,active_single,1,6.721862,12.132891
CHEMBL5804721,CN1CC[C@H](COC(=O)Nc2ccc(F)cc2-c2ccc(Cl)c(Cl)c2)C1,active_single,1,7.8841453,10.799858
CHEMBL5804988,COc1ccc([C@H](Cc2c(Cl)c[n+]([O-])cc2Cl)OC(=O)c2ccc(CNC(C(=O)O[C@H]3CCN(C)C3)c3ccccc3)s2)cc1OC,active,1,13.798358,-8.808816
CHEMBL5807156,CN1CCCC1CCOC(=O)Nc1ccccc1-c1ccc(Cl)cc1,active_single,1,5.4516306,11.694373
CHEMBL5808623,Cc1ccc(NC(=O)OC[C@@H]2CCN(C)C2)c(-c2ccccc2)c1,active_single,1,7.6105046,11.056868
CHEMBL5809265,Cc1ccc(NC(=O)OC[C@@H]2CCNC2)c(-c2cccc(F)c2)c1,active_single,1,7.1795583,10.47753
CHEMBL5810469,CCN1CC[C@@H](COC(=O)Nc2ccccc2-c2ccc(F)c(Cl)c2)C1,active_single,1,7.5881205,11.201132
CHEMBL5810614,CN1CC[C@@H](COC(=O)Nc2ccccc2-c2ccc(F)c(Cl)c2)C1,active_single,1,7.512087,11.260125
CHEMBL5810729,CN1CC[C@@H](COC(=O)Nc2ccccc2-c2cc(F)cc(F)c2)C1,active_single,1,7.460628,11.268906
CHEMBL5810978,COc1cccc(C(NCc2ccc(C(=O)O[C@@H](Cc3c(Cl)c[n+]([O-])cc3Cl)c3ccc(OC)c(OC)c3)s2)C(=O)OCC2CCN(C)CC2)c1,active,1,14.007961,-8.776529
CHEMBL5811649,CN1CC[C@@H](COC(=O)Nc2ccccc2-c2cccc(F)c2F)C1,active_single,1,7.4881864,11.221829
CHEMBL5815512,COc1ccc([C@H](Cc2c(Cl)c[n+]([O-])cc2Cl)OC(=O)c2ccc(CNC(CO)(C(=O)OCC3CCN(C)CC3)c3ccccc3)s2)cc1OC,active,1,13.684635,-9.113543
CHEMBL5817107,CN1CCC[C@H]1COC(=O)Nc1ccc(F)cc1-c1cccc(N)c1,active_single,1,6.625199,12.1555395
CHEMBL5820160,CN1CCC[C@H]1COC(=O)Nc1ccc(F)cc1-c1cccc(Cl)c1,active_single,1,6.6927795,12.17399
CHEMBL5820986,Cc1cccc(-c2ccccc2NC(=O)OCCC2CCCN2C)c1,active_single,1,5.3946385,11.63637
CHEMBL5821133,CN1CCCC1CCOC(=O)Nc1ccc(F)cc1-c1cc(F)cc(F)c1,active_single,1,5.475631,12.025959
CHEMBL5822737,COc1ccc([C@H](Cc2c(Cl)c[n+]([O-])cc2Cl)OC(=O)c2ccc(CN3CCC(C(=O)O[C@H]4CN5CCC4CC5)(c4ccccc4)CC3)s2)cc1OC,active_single,1,13.075142,-9.127536
CHEMBL5823032,CN1CC[C@@H](COC(=O)Nc2ccccc2-c2cccc(F)c2)C1,active_single,1,7.524311,11.210889
CHEMBL5823753,CN1CCCC1CCOC(=O)Nc1ccc(F)cc1-c1ccc(O)c(Cl)c1,active_single,1,5.524449,12.102046
CHEMBL5823768,CN1CC[C@H](COC(=O)Nc2ccccc2-c2cccc(Cl)c2)C1,active_single,1,7.443978,11.21863
CHEMBL5824092,CN1CCCC1CCOC(=O)Nc1cc(F)ccc1-c1cccc(F)c1,active_single,1,5.39828,11.820161
CHEMBL5824333,CN1CCCC1CCOC(=O)Nc1ccccc1-c1ccc(F)cc1,active_single,1,5.414085,11.64907
CHEMBL5824530,CN1CCC[C@H]1COC(=O)Nc1ccccc1-c1cc(Cl)ccc1F,active_single,1,6.6657553,11.757233
CHEMBL5825104,CN1CC[C@H](COC(=O)Nc2ccc(F)cc2-c2cccc(Cl)c2)C1,active_single,1,7.7501535,10.838106
CHEMBL5826982,CN1CCCC1CCOC(=O)Nc1ccc(Cl)cc1-c1cccc(Cl)c1,active_single,1,5.550773,11.8978615
CHEMBL5827007,CN1CC[C@@H](COC(=O)Nc2ccccc2-c2cc(F)cc(Cl)c2)C1,active_single,1,7.514399,11.244913
CHEMBL5828415,CN1CCCC1CCOC(=O)Nc1ccc(Cl)cc1-c1cc(F)cc(Cl)c1,active_single,1,5.461589,12.083059
CHEMBL5829000,Cc1cccc(-c2cc(F)ccc2NC(=O)OC[C@@H]2CCCN2C)c1,active_single,1,6.5917006,12.133438
CHEMBL583027,C[N+]1(C)CCCC1c1ccc(C(c2ccccc2)c2ccccc2)o1.[I-],active_single,1,4.9476204,3.3992386
CHEMBL583051,CN1CCCC1c1ccc(C(O)(c2ccccc2)C2CCCCC2)o1,active_single,1,5.1090245,3.6569958
CHEMBL5832981,CN1CCC[C@H]1COC(=O)Nc1ccccc1-c1cccc(N)c1,active_single,1,6.7219934,11.765622
CHEMBL5833976,CN1CCC[C@H]1COC(=O)Nc1ccccc1-c1ccc(Cl)c(Cl)c1,active_single,1,6.707127,11.868473
CHEMBL5837130,CCOc1cc(C(Cc2c(Cl)c[n+]([O-])cc2Cl)OC(=O)c2ccc(CNC(C(=O)OCC3CCN(C)CC3)c3ccccc3)s2)ccc1OC,active,1,14.104275,-8.725405
CHEMBL5838301,CCN1CC[C@H](COC(=O)Nc2ccccc2-c2ccccc2)C1,active_single,1,7.374391,11.226305
CHEMBL5839137,CN1CCCC1CCOC(=O)Nc1ccccc1-c1cccc(C(F)(F)F)c1,active_single,1,5.4147367,11.560227
CHEMBL5839509,CN1CCCC1CCOC(=O)Nc1ccc(Cl)cc1-c1ccc(F)c(Cl)c1,active_single,1,5.5568886,12.119271
CHEMBL5841371,CN1CCCC1CCOC(=O)Nc1ccccc1-c1cccc(Cl)c1,active_single,1,5.476812,11.730788
CHEMBL5841398,Cc1cccc(-c2cc(F)ccc2NC(=O)OCCC2CCCN2C)c1,active_single,1,5.4841256,11.971289
CHEMBL5841768,COc1ccc([C@H](Cc2c(Cl)c[n+]([O-])cc2Cl)OC(=O)c2ccc(CNC(C(=O)OC[C@@H]3CCN(C)C3)c3ccccc3)s2)cc1OC,active,1,13.966893,-8.699277
CHEMBL5845992,CN1CCCC1CCOC(=O)Nc1ccc(Cl)cc1-c1ccc(F)cc1,active_single,1,5.497874,12.0010805
CHEMBL5846637,COc1ccc([C@H](Cc2c(Cl)c[n+]([O-])cc2Cl)OC(=O)c2ccc(CNC(C(=O)OCC3(C)CCN(C)CC3)c3ccccc3)s2)cc1OC,active,1,13.93587,-8.61756
CHEMBL5847323,O=C(O[C@H]1C[N+]2(CCOc3ccccc3)CCC1CC2)C1C2C=CC=CC2OC2C=CC=CC21,active_single,1,7.7806525,0.29020372
CHEMBL5849271,COc1ccc([C@H](Cc2c(Cl)c[n+]([O-])cc2Cl)OC(=O)c2ccc(CNCC(C(=O)OCCN(C)C)c3ccccc3)s2)cc1OC,active_single,1,13.671077,-8.83406
CHEMBL5850063,CN1CCC[C@H]1COC(=O)Nc1ccc(CO)cc1-c1ccc(Cl)c(Cl)c1,active_single,1,6.593947,12.132881
CHEMBL5850090,COc1ccc([C@H](Cc2c(Cl)c[n+]([O-])cc2Cl)OC(=O)c2csc(CNC(C(=O)OCC3CCN(C)CC3)c3ccccc3)c2)cc1OC,active,1,13.88534,-8.794198
CHEMBL5850095,CN1CC[C@H](COC(=O)Nc2ccc(F)cc2-c2ccc(F)cc2)C1,active_single,1,7.854519,10.769734
CHEMBL5850800,CN1CC[C@@H](COC(=O)Nc2ccc(Cl)cc2-c2cccc(Cl)c2)C1,active_single,1,7.641243,11.015124
CHEMBL5850985,CN1CC[C@@H](COC(=O)Nc2ccccc2-c2ccc(Cl)c(Cl)c2)C1,active_single,1,7.4290004,11.284155
CHEMBL5851308,CN1CCC[C@H]1COC(=O)Nc1ccccc1-c1cc(F)cc(Cl)c1,active_single,1,6.644693,11.927907
CHEMBL5853819,Cc1cc(C)cc(-c2cc(F)ccc2NC(=O)OC[C@@H]2CCN(C)C2)c1,active_single,1,7.7994823,10.910672
CHEMBL5854041,COc1ccc([C@H](Cc2c(Cl)c[n+]([O-])cc2Cl)OC(=O)c2ccc(CNC(C(=O)OC[C@H]3CCCN3C)c3ccccc3)s2)cc1OC,active,1,13.90916,-8.71938
CHEMBL5854363,CN1CC[C@@H](COC(=O)Nc2ccc(F)cc2-c2cc(Cl)cc(CO)c2)C1,active_single,1,7.8404684,10.888835
CHEMBL5855372,CN(CCCC(=O)Nc1cccc(CCNC[C@H](O)c2ccc(O)c3[nH]c(=O)ccc23)c1)C(=O)CCN1CCC(OC(=O)Nc2ccccc2-c2ccccc2)CC1,active,1,20.860727,9.303147
CHEMBL5855509,COc1ccc(C(Cc2c(Cl)c[n+]([O-])cc2Cl)OC(=O)c2ccc(CNC(C(=O)OCC3CCN(C)CC3)c3ccccc3)s2)cc1OCC1CC1,active,1,14.122968,-8.7026005
CHEMBL5859909,COc1ccc([C@H](Cc2c(Cl)c[n+]([O-])cc2Cl)OC(=O)c2ccc(CNC(C(=O)OC[C@H]3CCCCN3C)c3ccccc3)s2)cc1OC,active,1,13.984464,-8.65273
CHEMBL5860992,CN1CCCC1CCOC(=O)Nc1ccc(C(F)(F)F)cc1-c1ccc(F)cc1,active_single,1,5.447564,11.6590185
CHEMBL5861747,Cc1cccc(-c2cc(F)ccc2NC(=O)OC[C@H]2CCNC2)c1,active_single,1,7.1971107,10.546583
CHEMBL5861748,Cc1cccc(-c2ccccc2NC(=O)OC[C@@H]2CCN(C)C2)c1,active_single,1,7.4318466,11.318147
CHEMBL5863255,CCOc1cc(C(Cc2c(Cl)c[n+]([O-])cc2Cl)OC(=O)c2ccc(CNC(C(=O)OCC3CCN(C)CC3)c3cccc(O)c3)s2)ccc1OC,active,1,14.128189,-8.756331
CHEMBL5864176,COc1ccc([C@H](Cc2c(Cl)c[n+]([O-])cc2Cl)OC(=O)c2ccc(CNC(C(=O)OCC3CN(C)C3)c3ccccc3)s2)cc1OC,active_single,1,13.972624,-8.672796
CHEMBL5866746,CN1CCCC1CCOC(=O)Nc1ccc(Cl)cc1-c1cc(F)cc(F)c1,active_single,1,5.4967437,12.041638
CHEMBL5868486,Cc1ccc(NC(=O)OC[C@@H]2CCCN2C)c(-c2ccccc2)c1,active_single,1,6.6094913,12.052113
CHEMBL5870595,O=C(O[C@H]1C[N+]2(CCCCc3ccccc3)CCC1CC2)C1C2C=CC=CC2OC2C=CC=CC21,active_single,1,7.807164,0.31201586
CHEMBL5872395,CN1CC[C@@H](COC(=O)Nc2ccc(F)cc2-c2cc(O)cc(Cl)c2)C1,active_single,1,7.8119526,10.918343
CHEMBL5873046,CN1CC[C@H](COC(=O)Nc2ccccc2-c2cc(Cl)cc(Cl)c2)C1,active_single,1,7.4821997,11.251494
CHEMBL5877833,CN1CCC(COC(=O)C(NCc2ccc(C(=O)O[C@@H](Cc3c(Cl)c[n+]([O-])cc3Cl)c3ccc(OC(F)F)c(OCC4CC4)c3)s2)c2ccccc2)CC1,active,1,14.049854,-8.814098
CHEMBL5878216,CN1CC[C@@H](COC(=O)Nc2ccccc2-c2ccc(F)c(F)c2)C1,active_single,1,7.477932,11.262204
CHEMBL5880600,COc1ccc([C@H](Cc2c(Cl)c[n+]([O-])cc2Cl)OC(=O)c2ccc(CNC3(C(=O)OCC4CCN(C)CC4)CCc4ccccc43)s2)cc1OC,active,1,13.853932,-8.866887
CHEMBL5882068,CN1CCCC1CCOC(=O)Nc1ccccc1-c1ccc(N)c(Cl)c1,active_single,1,5.38143,11.594473
CHEMBL5882533,COc1ccc([C@H](Cc2c(Cl)c[n+]([O-])cc2Cl)OC(=O)c2ccc(CN3CC(C(=O)O[C@@H]4CCN(C)C4)(c4ccccc4)C3)s2)cc1OC,active_single,1,13.483486,-8.953524
CHEMBL5884598,Cc1ccc(NC(=O)OCCC2CCCN2C)c(-c2cccc(F)c2)c1,active_single,1,5.402529,11.903128
CHEMBL5884864,CN1CCCC1CCOC(=O)Nc1ccc(Cl)cc1-c1ccccc1,active_single,1,5.509606,11.837037
CHEMBL5885280,CN1CC[C@H](COC(=O)Nc2ccccc2-c2ccccc2)C1,active_single,1,7.391343,11.254836
CHEMBL5885374,O=C(O[C@H]1C[N+]2(CCCOc3ccccc3)CCC1CC2)C1(O)C2C=CC=CC2OC2C=CC=CC21,active_single,1,7.7852244,0.21433379
CHEMBL5887215,COc1ccc([C@H](Cc2c(Cl)c[n+]([O-])cc2Cl)OC(=O)c2ccc(CNC[C@@H](C(=O)O[C@H]3CN4CCC3CC4)c3ccccc3)s2)cc1OC,active_single,1,13.192262,-9.13614
CHEMBL5887949,CN1CCC[C@H]1COC(=O)Nc1cc(F)ccc1-c1ccccc1,active_single,1,6.663042,12.055733
CHEMBL5888366,CN1CCCC1CCOC(=O)Nc1ccccc1-c1ccc(C(C)(C)C)cc1,active_single,1,5.438055,11.5895815
CHEMBL5889099,CN1CCC[C@H]1COC(=O)Nc1ccccc1-c1cccc(O)c1,active_single,1,6.694475,11.829764
CHEMBL5889739,O=C(O[C@H]1C[N+]2(CCCOc3ccccc3)CCC1CC2)C(c1ccccc1)c1ccccc1,active_single,1,8.034969,0.035961036
CHEMBL5890949,CC(C)N1CC[C@@H](COC(=O)Nc2ccccc2-c2ccc(F)c(Cl)c2)C1,active_single,1,7.5112076,11.2537365
CHEMBL5891537,CN1CCC[C@@H]1COC(=O)Nc1ccccc1-c1ccccc1,active_single,1,6.566409,11.580084
CHEMBL5891623,CN1CC[C@H](COC(=O)Nc2ccc(F)cc2-c2cc(O)cc(Cl)c2)C1,active_single,1,7.7964735,10.885358
CHEMBL5893732,CN1CC[C@@H](COC(=O)Nc2ccccc2-c2cccc(O)c2)C1,active_single,1,7.453894,11.305452
CHEMBL5894110,CN1CCC[C@H]1COC(=O)Nc1ccc(F)cc1-c1ccccc1,active_single,1,6.717399,12.167337
CHEMBL5896444,CN1CCCC1CCOC(=O)Nc1ccc(CO)cc1-c1ccc(F)c(Cl)c1,active_single,1,5.6065316,12.106125
CHEMBL5897667,COc1ccc([C@H](Cc2c(Cl)c[n+]([O-])cc2Cl)OC(=O)c2ccc(CNC(C(=O)OC[C@@H]3CN(C)CCN3C)c3ccccc3)s2)cc1OC,active_single,1,13.9791,-8.675991
CHEMBL5897716,COc1ccc(C(Cc2c(Cl)c[n+]([O-])cc2Cl)OC(=O)c2ccc(CNC(C(=O)OCC3CCN(C)CC3)c3cccc(O)c3)s2)cc1OCC1CC1,active,1,14.1557665,-8.796337
CHEMBL5897820,CN1CCC[C@H]1COC(=O)Nc1ccc(F)cc1-c1cccc(F)c1,active_single,1,6.650498,12.190522
CHEMBL5898637,CN1CCCC1CCOC(=O)Nc1ccc(Cl)cc1-c1cccc(F)c1,active_single,1,5.4735928,11.991569
CHEMBL5900604,CN1CCC[C@H]1COC(=O)Nc1ccccc1-c1cc(F)c(F)cc1F,active_single,1,6.64372,11.861935
CHEMBL5901487,CN1CC[C@H](COC(=O)Nc2ccc(F)cc2-c2ccccc2)C1,active_single,1,7.830465,10.819286
CHEMBL5902075,CN1CCCC1CCOC(=O)Nc1ccc(CO)cc1-c1ccccc1,active_single,1,5.5847282,11.867937
CHEMBL5903159,CN1CCC[C@H]1COC(=O)Nc1ccccc1-c1cccc(C#N)c1,active_single,1,6.639744,11.821903
CHEMBL5903775,CN1CCCC1CCOC(=O)Nc1ccc(F)cc1-c1cccc(Cl)c1,active_single,1,5.4998837,11.999801
CHEMBL5903823,O=C(Nc1ccccc1-c1ccccc1)OC[C@@H]1CCNC1,active_single,1,7.1803684,10.608661
CHEMBL5906832,CC1(C(=O)O[C@H]2C[N+]3(CCCOc4ccccc4)CCC2CC3)C2C=CC=CC2C2C=CC=CC21,active_single,1,7.7100835,0.1837213
CHEMBL5907828,O=C(Nc1ccccc1-c1cc(F)cc(F)c1)OC[C@H]1CCNC1,active_single,1,7.108655,10.572921
CHEMBL5908373,CN1CC[C@@H](COC(=O)Nc2ccc(Cl)cc2-c2ccc(F)c(Cl)c2)C1,active_single,1,7.7328453,11.028648
CHEMBL5908497,Cc1cc(C)cc(-c2ccccc2NC(=O)OC[C@@H]2CCN(C)C2)c1,active_single,1,7.468816,11.266583
CHEMBL5912118,Cc1cccc(-c2cc(F)ccc2NC(=O)OC[C@H]2CCN(C)C2)c1,active_single,1,7.737088,10.896876
CHEMBL5913230,COc1ccc([C@H](Cc2c(Cl)c[n+]([O-])cc2Cl)OC(=O)c2ccc(CNC(C(=O)OCC3CCN(C)CC3)C3CCCCC3)s2)cc1OC,active,1,13.908132,-8.854721
CHEMBL5913245,COc1ccc(-c2ccccc2)c(NC(=O)OCCC2CCCN2C)c1,active_single,1,5.4715657,11.55767
CHEMBL5917125,CN1CCCC1CCOC(=O)Nc1ccc(F)cc1-c1cc(Cl)c(F)c(Cl)c1,active_single,1,5.465353,12.140481
CHEMBL5918582,COc1ccc([C@H](Cc2c(Cl)c[n+]([O-])cc2Cl)OC(=O)c2ccc(CNCC(C(=O)O[C@@H]3CCN(C)C3)c3ccccc3)s2)cc1OC,active_single,1,13.60139,-8.932018
CHEMBL5919361,COc1ccc([C@H](Cc2c(Cl)c[n+]([O-])cc2Cl)OC(=O)c2ccc(CNC(C(=O)OCC3(F)CCN(C)CC3)c3ccccc3)s2)cc1OC,active,1,14.016836,-8.591514
CHEMBL5923709,CCN1CC[C@H](COC(=O)Nc2ccccc2-c2cccc(C)c2)C1,active_single,1,7.3872094,11.319597
CHEMBL5924908,O=C(O[C@H]1C[N+]2(CCCc3cccs3)CCC1CC2)C1(O)C2C=CC=CC2OC2C=CC=CC21,active_single,1,7.805458,0.22297877
CHEMBL5925762,CN1CCC[C@H]1COC(=O)Nc1ccccc1-c1ccccc1F,active_single,1,6.682141,11.755572
CHEMBL5926272,CN1CCC[C@H]1COC(=O)Nc1ccc(F)cc1-c1cc(F)cc(F)c1,active_single,1,6.651922,12.13045
CHEMBL5926762,O=C(O[C@H]1C[N+]2(CCc3ccccc3)CCC1CC2)C1(O)C2C=CC=CC2OC2C=CC=CC21,active_single,1,7.7964163,0.2870542
CHEMBL5927337,CN1CCC[C@H]1COC(=O)Nc1ccc(F)cc1-c1cc(F)cc(Cl)c1,active_single,1,6.6929636,12.188776
CHEMBL5932927,COc1ccc([C@H](Cc2c(Cl)c[n+]([O-])cc2Cl)OC(=O)c2ccc(CN3CC(C(=O)O[C@H]4CN5CCC4CC5)(c4ccccc4)C3)s2)cc1OC,active_single,1,13.175821,-9.093847
CHEMBL5933643,CC1(C(=O)O[C@H]2C[N+]3(/C=C/Cc4ccccc4)CCC2CC3)C2C=CC=CC2C2C=CC=CC21,active_single,1,7.666613,0.20542394
CHEMBL593443,C[C@H]1CO[C@H](C[N+](C)(C)C)CO1.[I-],inactive_single,0,4.711198,1.5058986
CHEMBL59347,COc1cc2c(cc1OC)C1Oc3ccc4[nH]c(C)cc4c3CN1CC2,inactive_single,0,1.205089,6.0199184
CHEMBL5935732,COc1ccc([C@H](Cc2c(Cl)c[n+]([O-])cc2Cl)OC(=O)c2ccc(CNC(C(=O)OCC3CCN(C)CC3)c3ccccc3F)s2)cc1OC,active,1,13.919033,-8.814892
CHEMBL593620,C[C@@H]1OC[C@@H](C[N+](C)(C)C)OC1(C)C.[I-],inactive_single,0,4.6625752,1.475906
CHEMBL593685,C[C@H]1OC[C@@H](C[N+](C)(C)C)OC1(C)C.[I-],inactive_single,0,4.6885037,1.4963069
CHEMBL5937219,Cc1ccc(-c2ccccc2NC(=O)OCCC2CCCN2C)cc1F,active_single,1,5.332262,11.587089
CHEMBL593861,CC1(C)OC[C@@H](C[N+](C)(C)C)OC1(C)C.[I-],inactive_single,0,4.640884,1.472416
CHEMBL593864,C[C@@H]1OC[C@@H](C[N+](C)(C)C)O[C@@H]1C.[I-],inactive_single,0,4.651397,1.4562367
CHEMBL593871,C[C@H]1OC[C@@H](C[N+](C)(C)C)O[C@@H]1C.[I-],inactive_single,0,4.6659775,1.464542
CHEMBL5939194,COc1ccc([C@H](Cc2c(Cl)c[n+]([O-])cc2Cl)OC(=O)c2ccc(CNCC(C)(C(=O)OC3CCN(C)CC3)c3ccccc3)s2)cc1OC,active,1,13.524962,-9.09136
CHEMBL5940359,CN1CCCC1CCOC(=O)Nc1cc(F)ccc1-c1ccccc1,active_single,1,5.409557,11.708941
CHEMBL5940561,CN1CCCC1CCOC(=O)Nc1ccc(F)cc1-c1ccc(Cl)c(Cl)c1,active_single,1,5.466576,12.163925
CHEMBL5940842,CC(Cc1cccc(CNC(=O)c2cccc(N(C)C(=O)CCN3CCC(OC(=O)Nc4ccccc4-c4ccccc4)CC3)c2)c1)NCC(O)c1ccc(O)c2[nH]c(=O)ccc12,active_single,1,21.619167,9.637487
CHEMBL5941194,CN1CCCC1CCOC(=O)Nc1ccccc1-c1cccc(N)c1,active_single,1,5.3859406,11.56395
CHEMBL5941508,CN1CCCC1CCOC(=O)Nc1ccc(F)cc1-c1cccc(F)c1,active_single,1,5.4058027,11.893783
CHEMBL5943156,CN(C(=O)CCN1CCC(OC(=O)Nc2ccccc2-c2ccccc2)CC1)c1cccc(CNC(=O)Cc2cccc(CNC[C@H](O)c3ccc(O)c4[nH]c(=O)ccc34)c2)c1,active_single,1,21.736996,9.357828
CHEMBL594376,C[C@@H]1CO[C@H](C[N+](C)(C)C)CO1.[I-],inactive_single,0,4.7362676,1.5340233
CHEMBL5944352,COc1ccc([C@H](Cc2c(Cl)c[n+]([O-])cc2Cl)OC(=O)c2ccc(CNC(C(=O)OC[C@H]3CCCN(C)C3)c3ccccc3)s2)cc1OC,active,1,13.917404,-8.745246
CHEMBL5944875,O=C(O[C@H]1C[N+]2(CCc3ccccc3)CCC1CC2)C1C2C=CC=CC2OC2C=CC=CC21,active_single,1,7.783005,0.3008109
CHEMBL5945229,O=C(Nc1ccccc1-c1cc(F)cc(F)c1)OC[C@@H]1CCNC1,active_single,1,7.1162324,10.532726
CHEMBL594801,CC1(C)COC[C@@H](C[N+](C)(C)C)O1.[I-],inactive_single,0,4.6821246,1.4970604
CHEMBL594802,CC1(C)CO[C@H](C[N+](C)(C)C)CO1.[I-],inactive_single,0,4.739947,1.5500132
CHEMBL594803,C[C@@H]1O[C@H](C[N+](C)(C)C)COC1(C)C.[I-],inactive_single,0,4.668875,1.4928885
CHEMBL5948778,CN1CCCC1CCOC(=O)Nc1ccccc1-c1ccc(F)c(Cl)c1,active_single,1,5.4137053,11.779862
CHEMBL5949898,Cc1cc(C)cc(-c2cc(F)ccc2NC(=O)OC[C@H]2CCN(C)C2)c1,active_single,1,7.850427,10.8147955
CHEMBL595022,C[C@H]1O[C@H](C[N+](C)(C)C)COC1(C)C.[I-],inactive_single,0,4.676546,1.4944164
CHEMBL5950288,CN1CC[C@@H](COC(=O)Nc2ccccc2-c2cc(Cl)ccc2F)C1,active_single,1,7.3777924,11.32208
CHEMBL5950711,Cc1ccc(NC(=O)OCCC2CCCN2C)c(-c2ccccc2)c1,active_single,1,5.4918013,11.770733
CHEMBL595265,C[C@@H]1OC[C@@H](C[N+](C)(C)C)O[C@H]1C.[I-],inactive_single,0,4.69875,1.4739374
CHEMBL5953851,CN1CCCC1CCOC(=O)Nc1ccc(F)cc1-c1ccccc1,active_single,1,5.504404,11.878614
CHEMBL595449,CN(C)Cc1nc(-c2ccc(C(C)(C)C)cc2)n(-c2cccc(O)c2)n1,inactive_single,0,0.26483113,17.882086
CHEMBL5954621,CN1CCCC1CCOC(=O)Nc1ccccc1-c1ccc(F)cc1F,active_single,1,5.4021645,11.696525
CHEMBL5955613,COc1ccc([C@H](Cc2c(Cl)c[n+]([O-])cc2Cl)OC(=O)c2ccc(CNC3CC(C(=O)O[C@H]4CN5CCC4CC5)(c4ccccc4)C3)s2)cc1OC,active,1,13.157694,-9.120714
CHEMBL5956416,CN1CCC[C@H]1COC(=O)Nc1ccc(F)cc1-c1ccc(F)cc1,active_single,1,6.6798177,12.180266
CHEMBL5956654,O=C(O[C@@H](Cc1c(Cl)c[n+]([O-])cc1Cl)c1ccc(OC(F)F)c(OCC2CC2)c1)c1ccc(CNC(C(=O)OCC23CCN(CC2)CC3)c2ccccc2)s1,active,1,14.038945,-8.771475
CHEMBL5956786,COc1ccc([C@H](Cc2c(Cl)c[n+]([O-])cc2Cl)OC(=O)c2ccc(CNC(C(=O)OC[C@@H]3CCCN(C)C3)c3ccccc3)s2)cc1OC,active,1,13.971625,-8.6592455
CHEMBL5957679,CCN1CCC[C@H]1COC(=O)Nc1ccccc1-c1ccccc1,active_single,1,6.677264,11.74172
CHEMBL5958418,CN1CCCC1CCOC(=O)Nc1ccccc1-c1c(F)cccc1F,active_single,1,5.3846607,11.604463
CHEMBL5960179,O=C(O[C@H]1C[N+]2(/C=C/Cc3ccccc3)CCC1CC2)C1(O)C2C=CC=CC2C2C=CC=CC21,active_single,1,7.6211104,0.21765828
CHEMBL5960712,Cc1cccc(-c2ccccc2NC(=O)OC[C@H]2CCN(C)C2)c1,active_single,1,7.440531,11.306648
CHEMBL5961357,CN1CC[C@@H](COC(=O)Nc2ccccc2-c2ccccc2)C1,active_single,1,7.425882,11.280359
CHEMBL5961507,Cc1cc(C)cc(-c2cc(F)ccc2NC(=O)OCCC2CCCN2C)c1,active_single,1,5.4776983,11.988872
CHEMBL5962631,CN1CC[C@@H](COC(=O)Nc2ccc(F)cc2-c2ccc(F)cc2)C1,active_single,1,7.8046546,10.851704
CHEMBL5962776,CN1CC[C@@H](COC(=O)Nc2ccc(F)cc2-c2cccc(Cl)c2)C1,active_single,1,7.8159227,10.918293
CHEMBL5963235,COc1ccc([C@H](Cc2c(Cl)c[n+]([O-])cc2Cl)OC(=O)c2ccc(CNC(C(=O)OCC34CCN(CC3)CC4)c3ccccc3)s2)cc1OC,active,1,13.974382,-8.671335
CHEMBL5963531,COc1ccc([C@H](Cc2c(Cl)c[n+]([O-])cc2Cl)OC(=O)c2ccc(CNC(CO)(C(=O)OC[C@H]3CCN(C)C3)c3ccccc3)s2)cc1OC,active,1,13.652303,-9.121546
CHEMBL5963986,CCN1CC[C@@H](COC(=O)Nc2ccccc2-c2ccccc2)C1,active_single,1,7.3864536,11.267396
CHEMBL5964352,CN1CCC[C@H]1COC(=O)Nc1ccc(F)cc1-c1ccc(F)c(F)c1,active_single,1,6.6957994,12.186824
CHEMBL5964791,COc1ccc([C@H](Cc2c(Cl)c[n+]([O-])cc2Cl)OC(=O)c2cccc(CN3CCC(C(=O)O[C@H]4CN5CCC4CC5)(c4ccccc4)CC3)c2)cc1OC,active_single,1,12.896017,-8.957248
CHEMBL5965703,CN1CCC[C@H]1COC(=O)Nc1ccc(F)cc1-c1cc(Cl)cc(CO)c1,active_single,1,6.704854,12.271782
CHEMBL5966126,CN1CCCC1CCOC(=O)Nc1ccccc1-c1cccc(F)c1,active_single,1,5.3518186,11.779961
CHEMBL5966187,CN1CCC[C@H]1COC(=O)Nc1ccc(CO)cc1-c1cccc(Cl)c1,active_single,1,6.4875135,12.156731
CHEMBL5970263,COc1ccc([C@H](Cc2c(Cl)c[n+]([O-])cc2Cl)OC(=O)c2ccc(CNCC(C(=O)OCC3CCN(C)CC3)c3ccccc3)s2)cc1OC,active_single,1,13.795309,-8.871961
CHEMBL5971941,COc1ccc([C@H](Cc2c(Cl)c[n+]([O-])cc2Cl)OC(=O)c2ccc(CNC[C@@](O)(C(=O)O[C@H]3CN4CCC3CC4)c3ccccc3)s2)cc1OC,active_single,1,13.224405,-9.206202
CHEMBL5973816,COc1ccc([C@H](Cc2c(Cl)c[n+]([O-])cc2Cl)OC(=O)c2ccc(CNC(CO)(C(=O)OC[C@@H]3CCN(C)C3)c3ccccc3)s2)cc1OC,active,1,13.666948,-9.129433
CHEMBL5974210,CN1CCC[C@H]1COC(=O)Nc1ccccc1-c1ccc(Cl)cc1,active_single,1,6.673121,11.777423
CHEMBL5974793,CN1CC[C@@H](COC(=O)Nc2ccc(F)cc2-c2ccc(F)c(Cl)c2)C1,active_single,1,7.8559327,10.943631
CHEMBL5974906,CN1CCC[C@H]1COC(=O)Nc1ccccc1-c1ccc(F)cc1,active_single,1,6.6637435,11.737293
CHEMBL5975424,COc1ccc([C@H](Cc2c(Cl)c[n+]([O-])cc2Cl)OC(=O)c2ccc(CNCC(C)(C(=O)OCCN(C)C)c3ccccc3)s2)cc1OC,active,1,13.530227,-9.026807
CHEMBL5977564,Cc1ccc(NC(=O)OC[C@@H]2CCNC2)c(-c2ccccc2)c1,active_single,1,7.1928043,10.516654
CHEMBL5979827,Cc1cccc(-c2cc(F)ccc2NC(=O)OC[C@H]2CCCN2C)c1,active_single,1,6.5653577,11.959482
CHEMBL5980689,CN1CCCC1CCOC(=O)Nc1ccccc1-c1cc(F)cc(F)c1,active_single,1,5.3865614,11.681763
CHEMBL5981453,CN1CCCC1CCOC(=O)Nc1ccccc1-c1ccc(C(F)(F)F)cc1,active_single,1,5.419403,11.456002
CHEMBL5983283,O=C(Nc1ccc(F)cc1-c1ccccc1)OC[C@H]1CCNC1,active_single,1,7.244067,10.453994
CHEMBL59836,CC(C)=CCCN1CCC(NC(=O)[C@](O)(c2ccccc2)C2CCCC2)CC1,active,1,4.088353,6.6803436
CHEMBL5983761,CCc1cccc(-c2cc(F)ccc2NC(=O)OCCC2CCCN2C)c1,active_single,1,5.4258866,12.013026
CHEMBL5985068,COc1ccc([C@H](Cc2c(Cl)c[n+]([O-])cc2Cl)OC(=O)c2ccc(CNC(C(=O)OCC3CCN(C(C)C)CC3)c3ccccc3)s2)cc1OC,active_single,1,14.023023,-8.782269
CHEMBL5986004,COc1ccc([C@@H](OC(=O)c2ccc(CN3CCC(C(=O)O[C@H]4CN5CCC4CC5)(c4ccccc4)CC3)cc2)Oc2c(Cl)c[n+]([O-])cc2Cl)cc1OC,active_single,1,12.902418,-8.956462
CHEMBL5988418,CN1CC[C@@H](COC(=O)Nc2ccccc2-c2ccc(F)cc2)C1,active_single,1,7.446849,11.219295
CHEMBL59898,CCOC(=O)c1c(C)[nH]c2ccc3c(c12)CN1CCc2cc(OC)ccc2C1O3,active,1,1.1402622,6.001219
CHEMBL5989940,COc1ccc([C@H](Cc2c(Cl)c[n+]([O-])cc2Cl)OC(=O)c2ccc(CNC[C@](O)(C(=O)O[C@H]3CN4CCC3CC4)c3ccccc3)s2)cc1OC,active_single,1,13.242632,-9.202918
CHEMBL5990391,CN1CCC[C@H]1COC(=O)Nc1ccc(F)cc1-c1cc(O)cc(Cl)c1,active_single,1,6.6930203,12.216846
CHEMBL5991367,CN1CC[C@@H](COC(=O)Nc2ccccc2-c2cccc(CO)c2)C1,active_single,1,7.488499,11.305584
CHEMBL5991396,Cc1cccc(-c2ccccc2NC(=O)OC[C@H]2CCCN2C)c1,active_single,1,6.6220317,11.700112
CHEMBL5992921,CN1CCC(COC(=O)C(NCc2ccc(C(=O)O[C@@H](Cc3c(Cl)c[n+]([O-])cc3Cl)c3ccc(OC(F)F)c(OCC4CC4)c3)s2)c2cccc(O)c2)CC1,active_single,1,14.077268,-8.766956
CHEMBL5993473,CN1CCC[C@H]1COC(=O)Nc1ccc(F)cc1-c1cccc(O)c1,active_single,1,6.647488,12.221266
CHEMBL5995032,CN1CCCC1CCOC(=O)Nc1ccc(C(F)(F)F)cc1-c1cccc(Cl)c1,active_single,1,5.5452933,11.673625
CHEMBL5996056,CN1CCC[C@H]1COC(=O)Nc1ccc(F)cc1-c1ccc(Cl)cc1,active_single,1,6.7077117,12.150183
CHEMBL5996062,COc1ccc([C@H](Cc2c(Cl)c[n+]([O-])cc2Cl)OC(=O)c2ccc(CNC(C(=O)OC[C@H]3CCN(C)C3)c3ccccc3)s2)cc1OC,active,1,13.914553,-8.68119
CHEMBL5997077,CN1CC[C@@H](COC(=O)Nc2ccc(F)cc2-c2cccc(N)c2)C1,active_single,1,7.7985253,10.919598
CHEMBL6000151,CN1CC[C@H](COC(=O)Nc2ccccc2-c2cccc(F)c2)C1,active_single,1,7.530918,11.204284
CHEMBL6001023,CN1CCCC1CCOC(=O)Nc1ccc(Cl)cc1-c1cc(Cl)cc(Cl)c1,active_single,1,5.4819813,11.9955635
CHEMBL6002718,CN1CCCC1CCOC(=O)Nc1ccccc1-c1ccccc1,active_single,1,5.428933,11.598757
CHEMBL6002887,CN1CC[C@H](COC(=O)Nc2ccc(F)cc2-c2ccc(Cl)cc2)C1,active_single,1,7.911506,10.817621
CHEMBL6005743,CN1CCC[C@H]1COC(=O)Nc1ccc(CO)cc1-c1cc(Cl)cc(Cl)c1,active_single,1,6.5485992,12.181602
CHEMBL6005832,Cc1ccc(NC(=O)OC[C@@H]2CCCN2C)c(-c2cccc(F)c2)c1,active_single,1,6.63439,12.094732
CHEMBL6007392,CN1CCC[C@H]1COC(=O)Nc1ccc(CO)cc1-c1ccccc1,active_single,1,6.550937,12.1145
CHEMBL6008811,CN1CCCC1CCOC(=O)Nc1ccc(CO)cc1-c1cccc(Cl)c1,active_single,1,5.5742035,11.888055
CHEMBL6008887,Cc1cc(C)cc(-c2cc(F)ccc2NC(=O)OC[C@@H]2CCCN2C)c1,active_single,1,6.765385,12.2045145
CHEMBL6008919,CN1CCCC1CCOC(=O)Nc1ccccc1-c1cc(Cl)ccc1F,active_single,1,5.435033,11.731223
CHEMBL6008981,CCN1CC[C@@H](COC(=O)Nc2ccc(F)cc2-c2ccc(F)c(Cl)c2)C1,active_single,1,7.9724836,11.060249
CHEMBL6011334,CN1CCC[C@H]1COC(=O)Nc1ccc(F)cc1-c1ccc(Cl)c(Cl)c1,active_single,1,6.7208157,12.157014
CHEMBL6012430,CN1CCCC1CCOC(=O)Nc1ccc(C(F)(F)F)cc1-c1ccccc1,active_single,1,5.4404526,11.564824
CHEMBL6014818,CN1CCCC1CCOC(=O)Nc1ccc(F)cc1-c1cc(O)cc(Cl)c1,active_single,1,5.4810843,12.082093
CHEMBL6014820,COc1ccc([C@H](Cc2c(Cl)c[n+]([O-])cc2Cl)OC(=O)c2ccc(CNC(C(=O)OC[C@@H]3CCCN3C)c3ccccc3)s2)cc1OC,active,1,14.039804,-8.624523
CHEMBL6019362,CN1CCCC1CCOC(=O)Nc1ccc(O)cc1-c1ccc(F)c(Cl)c1,active_single,1,5.5597816,12.08706
CHEMBL6020249,COc1ccc([C@H](Cc2c(Cl)c[n+]([O-])cc2Cl)OC(=O)c2ccc(CCN3CCC(C(=O)O[C@H]4CN5CCC4CC5)(c4ccccc4)CC3)cc2)cc1OC,active_single,1,12.975866,-8.974171
CHEMBL6020863,COCCN1CCC(COC(=O)C(NCc2ccc(C(=O)O[C@@H](Cc3c(Cl)c[n+]([O-])cc3Cl)c3ccc(OC)c(OC)c3)s2)c2ccccc2)CC1,active_single,1,13.9922695,-8.693118
CHEMBL6022006,CN1CC[C@@H](COC(=O)Nc2ccc(F)cc2-c2cccc(F)c2)C1,active_single,1,7.7568107,10.89751
CHEMBL6022182,CN1CCCC1CCOC(=O)Nc1ccccc1-c1cc(Cl)cc(Cl)c1,active_single,1,5.3967657,11.80381
CHEMBL6022721,CN1CCC[C@H]1COC(=O)Nc1ccccc1-c1ccc(F)c(Cl)c1,active_single,1,6.6790633,11.828128
CHEMBL6023567,CN1CC[C@@H](COC(=O)Nc2ccccc2-c2cccc(Cl)c2)C1,active_single,1,7.396141,11.33013
CHEMBL6023940,CN1CCC[C@H]1COC(=O)Nc1ccc(F)cc1-c1ccc(F)c(Cl)c1,active_single,1,6.7240205,12.148975
CHEMBL6024691,CN1CC[C@H](COC(=O)Nc2ccc(F)cc2-c2cc(F)cc(Cl)c2)C1,active_single,1,7.8620615,10.938776
CHEMBL6028144,COc1ccc(C(Cc2c(Cl)c[n+]([O-])cc2Cl)OC(=O)c2ccc(CNC(C(=O)OCC34CCN(CC3)CC4)c3ccccc3)s2)cc1OCC1CC1,active,1,14.104025,-8.6793165
CHEMBL6028900,CN1CC[C@@H](COC(=O)Nc2ccc(F)cc2-c2ccccc2F)C1,active_single,1,7.6443105,11.135709
CHEMBL6030445,COc1ccc([C@H](Cc2c(Cl)c[n+]([O-])cc2Cl)OC(=O)c2ccc(CNC(C(=O)OC[C@@H]3CCN3C)c3ccccc3)s2)cc1OC,active,1,13.997546,-8.681108
CHEMBL6031610,CC1(C(=O)O[C@H]2C[N+]3(CCCOc4ccccc4)CCC2CC3)C2C=CC=CC2OC2C=CC=CC21,active_single,1,7.7401266,0.22243592
CHEMBL6031988,Cc1ccc(NC(=O)OC[C@@H]2CCN(C)C2)c(-c2cccc(F)c2)c1,active_single,1,7.723138,10.987128
CHEMBL6034616,CN1CC[C@H](COC(=O)Nc2ccccc2-c2ccc(F)c(Cl)c2)C1,active_single,1,7.529649,11.213249
CHEMBL6038760,Cc1cccc(-c2cc(F)ccc2NC(=O)OC[C@@H]2CCN(C)C2)c1,active_single,1,7.688973,11.00669
CHEMBL6039315,O=C(Nc1ccccc1-c1ccc(F)cc1)OC[C@H]1CCCN1,active_single,1,6.8372617,11.309714
CHEMBL6039433,CN1CCC[C@H]1COC(=O)Nc1ccccc1-c1cccc(Cl)c1,active_single,1,6.6843114,11.782505
CHEMBL6042400,CN1CCCC1CCOC(=O)Nc1ccc(F)cc1-c1cc(Cl)cc(Cl)c1,active_single,1,5.4885287,12.084365
CHEMBL6042652,CN1CC[C@@H](COC(=O)Nc2ccc(CO)cc2-c2ccc(F)c(Cl)c2)C1,active_single,1,7.8168855,11.082081
CHEMBL604482,O=C1C(=O)N(Cc2ccc(Oc3ccccc3)cc2)c2ccc(OC(F)(F)F)cc21,inactive_single,0,5.326736,10.811314
CHEMBL6045030,CN1CC[C@H](COC(=O)Nc2ccccc2-c2cc(F)cc(F)c2)C1,active_single,1,7.4874167,11.258304
CHEMBL6045352,O=C(O[C@H]1C[N+]2(CCCOc3ccc(F)cc3)CCC1CC2)C(O)(c1cccs1)c1cccs1,active,1,8.160174,-0.35241836
CHEMBL6045840,COc1ccc([C@H](Cc2c(Cl)c[n+]([O-])cc2Cl)OC(=O)c2ccc(CNC(CO)(C(=O)OC3CCN(C)CC3)c3ccccc3)s2)cc1OC,active,1,13.591445,-9.139066
CHEMBL6046341,CN1CC[C@@H](COC(=O)Nc2ccc(F)cc2-c2cc(Cl)cc(Cl)c2)C1,active_single,1,7.855406,10.926845
CHEMBL6047660,COc1ccc([C@H](Cc2c(Cl)c[n+]([O-])cc2Cl)OC(=O)c2ccc(CNC3CC(C(=O)OC4CCN(C)CC4)(c4ccccc4)C3)s2)cc1OC,active,1,13.627462,-8.935118
CHEMBL6048296,CN1CCC[C@H]1COC(=O)Nc1ccccc1-c1ccccc1,active_single,1,6.666552,11.798247
CHEMBL6048516,Cc1cccc(-c2ccccc2NC(=O)OC[C@@H]2CCCN2C)c1,active_single,1,6.7125673,11.768657
CHEMBL6048712,CN1CCCC1CCOC(=O)Nc1ccc(F)cc1-c1ccc(F)c(F)c1,active_single,1,5.489982,12.063827
CHEMBL6048818,COc1ccc([C@H](Cc2c(Cl)c[n+]([O-])cc2Cl)OC(=O)c2ccc(CNCC(C(=O)O[C@H]3CN4CCC3CC4)c3ccccc3)cc2)cc1OC,active_single,1,12.831777,-8.862207
CHEMBL6049794,COc1ccc([C@H](Cc2c(Cl)c[n+]([O-])cc2Cl)OC(=O)c2ccc(CNCC(C)(C(=O)O[C@H]3CN4CCC3CC4)c3ccccc3)s2)cc1OC,active,1,13.23608,-9.212652
CHEMBL6050604,O=C(O[C@H]1C[N+]2(CCCOc3ccccc3)CCC1CC2)C(O)(c1ccsc1)c1ccsc1,active,1,8.206697,-0.1492959
CHEMBL6051420,CCN1CC[C@@H](COC(=O)Nc2ccccc2-c2cccc(C)c2)C1,active_single,1,7.437496,11.313014
CHEMBL6052472,COc1ccc([C@H](Cc2c(Cl)c[n+]([O-])cc2Cl)OC(=O)c2ccc(CNCC(O)(C(=O)O[C@H]3CN4CCC3CC4)c3cccs3)s2)cc1OC,active_single,1,13.260739,-9.217292
CHEMBL6054189,CN1CCC[C@H]1COC(=O)Nc1ccc(F)cc1-c1cccc(C(F)(F)F)c1,active_single,1,6.6605635,12.19592
CHEMBL6056124,O=C(Nc1ccc(F)cc1-c1cc(F)cc(F)c1)OC[C@@H]1CCNC1,active_single,1,7.173046,10.501082
CHEMBL6057209,COc1ccc([C@H](Cc2c(Cl)c[n+]([O-])cc2Cl)OC(=O)c2ccc(CNC(CO)(C(=O)OCC3CCN(C)CC3)c3cccs3)s2)cc1OC,active,1,13.728299,-9.108949
CHEMBL6058265,CN1CCC[C@H]1COC(=O)Nc1ccc(CO)cc1-c1cccc(F)c1,active_single,1,6.5339265,12.126629
CHEMBL6063206,CN1CC[C@@H](COC(=O)Nc2ccccc2-c2cccc(N)c2)C1,active_single,1,7.4897914,11.274228
CHEMBL6067677,O=C(O[C@@H]1C[N+]2(CCCCc3ccccc3)CCC1CC2)C(O)(c1cccs1)c1cccs1,active,1,8.221271,-0.4001927
CHEMBL6067687,O=C(NCCCOc1cccc([C@@](O)(C(=O)OCC2CCN(Cc3ccccc3)CC2)c2ccccc2)c1)c1ccc(CNCC(O)c2ccc(O)c3[nH]c(=O)ccc23)cc1,active_single,1,18.301332,10.318432
CHEMBL6067688,CN1CCC[C@@H](OC(=O)[C@](O)(c2ccccc2)c2cccc(OCCCNC(=O)c3cccc(CNC[C@H](O)c4ccc(O)c5[nH]c(=O)ccc45)c3)c2)C1,active_single,1,18.398066,10.489113
CHEMBL6067689,COc1cc(C(=O)NCCCOc2cccc([C@](O)(C(=O)O[C@@H]3CCCN(C)C3)c3ccccc3)c2)c(OC)cc1CNC[C@H](O)c1ccc(O)c2[nH]c(=O)ccc12,active_single,1,18.434875,10.583971
CHEMBL6067690,CN1CCC[C@@H](OC(=O)[C@](O)(c2ccccc2)c2cccc(OCCCNC(=O)c3ccc(CNC[C@H](O)c4ccc(O)c5[nH]c(=O)ccc45)c(F)c3)c2)C1.O=CO,active_single,1,18.452164,10.575985
CHEMBL6067691,O=C(c1ccc(CCNC[C@H](O)c2ccc(O)c3[nH]c(=O)ccc23)cc1)N1CCC(c2cccc([C@](O)(C(=O)OCC3CCN(Cc4ccccc4)CC3)c3ccccc3)c2)CC1,active_single,1,18.271034,10.273799
CHEMBL6067739,O=C(O[C@H]1C[N+]2(CCCc3cccs3)CCC1CC2)C1(O)C2C=CC=CC2C2C=CC=CC21,active_single,1,7.852393,0.14689098
CHEMBL6067827,COc1ccc([C@H](Cc2c(Cl)c[n+]([O-])cc2Cl)OC(=O)c2ccc(CNC(C(=O)OC[C@@H]3CN4CCC3CC4)c3ccccc3)s2)cc1OC,active,1,13.748463,-8.763405
CHEMBL6067830,COc1ccc([C@H](Cc2c(Cl)c[n+]([O-])cc2Cl)OC(=O)c2ccc(CN(C)CC(C)(C(=O)O[C@H]3CN4CCC3CC4)c3ccccc3)s2)cc1OC,active_single,1,13.093886,-9.2146225
CHEMBL6067831,COc1ccc([C@H](Cc2c(Cl)c[n+]([O-])cc2Cl)OC(=O)c2ccc(CNC[C@H](C(=O)O[C@H]3CN4CCC3CC4)c3ccccc3)s2)cc1OC,active_single,1,13.219601,-9.137727
CHEMBL6067832,COc1ccc([C@H](Cc2c(Cl)c[n+]([O-])cc2Cl)OC(=O)c2ccc(CN(C)CC(C)(C(=O)O[C@@H]3CN4CCC3CC4)c3ccccc3)s2)cc1OC,active,1,13.116389,-9.253864
CHEMBL608151,CCOC[C@H]1[C@@H]2CNC[C@@]21c1ccc(Cl)c(Cl)c1,active_single,1,6.818218,11.542431
CHEMBL608985,C[C@@H]1O[C@H](C[N+](C)(C)C)CO[C@@H]1C.[I-],inactive_single,0,4.675485,1.4608437
CHEMBL61494,CCOC(=O)c1c[nH]c2ccc3c(c12)CN1CCc2cc(OC)c(OC)cc2C1O3,inactive_single,0,1.1626592,5.978682
CHEMBL61774,COC(=O)c1c(C)[nH]c2ccc3c(c12)CN1CCc2ccccc2C1O3,inactive_single,0,1.1646367,5.9755435
CHEMBL629,CN(C)CCC=C1c2ccccc2CCc2ccccc21,active,1,8.190124,5.987943
CHEMBL6373,Br.Oc1noc2c1CNCC2,inactive_single,0,8.513041,8.168874
CHEMBL6375,C/C=C/COc1noc2c1CNCC2.Cl,inactive_single,0,8.535363,8.154086
CHEMBL6377,CC(C)COc1noc2c1CNCC2.Cl,inactive_single,0,8.483237,8.15914
CHEMBL643,CC(CN1c2ccccc2Sc2ccccc21)N(C)C,active,1,7.480326,5.881047
CHEMBL64788,COC(=O)C1CC2CCCC1N2,inactive_single,0,7.6987944,4.2357297
CHEMBL648,CN1CCN(C(c2ccccc2)c2ccccc2)CC1,active,1,7.81263,5.497399
CHEMBL6568,CCN1CCc2onc(OC)c2C1.Cl,inactive_single,0,8.354721,8.272785
CHEMBL657,CN(C)CCOC(c1ccccc1)c1ccccc1,active,1,7.9693003,5.5747404
CHEMBL6587,Cl.c1ccc(COc2noc3c2CNCC3)cc1,inactive_single,0,8.46343,8.194724
CHEMBL66322,NCC1CCN(C(=O)[C@](O)(c2ccccc2)[C@@H]2CCC(F)(F)C2)CC1,active_single,1,4.202186,5.925263
CHEMBL66400,NCC1CCN(C(=O)[C@](O)(c2ccccc2)C2CCCC2)CC1,active_single,1,4.3622074,5.8153415
CHEMBL66820,NCCCC1CCN(C(=O)[C@](O)(c2ccccc2)[C@@H]2CCC(F)(F)C2)CC1,active_single,1,4.19097,5.9440045
CHEMBL6702,CC(C)Oc1noc2c1CNCC2.Cl,inactive_single,0,8.479274,8.196118
CHEMBL67814,O=C(N1CCNCC1)[C@](O)(c1ccccc1)[C@@H]1CCC(F)(F)C1,active_single,1,4.1975203,5.9509
CHEMBL67873,O=C(NCCC1CCNCC1)[C@](O)(c1ccccc1)[C@@H]1CCC(F)(F)C1,active_single,1,4.016291,6.1705365
CHEMBL6807,C=C(Br)COc1noc2c1CNCC2.Cl,inactive_single,0,8.496569,8.172382
CHEMBL68384,NCC=C1CCN(C(=O)[C@](O)(c2ccccc2)[C@@H]2CCC(F)(F)C2)CC1,active_single,1,4.19839,5.932085
CHEMBL68584,NC1CCN(C(=O)[C@](O)(c2ccccc2)[C@@H]2CCC(F)(F)C2)CC1,active_single,1,4.20769,5.9200883
CHEMBL6859,CCCOc1noc2c1CNCC2.Cl,inactive_single,0,8.480488,8.168503
CHEMBL6860,CCCCOc1noc2c1CNCC2.Cl,inactive_single,0,8.492999,8.184424
CHEMBL68609,CC1(N)CCN(C(=O)[C@](O)(c2ccccc2)[C@@H]2CCC(F)(F)C2)CC1,active_single,1,4.1965485,5.9239874
CHEMBL69402,NCC(=O)N1CCN(C(=O)[C@](O)(c2ccccc2)[C@@H]2CCC(F)(F)C2)CC1,active_single,1,4.1959224,5.9417157
CHEMBL69582,NCCN1CCN(C(=O)[C@](O)(c2ccccc2)[C@@H]2CCC(F)(F)C2)CC1,active_single,1,4.1894975,5.9519463
CHEMBL69648,NCCC1CCN(C(=O)[C@](O)(c2ccccc2)C2CCCC2)CC1,active_single,1,4.346209,5.8651633
CHEMBL69678,Nc1cccc(CN2CCC(NC(=O)[C@](O)(c3ccccc3)[C@@H]3CCC(F)(F)C3)CC2)n1,active,1,3.7693427,6.5396614
CHEMBL71,CN(C)CCCN1c2ccccc2Sc2ccc(Cl)cc21,active,1,7.592623,5.91628
CHEMBL71124,COc1ccc([S+]([O-])c2ccc(C(C)C3CCN(C4CCCCC4)CC3)cc2)cc1,active_single,1,5.125302,7.8384066
CHEMBL71147,C=C(c1ccc(S(=O)(=O)c2ccc(OC)cc2)cc1)C1CCN(C2CCCCC2)CC1,active,1,5.236408,7.9773555
CHEMBL71431,NC1CCN(C(=O)[C@](O)(c2ccccc2)C2CCCC2)CC1,active_single,1,4.3333464,5.8558607
CHEMBL71483,CC(C)(N)CC1CCN(C(=O)[C@](O)(c2ccccc2)[C@@H]2CCC(F)(F)C2)CC1,active_single,1,4.2359233,5.9131927
CHEMBL715,Cc1cc2c(s1)Nc1ccccc1N=C2N1CCN(C)CC1,active,1,7.343762,9.789856
CHEMBL71531,COc1ccc(S(=O)(=O)c2ccc(C(=O)C3CCN(C4CCCCC4)CC3)cc2)cc1,active_single,1,5.19351,7.9146194
CHEMBL71799,NCC1CCC(NC(=O)[C@](O)(c2ccccc2)[C@@H]2CCC(F)(F)C2)CC1,active_single,1,3.8445375,6.4296775
CHEMBL71933,CNCCC1CCN(C(=O)[C@](O)(c2ccccc2)[C@@H]2CCC(F)(F)C2)CC1,active_single,1,4.224888,5.890706
CHEMBL71971,COc1ccc(S(=O)(=O)c2ccc(C(C#N)N3CCN(C4CCCCC4)CC3)cc2)cc1,active_single,1,5.1589856,7.901333
CHEMBL72551,C=C(c1ccc(S(=O)(=O)c2ccc(OC)cc2)cc1)C1CCN(C2CCN(C(=O)CCC)CC2)CC1,active_single,1,5.263564,8.004592
CHEMBL7482,COc1noc2c1CN(Cc1ccccc1)CC2.Cl,inactive_single,0,8.41566,8.240428
CHEMBL76897,C[N+]1(C)CCC(OC(=O)C(c2ccccc2)c2ccccc2)CC1.[I-],active,1,7.254925,3.7698507
CHEMBL82512,O=C(c1cccs1)N(c1ccc(Br)cc1)C1CCN(Cc2ccccc2)CC1,active_single,1,2.7820797,8.293496
CHEMBL82850,CC(=O)N(c1ccc(Br)cc1)C1CCN(Cc2ccccc2)CC1,active_single,1,2.7597728,8.313083
CHEMBL82859,COc1ccc(N(C(=O)c2ccccc2)C2CCN(Cc3ccccc3)CC2)cc1,active_single,1,2.811038,8.345109
CHEMBL83363,O=C(C1CCC1)N(c1ccccc1)C1CCN(Cc2ccccc2)CC1,active_single,1,2.791291,8.328358
CHEMBL83459,O=C(c1ccc([N+](=O)[O-])s1)N(c1ccc(Br)cc1)C1CCN(Cc2ccccc2)CC1,active_single,1,2.7669792,8.323071
CHEMBL83982,O=C(c1ccccc1)N(c1ccc(O)cc1)C1CCN(Cc2ccccc2)CC1,active_single,1,2.8134637,8.34325
CHEMBL84993,O=C(c1ccccc1)N(c1ccc(Cl)cc1)C1CCN(Cc2ccccc2)CC1,active_single,1,2.8070028,8.351125
CHEMBL85391,O=C(c1cccs1)N(c1ccc(Cl)cc1)C1CCN(Cc2ccccc2)CC1,active_single,1,2.7831924,8.313324
CHEMBL85568,O=C(c1ccccc1)N(Cc1ccccc1)C1CCN(Cc2ccccc2)CC1,active_single,1,2.813159,8.353953
CHEMBL85678,CO/N=C1CN2CCC1C2,inactive_single,0,7.2259026,2.2209485
CHEMBL85892,O=C(c1ccccc1)N(c1ccc(Br)cc1)C1CCN(Cc2ccccc2)CC1,active_single,1,2.790511,8.338853
CHEMBL85950,O=C(CCc1ccccc1)N(c1ccccc1)C1CCN(Cc2ccccc2)CC1,active_single,1,2.7717743,8.325484
CHEMBL85996,O=C(c1ccc(Cl)cc1)N(c1ccc(Br)cc1)C1CCN(Cc2ccccc2)CC1,active_single,1,2.7906852,8.347575
CHEMBL86012,O=C(c1ccc(Cl)cc1)N(c1ccccc1)C1CCN(Cc2ccccc2)CC1,active_single,1,2.7966287,8.346734
CHEMBL86309,O=C(Cc1ccccc1)N(c1ccccc1)C1CCN(Cc2ccccc2)CC1,active_single,1,2.793621,8.345984
CHEMBL87132,O=C(c1ccc(Br)cc1)N(c1ccccc1)C1CCN(Cc2ccccc2)CC1,active_single,1,2.7888553,8.335802
CHEMBL87302,O=C(c1ccccc1)N(c1ccccc1)C1CCN(Cc2ccccc2)CC1,active_single,1,2.7893763,8.314806
CHEMBL88078,O=C(c1cccs1)N(c1ccccc1)C1CCN(Cc2ccccc2)CC1,active_single,1,2.7910957,8.300699
CHEMBL900,Cc1ccccc1C(OCCN(C)C)c1ccccc1,active,1,7.9357204,5.5747886
CHEMBL91776,CC[C@H]1C(=O)OC[C@@H]1Cc1cncn1C,inactive_single,0,5.076442,2.6225548
CHEMBL936,OC(CCCN1CCCCC1)(c1ccccc1)c1ccccc1,active,1,5.9459114,5.0255165
CHEMBL9967,CN1CCN(CC(=O)N2c3ccccc3C(=O)Nc3cccnc32)CC1,active,1,1.0708776,1.1938149
