molecule_chembl_id,smiles,molecular_weight,molecule_name,n,p_median,p_median_kiki,frac_active,frac_inactive,n_strong_active,n_strong_inactive,any_active_vote,consensus_label
CHEMBL104693,CCCc1[nH]c2ccc3c(c2c1C(=O)OCC)CN1CCc2cc(SC)ccc2C1O3,436.58,,1,7.0,7.0,1.0,0.0,0,0,True,active_single
CHEMBL105122,CCOC(=O)c1c(C)[nH]c2ccc3c(c12)CN1CCc2cc(SC)ccc2C1O3,408.52,,1,6.64,6.64,1.0,0.0,0,0,True,active_single
CHEMBL105148,CCOC(=O)c1c(CC)[nH]c2ccc3c(c12)CN1CCc2cc(OC)ccc2C1O3,406.48,,1,7.04,7.04,1.0,0.0,0,0,True,active_single
CHEMBL105160,CCCCCCc1[nH]c2ccc3c(c2c1C(=O)OCC)CN1CCc2cc(OC)ccc2C1O3,462.59,,1,6.55,6.55,1.0,0.0,0,0,True,active_single
CHEMBL106218,CCOC(=O)c1c(CC)n(C)c2ccc3c(c12)CN1CCc2cc(OC)ccc2C1O3,420.51,,1,6.66,6.66,1.0,0.0,0,0,True,active_single
CHEMBL106219,CCOC(=O)c1c(CC)n(Cc2ccccc2)c2ccc3c(c12)CN1CCc2cc(OC)ccc2C1O3,496.61,,1,7.3,7.3,1.0,0.0,0,0,True,active_single
CHEMBL106224,CCCc1c(C(=O)OCC)c2c3c(ccc2n1C)OC1c2ccc(OC)cc2CCN1C3,434.54,,1,7.15,7.15,1.0,0.0,0,0,True,active_single
CHEMBL106259,CCN(C)C(=O)c1c(C)[nH]c2ccc3c(c12)CN1CCc2cc(OC)ccc2C1O3,405.5,,1,4.81,4.81,0.0,1.0,0,0,False,inactive_single
CHEMBL1076586,O=C(c1ccc(-c2ccccc2)cc1)N1CCN(C(=O)c2ccc3cc[nH]c3c2)CC1,409.49,,1,5.0,5.0,0.0,1.0,0,0,False,inactive_single
CHEMBL107679,CCOC(=O)c1c(C)n(CC)c2ccc3c(c12)CN1CCc2cc(OC)ccc2C1O3,420.51,,1,6.58,6.58,1.0,0.0,0,0,True,active_single
CHEMBL107680,CCOC(=O)c1c(C)[nH]c2ccc3c(c12)CN1CCc2cc(O)ccc2C1O3,378.43,,1,4.59,4.59,0.0,1.0,0,0,False,inactive_single
CHEMBL1080155,C[C@H]1CN(C(=O)c2ccc(-c3cccc(OC(F)(F)F)c3)cc2)CCN1C(=O)c1ccc2cc[nH]c2c1,507.51,,1,5.0,5.0,0.0,1.0,0,0,False,inactive_single
CHEMBL1080389,C[C@H]1CN(C(=O)c2ccc(-c3ccccc3F)cc2)CCN1C(=O)c1ccc2cc[nH]c2c1,441.51,,1,5.0,5.0,0.0,1.0,0,0,False,inactive_single
CHEMBL1080556,C[C@H]1CN(C(=O)c2ccc(-c3ccccc3Cl)cc2)CCN1C(=O)c1ccc2cc[nH]c2c1,457.96,,1,5.0,5.0,0.0,1.0,0,0,False,inactive_single
CHEMBL1080735,C[C@H]1CN(C(=O)c2ccc(-c3ccccc3C(F)(F)F)cc2)CCN1C(=O)c1ccc2cc[nH]c2c1,491.51,,1,5.0,5.0,0.0,1.0,0,0,False,inactive_single
CHEMBL1080755,C[C@H]1CN(C(=O)c2ccc(-c3ccc(OC(F)(F)F)cc3)cc2)CCN1C(=O)c1ccc2cc[nH]c2c1,507.51,,1,5.0,5.0,0.0,1.0,0,0,False,inactive_single
CHEMBL1080907,Cc1ccccc1-c1ccc(C(=O)N2CCN(C(=O)c3ccc4cc[nH]c4c3)[C@@H](C)C2)cc1,437.54,,1,5.0,5.0,0.0,1.0,0,0,False,inactive_single
CHEMBL1080926,C[C@H]1CN(C(=O)c2ccc(-c3ccc(F)cc3)cc2)CCN1C(=O)c1ccc2cc[nH]c2c1,441.51,,1,5.0,5.0,0.0,1.0,0,0,False,inactive_single
CHEMBL1081212,COc1ccccc1-c1ccc(C(=O)N2CCN(C(=O)c3ccc4cc[nH]c4c3)[C@@H](C)C2)cc1,453.54,,1,5.0,5.0,0.0,1.0,0,0,False,inactive_single
CHEMBL1081254,COc1ccc(-c2ccc(C(=O)N3CCN(C(=O)c4ccc5cc[nH]c5c4)[C@@H](C)C3)cc2)cc1,453.54,,1,5.0,5.0,0.0,1.0,0,0,False,inactive_single
CHEMBL1081648,COc1cccc(-c2ccc(C(=O)N3CCN(C(=O)c4ccc5cc[nH]c5c4)[C@@H](C)C3)cc2)c1,453.54,,1,5.0,5.0,0.0,1.0,0,0,False,inactive_single
CHEMBL1081649,COc1cccc(-c2ccc(C(=O)N3CCN(C(=O)c4ccc5cc[nH]c5c4)[C@H](C)C3)cc2)c1,453.54,,1,5.0,5.0,0.0,1.0,0,0,False,inactive_single
CHEMBL1082209,C[C@H]1CN(C(=O)c2ccc(-c3cccc(C(F)(F)F)c3)cc2)CCN1C(=O)c1ccc2cc[nH]c2c1,491.51,,1,5.0,5.0,0.0,1.0,0,0,False,inactive_single
CHEMBL1082210,C[C@H]1CN(C(=O)c2ccc(-c3cccc(F)c3)cc2)CCN1C(=O)c1ccc2cc[nH]c2c1,441.51,,1,5.0,5.0,0.0,1.0,0,0,False,inactive_single
CHEMBL1082211,C[C@H]1CN(C(=O)c2ccc(-c3ccccc3)cc2)CCN1C(=O)c1ccc2cc[nH]c2c1,423.52,,1,5.0,5.0,0.0,1.0,0,0,False,inactive_single
CHEMBL1082723,C[C@H]1Cc2c([nH]c3cc(Cl)c(F)cc23)[C@@]2(N1)C(=O)Nc1ccc(Cl)cc12,390.24,CIPARGAMIN,1,5.0,5.0,0.0,1.0,0,0,False,inactive_single
CHEMBL1083002,CC[C@H]1CNCC[C@@H]1CNC(=O)c1c(F)cccc1-c1cccc(Cl)c1,374.89,,1,5.0,5.0,0.0,1.0,0,0,False,inactive_single
CHEMBL1083003,O=C(NC[C@H]1CCNC[C@H]1F)c1c(F)cccc1-c1cccc(Cl)c1,364.82,,1,5.0,5.0,0.0,1.0,0,0,False,inactive_single
CHEMBL1083203,Cn1cc(-c2ccc(CN3C(=O)C(=O)c4ccccc43)c(F)c2)cn1,335.34,,1,4.52,,0.0,1.0,0,0,False,inactive_single
CHEMBL1083317,O=C(NCC1=C(F)CNCC1)c1c(-c2cccc(Cl)c2)ccc(Cl)c1F,397.25,,1,5.0,5.0,0.0,1.0,0,0,False,inactive_single
CHEMBL1083402,O=S(=O)(CCC1CCNCC1)c1ccccc1-c1cccc(Cl)c1,363.91,,1,7.7,7.7,1.0,0.0,0,0,True,active_single
CHEMBL1083723,Cc1ccc(-c2ccccc2C(=O)NCC2CCNCC2)cc1Cl,342.87,,1,6.6,6.6,1.0,0.0,0,0,True,active_single
CHEMBL1083911,O=C(NCC1CCNCC1)c1ccccc1-c1nc(Cl)cs1,335.86,,2,5.0,,0.0,1.0,0,0,False,inactive
CHEMBL1083925,C[C@H]1CNCC[C@@H]1CNC(=O)c1c(F)cccc1-c1cccc(Cl)c1,360.86,,1,7.4,7.4,1.0,0.0,0,0,True,active_single
CHEMBL1084804,O=C(Cc1ccccc1-c1cccc(Cl)c1)NC1CCNCC1,328.84,,1,6.9,6.9,1.0,0.0,0,0,True,active_single
CHEMBL1084805,CN(C(=O)Cc1ccccc1-c1cccc(Cl)c1)C1CCNCC1,342.87,,1,7.15,7.15,1.0,0.0,0,0,True,active_single
CHEMBL1084850,OC(CCC1CCNCC1)c1ccccc1-c1cccc(Cl)c1,329.87,,1,8.7,8.7,1.0,0.0,0,0,True,active_single
CHEMBL1084851,Clc1cccc(-c2ccccc2/C=C/CC2CCNCC2)c1,311.86,,1,7.9,7.9,1.0,0.0,0,0,True,active_single
CHEMBL1090095,CCN1CCN(c2ccc(NC(=O)c3ccc(OC)cc3)cc2Cl)CC1,373.88,,1,5.0,5.0,0.0,1.0,0,0,False,inactive_single
CHEMBL1090759,CCN1CCN(c2ccc(NC(=O)c3cc(C(F)(F)F)cc(C(F)(F)F)c3)cc2Cl)CC1,479.85,,1,5.0,5.0,0.0,1.0,0,0,False,inactive_single
CHEMBL1092,Cl.OC(CCN1CCCCC1)(c1ccccc1)C1CCCCC1,337.94,TRIHEXYPHENIDYL HYDROCHLORIDE,1,7.58,7.58,1.0,0.0,0,0,True,active_single
CHEMBL1092461,CCN1CCN(c2ccc(NC(=O)c3ccc(C)cc3)cc2Cl)CC1,357.89,,1,5.0,5.0,0.0,1.0,0,0,False,inactive_single
CHEMBL1093775,CCN1CCN(c2ccc(NC(=O)c3cccc(C)c3)cc2Cl)CC1,357.89,,1,5.0,5.0,0.0,1.0,0,0,False,inactive_single
CHEMBL1093933,CCN1CCN(c2ccc(NC(=O)c3ccc(F)c(F)c3)cc2Cl)CC1,379.84,,1,5.0,5.0,0.0,1.0,0,0,False,inactive_single
CHEMBL1101,OC(CCN1CCCCC1)(c1ccccc1)C1CC2C=CC1C2,311.47,BIPERIDEN,1,8.23,8.23,1.0,0.0,0,0,True,active_single
CHEMBL1123,CCN(CC)CCOC(=O)C1(C2CCCCC2)CCCCC1,309.49,DICYCLOMINE,2,8.7,8.7,1.0,0.0,0,0,True,active
CHEMBL1160977,CCCCCCOC(=O)C1CN(CC)CC=C1c1ccccc1.O=C(O)C(O)C(O)C(=O)O,465.54,,3,6.28,6.28,1.0,0.0,0,0,True,active
CHEMBL1172,Clc1ccc2c(c1)CCc1cccnc1C2=C1CCNCC1,310.83,DESLORATADINE,3,6.61,6.61,1.0,0.0,0,0,True,active
CHEMBL1180285,CCN1CCC(c2ccccc2)=C(C(=O)OCCc2ccc(C)cc2)C1,349.47,,1,7.06,7.06,1.0,0.0,0,0,True,active_single
CHEMBL118553,CCN1CC=C(c2ccccc2)C(C(=O)OCCCC2CCCCC2)C1.O=C(O)C(=O)O,445.56,,1,4.6,4.6,0.0,1.0,0,0,False,inactive_single
CHEMBL1189234,OC12C3C4CC5C6C4C1C6C(C53)N2Cc1ccccc1,265.36,,2,6.47,6.47,1.0,0.0,0,0,True,active
CHEMBL1191560,CCN(CC)CCOC(=O)C(CC)(c1ccccc1)c1ccccc1,339.48,,1,6.61,6.61,1.0,0.0,0,0,True,active_single
CHEMBL1194314,O=C(O[C@H]1C[N+]2(CCCOc3ccccc3)CCC1CC2)C(c1cccs1)c1cccs1,468.66,,2,7.89,7.89,1.0,0.0,0,0,True,active
CHEMBL1194325,O=C(O[C@H]1C[N+]2(CCCOc3ccccc3)CCC1CC2)C(O)(c1cccs1)c1cccs1,484.66,ACLIDINIUM,2,8.36,8.36,1.0,0.0,0,0,True,active
CHEMBL1196246,CC1(C(=O)O[C@H]2C[N+]3(CCCOc4ccccc4)CCC2CC3)c2ccccc2Oc2ccccc21,484.62,,1,7.89,7.89,1.0,0.0,0,0,True,active_single
CHEMBL1197028,O=C(O[C@H]1C[N+]2(CCc3ccccc3)CCC1CC2)C1c2ccccc2Oc2ccccc21,440.56,,1,8.2,8.2,1.0,0.0,0,0,True,active_single
CHEMBL1197117,CC1(C(=O)O[C@H]2C[N+]3(CCCOc4ccccc4)CCC2CC3)c2ccccc2-c2ccccc21,468.62,,1,7.64,7.64,1.0,0.0,0,0,True,active_single
CHEMBL1197183,O=C(O[C@H]1C[N+]2(CCCOc3ccccc3)CCC1CC2)C1(O)c2ccccc2-c2ccccc21,470.59,,1,7.85,7.85,1.0,0.0,0,0,True,active_single
CHEMBL1197209,O=C(O[C@H]1C[N+]2(CCc3ccccc3)CCC1CC2)C1(O)c2ccccc2-c2ccccc21,440.56,,1,8.12,8.12,1.0,0.0,0,0,True,active_single
CHEMBL1197216,O=C(O[C@H]1C[N+]2(CCCOc3ccccc3)CCC1CC2)C1(O)c2ccccc2Oc2ccccc21,486.59,,1,7.96,7.96,1.0,0.0,0,0,True,active_single
CHEMBL1197251,O=C(O[C@H]1C[N+]2(CCc3ccccc3)CCC1CC2)C(O)(c1cccs1)c1cccs1,454.64,,2,8.57,8.57,1.0,0.0,0,0,True,active
CHEMBL1197261,O=C(O[C@H]1C[N+]2(CCc3ccccc3)CCC1CC2)C1(O)c2ccccc2Oc2ccccc21,456.56,,1,8.16,8.16,1.0,0.0,0,0,True,active_single
CHEMBL1200406,CN(C)CCOC(c1ccccc1)c1ccccc1.Cn1c(=O)c2[nH]c(Cl)nc2n(C)c1=O,469.97,DIMENHYDRINATE,2,6.69,6.69,1.0,0.0,0,0,True,active
CHEMBL1200604,CCN(Cc1ccncc1)C(=O)C(CO)c1ccccc1,284.36,TROPICAMIDE,2,7.19,7.19,1.0,0.0,0,0,True,active
CHEMBL120080,CCCCCCCCOC(=O)C1=C(c2ccccc2)CCN(CC)C1.O=C(O)C(=O)O,433.55,,1,7.06,7.06,1.0,0.0,0,0,True,active_single
CHEMBL1200803,O=C(O)CCC(=O)O.O=C(O[C@H]1CN2CCC1CC2)N1CCc2ccccc2[C@@H]1c1ccccc1,480.56,SOLIFENACIN SUCCINATE,1,6.88,6.88,1.0,0.0,0,0,True,active_single
CHEMBL1200809,CN1CCCC(n2nc(Cc3ccc(Cl)cc3)c3ccccc3c2=O)CC1.Cl,418.37,AZELASTINE HYDROCHLORIDE,1,5.0,5.0,0.0,1.0,0,0,False,inactive_single
CHEMBL1201027,C[N+]1(C)CCC(OC(=O)C(O)(c2ccccc2)C2CCCC2)C1.[Br-],398.34,GLYCOPYRRONIUM BROMIDE,1,9.6,9.6,1.0,0.0,0,0,True,active_single
CHEMBL120119,CCN1CCC(c2ccccc2)=C(C(=O)OCCc2ccc(C)cc2)C1.O=C(O)C(=O)O,439.51,,1,7.05,7.05,1.0,0.0,0,0,True,active_single
CHEMBL1201203,CN1[C@@H]2CC[C@H]1C[C@@H](OC(c1ccccc1)c1ccccc1)C2,307.44,BENZTROPINE,3,8.89,8.89,1.0,0.0,0,0,True,active
CHEMBL1201335,C[N+]1(C)CCC(OC(=O)C(O)(c2ccccc2)C2CCCC2)C1,318.44,GLYCOPYRRONIUM,2,9.75,9.75,1.0,0.0,0,0,True,active
CHEMBL120472,CCN1CCC(c2ccccc2)=C(C(=O)OCCC2CCCCC2)C1.O=C(O)C(=O)O,431.53,,1,6.94,6.94,1.0,0.0,0,0,True,active_single
CHEMBL120581,CCN1CCC(c2ccccc2)=C(C(=O)OCC(C)C)C1.O=C(O)C(=O)O,377.44,,1,6.59,6.59,1.0,0.0,0,0,True,active_single
CHEMBL1210154,C/C(=NOC(=O)Nc1ccccc1)c1cccc(-c2cccs2)c1,336.42,,1,5.0,5.0,0.0,1.0,0,0,False,inactive_single
CHEMBL121059,CCCCCCCCCOC(=O)C1=C(c2ccccc2)CCN(CC)C1,357.54,,1,6.7,6.7,1.0,0.0,0,0,True,active_single
CHEMBL121298,CCN1CC=C(c2ccccc2)C(C(=O)OCCCCc2ccccc2)C1.O=C(O)C(=O)O,453.54,,1,4.84,4.84,0.0,1.0,0,0,False,inactive_single
CHEMBL121520,CCN1CCC(c2ccccc2)=C(C(=O)OCC2CCCCC2)C1.O=C(O)C(=O)O,417.5,,1,6.81,6.81,1.0,0.0,0,0,True,active_single
CHEMBL1223807,CCO[C@H]1CC[C@](C)(N2CCC(n3c(=O)oc4ccccc43)CC2)CC1,358.48,,1,4.8,,0.0,1.0,0,0,False,inactive_single
CHEMBL123099,CCN1CCC(c2ccccc2)=C(C(=O)OCCc2ccc(OC)cc2)C1.O=C(O)C(=O)O,455.51,,1,4.28,4.28,0.0,1.0,0,0,False,inactive_single
CHEMBL1231,CCN(CC)CC#CCOC(=O)C(O)(c1ccccc1)C1CCCCC1,357.49,OXYBUTYNIN,5,8.89,8.89,1.0,0.0,0,0,True,active
CHEMBL1257975,O=C1C(=O)N(Cc2ccc(Oc3cccc(F)n3)cc2)c2ccc(OC(F)(F)F)cc21,432.33,,1,4.52,,0.0,1.0,0,0,False,inactive_single
CHEMBL1258671,CCCCN1CCC(COC(=O)c2cc(F)c(N)c3c2OCCO3)CC1,366.43,,1,5.0,5.0,0.0,1.0,0,0,False,inactive_single
CHEMBL1289081,O=C(c1ccco1)N1CCOC2(CCN(Cc3ccc(Cl)cc3)CC2)C1,374.87,,1,7.2,7.2,1.0,0.0,0,0,True,active_single
CHEMBL1289082,O=C(c1cccs1)N1CCOC2(CCN(Cc3ccc(Cl)cc3)CC2)C1,390.94,,1,7.2,7.2,1.0,0.0,0,0,True,active_single
CHEMBL1289201,O=C(c1ccc(CO)o1)N1CCOC2(CCN(Cc3ccc(Cl)cc3)CC2)C1,404.89,,1,7.0,7.0,1.0,0.0,0,0,True,active_single
CHEMBL1289202,O=C(c1ccoc1)N1CCOC2(CCN(Cc3ccc(Cl)cc3)CC2)C1,374.87,,1,6.9,6.9,1.0,0.0,0,0,True,active_single
CHEMBL1289314,O=C(c1cnsn1)N1CCOC2(CCN(Cc3ccc(Cl)cc3)CC2)C1,392.91,,1,6.7,6.7,1.0,0.0,0,0,True,active_single
CHEMBL1289544,O=C(c1cscn1)N1CCOC2(CCN(Cc3ccc(Cl)cc3)CC2)C1,391.92,,1,6.8,6.8,1.0,0.0,0,0,True,active_single
CHEMBL1289545,Cc1nc(C(=O)N2CCOC3(CCN(Cc4ccc(Cl)cc4)CC3)C2)cs1,405.95,,1,8.0,8.0,1.0,0.0,0,0,True,active_single
CHEMBL1289653,Cc1nc(C(=O)N2CCOC3(CCN(Cc4cccc(Cl)c4)CC3)C2)cs1,405.95,,1,8.9,8.9,1.0,0.0,0,0,True,active_single
CHEMBL1289654,Cc1nc(C(=O)N2CCOC3(CCN(Cc4ccccc4Cl)CC3)C2)cs1,405.95,,1,8.1,8.1,1.0,0.0,0,0,True,active_single
CHEMBL1289758,CCc1nc(C(=O)N2CCOC3(CCN(Cc4ccc(Cl)cc4)CC3)C2)cs1,419.98,,1,7.8,7.8,1.0,0.0,0,0,True,active_single
CHEMBL1289865,CC(C)c1nc(C(=O)N2CCOC3(CCN(Cc4ccc(Cl)cc4)CC3)C2)cs1,434.01,,1,7.8,7.8,1.0,0.0,0,0,True,active_single
CHEMBL1289866,CC(C)c1nc(C(=O)N2CCOC3(CCN(Cc4ccccc4)CC3)C2)cs1,399.56,,1,8.4,8.4,1.0,0.0,0,0,True,active_single
CHEMBL1289982,CC(C)c1nc(C(=O)N2CCOC3(CCN(Cc4ccccc4Cl)CC3)C2)cs1,434.01,,1,7.7,7.7,1.0,0.0,0,0,True,active_single
CHEMBL1289983,CC(C)c1nc(C(=O)N2CCOC3(CCN(Cc4cccc(Cl)c4)CC3)C2)cs1,434.01,,1,8.3,8.3,1.0,0.0,0,0,True,active_single
CHEMBL1290183,O=C(c1ccccc1)N1CCC2(CCN(Cc3cccc(Cl)c3)CC2)CC1,382.94,,1,7.0,7.0,1.0,0.0,0,0,True,active_single
CHEMBL1290184,Cc1cccc(CN2CCC3(CC2)CCN(C(=O)c2ccccc2)CC3)c1,362.52,,1,7.0,7.0,1.0,0.0,0,0,True,active_single
CHEMBL1290294,O=C(c1ccccc1)N1CCC2(CCN(Cc3ccccc3)CC2)CC1,348.49,,1,6.9,6.9,1.0,0.0,0,0,True,active_single
CHEMBL1290410,O=C(c1ccsc1)N1CCC2(CCN(Cc3ccccc3)CC2)CC1,354.52,,1,6.5,6.5,1.0,0.0,0,0,True,active_single
CHEMBL1290635,O=C(c1ccccc1)N1CCOC2(CCN(Cc3ccc(Cl)cc3)CC2)C1,384.91,,1,6.6,6.6,1.0,0.0,0,0,True,active_single
CHEMBL1290752,O=C(c1ccc2occc2c1)N1CCOC2(CCN(Cc3ccc(Cl)cc3)CC2)C1,424.93,,1,7.5,7.5,1.0,0.0,0,0,True,active_single
CHEMBL1290753,Cc1ccc(C(=O)N2CCOC3(CCN(Cc4ccc(Cl)cc4)CC3)C2)o1,388.9,,1,7.3,7.3,1.0,0.0,0,0,True,active_single
CHEMBL130835,COc1ccccc1CN1CCC(C2CCN(C(=O)CCCCCCC(=O)N3CCC(C4CCN(Cc5ccccc5OC)CC4)CC3)CC2)CC1,715.04,PIPERTRAMINE AMIDE,1,7.01,7.01,1.0,0.0,0,0,True,active_single
CHEMBL1319362,Br.CN1[C@@H]2CC[C@H]1C[C@@H](OC(=O)C(O)c1ccccc1)C2,356.26,HOMATROPINE HYDROBROMIDE,2,7.46,7.46,1.0,0.0,0,0,True,active
CHEMBL1323615,CN1c2ccccc2Sc2cc(N)ccc21,228.32,,1,5.0,5.0,0.0,1.0,0,0,False,inactive_single
CHEMBL1354199,C[N+]1(C)[C@@H]2C[C@@H](OC(=O)[C@H](CO)c3ccccc3)C[C@H]1[C@@H]1O[C@@H]12.[Br-],398.3,METHSCOPOLAMINE BROMIDE,2,9.28,9.28,1.0,0.0,0,0,True,active
CHEMBL135645,CO/N=C(C#N)C12CCCN(CC1)C2,193.25,,1,7.55,7.55,1.0,0.0,0,0,True,active_single
CHEMBL1367424,CCOC(=O)N1CCC(NCCNC(=O)c2cccs2)CC1,325.43,,1,4.11,,0.0,1.0,0,0,False,inactive_single
CHEMBL1382,Cc1ccc(O)c([C@H](CCN(C(C)C)C(C)C)c2ccccc2)c1,325.5,TOLTERODINE,4,8.44,8.44,1.0,0.0,0,0,True,active
CHEMBL1424807,Clc1cccc(N2CCNCC2)c1Cl,231.13,,1,4.7,4.7,0.0,1.0,0,0,False,inactive_single
CHEMBL143228,CN1CCC(OC(=O)C(O)(c2ccccc2)c2ccccc2)CC1,325.41,,1,8.96,8.96,1.0,0.0,0,0,True,active_single
CHEMBL143469,CN1CCC=C(c2nsnc2OCCCCCCCCCOc2nsnc2C2=CCCN(C)C2)C1,518.75,,1,8.54,8.54,1.0,0.0,0,0,True,active_single
CHEMBL1459098,O=C(c1ccc(F)cc1)N1CCN2C(=O)c3ccccc3C12c1ccccc1,372.4,,1,4.52,4.52,0.0,1.0,0,0,False,inactive_single
CHEMBL145913,O=C(NC1CCN(Cc2cccc(O)c2)CC1)[C@](O)(c1ccccc1)[C@@H]1CCC(F)(F)C1,444.52,,1,8.27,8.27,1.0,0.0,0,0,True,active_single
CHEMBL146249,CC(C)=CCCN1CCC(NC(=O)[C@](O)(c2ccccc2)[C@H]2CC[C@@H](F)C2)CC1,402.55,,1,7.96,7.96,1.0,0.0,0,0,True,active_single
CHEMBL146291,O=C(NC1CCN(CC2CCCCCCC2)CC1)C(O)(c1ccccc1)C1CCCC1,426.65,,1,7.03,7.03,1.0,0.0,0,0,True,active_single
CHEMBL146307,NCc1cccc(CN2CCC(NC(=O)[C@](O)(c3ccccc3)[C@@H]3CCC(F)(F)C3)CC2)c1,457.57,,1,7.68,7.68,1.0,0.0,0,0,True,active_single
CHEMBL146351,CC(C)=CCCN1CCC(NC(=O)[C@](O)(c2ccccc2)[C@H]2CCC(F)(F)C2)CC1,420.54,,1,7.8,7.8,1.0,0.0,0,0,True,active_single
CHEMBL146359,O=C(NC1CCN(CC2CCCCC2)CC1)[C@](O)(c1ccccc1)[C@@H]1CCC(F)(F)C1,434.57,,1,7.74,7.74,1.0,0.0,0,0,True,active_single
CHEMBL146464,O=C(NC1CCN(Cc2ccccc2)CC1)C(O)(c1ccccc1)C1CCCC1,392.54,,1,8.6,8.6,1.0,0.0,0,0,True,active_single
CHEMBL146567,Cc1cccc(CN2CCC(NC(=O)[C@](O)(c3ccccc3)[C@@H]3CCC(F)(F)C3)CC2)c1,442.55,,1,8.7,8.7,1.0,0.0,0,0,True,active_single
CHEMBL146953,CN(C)C1CCc2cccc(O)c2C1,191.27,,1,4.55,4.55,0.0,1.0,0,0,False,inactive_single
CHEMBL147105,O=C(NC1CCN(Cc2ccccn2)CC1)[C@](O)(c1ccccc1)[C@@H]1CCC(F)(F)C1,429.51,,1,7.89,7.89,1.0,0.0,0,0,True,active_single
CHEMBL147554,O=C(NC1CCN(Cc2cccc(CO)c2)CC1)[C@](O)(c1ccccc1)[C@@H]1CCC(F)(F)C1,458.55,,1,7.77,7.77,1.0,0.0,0,0,True,active_single
CHEMBL147611,O=C(NC1CCN(Cc2cccc(F)c2)CC1)[C@](O)(c1ccccc1)[C@@H]1CCC(F)(F)C1,446.51,,1,8.51,8.51,1.0,0.0,0,0,True,active_single
CHEMBL147653,O=C(NC1CCN(Cc2ccccc2)CC1)[C@](O)(c1ccccc1)[C@@H]1CCC(F)(F)C1,428.52,,1,8.42,8.42,1.0,0.0,0,0,True,active_single
CHEMBL147672,O=C(NC1CCN(Cc2ccoc2)CC1)C(O)(c1ccccc1)C1CCCC1,382.5,,1,7.3,7.3,1.0,0.0,0,0,True,active_single
CHEMBL147695,O=C(NC1CCN(Cc2ccoc2)CC1)[C@](O)(c1ccccc1)[C@@H]1CCC(F)(F)C1,418.48,,1,7.52,7.52,1.0,0.0,0,0,True,active_single
CHEMBL147778,Cc1cccc(CN2CCC(NC(=O)[C@](O)(c3ccccc3)[C@@H]3CCC(F)(F)C3)CC2)n1,443.54,,1,8.05,8.05,1.0,0.0,0,0,True,active_single
CHEMBL148129,O=C(NC1CCN(CC2CCCCCC2)CC1)C(O)(c1ccccc1)C1CCCC1,412.62,,1,7.92,7.92,1.0,0.0,0,0,True,active_single
CHEMBL1482157,CCOC(=O)N1CCC(NCCNC(=O)c2ccccc2Cl)CC1,353.85,,1,4.23,,0.0,1.0,0,0,False,inactive_single
CHEMBL148310,Cc1ccccc1CN1CCC(NC(=O)C(O)(c2ccccc2)C2CCCC2)CC1,406.57,,1,6.66,6.66,1.0,0.0,0,0,True,active_single
CHEMBL148328,O=C(NC1CCN(Cc2cccnc2)CC1)C(O)(c1ccccc1)C1CCCC1,393.53,,1,7.0,7.0,1.0,0.0,0,0,True,active_single
CHEMBL148404,Nc1ccc(CN2CCC(NC(=O)[C@](O)(c3ccccc3)[C@@H]3CCC(F)(F)C3)CC2)nc1,444.53,,1,7.82,7.82,1.0,0.0,0,0,True,active_single
CHEMBL148450,COc1cccc(CN2CCC(NC(=O)C(O)(c3ccccc3)C3CCCC3)CC2)c1,422.57,,1,8.23,8.23,1.0,0.0,0,0,True,active_single
CHEMBL1490,OC(CCN1CCCCC1)(c1ccccc1)C1CCCCC1,301.47,TRIHEXYPHENIDYL,2,8.16,8.16,1.0,0.0,0,0,True,active
CHEMBL1493369,C[C@@H](C1=C(CCN(C)C)Cc2ccccc21)c1ccccn1,292.43,,1,6.86,6.86,1.0,0.0,0,0,True,active_single
CHEMBL149484,COc1cccc(CN2CCC(NC(=O)[C@](O)(c3ccccc3)[C@@H]3CCC(F)(F)C3)CC2)c1,458.55,,1,8.46,8.46,1.0,0.0,0,0,True,active_single
CHEMBL149486,Cc1ccc(CN2CCC(NC(=O)C(O)(c3ccccc3)C3CCCC3)CC2)cc1,406.57,,1,8.19,8.19,1.0,0.0,0,0,True,active_single
CHEMBL149769,O=C(NC1CCN(CC2CCCCC2)CC1)C(O)(c1ccccc1)C1CCCC1,398.59,,1,7.77,7.77,1.0,0.0,0,0,True,active_single
CHEMBL150219,CC(C)=CCCN1CCC(NC(=O)[C@](O)(c2ccccc2)[C@@H]2CCC(F)(F)C2)CC1,420.54,,1,8.21,8.21,1.0,0.0,0,0,True,active_single
CHEMBL1535797,CCOC(=O)N1CCC(NCCNC(=O)c2ccccc2)CC1.Cl,355.87,,1,4.91,,0.0,1.0,0,0,False,inactive_single
CHEMBL1559151,CCOC(=O)N1CCC(NCCNC(=O)c2ccccc2C)CC1.Cl,369.89,,1,3.44,,0.0,1.0,0,0,False,inactive_single
CHEMBL1559535,Cc1cc(N2CCNCC2)nc2ccccc12,227.31,,1,4.7,4.7,0.0,1.0,0,0,False,inactive_single
CHEMBL1564753,Cc1cc(NC(=O)CS(=O)(=O)c2cn(Cc3ccccc3Cl)c3ccccc23)no1,443.91,,1,4.52,,0.0,1.0,0,0,False,inactive_single
CHEMBL15936,c1cc2nsnc2c2c1CCNC2,191.26,,1,4.0,4.0,0.0,1.0,0,0,False,inactive_single
CHEMBL1602658,CCN(Cc1ccccc1)C(=O)C1CCN(S(=O)(=O)c2ccc3c(c2)OCCO3)CC1,444.55,,1,4.52,,0.0,1.0,0,0,False,inactive_single
CHEMBL1621597,CC(C)[N+]1(C)[C@@H]2CC[C@H]1C[C@@H](OC(=O)C(CO)c1ccccc1)C2,332.46,IPRATROPIUM,1,9.1,9.1,1.0,0.0,0,0,True,active_single
CHEMBL1624037,CCOC(=O)N1CCC(NCCNC(=O)c2ccccc2C)CC1,333.43,,1,4.52,,0.0,0.5,0,0,False,inactive_single
CHEMBL1626,CN1CCC[C@@H]1CCO[C@](C)(c1ccccc1)c1ccc(Cl)cc1,343.9,CLEMASTINE,3,7.41,7.41,1.0,0.0,0,0,True,active
CHEMBL1628227,CN(C)CCC=C1c2ccccc2COc2ccccc21,279.38,DOXEPIN,2,7.49,7.49,1.0,0.0,0,0,True,active
CHEMBL1632158,COC(=O)CCCCCN1CCC(CNC(=O)c2c3n(c4ccccc24)CCCO3)CC1,441.57,,1,5.0,5.0,0.0,1.0,0,0,False,inactive_single
CHEMBL1632174,O=C(O)CCCCCN1CCC(CNC(=O)c2c3n(c4ccccc24)CCCO3)CC1,427.55,,1,5.0,5.0,0.0,1.0,0,0,False,inactive_single
CHEMBL166385,CCOC(=O)N(CC)CCCCC1CCN(CC(=O)N2c3ccccc3NC(=O)c3ccccc32)CC1,506.65,,1,7.41,7.41,1.0,0.0,0,0,True,active_single
CHEMBL167223,CC(C1=C(CCN(C)C)Cc2cc(Cl)ccc21)c1ccccn1,326.87,,1,7.02,7.02,1.0,0.0,0,0,True,active_single
CHEMBL1672288,N#Cc1cc(F)cc(C#Cc2csc(F)n2)c1,246.24,,1,5.0,5.0,0.0,1.0,0,0,False,inactive_single
CHEMBL168145,CCN(CCCCC1CCN(CC(=O)N2c3ccccc3NC(=O)c3ccccc32)CC1)C(=O)c1cccc(I)c1,664.59,,1,7.47,7.47,1.0,0.0,0,0,True,active_single
CHEMBL168149,CCN(CCCCC1CCN(CC(=O)N2c3ccccc3C(=O)N(C(=O)c3ccc(F)cc3)c3ccccc32)CC1)C(=O)c1ccc(F)cc1,678.78,,1,7.1,7.1,1.0,0.0,0,0,True,active_single
CHEMBL168223,CN(C)CCNC(=O)C1=C(Cc2ccncc2)c2ccccc2C1,321.42,,1,3.87,3.87,0.0,1.0,0,0,False,inactive_single
CHEMBL1683908,O=C(Nc1ccccc1-c1ccccc1)OC1CCNCC1,296.37,,1,7.34,7.34,1.0,0.0,0,0,True,active_single
CHEMBL1683909,CN1CCC(OC(=O)Nc2ccccc2-c2ccccc2)CC1,310.4,,1,7.66,7.66,1.0,0.0,0,0,True,active_single
CHEMBL1683910,CCN1CCC(OC(=O)Nc2ccccc2-c2ccccc2)CC1,324.42,,1,7.26,7.26,1.0,0.0,0,0,True,active_single
CHEMBL1683911,CCCN1CCC(OC(=O)Nc2ccccc2-c2ccccc2)CC1,338.45,,1,7.11,7.11,1.0,0.0,0,0,True,active_single
CHEMBL1683912,CCCCN1CCC(OC(=O)Nc2ccccc2-c2ccccc2)CC1,352.48,,1,7.77,7.77,1.0,0.0,0,0,True,active_single
CHEMBL1683913,CCCCCN1CCC(OC(=O)Nc2ccccc2-c2ccccc2)CC1,366.51,,1,7.85,7.85,1.0,0.0,0,0,True,active_single
CHEMBL1683914,CCCCCCN1CCC(OC(=O)Nc2ccccc2-c2ccccc2)CC1,380.53,,1,8.32,8.32,1.0,0.0,0,0,True,active_single
CHEMBL1683915,CCCCCCCN1CCC(OC(=O)Nc2ccccc2-c2ccccc2)CC1,394.56,,1,8.29,8.29,1.0,0.0,0,0,True,active_single
CHEMBL1683916,CCCCCCCCN1CCC(OC(=O)Nc2ccccc2-c2ccccc2)CC1,408.59,,1,8.15,8.15,1.0,0.0,0,0,True,active_single
CHEMBL1683917,CCCCCCCCCN1CCC(OC(=O)Nc2ccccc2-c2ccccc2)CC1,422.61,,1,8.02,8.02,1.0,0.0,0,0,True,active_single
CHEMBL1683918,CCCCCCCCCCN1CCC(OC(=O)Nc2ccccc2-c2ccccc2)CC1,436.64,,1,7.6,7.6,1.0,0.0,0,0,True,active_single
CHEMBL1683919,CCCCCCCCCCCN1CCC(OC(=O)Nc2ccccc2-c2ccccc2)CC1,450.67,,1,7.32,7.32,1.0,0.0,0,0,True,active_single
CHEMBL1683920,NCCN1CCC(OC(=O)Nc2ccccc2-c2ccccc2)CC1,339.44,,1,7.3,7.3,1.0,0.0,0,0,True,active_single
CHEMBL1683921,NCCCN1CCC(OC(=O)Nc2ccccc2-c2ccccc2)CC1,353.47,,1,7.17,7.17,1.0,0.0,0,0,True,active_single
CHEMBL1683922,NCCCCN1CCC(OC(=O)Nc2ccccc2-c2ccccc2)CC1,367.49,,1,7.08,7.08,1.0,0.0,0,0,True,active_single
CHEMBL1683923,NCCCCCN1CCC(OC(=O)Nc2ccccc2-c2ccccc2)CC1,381.52,,1,7.01,7.01,1.0,0.0,0,0,True,active_single
CHEMBL1683924,NCCCCCCN1CCC(OC(=O)Nc2ccccc2-c2ccccc2)CC1,395.55,,1,7.72,7.72,1.0,0.0,0,0,True,active_single
CHEMBL1683925,NCCCCCCCN1CCC(OC(=O)Nc2ccccc2-c2ccccc2)CC1,409.57,,1,9.28,9.28,1.0,0.0,0,0,True,active_single
CHEMBL1683926,NCCCCCCCCN1CCC(OC(=O)Nc2ccccc2-c2ccccc2)CC1,423.6,,1,8.74,8.74,1.0,0.0,0,0,True,active_single
CHEMBL1683927,NCCCCCCCCCN1CCC(OC(=O)Nc2ccccc2-c2ccccc2)CC1,437.63,,1,9.12,9.12,1.0,0.0,0,0,True,active_single
CHEMBL1683928,NCCCCCCCCCCN1CCC(OC(=O)Nc2ccccc2-c2ccccc2)CC1,451.66,,1,8.8,8.8,1.0,0.0,0,0,True,active_single
CHEMBL1683929,NCCCCCCCCCCCN1CCC(OC(=O)Nc2ccccc2-c2ccccc2)CC1,465.68,,1,8.6,8.6,1.0,0.0,0,0,True,active_single
CHEMBL1683930,NCCCCCCCCCCCCN1CCC(OC(=O)Nc2ccccc2-c2ccccc2)CC1,479.71,,1,8.59,8.59,1.0,0.0,0,0,True,active_single
CHEMBL1683931,O=C(Nc1ccccc1-c1ccccc1)OC1CCN(CCCNC[C@H](O)c2ccc(O)c3[nH]c(=O)ccc23)CC1,556.66,,1,7.55,7.55,1.0,0.0,0,0,True,active_single
CHEMBL1683932,O=C(Nc1ccccc1-c1ccccc1)OC1CCN(CCCCCCCNC[C@H](O)c2ccc(O)c3[nH]c(=O)ccc23)CC1,612.77,,1,9.13,9.13,1.0,0.0,0,0,True,active_single
CHEMBL1683933,O=C(Nc1ccccc1-c1ccccc1)OC1CCN(CCCCCCCCNC[C@H](O)c2ccc(O)c3[nH]c(=O)ccc23)CC1,626.8,,1,9.49,9.49,1.0,0.0,0,0,True,active_single
CHEMBL1683934,O=C(Nc1ccccc1-c1ccccc1)OC1CCN(CCCCCCCCCNC[C@H](O)c2ccc(O)c3[nH]c(=O)ccc23)CC1,640.82,,3,9.9,9.9,1.0,0.0,0,0,True,active
CHEMBL1683935,O=CNc1cc([C@@H](O)CNCCCCCCCCCN2CCC(OC(=O)Nc3ccccc3-c3ccccc3)CC2)ccc1O,616.8,,1,9.85,9.85,1.0,0.0,0,0,True,active_single
CHEMBL1683936,O=C(Nc1ccccc1-c1ccccc1)OC1CCN(CCCCCCCCCNC[C@H](O)c2ccc(O)c(CO)c2)CC1,603.8,,1,9.85,9.85,1.0,0.0,0,0,True,active_single
CHEMBL1683938,O=C(Nc1ccccc1-c1ccccc1)OC1CCN(CCCCCCCCCNCC(O)c2ccc(O)c3[nH]c(=O)ccc23)CC1,640.82,,1,9.74,9.74,1.0,0.0,0,0,True,active_single
CHEMBL1683939,NC(=O)C(c1ccccc1)(c1ccccc1)[C@@H]1CCN(CCCCCCCCCNCC(O)c2ccc(O)c3[nH]c(=O)ccc23)C1,624.83,,1,7.49,7.49,1.0,0.0,0,0,True,active_single
CHEMBL1683940,O=C(Nc1ccccc1-c1ccccc1)NC1CCN(CCCCCCCCCNCC(O)c2ccc(O)c3[nH]c(=O)ccc23)CC1,639.84,,1,8.12,8.12,1.0,0.0,0,0,True,active_single
CHEMBL1683941,O=C(Nc1ccccc1-c1ccccc1)O[C@H]1C[N+]2(CCCCCCCCCNCC(O)c3ccc(O)c4[nH]c(=O)ccc34)CCC1CC2,667.87,,1,6.85,6.85,1.0,0.0,0,0,True,active_single
CHEMBL1683942,C[N+]1(CCCCCCCCCNC[C@H](O)c2ccc(O)c3[nH]c(=O)ccc23)[C@@H]2C[C@H](OC(=O)C(O)(c3cccs3)c3cccs3)C[C@@H]1[C@H]1O[C@H]12,722.95,,1,8.34,8.34,1.0,0.0,0,0,True,active_single
CHEMBL169680,CN(C)CCC1=C(Cc2ccncc2)c2ccccc2C1,278.4,,1,4.93,4.93,0.0,1.0,0,0,False,inactive_single
CHEMBL170221,CC(C1=C(CCN(C)C)Cc2ccccc21)c1ccccc1,291.44,,1,6.54,6.54,1.0,0.0,0,0,True,active_single
CHEMBL171102,CN(C)CCC1=C(C(c2ccccc2)c2ccccn2)c2ccccc2C1,354.5,,1,7.17,7.17,1.0,0.0,0,0,True,active_single
CHEMBL1722209,Cc1ccc(O)c([C@H](CCN(C(C)C)C(C)C)c2ccccc2)c1.O=C(O)C(O)C(O)C(=O)O,475.58,TOLTERODINE TARTRATE,1,7.86,7.86,1.0,0.0,0,0,True,active_single
CHEMBL1724,C[N+]1(C)CCCC(OC(=O)C(O)(c2ccccc2)c2ccccc2)C1.[Br-],420.35,MEPENZOLATE BROMIDE,1,8.59,8.59,1.0,0.0,0,0,True,active_single
CHEMBL1740585,CC(C)[N+]1(C)[C@@H]2CC[C@H]1CC(OC(=O)C(CO)c1ccccc1)C2,332.46,,2,8.52,8.52,1.0,0.0,0,0,True,active
CHEMBL1770373,c1ccc(Cc2ncc3c(n2)CCNCC3)cc1,239.32,,1,6.52,6.52,1.0,0.0,0,0,True,active_single
CHEMBL177040,O=C(CCCNC(=O)CNC(=O)CC(c1ccccc1)(c1ccccc1)c1ccccc1)NCC1CCCN(CC2CCCCC2)C1,636.88,,1,8.48,8.48,1.0,0.0,0,0,True,active_single
CHEMBL1773074,CC(C)N(CC[C@H](c1ccccc1)c1cc(CCCCOc2ccc(CCNC[C@H](O)c3ccc(O)c(CO)c3)cc2)ccc1O)C(C)C,668.92,,1,9.12,9.12,1.0,0.0,0,0,True,active_single
CHEMBL1773196,CC(C)N(CC[C@H](c1ccccc1)c1cc(CCCNC(=O)Cc2cccc(CC(C)(C)NC[C@H](O)c3ccc(O)c(CO)c3)c2)ccc1O)C(C)C,724.0,,1,10.04,10.04,1.0,0.0,0,0,True,active_single
CHEMBL1773197,CC(C)N(CC[C@H](c1ccccc1)c1cc(CCCNC(=O)Cc2cccc(CC(C)(C)NC[C@H](O)c3ccc(O)c(NS(C)(=O)=O)c3)c2)ccc1O)C(C)C,787.08,,1,9.56,9.56,1.0,0.0,0,0,True,active_single
CHEMBL1773198,CC(C)N(CC[C@H](c1ccccc1)c1cc(CCCNC(=O)Cc2cccc(C[C@@H](C)NC[C@H](O)c3cc(O)cc(O)c3)c2)ccc1O)C(C)C,695.95,,1,9.4,9.4,1.0,0.0,0,0,True,active_single
CHEMBL1773262,CC(C)N(CC[C@H](c1ccccc1)c1cc(CCNC[C@H](O)c2ccc(O)c(NS(C)(=O)=O)c2)ccc1O)C(C)C,583.8,,1,8.21,8.21,1.0,0.0,0,0,True,active_single
CHEMBL1773263,CC(C)N(CC[C@H](c1ccccc1)c1cc(CCCNC(=O)CCCCCCCCCCNC[C@H](O)c2ccc(O)c(NS(C)(=O)=O)c2)ccc1O)C(C)C,781.12,,1,8.84,8.84,1.0,0.0,0,0,True,active_single
CHEMBL1773264,CC(C)N(CC[C@H](c1ccccc1)c1cc(CCCCOc2ccc(CCNC[C@H](O)c3ccc(O)c(NS(C)(=O)=O)c3)cc2)ccc1O)C(C)C,732.0,,1,9.2,9.2,1.0,0.0,0,0,True,active_single
CHEMBL1773265,CC(C)N(CC[C@H](c1ccccc1)c1cc(CCCCOc2ccc(CCNC[C@H](O)c3ccc(O)c(O)c3)cc2)ccc1O)C(C)C,654.89,,1,8.33,8.33,1.0,0.0,0,0,True,active_single
CHEMBL1773266,CC(C)N(CC[C@H](c1ccccc1)c1cc(CCCCOCCCCCCNC[C@H](O)c2ccc(O)c(NS(C)(=O)=O)c2)ccc1O)C(C)C,712.01,,1,9.0,9.0,1.0,0.0,0,0,True,active_single
CHEMBL1773267,CC(C)N(CC[C@H](c1ccccc1)c1cc(CCCCOc2ccc(CCNC[C@H](O)c3ccc(O)c4[nH]c(=O)ccc34)cc2)ccc1O)C(C)C,705.94,,2,9.51,9.51,1.0,0.0,0,0,True,active
CHEMBL1777826,O=C(O[C@H]1CN2CCC1CC2)N(Cc1ccccc1)c1ccccc1,336.44,,1,8.92,8.92,1.0,0.0,0,0,True,active_single
CHEMBL1777827,O=C(O[C@H]1C[N+]2(CCCc3cccs3)CCC1CC2)N(Cc1cccs1)c1ccccc1.[Br-],547.58,,1,9.3,9.3,1.0,0.0,0,0,True,active_single
CHEMBL1779032,O=C(O[C@H]1CN2CCC1CC2)N(CCc1ccccc1)c1ccccc1,350.46,,1,8.44,8.44,1.0,0.0,0,0,True,active_single
CHEMBL1779033,O=C(O[C@H]1CN2CCC1CC2)N(Cc1cccs1)c1ccccc1,342.46,,1,9.22,9.22,1.0,0.0,0,0,True,active_single
CHEMBL1779034,O=C(O[C@H]1CN2CCC1CC2)N(Cc1ccsc1)c1ccccc1,342.46,,1,9.0,9.0,1.0,0.0,0,0,True,active_single
CHEMBL1779035,CCCN(C(=O)O[C@H]1CN2CCC1CC2)c1ccccc1,288.39,,1,7.15,7.15,1.0,0.0,0,0,True,active_single
CHEMBL1779036,CCCCN(C(=O)O[C@H]1CN2CCC1CC2)c1ccccc1,302.42,,1,8.37,8.37,1.0,0.0,0,0,True,active_single
CHEMBL1779037,CCCCCN(C(=O)O[C@H]1CN2CCC1CC2)c1ccccc1,316.45,,1,8.77,8.77,1.0,0.0,0,0,True,active_single
CHEMBL1779039,O=C(O[C@H]1CN2CCC1CC2)N(Cc1ccccc1)Cc1cccs1,356.49,,1,7.65,7.65,1.0,0.0,0,0,True,active_single
CHEMBL1779040,O=C(O[C@H]1CN2CCC1CC2)N(Cc1cccs1)Cc1cccs1,362.52,,1,8.23,8.23,1.0,0.0,0,0,True,active_single
CHEMBL1779041,CCCCN(Cc1cccs1)C(=O)O[C@H]1CN2CCC1CC2,322.47,,1,7.75,7.75,1.0,0.0,0,0,True,active_single
CHEMBL1779042,Cc1ccc(N(Cc2ccccc2)C(=O)O[C@H]2CN3CCC2CC3)cc1,350.46,,1,7.13,7.13,1.0,0.0,0,0,True,active_single
CHEMBL1779043,O=C(O[C@H]1CN2CCC1CC2)N(Cc1ccccc1)c1ccc(F)cc1,354.43,,1,7.82,7.82,1.0,0.0,0,0,True,active_single
CHEMBL1779044,O=C(O[C@H]1CN2CCC1CC2)N(Cc1cccc(F)c1)c1cccc(F)c1,372.42,,1,8.62,8.62,1.0,0.0,0,0,True,active_single
CHEMBL1779045,Cc1cccc(N(Cc2cc(F)c(F)cc2F)C(=O)O[C@H]2CN3CCC2CC3)c1,404.43,,1,8.85,8.85,1.0,0.0,0,0,True,active_single
CHEMBL1779046,O=C(O[C@H]1CN2CCC1CC2)N(Cc1cc(F)c(F)c(F)c1)c1cccc(F)c1,408.39,TARAFENACIN,1,8.82,8.82,1.0,0.0,0,0,True,active_single
CHEMBL1779047,Cl.O=C(Nc1ccccc1-c1ccccc1)OC12CCN(CC1)CC2,358.87,,1,8.22,8.22,1.0,0.0,0,0,True,active_single
CHEMBL1779048,O=C(O[C@H]1C[N+]2(CCc3ccccc3)CCC1CC2)N(Cc1ccccc1)c1ccccc1.[Br-],521.5,,1,7.75,7.75,1.0,0.0,0,0,True,active_single
CHEMBL1779049,O=C(O[C@H]1C[N+]2(CCCc3ccccc3)CCC1CC2)N(Cc1ccccc1)c1ccccc1.[Br-],535.53,,1,9.52,9.52,1.0,0.0,0,0,True,active_single
CHEMBL1779128,O=C(O[C@H]1C[N+]2(CCCc3cccs3)CCC1CC2)N(Cc1ccccc1)c1ccccc1.[Br-],541.56,,1,9.22,9.22,1.0,0.0,0,0,True,active_single
CHEMBL1779129,O=C(O[C@H]1C[N+]2(CCOc3ccccc3)CCC1CC2)N(Cc1ccccc1)c1ccccc1.[Br-],537.5,,1,9.0,9.0,1.0,0.0,0,0,True,active_single
CHEMBL1779130,C[N+]12CCC(CC1)[C@@H](OC(=O)N(Cc1cccs1)c1ccccc1)C2.[Br-],437.4,,1,7.73,7.73,1.0,0.0,0,0,True,active_single
CHEMBL1779131,O=C(O[C@H]1C[N+]2(CCOc3ccccc3)CCC1CC2)N(Cc1cccs1)c1ccccc1.[Br-],543.53,,1,9.52,9.52,1.0,0.0,0,0,True,active_single
CHEMBL1779132,O=C(O[C@H]1C[N+]2(CCCc3cccs3)CCC1CC2)N(Cc1ccsc1)c1ccccc1.[Br-],547.58,,1,9.22,9.22,1.0,0.0,0,0,True,active_single
CHEMBL1779133,O=C(O[C@H]1C[N+]2(CCOc3ccccc3)CCC1CC2)N(Cc1ccsc1)c1ccccc1.[Br-],543.53,,1,9.7,9.7,1.0,0.0,0,0,True,active_single
CHEMBL1779134,CCCCN(C(=O)O[C@H]1C[N+]2(CCc3ccccc3)CCC1CC2)c1ccccc1.[Br-],487.48,,1,7.72,7.72,1.0,0.0,0,0,True,active_single
CHEMBL1779135,CCCCN(C(=O)O[C@H]1C[N+]2(CCCc3ccccc3)CCC1CC2)c1ccccc1.[Br-],501.51,,1,9.1,9.1,1.0,0.0,0,0,True,active_single
CHEMBL1779136,CCCCN(C(=O)O[C@H]1C[N+]2(CCCc3cccs3)CCC1CC2)c1ccccc1.[Br-],507.54,,1,9.22,9.22,1.0,0.0,0,0,True,active_single
CHEMBL1779137,CCCCN(C(=O)O[C@H]1C[N+]2(CCOc3ccccc3)CCC1CC2)c1ccccc1.[Br-],503.48,,1,9.1,9.1,1.0,0.0,0,0,True,active_single
CHEMBL1779138,Cc1cccc(N(Cc2cc(F)c(F)cc2F)C(=O)O[C@H]2C[N+]3(CCCc4ccccc4)CCC2CC3)c1.[Br-],603.52,,1,9.05,9.05,1.0,0.0,0,0,True,active_single
CHEMBL1779139,Cc1cccc(N(Cc2cc(F)c(F)cc2F)C(=O)O[C@H]2C[N+]3(CCOc4ccccc4)CCC2CC3)c1.[Br-],605.5,,1,8.92,8.92,1.0,0.0,0,0,True,active_single
CHEMBL1779140,O=C(O[C@H]1C[N+]2(CCOc3ccccc3)CCC1CC2)N(Cc1cc(F)c(F)c(F)c1)c1cccc(F)c1.[Br-],609.46,,1,9.22,9.22,1.0,0.0,0,0,True,active_single
CHEMBL1794855,CCN(C)C1CCCc2ccncc21.O=C(O)/C=CC(=O)O.O=C(O)/C=CC(=O)O,422.43,,1,5.0,5.0,0.0,1.0,0,0,False,inactive_single
CHEMBL1802360,O=c1[nH]c2ccccc2n1C1CCN(CCCOc2ccc(F)cc2)CC1,369.44,,1,4.6,,0.0,1.0,0,0,False,inactive_single
CHEMBL1834350,CCN/C(=NS(=O)(=O)c1cccc(Cl)c1)N1CC2(C=N1)CCNCC2,383.91,,1,5.0,5.0,0.0,1.0,0,0,False,inactive_single
CHEMBL1836644,Fc1cccc(F)c1-n1nc(OC2CCNCC2)c2ccccc21,329.35,,1,7.31,7.31,1.0,0.0,0,0,True,active_single
CHEMBL1836645,Oc1cccc(F)c1-n1nc(OC2CCNCC2)c2ccccc21,327.36,,1,8.0,8.0,1.0,0.0,0,0,True,active_single
CHEMBL1836646,Oc1cccc(F)c1-n1nc(OC2CCNCC2)c2c1CCCC2,331.39,,1,8.6,8.6,1.0,0.0,0,0,True,active_single
CHEMBL1836647,O=c1ccc2c([C@@H](O)CNCCCCCCCCCN3CCC(Oc4nn(-c5c(O)cccc5F)c5c4CCCC5)CC3)ccc(O)c2[nH]1,675.85,,1,8.66,8.66,1.0,0.0,0,0,True,active_single
CHEMBL1900528,C[N+]1(C)[C@@H]2C[C@@H](OC(=O)C(O)(c3cccs3)c3cccs3)C[C@H]1[C@@H]1O[C@@H]12,392.52,TIOTROPIUM,1,10.5,10.5,1.0,0.0,0,0,True,active_single
CHEMBL1908368,CC(C)[N+]1(C)C2CCC1CC(OC(=O)C(CO)c1ccccc1)C2.O.[Br-],430.38,,7,9.5,9.5,1.0,0.0,0,0,True,active
CHEMBL1909073,CC[N+]1(CCOC(=O)C(O)(c2ccccc2)c2ccccc2)CCCCC1.[Br-],448.4,PIPERILATE ETHOBROMIDE,2,7.14,7.14,1.0,0.0,0,0,True,active
CHEMBL1910845,NC(=O)C(CCCN1CC[C@H](Oc2ccccc2)C1)(c1ccccc1)c1ccccc1,414.55,,2,8.67,8.67,1.0,0.0,0,0,True,active
CHEMBL1910846,CC(C)(CCC(C(N)=O)(c1ccccc1)c1ccccc1)N1CC[C@H](Oc2ccccc2)C1,442.6,,2,9.17,9.17,1.0,0.0,0,0,True,active
CHEMBL1910847,CC(C)(CCC(C(N)=O)(c1ccccc1)c1ccccc1)N1CC[C@@H](Oc2ccccc2)C1,442.6,,2,8.49,8.49,1.0,0.0,0,0,True,active
CHEMBL1910848,CC(C)(CCC(C(N)=O)(c1ccccc1)c1ccccc1)N1CC(Oc2ccccc2)C1,428.58,,2,10.13,10.13,1.0,0.0,0,0,True,active
CHEMBL1910849,CC(C)(CCC(C(N)=O)(c1ccccc1)c1ccccc1)N1CCC(Oc2ccccc2)CC1,456.63,,2,8.99,8.99,1.0,0.0,0,0,True,active
CHEMBL1910850,CC(C)(CCC(C(N)=O)(c1ccccc1)c1ccccc1)N1CC[C@@H](Oc2cccc(O)c2)C1,458.6,,2,9.49,9.49,1.0,0.0,0,0,True,active
CHEMBL1910851,CC(C)(CCC(C(N)=O)(c1ccccc1)c1ccccc1)N1CC[C@H](Oc2cccc(O)c2)C1,458.6,,2,9.71,9.71,1.0,0.0,0,0,True,active
CHEMBL1910852,CC(C)(CCC(C(N)=O)(c1ccccc1)c1ccccc1)N1CC[C@H](Oc2ccccc2O)C1,458.6,,1,9.8,9.8,1.0,0.0,0,0,True,active_single
CHEMBL1910853,CC(C)(CCC(C(N)=O)(c1ccccc1)c1ccccc1)N1CC[C@H](Oc2ccc(O)cc2)C1,458.6,,1,9.12,9.12,1.0,0.0,0,0,True,active_single
CHEMBL1910854,CC(C)(CCC(C(N)=O)(c1ccccc1)c1ccccc1)N1CCC(Oc2cccc(O)c2)CC1,472.63,,1,8.64,8.64,1.0,0.0,0,0,True,active_single
CHEMBL1910855,CC(C)(CCC(C(N)=O)(c1ccccc1)c1ccccc1)N1CC(Oc2ccccc2O)C1,444.58,,1,7.96,7.96,1.0,0.0,0,0,True,active_single
CHEMBL1910856,CC(C)(CCC(C(N)=O)(c1ccccc1)c1ccccc1)N1CC(Oc2cccc(O)c2)C1,444.58,PF-03635659,2,9.8,9.8,1.0,0.0,0,0,True,active
CHEMBL1910857,CC(C)(CCC(C(N)=O)(c1ccccc1)c1ccccc1)N1CC(OCc2cccc(O)c2)C1,458.6,,1,9.74,9.74,1.0,0.0,0,0,True,active_single
CHEMBL1910858,NC(=O)C(CCC1(N2CC(Oc3cccc(O)c3)C2)CCCC1)(c1ccccc1)c1ccccc1,470.61,,1,9.14,9.14,1.0,0.0,0,0,True,active_single
CHEMBL1910859,CC(C)(CCC(C(N)=O)(c1ccccc1)c1ccccc1)N1CC[C@H](Oc2ccc(Cl)c(O)c2)C1,493.05,,1,8.7,8.7,1.0,0.0,0,0,True,active_single
CHEMBL1910860,CC(C)(CCC(C(N)=O)(c1ccccc1)c1ccccc1)N1CC[C@@H](Oc2cc(O)cc(F)c2)C1,476.59,,1,9.25,9.25,1.0,0.0,0,0,True,active_single
CHEMBL1910861,CC(C)(CCC(C(N)=O)(c1ccccc1)c1ccccc1)N1CC(Oc2ccc(Cl)c(O)c2)C1,479.02,,1,8.72,8.72,1.0,0.0,0,0,True,active_single
CHEMBL1910862,CC(C)(CCC(C(N)=O)(c1ccccc1)c1ccccc1)N1CC(Oc2cc(O)cc(Cl)c2)C1,479.02,,1,9.66,9.66,1.0,0.0,0,0,True,active_single
CHEMBL1910863,CC(C)(CCC(C(N)=O)(c1ccccc1)c1ccccc1)N1CC(Oc2cc(O)cc(F)c2)C1,462.57,,1,9.22,9.22,1.0,0.0,0,0,True,active_single
CHEMBL1910864,CC(C)(CCC(C(N)=O)(c1ccccc1)c1ccccc1)N1CC(Oc2cc(O)c(Cl)cc2Cl)C1,513.47,,1,8.14,8.14,1.0,0.0,0,0,True,active_single
CHEMBL1910865,CC(C)(CCC(C(N)=O)(c1ccccc1)c1ccccc1)N1CC(Oc2cccc(O)c2F)C1,462.57,,2,9.69,9.69,1.0,0.0,0,0,True,active
CHEMBL1910866,CC(C)(CCC(C(N)=O)(c1ccccc1)c1ccccc1)N1CC(Oc2cc(O)ccc2F)C1,462.57,,1,9.15,9.15,1.0,0.0,0,0,True,active_single
CHEMBL1916224,CCOC(=O)N1CCC(N2CCC[C@@H](NC(=O)c3ccccc3C)C2)CC1,373.5,,1,4.52,,0.0,1.0,0,0,False,inactive_single
CHEMBL1921802,C[C@@](C(=O)O[C@H]1C[N+]2(CCc3cccnc3)CCC1CC2)(c1ccccc1)N1CCCCC1,448.63,,1,8.5,8.5,1.0,0.0,0,0,True,active_single
CHEMBL1921904,C[C@@](C(=O)O[C@H]1C[N+]2(CCc3ccc(F)cc3)CCC1CC2)(c1ccccc1)N1CCCCC1,465.63,AZD-9164,1,9.8,9.8,1.0,0.0,0,0,True,active_single
CHEMBL1921905,C[C@@](C(=O)O[C@H]1C[N+]2(CCc3cccc(Cl)c3)CCC1CC2)(c1ccccc1)N1CCCCC1,482.09,,1,10.5,10.5,1.0,0.0,0,0,True,active_single
CHEMBL1921906,C[C@@](C(=O)O[C@H]1C[N+]2(CCc3cccc(Cl)c3)CCC1CC2)(c1cccs1)N1CCCCC1,488.12,,1,10.4,10.4,1.0,0.0,0,0,True,active_single
CHEMBL1921907,C[C@@](C(=O)O[C@H]1C[N+]2(CCc3cccc(Br)c3)CCC1CC2)(c1ccccc1)N1CCCCC1,526.54,,1,10.2,10.2,1.0,0.0,0,0,True,active_single
CHEMBL1921908,C[C@@](C(=O)O[C@H]1C[N+]2(CCc3ccc(Cl)s3)CCC1CC2)(c1ccccc1)N1CCCCC1,488.12,,1,10.3,10.3,1.0,0.0,0,0,True,active_single
CHEMBL1921909,Cc1ccc(CC[N+]23CCC(CC2)[C@@H](OC(=O)[C@](C)(c2ccccc2)N2CCCCC2)C3)s1,467.7,,1,10.2,10.2,1.0,0.0,0,0,True,active_single
CHEMBL1921910,C[C@@](C(=O)O[C@H]1C[N+]2(CCc3ccc4ccccc4c3)CCC1CC2)(c1ccccc1)N1CCCCC1,497.7,,1,9.7,9.7,1.0,0.0,0,0,True,active_single
CHEMBL1921911,C[C@@](C(=O)O[C@H]1C[N+]2(CCC3=CC4CCOC4C=C3)CCC1CC2)(c1ccccc1)N1CCCCC1,491.7,,1,9.8,9.8,1.0,0.0,0,0,True,active_single
CHEMBL1921912,C[C@@](C(=O)O[C@H]1C[N+]2(CCc3cc4ccccc4o3)CCC1CC2)(c1ccccc1)N1CCCCC1,487.66,,1,8.2,8.2,1.0,0.0,0,0,True,active_single
CHEMBL1921913,C[C@@](C(=O)O[C@H]1C[N+]2(CCc3c[nH]c4ccccc34)CCC1CC2)(c1ccccc1)N1CCCCC1,486.68,,1,8.8,8.8,1.0,0.0,0,0,True,active_single
CHEMBL1921914,C[C@@](C(=O)O[C@H]1C[N+]2(CCC3CCCCC3)CCC1CC2)(c1cccs1)N1CCCCC1,459.72,,1,9.7,9.7,1.0,0.0,0,0,True,active_single
CHEMBL1921915,C[C@@](C(=O)O[C@H]1C[N+]2(CCCc3ccccc3)CCC1CC2)(c1cccs1)N1CCCCC1,467.7,,1,10.5,10.5,1.0,0.0,0,0,True,active_single
CHEMBL1921916,C[C@@](C(=O)O[C@H]1C[N+]2(CCCc3ccccc3)CCC1CC2)(c1ccccc1)N1CCCCC1,461.67,,1,10.3,10.3,1.0,0.0,0,0,True,active_single
CHEMBL1921917,C[C@@](C(=O)O[C@H]1C[N+]2(CCCc3ccncc3)CCC1CC2)(c1ccccc1)N1CCCCC1,462.66,,1,10.1,10.1,1.0,0.0,0,0,True,active_single
CHEMBL1921918,C[C@@](C(=O)O[C@H]1C[N+]2(CCCc3ccncc3)CCC1CC2)(c1cccs1)N1CCCCC1,468.69,,1,9.8,9.8,1.0,0.0,0,0,True,active_single
CHEMBL1921919,Cc1cc(CCC[N+]23CCC(CC2)[C@@H](OC(=O)[C@](C)(c2ccccc2)N2CCCCC2)C3)ccn1,476.69,,1,9.9,9.9,1.0,0.0,0,0,True,active_single
CHEMBL1921920,Cc1cc(CCC[N+]23CCC(CC2)[C@@H](OC(=O)[C@](C)(c2ccccc2)N2CCCCC2)C3)cc(C)n1,490.71,,1,8.6,8.6,1.0,0.0,0,0,True,active_single
CHEMBL1921921,C[C@@](C(=O)O[C@H]1C[N+]2(CCCc3cccnc3)CCC1CC2)(c1ccccc1)N1CCCCC1,462.66,,1,9.5,9.5,1.0,0.0,0,0,True,active_single
CHEMBL1921922,Cc1ccc(CCC[N+]23CCC(CC2)[C@@H](OC(=O)[C@](C)(c2ccccc2)N2CCCCC2)C3)cn1,476.69,,1,8.9,8.9,1.0,0.0,0,0,True,active_single
CHEMBL1921923,C[C@@](C(=O)O[C@H]1C[N+]2(CCCc3cncnc3)CCC1CC2)(c1ccccc1)N1CCCCC1,463.65,,1,8.5,8.5,1.0,0.0,0,0,True,active_single
CHEMBL1921924,C[C@@](C(=O)O[C@H]1C[N+]2(CCCc3nc4ccccc4o3)CCC1CC2)(c1ccccc1)N1CCCCC1,502.68,,1,9.5,9.5,1.0,0.0,0,0,True,active_single
CHEMBL1921925,C[C@@](C(=O)O[C@H]1C[N+]2(CCCc3cc4ccccc4s3)CCC1CC2)(c1ccccc1)N1CCCCC1,517.76,,1,10.2,10.2,1.0,0.0,0,0,True,active_single
CHEMBL1921926,C[C@@](C(=O)O[C@H]1C[N+]2(CCCc3ccc4ncsc4c3)CCC1CC2)(c1ccccc1)N1CCCCC1,518.75,,1,9.4,9.4,1.0,0.0,0,0,True,active_single
CHEMBL1921927,C[C@@](C(=O)O[C@H]1C[N+]2(CCCCc3ccccc3)CCC1CC2)(c1ccccc1)N1CCCCC1,475.7,,1,9.7,9.7,1.0,0.0,0,0,True,active_single
CHEMBL1921928,C[C@@](C(=O)O[C@H]1C[N+]2(CCCCc3ccccc3)CCC1CC2)(c1cccs1)N1CCCCC1,481.73,,1,9.6,9.6,1.0,0.0,0,0,True,active_single
CHEMBL1921929,C[C@@](C(=O)O[C@H]1C[N+]2(CCOc3ccccc3)CCC1CC2)(c1ccccc1)N1CCCCC1,463.64,,1,9.2,9.2,1.0,0.0,0,0,True,active_single
CHEMBL1921930,C[C@@](C(=O)O[C@H]1C[N+]2(CCOc3ccc(F)cc3)CCC1CC2)(c1ccccc1)N1CCCCC1,481.63,,1,8.5,8.5,1.0,0.0,0,0,True,active_single
CHEMBL1921931,C[C@@](C(=O)O[C@H]1C[N+]2(CCOc3ccc(Cl)cc3)CCC1CC2)(c1ccccc1)N1CCCCC1,498.09,,1,8.9,8.9,1.0,0.0,0,0,True,active_single
CHEMBL1921932,Cc1ccc(OCC[N+]23CCC(CC2)[C@@H](OC(=O)[C@](C)(c2ccccc2)N2CCCCC2)C3)cc1,477.67,,1,9.5,9.5,1.0,0.0,0,0,True,active_single
CHEMBL1921933,Cc1cccc(OCC[N+]23CCC(CC2)[C@@H](OC(=O)[C@](C)(c2ccccc2)N2CCCCC2)C3)c1,477.67,,1,9.0,9.0,1.0,0.0,0,0,True,active_single
CHEMBL1921934,C[C@@](C(=O)O[C@H]1C[N+]2(CCOc3ccncc3)CCC1CC2)(c1ccccc1)N1CCCCC1,464.63,,1,8.3,8.3,1.0,0.0,0,0,True,active_single
CHEMBL1921935,C[C@@](C(=O)O[C@H]1C[N+]2(CCCOc3ccccc3)CCC1CC2)(c1cccs1)N1CCCCC1,483.7,,1,10.2,10.2,1.0,0.0,0,0,True,active_single
CHEMBL1921936,C[C@@](C(=O)O[C@H]1C[N+]2(CCCOc3ccc(F)cc3)CCC1CC2)(c1ccccc1)N1CCCCC1,495.66,,1,9.2,9.2,1.0,0.0,0,0,True,active_single
CHEMBL1921937,C[C@@](C(=O)O[C@H]1C[N+]2(CCCOc3ccc(F)cc3)CCC1CC2)(c1cccs1)N1CCCCC1,501.69,,1,10.1,10.1,1.0,0.0,0,0,True,active_single
CHEMBL1921938,C[C@@](C(=O)O[C@H]1C[N+]2(CCOCc3ccccc3)CCC1CC2)(c1ccccc1)N1CCCCC1,477.67,,1,9.1,9.1,1.0,0.0,0,0,True,active_single
CHEMBL1921939,C[C@@](C(=O)O[C@H]1C[N+]2(CCOCCc3ccccc3)CCC1CC2)(c1ccccc1)N1CCCCC1,491.7,,1,9.3,9.3,1.0,0.0,0,0,True,active_single
CHEMBL1921940,C[C@@](C(=O)O[C@H]1C[N+]2(CC(N)=O)CCC1CC2)(c1ccccc1)N1CCCCC1,400.54,,1,9.7,9.7,1.0,0.0,0,0,True,active_single
CHEMBL1921941,C[C@@](C(=O)O[C@H]1C[N+]2(CC(N)=O)CCC1CC2)(c1cccs1)N1CCCCC1,406.57,,1,9.9,9.9,1.0,0.0,0,0,True,active_single
CHEMBL1921942,C[C@@](C(=O)O[C@H]1C[N+]2(CC(=O)Nc3ccccc3)CCC1CC2)(c1ccccc1)N1CCCCC1,476.64,,1,9.7,9.7,1.0,0.0,0,0,True,active_single
CHEMBL1921943,C[C@@](C(=O)O[C@H]1C[N+]2(CC(=O)Nc3ccccc3)CCC1CC2)(c1cccs1)N1CCCCC1,482.67,,1,9.7,9.7,1.0,0.0,0,0,True,active_single
CHEMBL1921944,C[C@@](C(=O)O[C@H]1C[N+]2(CC(=O)Nc3cccc(F)c3)CCC1CC2)(c1ccccc1)N1CCCCC1,494.63,,1,9.7,9.7,1.0,0.0,0,0,True,active_single
CHEMBL1921945,C[C@@](C(=O)O[C@H]1C[N+]2(CC(=O)Nc3cccc(F)c3)CCC1CC2)(c1cccs1)N1CCCCC1,500.66,,1,10.0,10.0,1.0,0.0,0,0,True,active_single
CHEMBL1921946,C[C@@](C(=O)O[C@H]1C[N+]2(CC(=O)Nc3ccccn3)CCC1CC2)(c1ccccc1)N1CCCCC1,477.63,,1,9.9,9.9,1.0,0.0,0,0,True,active_single
CHEMBL1922048,C[C@@](C(=O)O[C@H]1C[N+]2(CC(=O)Nc3ccncn3)CCC1CC2)(c1ccccc1)N1CCCCC1,478.62,,1,8.9,8.9,1.0,0.0,0,0,True,active_single
CHEMBL1922049,C[C@@](C(=O)O[C@H]1C[N+]2(CC(=O)Nc3cccnn3)CCC1CC2)(c1ccccc1)N1CCCCC1,478.62,,1,9.0,9.0,1.0,0.0,0,0,True,active_single
CHEMBL1922050,C[C@@](C(=O)O[C@H]1C[N+]2(CC(=O)Nc3cnccn3)CCC1CC2)(c1ccccc1)N1CCCCC1,478.62,,1,9.7,9.7,1.0,0.0,0,0,True,active_single
CHEMBL1922051,C[C@@](C(=O)O[C@H]1C[N+]2(CC(=O)Nc3ccon3)CCC1CC2)(c1ccccc1)N1CCCCC1,467.59,,1,9.8,9.8,1.0,0.0,0,0,True,active_single
CHEMBL1922052,C[C@@](C(=O)O[C@H]1C[N+]2(CC(=O)Nc3ccon3)CCC1CC2)(c1cccs1)N1CCCCC1,473.62,,1,9.7,9.7,1.0,0.0,0,0,True,active_single
CHEMBL1922053,C[C@@](C(=O)O[C@H]1C[N+]2(CC(=O)Nc3cncc(Cl)n3)CCC1CC2)(c1cccs1)N1CCCCC1,519.09,,1,10.0,10.0,1.0,0.0,0,0,True,active_single
CHEMBL1922054,Cc1ccc2nc(C[N+]34CCC(CC3)[C@@H](OC(=O)[C@](C)(c3ccccc3)N3CCCCC3)C4)oc2c1,488.65,,1,9.8,9.8,1.0,0.0,0,0,True,active_single
CHEMBL1922055,C[C@@](C(=O)O[C@H]1C[N+]2(Cc3cc(-c4ccccc4)on3)CCC1CC2)(c1ccccc1)N1CCCCC1,500.66,,1,9.7,9.7,1.0,0.0,0,0,True,active_single
CHEMBL1922056,C[C@@](C(=O)O[C@H]1C[N+]2(Cc3nc(-c4ccccc4)no3)CCC1CC2)(c1ccccc1)N1CCCCC1,501.65,,1,9.5,9.5,1.0,0.0,0,0,True,active_single
CHEMBL1922057,C[C@@](C(=O)O[C@H]1C[N+]2(Cc3cc(-c4ccccc4)no3)CCC1CC2)(c1cccs1)N1CCCCC1,506.69,,1,9.4,9.4,1.0,0.0,0,0,True,active_single
CHEMBL1922058,C[C@@](C(=O)O[C@H]1C[N+]2(Cc3noc(-c4ccccc4)n3)CCC1CC2)(c1cccs1)N1CCCCC1,507.68,,1,9.6,9.6,1.0,0.0,0,0,True,active_single
CHEMBL1924025,C[C@@](C(=O)O[C@H]1C[N+]2(CCc3ccccc3F)CCC1CC2)(c1cccs1)N1CCCCC1,471.66,,1,9.8,9.8,1.0,0.0,0,0,True,active_single
CHEMBL1924026,CC(C(=O)O[C@@H]1CC[N+](C)(C)C1)(c1ccccc1)C1CCCC1.[Br-],396.37,,1,8.8,8.8,1.0,0.0,0,0,True,active_single
CHEMBL1924027,C[C@@](C(=O)OC1CC[N+](C)(C)CC1)(c1ccccc1)C1CCCC1.[Br-],410.4,,1,10.5,10.5,1.0,0.0,0,0,True,active_single
CHEMBL1924028,CC(C(=O)OC1CC[N+](C)(C)CC1)(c1ccccc1)N1CCCC1,331.48,,1,8.5,8.5,1.0,0.0,0,0,True,active_single
CHEMBL1924029,CC(C(=O)OC1CC[N+](C)(C)CC1)(c1ccccc1)N1CCCCC1,345.51,,1,9.6,9.6,1.0,0.0,0,0,True,active_single
CHEMBL1924030,CC(C(=O)OC1CC[N+](C)(C)CC1)(c1ccccc1)N1C=CC=CC=C1,353.49,,1,9.1,9.1,1.0,0.0,0,0,True,active_single
CHEMBL1924031,CC(C(=O)OC1CC[N+](C)(C)CC1)(c1ccccc1)N1CCSCC1,363.55,,1,9.1,9.1,1.0,0.0,0,0,True,active_single
CHEMBL1924032,CC(C(=O)OC1CC[N+](C)(C)CC1)(c1ccccc1)N1CCC(F)(F)CC1,381.49,,1,8.9,8.9,1.0,0.0,0,0,True,active_single
CHEMBL1924033,CC1CCN(C(C)(C(=O)OC2CC[N+](C)(C)CC2)c2ccccc2)CC1,359.53,,1,9.0,9.0,1.0,0.0,0,0,True,active_single
CHEMBL1924034,CN(C)C(C)(C(=O)OC1CC[N+](C)(C)CC1)c1ccccc1,305.44,,1,8.0,8.0,1.0,0.0,0,0,True,active_single
CHEMBL1924035,CCCN(CCC)C(C)(C(=O)OC1CC[N+](C)(C)CC1)c1ccccc1,361.55,,1,6.8,6.8,1.0,0.0,0,0,True,active_single
CHEMBL1924036,CC(C(=O)OC1CC[N+](C)(C)CC1)(c1cccs1)N1CCCCC1,351.54,,1,10.0,10.0,1.0,0.0,0,0,True,active_single
CHEMBL1924037,CC(C(=O)OC1CC[N+](C)(C)CC1)(c1ccc(Cl)cc1)N1CCCCC1,379.95,,1,8.6,8.6,1.0,0.0,0,0,True,active_single
CHEMBL1924038,CN1CCC(OC(=O)C(C)(c2ccccc2)N2CCCC2)CC1,316.45,,1,8.3,8.3,1.0,0.0,0,0,True,active_single
CHEMBL1924039,CC(C(=O)O[C@H]1CN2CCC1CC2)(c1ccccc1)N1CCCC1,328.46,,1,8.3,8.3,1.0,0.0,0,0,True,active_single
CHEMBL1924040,C[C@@](C(=O)O[C@H]1C[N+]2(CCCOc3ccccc3)CCC1CC2)(c1ccccc1)N1CCCCC1,477.67,,1,10.3,10.3,1.0,0.0,0,0,True,active_single
CHEMBL1924041,C[C@](C(=O)O[C@H]1C[N+]2(CCCOc3ccccc3)CCC1CC2)(c1ccccc1)N1CCCCC1,477.67,,1,8.5,8.5,1.0,0.0,0,0,True,active_single
CHEMBL1924042,CC(C)[N+]12CCC(CC1)[C@@H](OC(=O)[C@](C)(c1ccccc1)N1CCCCC1)C2,385.57,,1,9.0,9.0,1.0,0.0,0,0,True,active_single
CHEMBL1924043,CCC(CC)[N+]12CCC(CC1)[C@@H](OC(=O)[C@](C)(c1ccccc1)N1CCCCC1)C2,413.63,,1,6.6,6.6,1.0,0.0,0,0,True,active_single
CHEMBL1924044,CCCC[N+]12CCC(CC1)[C@@H](OC(=O)[C@](C)(c1ccccc1)N1CCCCC1)C2,399.6,,1,8.3,8.3,1.0,0.0,0,0,True,active_single
CHEMBL1924045,C[C@@](C(=O)O[C@H]1C[N+]2(CCCC#N)CCC1CC2)(c1ccccc1)N1CCCCC1,410.58,,1,8.1,8.1,1.0,0.0,0,0,True,active_single
CHEMBL1924046,CC(C)=CCC[N+]12CCC(CC1)[C@@H](OC(=O)[C@](C)(c1ccccc1)N1CCCCC1)C2,425.64,,1,9.2,9.2,1.0,0.0,0,0,True,active_single
CHEMBL1924047,C[C@@](C(=O)O[C@H]1C[N+]2(CCc3ccccc3)CCC1CC2)(c1ccccc1)N1CCCCC1,447.64,,1,10.0,10.0,1.0,0.0,0,0,True,active_single
CHEMBL1924048,C[C@@](C(=O)O[C@H]1C[N+]2(CCc3ccccc3)CCC1CC2)(c1cccs1)N1CCCCC1,453.67,,1,10.3,10.3,1.0,0.0,0,0,True,active_single
CHEMBL1924049,C[C@@](C(=O)O[C@H]1C[N+]2(CCc3ccccc3F)CCC1CC2)(c1ccccc1)N1CCCCC1,465.63,,1,9.9,9.9,1.0,0.0,0,0,True,active_single
CHEMBL1924050,C[C@@](C(=O)O[C@H]1C[N+]2(CCc3cccc(F)c3)CCC1CC2)(c1ccccc1)N1CCCCC1,465.63,,1,10.4,10.4,1.0,0.0,0,0,True,active_single
CHEMBL1924051,C[C@@](C(=O)O[C@H]1C[N+]2(CCc3cccc(F)c3)CCC1CC2)(c1cccs1)N1CCCCC1,471.66,,1,10.3,10.3,1.0,0.0,0,0,True,active_single
CHEMBL1940125,O=C(CCNS(=O)(=O)c1cccc2ncccc12)N1CCN(c2ccncc2)CC1,425.51,,1,4.52,4.52,0.0,1.0,0,0,False,inactive_single
CHEMBL194206,COc1ccc(NC(=O)N2CCN(c3ccc(F)cc3)CC2)cc1N1CCN(C)CC1,427.52,,1,5.0,5.0,0.0,1.0,0,0,False,inactive_single
CHEMBL195927,COc1ccccc1N1CCC(C(=O)Nc2ccc(OC)c(N3CCN(C)CC3)c2)CC1,438.57,,1,5.0,5.0,0.0,1.0,0,0,False,inactive_single
CHEMBL196169,COc1ccc(NC(=O)N2CCN(c3ccccc3F)CC2)cc1N1CCN(C)CC1,427.52,,1,5.0,5.0,0.0,1.0,0,0,False,inactive_single
CHEMBL196370,COc1ccc(NC(=O)N2CCN(c3ccccc3OC)CC2)cc1N1CCN(C)CC1,439.56,,1,5.0,5.0,0.0,1.0,0,0,False,inactive_single
CHEMBL196598,COc1ccc(NC(=O)N2CCN(c3ccc(C(F)(F)F)cc3)CC2)cc1N1CCN(C)CC1,477.53,,1,5.0,5.0,0.0,1.0,0,0,False,inactive_single
CHEMBL197408,COc1ccc(NC(=O)N2CCN(c3ccc(-c4ccccc4)cc3)CC2)cc1N1CCN(C)CC1,485.63,,1,5.0,5.0,0.0,1.0,0,0,False,inactive_single
CHEMBL197796,COc1ccc(NC(=O)N2CCN(c3ccc(SC)cc3)CC2)cc1N1CCN(C)CC1,455.63,,1,5.0,5.0,0.0,1.0,0,0,False,inactive_single
CHEMBL1983100,O=C(CN1CCNCC1)NC1CCCCC1,225.34,ESAPRAZOLE,1,4.06,4.06,0.0,1.0,0,0,False,inactive_single
CHEMBL199821,CCCCCC(O)(C#CC1(OC)CN2CCC1CC2)c1ccccc1,341.5,,1,8.6,8.6,1.0,0.0,0,0,True,active_single
CHEMBL199981,CO[C@]1(C#CC(O)(c2ccc(Cl)cc2)c2ccc(Cl)cc2)CN2CCC1CC2,416.35,,1,8.1,8.1,1.0,0.0,0,0,True,active_single
CHEMBL200171,CO[C@]1(C#C[C@@](O)(c2ccccc2)c2cccnc2)CN2CCC1CC2,348.45,,1,9.6,9.6,1.0,0.0,0,0,True,active_single
CHEMBL200208,CO[C@@]1(C#CC(O)(c2ccccc2)c2ccccc2)CN2CCC1CC2,347.46,,1,7.2,7.2,1.0,0.0,0,0,True,active_single
CHEMBL200209,CO[C@]1(C#CC(O)(c2ccc(C)cc2)c2ccc(C)cc2)CN2CCC1CC2,375.51,,1,7.0,7.0,1.0,0.0,0,0,True,active_single
CHEMBL200210,COC1(C#CC(O)(c2ccccc2)c2ccccn2)CN2CCC1CC2,348.45,,1,8.0,8.0,1.0,0.0,0,0,True,active_single
CHEMBL200234,c1cc(N2CCNCC2)c2cc[nH]c2c1,201.27,,1,4.7,4.7,0.0,1.0,0,0,False,inactive_single
CHEMBL200319,COC1(C#CC(O)(c2ccccc2)c2cccnc2)CN2CCC1CC2,348.45,,1,9.4,9.4,1.0,0.0,0,0,True,active_single
CHEMBL200401,CO[C@]1(C#CC(O)(c2ccsc2)c2ccsc2)CN2CCC1CC2,359.52,,1,10.1,10.1,1.0,0.0,0,0,True,active_single
CHEMBL200416,CCCCC(O)(C#CC1(OC)CN2CCC1CC2)c1ccccc1,327.47,,1,9.2,9.2,1.0,0.0,0,0,True,active_single
CHEMBL200432,COC1(C#CC(O)(c2ccccc2)C2CCCC2)CN2CCC1CC2,339.48,,1,9.6,9.6,1.0,0.0,0,0,True,active_single
CHEMBL200566,CO[C@]1(C#CC(O)C2c3ccccc3C=Cc3ccccc32)CN2CCC1CC2,385.51,,1,7.0,7.0,1.0,0.0,0,0,True,active_single
CHEMBL200693,CO[C@]1(C#CC(O)(c2ccccc2)C2CCCCC2)CN2CCC1CC2,353.51,,1,9.7,9.7,1.0,0.0,0,0,True,active_single
CHEMBL200957,COC1(C#CC(O)(c2ccccc2)C2CCC2)CN2CCC1CC2,325.45,,1,9.0,9.0,1.0,0.0,0,0,True,active_single
CHEMBL201933,COC1(C#CC(O)(c2ccccc2)c2ccncc2)CN2CCC1CC2,348.45,,1,8.89,8.89,1.0,0.0,0,0,True,active_single
CHEMBL2021476,CN(C)[C@@H]1CCCC[C@H]1N(C)CC(=O)N1c2ccccc2NC(=O)c2ccccc21.O=C(O)C(=O)O.O=C(O)C(=O)O,586.6,,1,7.35,7.35,1.0,0.0,0,0,True,active_single
CHEMBL2021477,CN(C)[C@H]1CCCC[C@@H]1N(C)CC(=O)N1c2ccccc2NC(=O)c2ccccc21.O=C(O)C(=O)O.O=C(O)C(=O)O,586.6,,1,7.4,7.4,1.0,0.0,0,0,True,active_single
CHEMBL2021478,CN(C)[C@@H]1CCCC[C@@H]1N(C)CC(=O)N1c2ccccc2NC(=O)c2ccccc21.O=C(O)C(=O)O.O=C(O)C(=O)O,586.6,,1,7.31,7.31,1.0,0.0,0,0,True,active_single
CHEMBL2021479,CN(C)[C@H]1CCCC[C@H]1N(C)CC(=O)N1c2ccccc2NC(=O)c2ccccc21.O=C(O)C(=O)O.O=C(O)C(=O)O,586.6,,1,7.39,7.39,1.0,0.0,0,0,True,active_single
CHEMBL2021993,C[N@+]1(CCCOc2ccccc2)C2CCC1C[C@@H](CC(C#N)(c1ccccc1)c1ccccc1)C2.[Br-],545.57,,1,8.0,8.0,1.0,0.0,0,0,True,active_single
CHEMBL2021994,CCCC[N@+]1(C)C2CCC1C[C@H](CC(C#N)(c1ccccc1)c1ccccc1)C2.[Br-],467.5,,1,8.0,8.0,1.0,0.0,0,0,True,active_single
CHEMBL2021995,CCCCCC[N@+]1(C)C2CCC1C[C@H](CC(C#N)(c1ccccc1)c1ccccc1)C2.[Br-],495.55,,1,8.0,8.0,1.0,0.0,0,0,True,active_single
CHEMBL2021996,C[N@+]1(CCOc2ccccc2)C2CCC1C[C@@H](CC(C#N)(c1ccccc1)c1ccccc1)C2.[Br-],531.54,,1,8.0,8.0,1.0,0.0,0,0,True,active_single
CHEMBL2021997,C[N@+]1(CCCOCc2ccccc2)C2CCC1C[C@@H](CC(C#N)(c1ccccc1)c1ccccc1)C2.[Br-],559.59,,1,8.0,8.0,1.0,0.0,0,0,True,active_single
CHEMBL2021998,CCCCCCCC[N@+]1(C)C2CCC1C[C@H](CC(C#N)(c1ccccc1)c1ccccc1)C2.[Br-],523.6,,1,8.0,8.0,1.0,0.0,0,0,True,active_single
CHEMBL2023760,C[N@+]1(CC2CC2)C2CCC1C[C@@H](CC(C#N)(c1ccccc1)c1ccccc1)C2.[Br-],465.48,,1,8.0,8.0,1.0,0.0,0,0,True,active_single
CHEMBL2023761,C[N@+]1(CC2CC2)C2CCC1C[C@H](CC(C#N)(c1ccccc1)c1ccccc1)C2,385.58,,1,7.58,7.58,1.0,0.0,0,0,True,active_single
CHEMBL2023762,C=CCCCC[N@+]1(C)C2CCC1C[C@H](CC(C#N)(c1ccccc1)c1ccccc1)C2,413.63,,1,8.0,8.0,1.0,0.0,0,0,True,active_single
CHEMBL2023763,C=CCCCC[N@+]1(C)C2CCC1C[C@@H](CC(C#N)(c1ccccc1)c1ccccc1)C2,413.63,,1,7.49,7.49,1.0,0.0,0,0,True,active_single
CHEMBL2023764,C=CCCCC[N@+]1(C)C2CCC1C[C@H](CC(C#N)(c1ccccc1)c1ccccc1)C2.[Br-],493.53,,2,8.9,8.9,1.0,0.0,0,0,True,active
CHEMBL2023765,C[N@+]1(CCOCc2ccccc2)C2CCC1C[C@@H](CC(C#N)(c1ccccc1)c1ccccc1)C2.[I-],592.57,,1,8.0,8.0,1.0,0.0,0,0,True,active_single
CHEMBL2023766,C[N@+]1(CCCc2ccccc2)C2CCC1C[C@@H](CC(C#N)(c1ccccc1)c1ccccc1)C2.[Br-],529.57,,1,8.0,8.0,1.0,0.0,0,0,True,active_single
CHEMBL2024331,CCOC(=O)N1C2CCC1CC(N1CCC[C@@H](NC(=O)c3ccccc3C)C1)C2,399.54,,1,5.0,,0.0,1.0,0,0,False,inactive_single
CHEMBL2024407,CCOC(=O)N1[C@@H]2CC[C@H]1C[C@@H](NCCNC(=O)c1ccccc1)C2,345.44,,1,5.0,5.0,0.0,1.0,0,0,False,inactive_single
CHEMBL202729,Cc1c(NC2CCC2)nc(C2CC2)nc1N1CCCCCC1,300.45,,1,8.1,8.1,1.0,0.0,0,0,True,active_single
CHEMBL203249,COC1(C#CC(O)(c2ccccc2)c2cncnc2)CN2CCC1CC2,349.43,,1,9.0,9.0,1.0,0.0,0,0,True,active_single
CHEMBL2036989,C[C@@]12CCC[C@]3(C)C(=O)O[C@H](C[C@@]4(CO4)[C@]1(O)CCc1ccoc1)[C@H]23,346.42,LEONOTININ,1,5.0,5.0,0.0,1.0,0,0,False,inactive_single
CHEMBL2042400,CC[C@H]1COC[C@@H](C[N+](C)(C)C)O1.[I-],315.2,,1,4.75,4.75,0.0,1.0,0,0,False,inactive_single
CHEMBL2042401,CC[C@@H]1COC[C@@H](C[N+](C)(C)C)O1.[I-],315.2,,1,4.09,4.09,0.0,1.0,0,0,False,inactive_single
CHEMBL2042403,C[N+](C)(C)C[C@@H]1COC[C@@H](c2ccccc2)O1.[I-],363.24,,1,4.5,4.5,0.0,1.0,0,0,False,inactive_single
CHEMBL2042404,C[N+](C)(C)CC1COCC(c2ccccc2)(c2ccccc2)O1.[I-],439.34,,1,8.44,8.44,1.0,0.0,0,0,True,active_single
CHEMBL2042405,C[N+](C)(C)C[C@H]1COCC(c2ccccc2)(c2ccccc2)O1.[I-],439.34,,1,8.83,8.83,1.0,0.0,0,0,True,active_single
CHEMBL2042406,C[N+](C)(C)C[C@@H]1COCC(c2ccccc2)(c2ccccc2)O1.[I-],439.34,,1,7.21,7.21,1.0,0.0,0,0,True,active_single
CHEMBL2042551,C[N+](C)(C)C[C@@H]1COC[C@@H](C(c2ccccc2)c2ccccc2)O1.[I-],453.36,,1,4.67,4.67,0.0,1.0,0,0,False,inactive_single
CHEMBL2042552,CN(C)CC1COCC(c2ccccc2)(c2ccccc2)O1.O=C(O)C(=O)O,387.43,,1,8.66,8.66,1.0,0.0,0,0,True,active_single
CHEMBL2042553,CN(C)C[C@H]1COCC(c2ccccc2)(c2ccccc2)O1.O=C(O)C(=O)O,387.43,,1,8.82,8.82,1.0,0.0,0,0,True,active_single
CHEMBL2042554,CN(C)C[C@@H]1COCC(c2ccccc2)(c2ccccc2)O1.O=C(O)C(=O)O,387.43,,1,7.14,7.14,1.0,0.0,0,0,True,active_single
CHEMBL204353,Cc1c(NC2CC2)nc(C2CC2)nc1N1CCC2(CCCC2)CC1,326.49,,1,6.8,6.8,1.0,0.0,0,0,True,active_single
CHEMBL204471,Cc1c(NC2CC2)nc(C2CC2)nc1N(C)Cc1ccccc1,308.43,,1,6.6,6.6,1.0,0.0,0,0,True,active_single
CHEMBL205105,Cc1c(NC2CC2)nc(C2CC2)nc1N1CCCCC1,272.4,,1,7.89,7.89,1.0,0.0,0,0,True,active_single
CHEMBL205482,Nc1c(NC2CC2)nc(C2CC2)nc1N1CCCCCC1,287.41,,1,7.1,7.1,1.0,0.0,0,0,True,active_single
CHEMBL205654,Cc1c(NC2CC2)nc(C2CC2)nc1N1CCCCCC1,286.42,,5,8.49,8.49,1.0,0.0,0,0,True,active
CHEMBL205686,Cc1c(NC2CC2)nc(C2CC2)nc1N1CCCCCCC1,300.45,,1,7.8,7.8,1.0,0.0,0,0,True,active_single
CHEMBL205737,Cc1c(NCc2cccs2)nc(C2CC2)nc1NC1CC1,300.43,,1,6.9,6.9,1.0,0.0,0,0,True,active_single
CHEMBL2057417,Cc1nc2sc(C(=O)NCc3ccncc3)c(N)c2c(C)c1Cl,346.84,,1,4.52,,0.0,1.0,0,0,False,inactive_single
CHEMBL2057513,O=C(C1CN(S(=O)(=O)c2cccc3cnccc23)C1)N1CCN(c2ccncc2)CC1,437.53,,1,5.0,5.0,0.0,1.0,0,0,False,inactive_single
CHEMBL2057776,O=C(C1CN(S(=O)(=O)c2cccc3cnccc23)C1)N1CC2CN(c3ccncc3)CC2C1,463.56,,1,5.0,5.0,0.0,1.0,0,0,False,inactive_single
CHEMBL205840,Cc1c(NC2CC2)nc(C2CCC2)nc1N1CCCCCC1,300.45,,1,7.4,7.4,1.0,0.0,0,0,True,active_single
CHEMBL205841,Cc1c(NC2CC2)nc(C2CCCC2)nc1N1CCCCCC1,314.48,,1,7.1,7.1,1.0,0.0,0,0,True,active_single
CHEMBL205853,Cc1c(NC2CC2)nc(C2CC2)nc1N1CCSCC1,290.44,,1,7.1,7.1,1.0,0.0,0,0,True,active_single
CHEMBL205944,CCC1CCN(c2nc(C3CC3)nc(NC3CC3)c2C)CC1,300.45,,1,7.3,7.3,1.0,0.0,0,0,True,active_single
CHEMBL205976,Cc1c(NC2CC2)nc(C2CC2)nc1N1CC2CCC(C2)C1,298.43,,1,8.2,8.2,1.0,0.0,0,0,True,active_single
CHEMBL205992,Cc1c(NC2CC2)nc(C2CC2)nc1N1CC=CCC1,270.38,,1,7.49,7.49,1.0,0.0,0,0,True,active_single
CHEMBL206127,Brc1c(NC2CC2)nc(C2CC2)nc1N1CCCCCC1,351.29,,1,6.5,6.5,1.0,0.0,0,0,True,active_single
CHEMBL206480,C=C1CCN(c2nc(C3CC3)nc(NC3CC3)c2C)CC1,284.41,,1,7.1,7.1,1.0,0.0,0,0,True,active_single
CHEMBL206714,Cc1c(NC2CC2)nc(C(C)C)nc1N1CCCCCC1,288.44,,1,7.6,7.6,1.0,0.0,0,0,True,active_single
CHEMBL206753,Fc1c(NC2CC2)nc(C2CC2)nc1N1CCCCCC1,290.39,,1,6.6,6.6,1.0,0.0,0,0,True,active_single
CHEMBL206826,CCc1c(NC2CC2)nc(C2CC2)nc1N1CCSCC1,304.46,,1,7.0,7.0,1.0,0.0,0,0,True,active_single
CHEMBL207287,C1CCCN(c2nc(C3CC3)nc3c2CCCN3)CC1,272.4,,1,7.3,7.3,1.0,0.0,0,0,True,active_single
CHEMBL20732,CN(C)CCOC(=O)C1=C/C(=Cc2ccccn2)c2ccccc21,320.39,,1,4.85,4.85,0.0,1.0,0,0,False,inactive_single
CHEMBL207816,C1CCCN(c2nc(C3CC3)nc3c2CCCCN3)CC1,286.42,,1,8.0,8.0,1.0,0.0,0,0,True,active_single
CHEMBL2078942,CN(C)C[C@H]1COCC(c2ccccc2)(c2ccccc2)O1,297.4,,1,8.82,8.82,1.0,0.0,0,0,True,active_single
CHEMBL2078987,CN(C)C[C@@H]1COCC(c2ccccc2)(c2ccccc2)O1,297.4,,1,7.14,7.14,1.0,0.0,0,0,True,active_single
CHEMBL208280,Cc1c(NC2CC2)nc(C2CC2)nc1N1CCC(C)CC1,286.42,,1,7.8,7.8,1.0,0.0,0,0,True,active_single
CHEMBL208299,Cc1c(NC2CC2)nc(C2CC2)nc1N1CCc2ccccc2C1,320.44,,1,6.5,6.5,1.0,0.0,0,0,True,active_single
CHEMBL208335,Cc1c(NC2(C)CC2)nc(C2CC2)nc1N1CCCCCC1,300.45,,1,8.0,8.0,1.0,0.0,0,0,True,active_single
CHEMBL2092735,C[C@H]1O[C@@H]([C@@H]2CCC[N+]2(C)C)C[S@+]1[O-].[I-],345.25,,1,4.0,4.0,0.0,1.0,0,0,False,inactive_single
CHEMBL2092736,C[C@@H]1O[C@H]([C@@H]2CCC[N+]2(C)C)C[S@+]1[O-].[I-],345.25,,1,4.0,4.0,0.0,1.0,0,0,False,inactive_single
CHEMBL2092737,C[C@H]1O[C@@H]([C@@H]2CCCN2C)C[S@+]1[O-],203.31,,1,4.0,4.0,0.0,1.0,0,0,False,inactive_single
CHEMBL2092820,C[C@@H]1O[C@H]([C@H]2CCC[N+]2(C)C)C[S@@+]1[O-].[I-],345.25,,1,4.0,4.0,0.0,1.0,0,0,False,inactive_single
CHEMBL2093081,C[C@@H]1O[C@H]([C@H]2CCC[N+]2(C)C)C[S@+]1[O-].[I-],345.25,,1,4.0,4.0,0.0,1.0,0,0,False,inactive_single
CHEMBL2093082,C[C@H]1O[C@@H]([C@@H]2CCC[N+]2(C)C)C[S@@+]1[O-].[I-],345.25,,3,4.0,4.0,0.0,1.0,0,0,False,inactive
CHEMBL2093083,C[C@H]1O[C@@H]([C@@H]2CCCN2C)C[S@@+]1[O-],203.31,,1,4.0,4.0,0.0,1.0,0,0,False,inactive_single
CHEMBL2093084,C[C@@H]1O[C@H]([C@@H]2CCC[N+]2(C)C)C[S@@+]1[O-].[I-],345.25,,1,4.47,4.47,0.0,1.0,0,0,False,inactive_single
CHEMBL2103803,C[N+]1(C)[C@@H]2CC[C@H]1C[C@@H](CC(C#N)(c1ccccc1)c1ccccc1)C2.[Br-],425.41,,4,9.1,9.1,1.0,0.0,0,0,True,active
CHEMBL2106570,CC[N+](C)(CC)CCOC(=O)C(O)(c1ccccc1)c1ccccc1.[Br-],422.36,METHYLBENACTYZIUM BROMIDE,1,8.37,8.37,1.0,0.0,0,0,True,active_single
CHEMBL2107687,CCC(C)C(C(=O)OCC[N+](C)(CC)CC)c1ccccc1.[Br-],386.37,VALETHAMATE BROMIDE,2,7.92,7.92,1.0,0.0,0,0,True,active
CHEMBL2110892,CCN(CC)CCOC(=O)C(c1ccccc1)N1CCCCC1,318.46,BIETAMIVERINE,1,6.73,6.73,1.0,0.0,0,0,True,active_single
CHEMBL2111540,COc1ccc([S@@+]([O-])c2ccc(C(C#N)N3CCN(C4CCCCC4)CC3)cc2)cc1,437.61,,1,7.53,7.53,1.0,0.0,0,0,True,active_single
CHEMBL2112589,CCN1CC[C@@H](c2ccccc2)[C@H](C(=O)OCCc2ccccc2)C1.O=C(O)C(=O)O,427.5,,1,6.5,6.5,1.0,0.0,0,0,True,active_single
CHEMBL2112955,O=C(CCNC(=O)CNC(=O)CC(c1ccccc1)(c1ccccc1)c1ccccc1)NC[C@H]1CCCN(CC2CCCCC2)C1,622.85,,1,9.51,9.51,1.0,0.0,0,0,True,active_single
CHEMBL2112956,O=C(CCCCCNC(=O)CC(c1ccccc1)(c1ccccc1)c1ccccc1)NC[C@H]1CCCN(CC2CCCCC2)C1,607.88,,1,9.0,9.0,1.0,0.0,0,0,True,active_single
CHEMBL2112957,O=C(NC[C@H]1CCCN(CC2CCCCC2)C1)[C@H]1CCCN1C(=O)[C@@H]1CCCN1C(=O)CC(c1ccccc1)(c1ccccc1)c1ccccc1,688.96,,1,9.6,9.6,1.0,0.0,0,0,True,active_single
CHEMBL2112958,O=C(CCNC(=O)[C@@H]1CCCN1C(=O)CC(c1ccccc1)(c1ccccc1)c1ccccc1)NC[C@H]1CCCN(CC2CCCCC2)C1,662.92,,1,9.33,9.33,1.0,0.0,0,0,True,active_single
CHEMBL2112959,O=C(CCNC(=O)CC(c1ccccc1)(c1ccccc1)c1ccccc1)NCCC(=O)NC[C@H]1CCCN(CC2CCCCC2)C1,636.88,,1,9.12,9.12,1.0,0.0,0,0,True,active_single
CHEMBL2112961,O=C(CNC(=O)[C@@H]1CCCN1C(=O)CC(c1ccccc1)(c1ccccc1)c1ccccc1)NC[C@H]1CCCN(CC2CCCCC2)C1,648.89,,1,8.66,8.66,1.0,0.0,0,0,True,active_single
CHEMBL2114064,COc1ccc([S@@+]([O-])c2ccc(C(C#N)C3CCN(C4CCCCC4)CC3)cc2)cc1,436.62,,1,7.43,7.43,1.0,0.0,0,0,True,active_single
CHEMBL2114067,COc1ccc([S@@+]([O-])c2ccc(C(=O)C3CCN(C4CCCCC4)CC3)cc2)cc1,425.59,,1,7.56,7.56,1.0,0.0,0,0,True,active_single
CHEMBL2114068,C=C(c1ccc([S@@+]([O-])c2ccc(OC)cc2)cc1)C1CCN(C2CCCCC2)CC1,423.62,,1,9.89,9.89,1.0,0.0,0,0,True,active_single
CHEMBL2115126,COc1ccc([S@+]([O-])c2ccc(C(C#N)C3CCN(C4CCCCC4)CC3)cc2)cc1,436.62,,1,7.23,7.23,1.0,0.0,0,0,True,active_single
CHEMBL2115127,COc1ccc([S@+]([O-])c2ccc(C(=O)C3CCN(C4CCCCC4)CC3)cc2)cc1,425.59,,1,7.7,7.7,1.0,0.0,0,0,True,active_single
CHEMBL2115128,C=C(c1ccc([S@+]([O-])c2ccc(OC)cc2)cc1)C1CCN(C2CCCCC2)CC1,423.62,,1,9.42,9.42,1.0,0.0,0,0,True,active_single
CHEMBL211976,O=C(NCCC1CCNCC1)[C@H]1CCCN1C(=O)[C@@H]1C[C@@H](O)CN1C(=O)CC(c1ccccc1)(c1ccccc1)c1ccccc1,622.81,,1,8.55,8.55,1.0,0.0,0,0,True,active_single
CHEMBL212141,CC(C)NC(=O)[C@H]1CCCN1C(=O)[C@@H]1C[C@@H](O)CN1C(=O)CC(c1ccc(F)cc1)(c1ccc(F)cc1)c1ccc(F)cc1,607.67,,1,8.62,8.62,1.0,0.0,0,0,True,active_single
CHEMBL212530,NC1CCCC(NC(=O)[C@H]2CCCN2C(=O)[C@@H]2CCCN2C(=O)CC(c2ccccc2)(c2ccccc2)c2ccccc2)C1.O=C(O)C(F)(F)F,706.81,,1,6.77,6.77,1.0,0.0,0,0,True,active_single
CHEMBL212645,O=C(NCC1CCN(C2CCCC2)CC1)[C@H]1CCCN1C(=O)[C@@H]1C[C@@H](O)CN1C(=O)CC(c1ccc(F)cc1)(c1ccc(F)cc1)c1ccc(F)cc1,730.87,,1,9.29,9.29,1.0,0.0,0,0,True,active_single
CHEMBL21328,CN(C)CCN(C)C(=O)C1=C/C(=Cc2cccnc2)c2ccccc21,333.44,,1,4.14,4.14,0.0,1.0,0,0,False,inactive_single
CHEMBL213709,CCN1CCC(CNC(=O)[C@H]2CCCN2C(=O)[C@@H]2C[C@@H](O)CN2C(=O)CC(c2ccc(F)cc2)(c2ccc(F)cc2)c2ccc(F)cc2)CC1,690.81,,1,9.04,9.04,1.0,0.0,0,0,True,active_single
CHEMBL214029,O=C(NCCC1CCNCC1)[C@H]1CCCN1C(=O)[C@@H]1C[C@@H](O)CN1C(=O)CC(c1ccc(F)cc1)(c1ccc(F)cc1)c1ccc(F)cc1,676.78,,1,9.32,9.32,1.0,0.0,0,0,True,active_single
CHEMBL214270,O=C(NCCC1CCNCC1)[C@H]1CCCN1C(=O)[C@@H]1CCCN1C(=O)CC(c1ccccc1)(c1ccccc1)c1ccccc1.O=C(O)C(F)(F)F,720.83,,1,7.54,7.54,1.0,0.0,0,0,True,active_single
CHEMBL214342,CN1CCC(CNC(=O)[C@H]2CCCN2C(=O)[C@@H]2C[C@@H](O)CN2C(=O)CC(c2ccc(F)cc2)(c2ccc(F)cc2)c2ccc(F)cc2)CC1,676.78,,1,9.29,9.29,1.0,0.0,0,0,True,active_single
CHEMBL214642,O=C(NCC1CCNCC1)[C@H]1CCCN1C(=O)[C@@H]1C[C@@H](O)CN1C(=O)CC(c1ccccc1)(c1ccccc1)c1ccccc1,608.78,,1,8.38,8.38,1.0,0.0,0,0,True,active_single
CHEMBL2146598,O=c1[nH]c2ccccc2n1C1CCN(C2CCOCC2)CC1,301.39,,1,5.0,,0.0,1.0,0,0,False,inactive_single
CHEMBL214898,O=C(NCC1CCN(CC2CCCC2)CC1)[C@H]1CCCN1C(=O)[C@@H]1C[C@@H](O)CN1C(=O)CC(c1ccc(F)cc1)(c1ccc(F)cc1)c1ccc(F)cc1,744.9,,1,9.72,9.72,1.0,0.0,0,0,True,active_single
CHEMBL21508,CN(C)CCC1=C/C(=Cc2cccnc2)c2ccccc21,276.38,,1,4.56,4.56,0.0,1.0,0,0,False,inactive_single
CHEMBL21509,CN(C)CCC1=C/C(=Cc2ccccn2)c2ccccc21,276.38,,1,4.67,4.67,0.0,1.0,0,0,False,inactive_single
CHEMBL215180,O=C(NCC1CCNCC1)[C@H]1CCCN1C(=O)[C@@H]1C[C@@H](O)CN1C(=O)CC(c1ccc(F)cc1)(c1ccc(F)cc1)c1ccc(F)cc1,662.75,,3,9.52,9.52,1.0,0.0,0,0,True,active
CHEMBL215189,O=C(NCC1CCN(CC2CCC2)CC1)[C@H]1CCCN1C(=O)[C@@H]1C[C@@H](O)CN1C(=O)CC(c1ccc(F)cc1)(c1ccc(F)cc1)c1ccc(F)cc1,730.87,,1,9.28,9.28,1.0,0.0,0,0,True,active_single
CHEMBL215894,O=C(NC[C@@H]1CCCNC1)[C@H]1CCCN1C(=O)[C@@H]1C[C@@H](O)CN1C(=O)CC(c1ccc(Cl)cc1)(c1ccc(Cl)cc1)c1ccc(Cl)cc1,712.12,,1,8.8,8.8,1.0,0.0,0,0,True,active_single
CHEMBL2165820,CNCCN1CCCc2cc(NC(=N)c3cccs3)ccc21,314.46,,1,4.4,,0.0,1.0,0,0,False,inactive_single
CHEMBL216927,COc1nsnc1OCCOCCOCCOCCOc1nsnc1C1=CCCN(C)C1,487.6,,1,7.6,7.6,1.0,0.0,0,0,True,active_single
CHEMBL216928,COc1nsc(OCCOCCOCCOCCOc2nsnc2C2C=CCCN2C)n1,487.6,,1,6.5,6.5,1.0,0.0,0,0,True,active_single
CHEMBL216983,CN1CCC=C(c2nsnc2OCCOCCOCCOCCO)C1,373.48,,1,6.5,6.5,1.0,0.0,0,0,True,active_single
CHEMBL21731,CNCCCC12CCC(c3ccccc31)c1ccccc12,277.41,MAPROTILINE,2,6.66,6.66,1.0,0.0,0,0,True,active
CHEMBL218755,COc1nsnc1OCCOCCOCCOc1nsnc1C1=CCCN(C)C1,443.55,,1,6.6,6.6,1.0,0.0,0,0,True,active_single
CHEMBL219118,COc1nsc(OCCCOCCCOCCCOc2nsnc2-c2cccnc2)n1,467.57,,1,6.7,6.7,1.0,0.0,0,0,True,active_single
CHEMBL21937,CN(C)CCNC(=O)C1=C/C(=Cc2ccccn2)c2ccccc21,319.41,,1,4.21,4.21,0.0,1.0,0,0,False,inactive_single
CHEMBL219786,C[N+]1(C)CCC[C@H]1[C@H]1CS[C@@](c2ccccc2)(C2CCCCC2)O1.[I-],473.46,,1,9.47,9.47,1.0,0.0,0,0,True,active_single
CHEMBL219825,CN1CCC[C@@H]1[C@@H]1CS[C@@](c2ccccc2)(C2CCCCC2)O1,331.53,,1,8.84,8.84,1.0,0.0,0,0,True,active_single
CHEMBL220393,C[N+]1(C)CCC[C@@H]1[C@@H]1CS[C@](c2ccccc2)(C2CCCCC2)O1.[I-],473.46,,1,8.31,8.31,1.0,0.0,0,0,True,active_single
CHEMBL220553,CN1CCC[C@H]1[C@H]1CNC(=O)O1,170.21,,1,4.0,4.0,0.0,1.0,0,0,False,inactive_single
CHEMBL2205816,OC12C3C4CC5C6C4C1C6C(C53)N2CCc1ccccn1,280.37,,2,6.68,6.68,1.0,0.0,0,0,True,active
CHEMBL2206585,CC(C)OC(=O)c1ccc(NC(=O)N[C@@H](Cc2ccc(O)cc2)C(=O)NCCC[N+](C)(C)Cc2ccc(Cl)cc2)cc1,596.15,,1,6.7,6.7,1.0,0.0,0,0,True,active_single
CHEMBL2206586,CC(C)OC(=O)c1ccc(NC(=O)N[C@@H](Cc2ccc(O)cc2)C(=O)NCC(C)(C)C[N+](C)(C)Cc2ccc(Cl)cc2)cc1,624.2,,1,8.3,8.3,1.0,0.0,0,0,True,active_single
CHEMBL2206587,CC(C)OC(=O)c1ccc(NC(=O)N[C@@H](Cc2ccc(O)cc2)C(=O)N2CC[N+](C)(Cc3ccc4c(c3)OCO4)CC2)cc1,603.7,,1,7.99,7.99,1.0,0.0,0,0,True,active_single
CHEMBL2206588,CC(C)OC(=O)c1ccc(NC(=O)N[C@@H](Cc2ccc(O)cc2)C(=O)N2CC[N+](C)(CC3CCCCC3)CC2)cc1,565.74,,1,7.3,7.3,1.0,0.0,0,0,True,active_single
CHEMBL2206589,CC(C)OC(=O)c1ccc(NC(=O)N[C@@H](Cc2ccc(O)cc2)C(=O)N2CC[N+](Cc3ccc(Cl)cc3)(C(C)C)CC2)cc1,622.19,,1,7.56,7.56,1.0,0.0,0,0,True,active_single
CHEMBL2206590,CC(C)OC(=O)c1ccc(NC(=O)N[C@@H](Cc2ccc(O)cc2)C(=O)N2CC[N+](Cc3ccc(Cl)cc3)(CC3CCCCC3)CC2)cc1,676.28,,1,8.3,8.3,1.0,0.0,0,0,True,active_single
CHEMBL2206591,CC(C)OC(=O)c1ccc(NC(=O)N[C@@H](Cc2ccc(O)cc2)C(=O)N2CC[N+](Cc3ccc(Cl)cc3)(CC3CCc4ccccc4C3)CC2)cc1,724.32,,1,8.3,8.3,1.0,0.0,0,0,True,active_single
CHEMBL2206592,CC(C)OC(=O)c1ccc(NC(=O)N[C@@H](Cc2ccc(O)cc2)C(=O)N2CC[N+](C)(CCc3ccccc3)CC2)cc1,573.71,,1,8.3,8.3,1.0,0.0,0,0,True,active_single
CHEMBL2206595,CC(C)OC(=O)c1ccc(NC(=O)N[C@@H](Cc2ccc(O)cc2)C(=O)NCc2n(Cc3ccc(Cl)cc3)cc[n+]2Cc2ccc(Cl)cc2)cc1,715.66,,1,7.28,7.28,1.0,0.0,0,0,True,active_single
CHEMBL2206596,Cc1csc2n(C)c(CNC(=O)[C@H](Cc3ccc(O)cc3)NC(=O)Nc3ccc(C(=O)OC(C)C)cc3)c[n+]12,550.66,,1,8.3,8.3,1.0,0.0,0,0,True,active_single
CHEMBL2206597,Cc1csc2n(Cc3ccc(Cl)cc3)c(CNC(=O)[C@H](Cc3ccc(O)cc3)NC(=O)Nc3ccc(C(=O)OC(C)C)cc3)c[n+]12,661.2,,1,8.3,8.3,1.0,0.0,0,0,True,active_single
CHEMBL2206598,Cc1c[n+]2cc(CNC(=O)[C@H](Cc3ccc(O)cc3)NC(=O)Nc3ccc(C(=O)OC(C)C)cc3)n(C)c2s1,550.66,,1,8.3,8.3,1.0,0.0,0,0,True,active_single
CHEMBL2206599,CC(C)OC(=O)c1ccc(NC(=O)N[C@@H](Cc2ccc(O)cc2)C(=O)N2CCC[C@H]([N+](C)(C)Cc3ccc(Cl)cc3)C2)cc1,622.19,,1,7.34,7.34,1.0,0.0,0,0,True,active_single
CHEMBL2206600,CC(C)OC(=O)c1ccc(NC(=O)N[C@@H](Cc2ccc(O)cc2)C(=O)N2CCC([N+]3(Cc4ccc(Cl)cc4)CCCC3)CC2)cc1,648.22,,1,7.16,7.16,1.0,0.0,0,0,True,active_single
CHEMBL2206602,CC(C)OC(=O)c1ccc(NC(=O)N[C@@H](Cc2ccc(O)cc2)C(=O)NCC[N+](C)(Cc2ccc(Cl)cc2)Cc2ccc(Cl)cc2)cc1,692.66,,1,7.15,7.15,1.0,0.0,0,0,True,active_single
CHEMBL2206603,CC(C)OC(=O)c1ccc(NC(=O)N[C@@H](Cc2ccc(O)cc2)C(=O)NCC[N+](C)(C)Cc2ccc(Cl)cc2)cc1,582.12,,1,6.85,6.85,1.0,0.0,0,0,True,active_single
CHEMBL2206604,CC[N+](CC)(CCNC(=O)[C@H](Cc1ccc(O)cc1)NC(=O)Nc1ccc(C(=O)OC(C)C)cc1)Cc1ccc(Cl)cc1,610.18,,1,6.65,6.65,1.0,0.0,0,0,True,active_single
CHEMBL2206605,CC(C)OC(=O)c1ccc(NC(=O)N[C@@H](Cc2ccc(O)cc2)C(=O)NCC[N+](C)(Cc2ccc3ccccc3c2)Cc2ccc3ccccc3c2)cc1,723.89,,1,7.09,7.09,1.0,0.0,0,0,True,active_single
CHEMBL2206606,CC(C)OC(=O)c1ccc(NC(=O)N[C@@H](Cc2ccc(O)cc2)C(=O)NCC[N+](C)(C)C23CC4CC(CC(C4)C2)C3)cc1,591.77,,1,8.21,8.21,1.0,0.0,0,0,True,active_single
CHEMBL2206607,CC(C)OC(=O)c1ccc(NC(=O)N[C@@H](Cc2ccc(O)cc2)C(=O)NCC[N+]2(Cc3ccc(Cl)cc3)CCCC2)cc1,608.16,,1,7.35,7.35,1.0,0.0,0,0,True,active_single
CHEMBL2206608,CC(C)OC(=O)c1ccc(NC(=O)N[C@@H](Cc2ccc(O)cc2)C(=O)NCC[N+]2(Cc3ccc(Cl)cc3)CCCCC2)cc1,622.19,,1,7.48,7.48,1.0,0.0,0,0,True,active_single
CHEMBL2206609,CC(C)OC(=O)c1ccc(NC(=O)N[C@@H](Cc2ccc(O)cc2)C(=O)NCC[N+]2(C)CCCCCC2)cc1,525.67,,1,6.8,6.8,1.0,0.0,0,0,True,active_single
CHEMBL2206610,CC(C)OC(=O)c1ccc(NC(=O)N[C@@H](Cc2ccc(O)cc2)C(=O)NCC[N+](C)(C(C)C)C(C)C)cc1,527.69,,1,6.63,6.63,1.0,0.0,0,0,True,active_single
CHEMBL2207177,CC(C)OC(=O)c1ccc(NC(=O)N[C@@H](Cc2ccc(O)cc2)C(=O)N2CCC[C@@H]([N+](C)(C)Cc3ccc(Cl)cc3)C2)cc1,622.19,,1,7.88,7.88,1.0,0.0,0,0,True,active_single
CHEMBL22108,CC(C1=C(CCN(C)C)Cc2ccccc21)c1ccccn1,292.43,DIMETHINDENE,1,6.72,6.72,1.0,0.0,0,0,True,active_single
CHEMBL221400,O=C1NC(c2ccccc2)(c2ccccc2)CN1C1CC2CCC(C1)N2Cc1ccccc1,437.59,,1,8.39,8.39,1.0,0.0,0,0,True,active_single
CHEMBL221401,O=C1NC(c2ccc(F)cc2)(c2ccc(F)cc2)CN1C1CCN(Cc2cccc(F)c2)CC1,465.52,,1,8.32,8.32,1.0,0.0,0,0,True,active_single
CHEMBL221713,O=C1NC(Cc2ccccc2)(Cc2ccccc2)CN1C1CCN(Cc2ccccc2)CC1,439.6,,1,6.82,6.82,1.0,0.0,0,0,True,active_single
CHEMBL221753,CC(C)(C)CC(C)(C)c1ccc(OCCOCC[N+](C)(C)Cc2ccccc2)cc1.[Cl-],448.09,BENZETHONIUM CHLORIDE,2,6.75,6.75,1.0,0.0,0,0,True,active
CHEMBL221775,C[N+]1(Cc2ccccc2)CC[C@@H](N2CC(c3ccccc3)(c3ccccc3)NC2=O)C1,412.56,,1,6.55,6.55,1.0,0.0,0,0,True,active_single
CHEMBL221829,Nc1cccc(CN2CCC(N3CC(c4ccccc4)(c4ccccc4)NC3=O)CC2)c1,426.56,,1,8.1,8.1,1.0,0.0,0,0,True,active_single
CHEMBL222054,C[N+]1(CC(=O)c2ccccn2)CC[C@@H](N2CC(c3ccc(F)cc3)(c3ccc(F)cc3)NC2=O)C1,477.54,,1,8.58,8.58,1.0,0.0,0,0,True,active_single
CHEMBL222090,C[N+]1(C)CCC(N2CC(c3ccccc3)(c3ccccc3)NC2=O)C1,336.46,,1,6.51,6.51,1.0,0.0,0,0,True,active_single
CHEMBL222207,O=C1NC(c2ccccc2)(C2CCCCC2)CN1C1CCN(Cc2cccc(Cl)c2)CC1,452.04,,1,8.18,8.18,1.0,0.0,0,0,True,active_single
CHEMBL222259,C[N+]1(C)CCC[C@@H]1[C@@H]1CS[C@@](c2ccccc2)(C2CCCCC2)O1.[I-],473.46,,1,9.04,9.04,1.0,0.0,0,0,True,active_single
CHEMBL222387,O=C1NC(c2ccccc2)(c2ccccc2)CN1C1CCCN(Cc2ccccc2)CC1,425.58,,1,9.02,9.02,1.0,0.0,0,0,True,active_single
CHEMBL222388,Cc1cccc(CN2CCC(N3CC(c4ccccc4)(c4ccccc4)NC3=O)CC2)c1,425.58,,1,8.63,8.63,1.0,0.0,0,0,True,active_single
CHEMBL222403,Cc1cccc(CN2CCC(N3CC(c4ccccc4)(C4CCCCC4)NC3=O)CC2)c1,431.62,,1,8.34,8.34,1.0,0.0,0,0,True,active_single
CHEMBL222424,O=C1NC(c2ccc(F)cc2)(c2ccc(F)cc2)CN1C1CCN(Cc2ccccc2)CC1,447.53,,1,8.55,8.55,1.0,0.0,0,0,True,active_single
CHEMBL222449,C[N+]1(CC(=O)c2cccc(F)c2)CC[C@@H](N2CC(c3ccc(F)cc3)(c3ccc(F)cc3)NC2=O)C1,494.54,,1,8.52,8.52,1.0,0.0,0,0,True,active_single
CHEMBL222450,C[N+]1(CC(=O)c2ccsc2)CC[C@@H](N2CC(c3ccc(F)cc3)(c3ccc(F)cc3)NC2=O)C1,482.58,,1,8.79,8.79,1.0,0.0,0,0,True,active_single
CHEMBL222634,C[N+]1(CC(=O)Nc2ccccc2)CCC(N2CC(c3ccccc3)(c3ccccc3)NC2=O)C1,455.58,,1,8.04,8.04,1.0,0.0,0,0,True,active_single
CHEMBL222636,C[N+]1(CC(=O)c2ccccc2)CCC(N2CC(c3ccccc3)(c3ccccc3)NC2=O)C1,440.57,,1,8.72,8.72,1.0,0.0,0,0,True,active_single
CHEMBL222689,C[N+]1(C)C2CCC1CC(N1CC(c3ccccc3)(c3ccccc3)NC1=O)C2,376.52,,1,6.82,6.82,1.0,0.0,0,0,True,active_single
CHEMBL222804,O=C1NC(c2ccccc2)(c2ccccc2)CN1C1CCN(Cc2cccc(O)c2)CC1,427.55,,1,8.12,8.12,1.0,0.0,0,0,True,active_single
CHEMBL222860,O=C1NC(c2cccs2)(c2cccs2)CN1C1CCN(Cc2ccccc2)CC1,423.61,,1,8.57,8.57,1.0,0.0,0,0,True,active_single
CHEMBL222874,C[N+]1(CC(=O)c2cccnc2)CC[C@@H](N2CC(c3ccc(F)cc3)(c3ccc(F)cc3)NC2=O)C1,477.54,,1,7.64,7.64,1.0,0.0,0,0,True,active_single
CHEMBL222976,C[N+]1(CCOCc2ccccc2)CCC(N2CC(c3ccccc3)(c3ccccc3)NC2=O)C1,456.61,,1,8.17,8.17,1.0,0.0,0,0,True,active_single
CHEMBL223016,O=C1NC(c2ccccc2)(c2ccccc2)CN1C1CCN(Cc2cccc(Cl)c2)CC1,445.99,,1,8.5,8.5,1.0,0.0,0,0,True,active_single
CHEMBL223017,O=C1NC(c2ccccc2)(c2ccccc2)CN1[C@H]1CCN(Cc2ccccc2)C1,397.52,,1,7.09,7.09,1.0,0.0,0,0,True,active_single
CHEMBL223028,C[N+]1(CCCOc2ccccc2)CCC(N2CC(c3ccccc3)(c3ccccc3)NC2=O)C1,456.61,,1,8.75,8.75,1.0,0.0,0,0,True,active_single
CHEMBL223055,C[N+]1(CCc2ccccc2)CCC(N2CC(c3ccccc3)(c3ccccc3)NC2=O)C1.[Br-],506.49,,1,9.17,9.17,1.0,0.0,0,0,True,active_single
CHEMBL223079,O=C1NC(c2ccc(F)cc2)(c2ccc(F)cc2)CN1C1CCN(Cc2cccc(Cl)c2)CC1,481.97,,1,8.17,8.17,1.0,0.0,0,0,True,active_single
CHEMBL223186,O=C1NC(c2ccccc2)(c2ccccc2)CN1C1CCN(CCc2ccccc2)CC1,425.58,,1,6.93,6.93,1.0,0.0,0,0,True,active_single
CHEMBL223188,O=C1N(C2CCN(Cc3ccccc3)CC2)CC(c2ccccc2)N1Cc1ccccc1,425.58,,1,7.57,7.57,1.0,0.0,0,0,True,active_single
CHEMBL223267,O=C1NC(c2ccccc2)(C2CCCCC2)CN1C1CCN(Cc2ccccc2)CC1,417.6,,1,8.59,8.59,1.0,0.0,0,0,True,active_single
CHEMBL223668,C[N+]1(CCc2ccccc2)CC[C@@H](N2CC(c3ccc(F)cc3)(c3ccc(F)cc3)NC2=O)C1,462.56,,1,9.12,9.12,1.0,0.0,0,0,True,active_single
CHEMBL223925,O=C1NC(c2ccccc2)(c2ccccc2)CN1C1CCN(Cc2cccc(C(F)(F)F)c2)CC1,479.55,,1,7.27,7.27,1.0,0.0,0,0,True,active_single
CHEMBL224783,C[N+]1(CCOc2ccccc2)CC[C@H](N2CC(c3ccccc3)(c3ccccc3)NC2=O)C1,442.58,,1,8.12,8.12,1.0,0.0,0,0,True,active_single
CHEMBL225074,COc1cccc(CN2CCC(N3CC(c4ccccc4)(c4ccccc4)NC3=O)CC2)c1,441.58,,1,8.06,8.06,1.0,0.0,0,0,True,active_single
CHEMBL225387,O=C1OC(c2ccccc2)(c2ccccc2)CN1C1CCN(Cc2ccccc2)CC1,412.53,,1,7.77,7.77,1.0,0.0,0,0,True,active_single
CHEMBL227378,C[C@@H]1COC[C@H](C[N+](C)(C)C)O1.[I-],301.17,,2,4.37,4.44,0.0,1.0,0,0,False,inactive
CHEMBL227429,C[C@H]1COC[C@H](C[N+](C)(C)C)O1.[I-],301.17,,1,4.63,4.63,0.0,1.0,0,0,False,inactive_single
CHEMBL229429,N#Cc1cc(F)cc(C#Cc2csc(CF)n2)c1,260.27,,1,5.0,5.0,0.0,1.0,0,0,False,inactive_single
CHEMBL2308786,CN1[C@@H]2CC[C@H]1C[C@@H](CC(C(=O)NCc1ccccc1)(c1ccccc1)c1ccccc1)C2,438.62,,2,6.08,6.08,1.0,0.0,0,0,True,active
CHEMBL2311547,COc1ccc(CCOC(=O)C2=C(c3cccc(F)c3)CCN(C)C2)cc1OC,399.46,,1,4.0,4.0,0.0,1.0,0,0,False,inactive_single
CHEMBL2312346,COc1ccc(CCOC(=O)C2=C(c3ccccc3)CCN(C)C2)cc1OC,381.47,,2,4.0,4.0,0.0,1.0,0,0,False,inactive
CHEMBL2312347,CN1CCC(c2ccccc2)=C(C(=O)OCCc2cccc3ccccc23)C1,371.48,,1,4.0,4.0,0.0,1.0,0,0,False,inactive_single
CHEMBL2312376,CCN1CCC(c2ccccc2)=C(C(=O)OCCc2ccc3c(c2)CCO3)C1,377.48,,1,4.51,4.51,0.0,1.0,0,0,False,inactive_single
CHEMBL2313377,Cc1nc2sc(C(=O)NC3CC3)c(N)c2c(C)c1Cl,295.8,,1,4.52,,0.0,1.0,0,0,False,inactive_single
CHEMBL232208,COC1CN(c2nc(C3CC3)nc(N3CCCCCC3)c2C)C1,316.45,,1,7.4,7.4,1.0,0.0,0,0,True,active_single
CHEMBL232416,c1c(N2CCCCCC2)nc(C2CC2)nc1N1CCC1,272.4,,1,7.1,7.1,1.0,0.0,0,0,True,active_single
CHEMBL232419,Cc1c(N2CCCCCC2)nc(C2CC2)nc1N1CCC1,286.42,,2,7.8,7.8,1.0,0.0,0,0,True,active
CHEMBL232860,Cc1c(N2CCCCCC2)nc(C2CC2)nc1N1CC(C)C1,300.45,,1,7.7,7.7,1.0,0.0,0,0,True,active_single
CHEMBL233198,CC(C)c1ccc(CCNCC2(N(C)C)COc3ccccc3OC2)cc1,368.52,,1,7.25,7.25,1.0,0.0,0,0,True,active_single
CHEMBL233199,CN(C)C1(CNCCc2c(Cl)cccc2Cl)COc2ccccc2OC1,395.33,,1,7.64,7.64,1.0,0.0,0,0,True,active_single
CHEMBL233200,CN(C)C1(CNCCc2ccccc2F)COc2ccccc2OC1,344.43,,1,7.72,7.72,1.0,0.0,0,0,True,active_single
CHEMBL233201,CN(C)C1(CNCCC2CCSCC2)COc2ccccc2OC1,350.53,,1,8.17,8.17,1.0,0.0,0,0,True,active_single
CHEMBL233202,CN(C)C1(CNCCC2=CCSCC2)COc2ccccc2OC1,348.51,,1,8.24,8.24,1.0,0.0,0,0,True,active_single
CHEMBL234099,Cc1c(N2CCCCCC2)nc(C2CC2)nc1N1CCCC1,300.45,,1,8.89,8.89,1.0,0.0,0,0,True,active_single
CHEMBL234252,CN(C)C1(CNCCc2ccccc2)COc2ccccc2OC1,326.44,,1,7.7,7.7,1.0,0.0,0,0,True,active_single
CHEMBL234253,Cc1ccc(CCNCC2(N(C)C)COc3ccccc3OC2)cc1,340.47,,1,7.74,7.74,1.0,0.0,0,0,True,active_single
CHEMBL234254,CN(C)C1(CNCCc2ccc(Cl)cc2)COc2ccccc2OC1,360.88,,1,7.7,7.7,1.0,0.0,0,0,True,active_single
CHEMBL234255,c1ccc(CCNCC2(N3CCCC3)COc3ccccc3OC2)cc1,352.48,,1,7.0,7.0,1.0,0.0,0,0,True,active_single
CHEMBL234256,c1ccc(CCNCC2(N3CCCCC3)COc3ccccc3OC2)cc1,366.51,,1,7.0,7.0,1.0,0.0,0,0,True,active_single
CHEMBL234257,CN(C)C1(CNCC2CCCCC2)COc2ccccc2OC1,318.46,,1,8.31,8.31,1.0,0.0,0,0,True,active_single
CHEMBL234258,CN(C)C1(CNCCC2CCC(CO)CC2)COc2ccccc2OC1,362.51,,1,8.68,8.68,1.0,0.0,0,0,True,active_single
CHEMBL234260,CN(C)C1(CC2CCCCC2)COc2ccccc2OC1,289.42,,1,7.0,7.0,1.0,0.0,0,0,True,active_single
CHEMBL234438,CN(C)C1(CNCCC2CCCCC2)COc2ccccc2OC1,332.49,,1,8.6,8.6,1.0,0.0,0,0,True,active_single
CHEMBL234439,CN(C)C1(CNCCC2CCCCCC2)COc2ccccc2OC1,346.52,,1,8.57,8.57,1.0,0.0,0,0,True,active_single
CHEMBL234440,CN(C)C1(CNCCC2CCOCC2)COc2cc(Cl)c(Cl)cc2OC1,403.35,,1,9.66,9.66,1.0,0.0,0,0,True,active_single
CHEMBL237067,CC(C)=CCn1c(N2CCC[C@H](N)C2)nc2c1c(=O)n(CC(=O)c1ccccc1)c(=O)n2C,450.54,,1,6.82,6.82,1.0,0.0,0,0,True,active_single
CHEMBL2377261,CC(C)N(CCOC(=O)C(O)(c1ccccc1)c1ccccc1)C(C)C,355.48,,1,7.23,7.23,1.0,0.0,0,0,True,active_single
CHEMBL2377262,CCN(CC)CCOC(=O)c1ccccc1Sc1ccc(Cl)cc1,363.91,,1,6.96,6.96,1.0,0.0,0,0,True,active_single
CHEMBL2377267,CCN(CC)CCOC(=O)C(O)(c1cccs1)C1CCCCC1,339.5,,1,8.18,8.18,1.0,0.0,0,0,True,active_single
CHEMBL2377268,CN1CCC(OC(=O)C(CO)c2cccc(C(F)(F)F)c2)CC1,331.33,,1,7.95,7.95,1.0,0.0,0,0,True,active_single
CHEMBL2377269,CCN(CC)CCOC(=O)C(c1ccccc1)C1(O)CCCCC1,333.47,,1,8.08,8.08,1.0,0.0,0,0,True,active_single
CHEMBL2377383,CC[N+](CC)(CC)CCOC(=O)C(c1ccccc1)c1ccccc1.[I-],467.39,,1,9.27,9.27,1.0,0.0,0,0,True,active_single
CHEMBL2377385,CC[N+](C)(CC)CCOC(=O)C(c1ccccc1)c1ccccc1.[Br-],406.36,,1,6.57,6.57,1.0,0.0,0,0,True,active_single
CHEMBL2377387,CCN(CC)CCSC(=O)C(O)(c1ccccc1)c1ccccc1,343.49,,1,8.51,8.51,1.0,0.0,0,0,True,active_single
CHEMBL2377388,CCN(CC)CCOC(=O)C(O)(c1ccccc1)c1c(C)cccc1C,355.48,,1,6.6,6.6,1.0,0.0,0,0,True,active_single
CHEMBL2377392,CC[C@H](C)C(C(=O)OCCCN(CC)CC)c1ccccc1,305.46,,1,8.22,8.22,1.0,0.0,0,0,True,active_single
CHEMBL2381694,O=C1C(=O)N(CCOc2ccccc2)c2ccc(OC(F)(F)F)cc21,351.28,,1,4.52,,0.0,1.0,0,0,False,inactive_single
CHEMBL239017,Cc1cc(OCC#CCN(C)C)no1.O=C(O)/C=C/C(=O)O,310.31,,1,5.0,5.0,0.0,1.0,0,0,False,inactive_single
CHEMBL2391352,O=C(CN1CCN2CCC[C@@H]2C1)NC1CCCCC1,265.4,,1,4.0,4.0,0.0,1.0,0,0,False,inactive_single
CHEMBL2391353,O=C(CN1CCN2CCC[C@H]2C1)NC1CCCCC1,265.4,,1,4.24,4.24,0.0,1.0,0,0,False,inactive_single
CHEMBL2391356,CC(C)NC(=O)CN1CCNCC1,185.27,,1,4.08,4.08,0.0,1.0,0,0,False,inactive_single
CHEMBL2391357,CN1CCCN(CC(=O)NC2CCCCC2)CC1,253.39,,1,4.0,4.0,0.0,1.0,0,0,False,inactive_single
CHEMBL2391366,CCC(=O)N1CCN(CC(=O)NC(CC)CC)CC1,269.39,,1,4.0,4.0,0.0,1.0,0,0,False,inactive_single
CHEMBL2391367,CCC(=O)N1CCN(CC(=O)NC2CCCCC2)CC1,281.4,,1,4.0,4.0,0.0,1.0,0,0,False,inactive_single
CHEMBL2391368,O=C(CN1CCN(C2CCCC2)CC1)NC1CCCCC1,293.46,,1,4.0,4.0,0.0,1.0,0,0,False,inactive_single
CHEMBL2391374,CC(C)NC(=O)C(C)(C)N1CCN(C2CCCCC2)CC1,295.47,,1,4.0,4.0,0.0,1.0,0,0,False,inactive_single
CHEMBL2391382,CC(C)(C(=O)NC1CCCCC1)N1CCN(C2CCCC2)CC1,321.51,,1,4.0,4.0,0.0,1.0,0,0,False,inactive_single
CHEMBL2391541,C=CCN(CC=C)CCc1c[nH]c2ccc(OC)cc12,270.38,,1,5.0,5.0,0.0,1.0,0,0,False,inactive_single
CHEMBL242345,COc1ccccc1CNCCCCCCN1CCC(CCC2CCN(CCCCCCNCc3ccccc3OC)CC2)CC1,634.99,,1,6.67,6.67,1.0,0.0,0,0,True,active_single
CHEMBL242822,Cc1c(N2CCCCCC2)nc(C2CC2)nc1N1CC(O)C1,302.42,,1,6.8,6.8,1.0,0.0,0,0,True,active_single
CHEMBL242823,Cc1c(N2CCCCCC2)nc(C2CC2)nc1N1CC(Br)C1,365.32,,1,6.7,6.7,1.0,0.0,0,0,True,active_single
CHEMBL2436555,Cl.NC1=Nc2ccc(Cl)cc2CN1,218.09,,1,5.0,5.0,0.0,1.0,0,0,False,inactive_single
CHEMBL24369,CCN(CC)CCCCCOC(=O)C(C)(c1ccccc1)C1CCCCC1,373.58,,1,6.75,6.75,1.0,0.0,0,0,True,active_single
CHEMBL2441750,CN(C)C[C@H]1CN(C)C(=O)O1,158.2,,1,4.0,4.0,0.0,1.0,0,0,False,inactive_single
CHEMBL2441751,CN(C)C[C@@H]1CN(C)C(=O)O1,158.2,,1,4.0,4.0,0.0,1.0,0,0,False,inactive_single
CHEMBL2441752,CN1C[C@@H](C[N+](C)(C)C)OC1=O,173.24,,1,4.0,4.0,0.0,1.0,0,0,False,inactive_single
CHEMBL2441753,CN1C[C@H](C[N+](C)(C)C)OC1=O,173.24,,1,4.0,4.0,0.0,1.0,0,0,False,inactive_single
CHEMBL2441754,CN(C)C[C@@H]1CNC(=O)O1,144.17,,1,4.0,4.0,0.0,1.0,0,0,False,inactive_single
CHEMBL2441755,CN(C)C[C@H]1CNC(=O)O1,144.17,,1,4.0,4.0,0.0,1.0,0,0,False,inactive_single
CHEMBL2441756,C[N+](C)(C)C[C@@H]1CNC(=O)O1,159.21,,1,4.0,4.0,0.0,1.0,0,0,False,inactive_single
CHEMBL2441757,C[N+](C)(C)C[C@H]1CNC(=O)O1,159.21,,1,4.0,4.0,0.0,1.0,0,0,False,inactive_single
CHEMBL2441758,CN1CCC[C@H]1COC(N)=O,158.2,,1,4.0,4.0,0.0,1.0,0,0,False,inactive_single
CHEMBL2441759,C[N+]1(C)CCC[C@H]1COC(N)=O,173.24,,1,4.0,4.0,0.0,1.0,0,0,False,inactive_single
CHEMBL2441760,CN1CCC[C@H]1[C@@H]1COC(=O)N1,170.21,,1,4.0,4.0,0.0,1.0,0,0,False,inactive_single
CHEMBL2441761,CN1CCC[C@H]1[C@H]1COC(=O)N1,170.21,,1,4.0,4.0,0.0,1.0,0,0,False,inactive_single
CHEMBL2449003,CN1[C@@H]2CC[C@H]1CC(OC(=O)[C@H](CO)c1ccccc1)C2,289.38,ENDO-ATROPINE,2,9.57,9.57,1.0,0.0,0,0,True,active
CHEMBL250699,COc1cc(NC(=O)c2ccc(-c3ccc(Cl)cc3)o2)cc(OC)c1,357.79,,1,5.0,5.0,0.0,1.0,0,0,False,inactive_single
CHEMBL254586,C[N+]1(CCCC(O)(c2ccccc2)c2ccccc2)CCCCC1.[I-],451.39,,1,6.56,6.56,1.0,0.0,0,0,True,active_single
CHEMBL254656,CN1[C@@H]2CC[C@H]1CC(OC(=O)C(CO)c1ccccc1)C2,289.38,,1,8.49,8.49,1.0,0.0,0,0,True,active_single
CHEMBL255692,CN(CCCC(O)(c1ccccc1)c1ccccc1)CCN(C)CCCC(O)(c1ccccc1)c1ccccc1.Cl.Cl,609.68,,1,3.42,3.42,0.0,1.0,0,0,False,inactive_single
CHEMBL257431,CCCCN(CCCC)c1ccc(/C=C/c2cc[n+](CCC[N+](CC)(CC)CC)cc2)cc1.[Br-].[Br-],611.55,,1,7.52,7.52,1.0,0.0,0,0,True,active_single
CHEMBL257586,C[N+](C)(CCCC(O)(c1ccccc1)c1ccccc1)CC[N+](C)(C)CCCC(O)(c1ccccc1)c1ccccc1.[I-].[I-],820.64,,1,4.36,4.36,0.0,1.0,0,0,False,inactive_single
CHEMBL257643,CCN(CC)c1ccc(/C=C/c2cc[n+](CCC[N+](CC)(CC)CC)cc2)cc1.[Br-].[Br-],555.44,,1,7.62,7.62,1.0,0.0,0,0,True,active_single
CHEMBL258959,COC1(C#CC(C#N)(c2ccccc2)c2ccccc2)CN2CCC1CC2,356.47,,1,8.6,8.6,1.0,0.0,0,0,True,active_single
CHEMBL260228,CO[C@]1(C#C[C@@](O)(c2ccccc2)C2CCCCCCC2)CN2CCC1CC2,381.56,,1,8.6,8.6,1.0,0.0,0,0,True,active_single
CHEMBL262198,CCN1CCC(c2ccccc2)=C(C(=O)OCCc2ccccc2)C1.O=C(O)C(=O)O,425.48,,1,7.0,7.0,1.0,0.0,0,0,True,active_single
CHEMBL263040,NCCCCC1CCN(C(=O)[C@](O)(c2ccccc2)[C@@H]2CCC(F)(F)C2)CC1,394.51,,1,7.12,7.12,1.0,0.0,0,0,True,active_single
CHEMBL264414,CO[C@]1(C#C[C@@](O)(c2ccccc2)C2CCCCCC2)CN2CCC1CC2,367.53,,1,8.7,8.7,1.0,0.0,0,0,True,active_single
CHEMBL264676,CO[C@]1(C#C[C@](O)(c2ccccc2)C2CCCCCCC2)CN2CCC1CC2,381.56,,1,9.5,9.5,1.0,0.0,0,0,True,active_single
CHEMBL265256,CN(CCCCCCCCN(C)CCCCCCN(CC(=O)N1c2ccccc2C(=O)Nc2cccnc21)CC(=O)N1c2ccccc2C(=O)Nc2cccnc21)CCCCCCNCC(=O)N1c2ccccc2C(=O)Nc2cccnc21,1124.4,TRIPITRAMINE,2,7.12,7.12,1.0,0.0,0,0,True,active
CHEMBL267014,Clc1ccc(N2CCN(Cc3c[nH]c4ncccc34)CC2)cc1,326.83,L-745870,1,5.0,5.0,0.0,1.0,0,0,False,inactive_single
CHEMBL268175,C=CCOc1noc2c1CNCC2.Cl,216.67,,1,4.89,,0.0,1.0,0,0,False,inactive_single
CHEMBL269280,O=C1NC(c2ccccc2)(c2ccccc2)CN1C1CCN(Cc2ccc(Cl)cc2)CC1,445.99,,1,7.78,7.78,1.0,0.0,0,0,True,active_single
CHEMBL271108,CC(C)N(CC[C@H](c1ccccc1)c1cc(CCNC(=O)CCCCCNC(=O)COc2ccc(/C=C/C3=[N+]4C(=Cc5ccc(-c6cccs6)n5[B-]4(F)F)C=C3)cc2)ccc1O)C(C)C,899.96,,1,7.99,7.99,1.0,0.0,0,0,True,active_single
CHEMBL271519,CCN1CCN(c2ccc(NC(=O)c3ccccc3)cc2Cl)CC1,343.86,,1,5.0,5.0,0.0,1.0,0,0,False,inactive_single
CHEMBL273586,c1ccc2c(c1)C(=C1CN3CCC1CC3)c1ccccc1-2,273.38,,1,7.0,7.0,1.0,0.0,0,0,True,active_single
CHEMBL275914,O=C(NC[C@H]1CCCNC1)[C@H]1CCCN1C(=O)[C@@H]1CCCN1C(=O)CC(c1ccccc1)(c1ccccc1)c1ccccc1,592.78,,1,7.0,7.0,1.0,0.0,0,0,True,active_single
CHEMBL27673,COc1ccccc1CNCCCCCCNCCCCCCCCNCCCCCCNCc1ccccc1OC,582.92,METHOCTRAMINE,2,6.42,6.42,1.0,0.0,0,0,True,active
CHEMBL277642,C[C@@H]1OC(=O)[C@H]2C[C@H]3CCCC[C@@H]3[C@@H](/C=C/[C@H]3CCC[C@H](C)N3C)[C@@H]12,345.53,HIMBACINE,4,7.0,7.0,1.0,0.0,0,0,True,active
CHEMBL278129,CN(C)CCOC(=O)C1=C/C(=Cc2ccncc2)c2ccccc21,320.39,,1,4.82,4.82,0.0,1.0,0,0,False,inactive_single
CHEMBL279105,CSc1nsnc1C1=C(C)CCN(C)C1,241.38,,1,4.0,4.0,0.0,1.0,0,0,False,inactive_single
CHEMBL279225,CN(C)CCN(C)C(=O)C1=C/C(=Cc2ccccn2)c2ccccc21,333.44,,1,4.2,4.2,0.0,1.0,0,0,False,inactive_single
CHEMBL279453,CCCN(CCC)CC1CCCCN1CCNC(=O)N1c2ccccc2C(=O)Nc2cccnc21,478.64,,1,7.18,7.18,1.0,0.0,0,0,True,active_single
CHEMBL279520,CN(C)CCNC(=O)C1=C/C(=Cc2cccnc2)c2ccccc21,319.41,,1,4.39,4.39,0.0,1.0,0,0,False,inactive_single
CHEMBL280220,CCCc1c(C(=O)OCC)c2c3c(ccc2n1C)OC1c2ccc(SC)cc2CCN1C3,450.6,,1,6.64,6.64,1.0,0.0,0,0,True,active_single
CHEMBL280684,CN(C)CCOC(=O)C1=C/C(=Cc2cccnc2)c2ccccc21,320.39,,1,5.0,5.0,0.0,1.0,0,0,False,inactive_single
CHEMBL282424,Fc1ccccc1N1CCN(Cc2c[nH]c3ncccc23)CC1,310.38,,1,5.0,5.0,0.0,1.0,0,0,False,inactive_single
CHEMBL282829,CCc1ccc(N2CCN(Cc3c[nH]c4ncccc34)CC2)cc1,320.44,,1,5.0,5.0,0.0,1.0,0,0,False,inactive_single
CHEMBL283036,FC(F)(F)c1ccc(N2CCN(Cc3c[nH]c4ncccc34)CC2)cc1,360.38,,1,5.0,5.0,0.0,1.0,0,0,False,inactive_single
CHEMBL283320,CN(C)CCNC(=O)C1=C/C(=Cc2ccncc2)c2ccccc21,319.41,,1,4.34,4.34,0.0,1.0,0,0,False,inactive_single
CHEMBL284137,CCN(CC)CCCOC(=O)C(C)(c1ccccc1)C1CCCCC1,345.53,,1,8.4,8.4,1.0,0.0,0,0,True,active_single
CHEMBL285440,CN(C)CCCCOC(=O)C(C)(c1ccccc1)C1CCCCC1,331.5,,1,7.51,7.51,1.0,0.0,0,0,True,active_single
CHEMBL285898,CCN(CC)CCCCOC(=O)C(C)(c1ccccc1)C1CCCCC1,359.55,,1,6.8,6.8,1.0,0.0,0,0,True,active_single
CHEMBL286008,CN(C)CCCOC(=O)C(C)(c1ccccc1)C1CCCCC1,317.47,,1,8.77,8.77,1.0,0.0,0,0,True,active_single
CHEMBL28607,COc1ccc(N2CCN(Cc3c[nH]c4ncccc34)CC2)cc1,322.41,,1,5.0,5.0,0.0,1.0,0,0,False,inactive_single
CHEMBL28651,CSc1ccc(N2CCN(Cc3c[nH]c4ncccc34)CC2)cc1,338.48,,1,5.0,5.0,0.0,1.0,0,0,False,inactive_single
CHEMBL287671,c1ccc(-c2ccc(N3CCN(Cc4c[nH]c5ncccc45)CC3)cc2)cc1,368.48,,1,5.0,5.0,0.0,1.0,0,0,False,inactive_single
CHEMBL28833,CCCc1ccc(N2CCN(Cc3c[nH]c4ncccc34)CC2)cc1,334.47,,1,5.0,5.0,0.0,1.0,0,0,False,inactive_single
CHEMBL28997,Fc1ccc(N2CCN(Cc3c[nH]c4ncccc34)CC2)cc1,310.38,,1,5.0,5.0,0.0,1.0,0,0,False,inactive_single
CHEMBL294649,Cn1cc(C(=O)C(=O)N[C@H]2CN3CCC2CC3)c2ccccc21,311.38,,1,4.3,4.3,0.0,1.0,0,0,False,inactive_single
CHEMBL294726,COc1ccc2c(c1)CCN1Cc3c(ccc4[nH]c(C)cc34)OC21,320.39,,1,4.82,4.82,0.0,1.0,0,0,False,inactive_single
CHEMBL295388,CCN(CC)CCCCC1CCN(CC(=O)N2c3ccccc3NC(=O)c3ccccc32)CC1,462.64,,1,8.0,8.0,1.0,0.0,0,0,True,active_single
CHEMBL296419,COc1ccc(CCN2CCC(Nc3nc4ccccc4n3Cc3ccc(F)cc3)CC2)cc1,458.58,ASTEMIZOLE,2,6.41,6.41,1.0,0.0,0,0,True,active
CHEMBL29808,C=Cc1ccc(N2CCN(Cc3c[nH]c4ncccc34)CC2)cc1,318.42,,1,5.0,5.0,0.0,1.0,0,0,False,inactive_single
CHEMBL298612,Cn1cc(C(=O)C(=O)N[C@@H]2CN3CCC2CC3)c2ccccc21,311.38,,1,4.5,4.5,0.0,1.0,0,0,False,inactive_single
CHEMBL300987,CCOC(=O)c1c(C)[nH]c2ccc3c(c12)CN1CCc2ccc(OC)cc2C1O3,392.46,,1,4.97,4.97,0.0,1.0,0,0,False,inactive_single
CHEMBL301265,CCCN[C@H]1CCc2nc(N)sc2C1,211.33,PRAMIPEXOLE,1,5.0,5.0,0.0,1.0,0,0,False,inactive_single
CHEMBL302145,NCc1cccc(NC(=O)[C@](O)(c2ccccc2)[C@@H]2CCC(F)(F)C2)c1,360.4,,1,7.03,7.03,1.0,0.0,0,0,True,active_single
CHEMBL302809,CC1(CCN)CCN(C(=O)[C@](O)(c2ccccc2)[C@@H]2CCC(F)(F)C2)CC1,380.48,,1,8.48,8.48,1.0,0.0,0,0,True,active_single
CHEMBL3039518,COc1cc(NC(=O)CCN2CCC(OC(=O)Nc3ccccc3-c3ccccc3)CC2)c(Cl)cc1CNC[C@H](O)c1ccc(O)c2[nH]c(=O)ccc12,740.26,BATEFENTEROL,2,8.75,8.75,1.0,0.0,0,0,True,active
CHEMBL305531,NCC1CCN(C(=O)[C@](O)(c2ccccc2)[C@@H]2CCC(F)(F)C2)C1,338.4,,1,8.54,8.54,1.0,0.0,0,0,True,active_single
CHEMBL305660,CC(C)(C)c1ccc(C(=O)CCCN2CCC(OC(c3ccccc3)c3ccccc3)CC2)cc1,469.67,EBASTINE,2,6.53,6.53,1.0,0.0,0,0,True,active
CHEMBL306903,O=C(NCC1CCNCC1)[C@](O)(c1ccccc1)[C@@H]1CCC(F)(F)C1,352.43,,1,7.77,7.77,1.0,0.0,0,0,True,active_single
CHEMBL30713,CC(N)Cc1c[nH]c2ccccc12,174.25,,1,5.0,5.0,0.0,1.0,0,0,False,inactive_single
CHEMBL307554,O=C(Nc1ccc2c(c1)CNC2)[C@](O)(c1ccccc1)[C@@H]1CCC(F)(F)C1,372.42,,1,6.54,6.54,1.0,0.0,0,0,True,active_single
CHEMBL307810,COc1ccc([S+]([O-])c2ccc(C(C)N3CCN(C4CCCCC4)CC3)cc2)cc1,426.63,,1,9.01,9.01,1.0,0.0,0,0,True,active_single
CHEMBL3084394,CN1[C@@H]2CC[C@H]1C[C@@H](CCC(O)(c1ccccc1)c1ccccc1)C2,335.49,,1,6.87,6.87,1.0,0.0,0,0,True,active_single
CHEMBL3084395,CN1[C@@H]2CC[C@H]1C[C@@H](CC(O)(c1ccccc1)c1ccccn1)C2,322.45,,1,7.72,7.72,1.0,0.0,0,0,True,active_single
CHEMBL3084396,CN1[C@@H]2CC[C@H]1C[C@@H](CC(O)(c1cccs1)c1cccs1)C2,333.52,,1,8.0,8.0,1.0,0.0,0,0,True,active_single
CHEMBL3084397,CCC(O)(C[C@H]1C[C@H]2CC[C@@H](C1)N2C)c1ccccc1,273.42,,1,6.87,6.87,1.0,0.0,0,0,True,active_single
CHEMBL3084398,C[N+]1(C)[C@@H]2CC[C@H]1C[C@@H](C=C(c1ccccc1)c1ccccc1)C2.[Br-],398.39,,1,8.0,8.0,1.0,0.0,0,0,True,active_single
CHEMBL3084399,Cc1ccccc1C(O)(C[C@H]1C[C@H]2CC[C@@H](C1)[N+]2(C)C)c1ccccc1C.[Br-],444.46,,1,8.0,8.0,1.0,0.0,0,0,True,active_single
CHEMBL3084400,COc1ccccc1C(O)(C[C@H]1C[C@H]2CC[C@@H](C1)[N+]2(C)C)c1ccccc1OC.[Br-],476.46,,1,5.0,5.0,0.0,1.0,0,0,False,inactive_single
CHEMBL3084401,C[N+]1(C)[C@@H]2CC[C@H]1C[C@@H](CC(O)(c1cccc(F)c1)c1cccc(F)c1)C2.[I-],499.38,,1,7.96,7.96,1.0,0.0,0,0,True,active_single
CHEMBL3084402,C[N+]1(C)[C@@H]2CC[C@H]1C[C@@H](CC(O)(c1cccc(Cl)c1)c1cccc(Cl)c1)C2.[I-],532.29,,1,7.6,7.6,1.0,0.0,0,0,True,active_single
CHEMBL3084403,COc1ccc(C(O)(C[C@H]2C[C@H]3CC[C@@H](C2)[N+]3(C)C)c2ccc(OC)cc2)cc1.[Br-],476.46,,1,5.0,5.0,0.0,1.0,0,0,False,inactive_single
CHEMBL3084404,C[N+]1(C)[C@@H]2CC[C@H]1C[C@@H](CC(O)(c1ccc(Cl)cc1)c1ccc(Cl)cc1)C2.[I-],532.29,,1,7.13,7.13,1.0,0.0,0,0,True,active_single
CHEMBL3084405,Cc1c(F)cccc1C(O)(C[C@H]1C[C@H]2CC[C@@H](C1)[N+]2(C)C)c1cccc(F)c1C.[Br-],480.44,,1,7.19,7.19,1.0,0.0,0,0,True,active_single
CHEMBL3084406,Cc1ccc(F)cc1C(O)(C[C@H]1C[C@H]2CC[C@@H](C1)[N+]2(C)C)c1cc(F)ccc1C.[Br-],480.44,,1,7.43,7.43,1.0,0.0,0,0,True,active_single
CHEMBL3084407,C[N+]1(C)[C@@H]2CC[C@H]1C[C@@H](CC(O)(c1cc(F)cc(F)c1)c1cc(F)cc(F)c1)C2.[Br-],488.36,,1,6.95,6.95,1.0,0.0,0,0,True,active_single
CHEMBL3084408,C[N+]1(C)[C@@H]2CC[C@H]1C[C@@H](CC(O)(c1ccc(F)c(F)c1)c1ccc(F)c(F)c1)C2.[Br-],488.36,,1,6.54,6.54,1.0,0.0,0,0,True,active_single
CHEMBL3084409,C[N+]1(C)[C@@H]2CC[C@H]1C[C@@H](CC(C(N)=O)(c1ccccc1)c1ccccc1)C2.[I-],490.43,,1,8.0,8.0,1.0,0.0,0,0,True,active_single
CHEMBL3084410,C[N+]1(C)[C@@H]2CC[C@H]1C[C@@H](CC(O)(c1cccs1)c1cccs1)C2.[Br-],428.46,,1,8.0,8.0,1.0,0.0,0,0,True,active_single
CHEMBL3084411,C[N+]1(C)[C@@H]2CC[C@H]1C[C@@H](CC(O)(c1ccsc1)c1ccsc1)C2.[I-],475.46,,1,7.77,7.77,1.0,0.0,0,0,True,active_single
CHEMBL3084412,Cc1cc(C(O)(C[C@H]2C[C@H]3CC[C@@H](C2)[N+]3(C)C)c2csc(C)c2)cs1.[Br-],456.52,,1,7.19,7.19,1.0,0.0,0,0,True,active_single
CHEMBL3084413,C[N+]1(C)[C@@H]2CC[C@H]1C[C@@H](C=C(c1cccs1)c1cccs1)C2.[Br-],410.45,,2,8.67,8.67,1.0,0.0,0,0,True,active
CHEMBL3084414,Cc1ccccc1C(=C[C@H]1C[C@H]2CC[C@@H](C1)[N+]2(C)C)c1ccccc1C.[Br-],426.44,,1,8.0,8.0,1.0,0.0,0,0,True,active_single
CHEMBL3084415,C[N+]1(C)[C@@H]2CCC[C@H]1C[C@@H](CC(O)(c1cccs1)c1cccs1)C2.[I-],489.49,,1,8.0,8.0,1.0,0.0,0,0,True,active_single
CHEMBL3084416,Cc1ccccc1C(O)(C[C@H]1C[C@H]2CCC[C@@H](C1)[N+]2(C)C)c1ccccc1C.[I-],505.48,,1,7.64,7.64,1.0,0.0,0,0,True,active_single
CHEMBL3084417,C[N+]1(C)[C@@H]2CCC[C@H]1C[C@H](CC(O)(c1ccccc1)c1ccccc1)C2.[Br-],430.43,,1,8.0,8.0,1.0,0.0,0,0,True,active_single
CHEMBL3084418,C[N+]1(C)[C@@H]2CCC[C@H]1C[C@H](C=C(c1cccs1)c1cccs1)C2.[Br-],424.47,,1,8.0,8.0,1.0,0.0,0,0,True,active_single
CHEMBL3084419,CN1[C@@H]2CC[C@H]1C[C@@H](CC(C(N)=O)(c1ccccc1)c1ccccc1)C2,348.49,,1,8.0,8.0,1.0,0.0,0,0,True,active_single
CHEMBL3084447,CCOC(=O)N1C[C@H]2CC[C@@H](C1)[C@H]2NCCNC(=O)c1ccccc1,345.44,,1,5.0,5.0,0.0,1.0,0,0,False,inactive_single
CHEMBL3084457,CC[N+]1(C)[C@@H]2CC[C@H]1C[C@@H](CC(C#N)(c1ccccc1)c1ccccc1)C2.[Br-],439.44,,1,8.0,8.0,1.0,0.0,0,0,True,active_single
CHEMBL3084458,CCC[N+]1(C)[C@@H]2CC[C@H]1C[C@@H](CC(C#N)(c1ccccc1)c1ccccc1)C2.[Br-],453.47,,1,8.0,8.0,1.0,0.0,0,0,True,active_single
CHEMBL3084459,C[N+]1(CC2CC2)[C@@H]2CC[C@H]1C[C@@H](CC(C#N)(c1ccccc1)c1ccccc1)C2.[Br-],465.48,,1,8.0,8.0,1.0,0.0,0,0,True,active_single
CHEMBL3084460,C[N+]1(CCO)[C@@H]2CC[C@H]1C[C@@H](CC(C#N)(c1ccccc1)c1ccccc1)C2.[Br-],455.44,,1,8.0,8.0,1.0,0.0,0,0,True,active_single
CHEMBL3084461,C=CC[N+]1(C)[C@@H]2CC[C@H]1C[C@@H](CC(C#N)(c1ccccc1)c1ccccc1)C2.[I-],498.45,,1,8.0,8.0,1.0,0.0,0,0,True,active_single
CHEMBL3084462,COCC[N+]1(C)[C@@H]2CC[C@H]1C[C@@H](CC(C#N)(c1ccccc1)c1ccccc1)C2.[Br-],469.47,,1,8.0,8.0,1.0,0.0,0,0,True,active_single
CHEMBL3084463,C[N+]1(CCCC#N)[C@@H]2CC[C@H]1C[C@@H](CC(C#N)(c1ccccc1)c1ccccc1)C2.[Br-],478.48,,1,8.0,8.0,1.0,0.0,0,0,True,active_single
CHEMBL3084464,C[N+]1(CC2CCCCC2)[C@@H]2CC[C@H]1C[C@@H](CC(C#N)(c1ccccc1)c1ccccc1)C2.[Br-],507.56,,1,7.05,7.05,1.0,0.0,0,0,True,active_single
CHEMBL3084465,C[N+]1(Cc2ccccc2)[C@@H]2CC[C@H]1C[C@@H](CC(C#N)(c1ccccc1)c1ccccc1)C2.[Br-],501.51,,1,6.5,6.5,1.0,0.0,0,0,True,active_single
CHEMBL3084466,C[N+]1(CCC2CCCCC2)[C@@H]2CC[C@H]1C[C@@H](CC(C#N)(c1ccccc1)c1ccccc1)C2.[Br-],521.59,,1,6.96,6.96,1.0,0.0,0,0,True,active_single
CHEMBL3084467,C=CCCCC[N+]1(C)[C@@H]2CC[C@H]1C[C@@H](CC(C#N)(c1ccccc1)c1ccccc1)C2.[Br-],493.53,,1,7.07,7.07,1.0,0.0,0,0,True,active_single
CHEMBL3084468,COCCOCC[N+]1(C)[C@@H]2CC[C@H]1C[C@@H](CC(C#N)(c1ccccc1)c1ccccc1)C2.[Br-],513.52,,1,8.0,8.0,1.0,0.0,0,0,True,active_single
CHEMBL3084469,CCCCCCCCCCCC[N+]1(C)[C@@H]2CC[C@H]1C[C@H](CC(C#N)(c1ccccc1)c1ccccc1)C2.[Br-],579.71,,1,7.19,7.19,1.0,0.0,0,0,True,active_single
CHEMBL3084639,CN1[C@@H]2CC[C@H]1C[C@@H](CC(c1ccccc1)(c1ccccc1)c1ccccc1)C2,381.56,,2,6.69,6.69,1.0,0.0,0,0,True,active
CHEMBL3084643,C[N+]1(C)[C@@H]2CC[C@H]1C[C@@H](CC(CO)(c1ccccc1)c1ccccc1)C2.[Br-],430.43,,3,8.0,8.0,1.0,0.0,0,0,True,active
CHEMBL3084650,CN1[C@@H]2CC[C@H]1C[C@@H](CC(C#N)(c1ccccc1)c1ccccc1)C2,330.48,,3,8.0,8.0,1.0,0.0,0,0,True,active
CHEMBL3084658,C[N+]1(C)[C@@H]2CC[C@H]1C[C@@H](CC(O)(c1ccccc1)c1ccccc1)C2.[Br-],416.4,,3,8.0,8.0,1.0,0.0,0,0,True,active
CHEMBL3084662,CN1[C@@H]2CC[C@H]1C[C@@H](CC(O)(c1ccccc1)c1ccccc1)C2,321.46,,4,8.0,8.0,1.0,0.0,0,0,True,active
CHEMBL3084678,CN1[C@@H]2CC[C@H]1C[C@@H](CC(C(=O)O)(c1ccccc1)c1ccccc1)C2,349.47,,2,6.16,6.16,1.0,0.0,0,0,True,active
CHEMBL3084679,CN1[C@@H]2CC[C@H]1C[C@@H](CC(CO)(c1ccccc1)c1ccccc1)C2,335.49,,3,8.0,8.0,1.0,0.0,0,0,True,active
CHEMBL3084748,O=C(O[C@H]1C[C@H]2CC[C@@H](C1)[N+]21CCCC1)C(O)(c1ccccc1)c1ccccc1.[Cl-],427.97,TROSPIUM CHLORIDE,1,8.99,8.99,1.0,0.0,0,0,True,active_single
CHEMBL3085058,C[N+]1(C)[C@@H]2CC[C@H]1C[C@H](OC(=O)N(Cc1ccccc1)c1ccccc1)C2.[Br-],445.4,,1,8.34,8.34,1.0,0.0,0,0,True,active_single
CHEMBL3085059,C[N+]1(C)[C@@H]2CC[C@H]1C[C@H](OC(=O)N(Cc1cccs1)c1ccccc1)C2.[Br-],451.43,,1,8.64,8.64,1.0,0.0,0,0,True,active_single
CHEMBL3085060,C[N+]1(C)[C@@H]2CC[C@H]1C[C@@H](OC(=O)N(Cc1ccsc1)c1ccccc1)C2.[Br-],451.43,,1,8.55,8.55,1.0,0.0,0,0,True,active_single
CHEMBL3085061,C[N+]1(C)[C@@H]2CC[C@H]1C[C@H](OC(=O)N(Cc1ccc(Br)cc1)c1ccccc1)C2.[Br-],524.3,,1,7.25,7.25,1.0,0.0,0,0,True,active_single
CHEMBL3085062,COc1ccc(CN(C(=O)O[C@H]2C[C@H]3CC[C@@H](C2)[N+]3(C)C)c2ccccc2)cc1.[Br-],475.43,,1,6.81,6.81,1.0,0.0,0,0,True,active_single
CHEMBL3085067,Cc1ccc(CN(C(=O)O[C@@H]2C[C@H]3CC[C@@H](C2)[N+]3(C)C)c2ccccc2)s1.[Br-],465.46,,1,7.67,7.67,1.0,0.0,0,0,True,active_single
CHEMBL3085068,Cc1ccsc1CN(C(=O)O[C@H]1C[C@H]2CC[C@@H](C1)[N+]2(C)C)c1ccccc1.[Br-],465.46,,1,8.19,8.19,1.0,0.0,0,0,True,active_single
CHEMBL3085069,C[N+]1(C)[C@@H]2CC[C@H]1C[C@H](OC(=O)N(Cc1ccoc1)c1ccccc1)C2.[Br-],435.36,,1,7.8,7.8,1.0,0.0,0,0,True,active_single
CHEMBL3085070,Cc1ccoc1CN(C(=O)O[C@H]1C[C@H]2CC[C@@H](C1)[N+]2(C)C)c1ccccc1.[Br-],449.39,,1,7.37,7.37,1.0,0.0,0,0,True,active_single
CHEMBL3085071,C[N+]1(C)[C@@H]2CC[C@H]1C[C@H](OC(=O)N(Cc1ccccc1)c1cccs1)C2.[Br-],451.43,,1,8.52,8.52,1.0,0.0,0,0,True,active_single
CHEMBL3085072,C[N+]1(C)[C@@H]2CC[C@H]1C[C@H](OC(=O)N(Cc1ccccc1)c1ccsc1)C2.[Br-],451.43,,1,8.7,8.7,1.0,0.0,0,0,True,active_single
CHEMBL3085073,C[N+]1(C)[C@@H]2CC[C@H]1C[C@@H](OC(=O)N(Cc1ccsc1)c1ccsc1)C2.[Br-],457.46,,1,9.0,9.0,1.0,0.0,0,0,True,active_single
CHEMBL3085074,C[N+]1(C)[C@@H]2CC[C@H]1C[C@H](OC(=O)N(CC1CCCCC1)c1ccsc1)C2.[Br-],457.48,,1,7.95,7.95,1.0,0.0,0,0,True,active_single
CHEMBL3085075,C[N+]1(C)[C@@H]2CC[C@H]1C[C@@H](OC(=O)N(Cc1cccc(C#N)c1)c1ccsc1)C2.[Br-],476.44,,1,6.86,6.86,1.0,0.0,0,0,True,active_single
CHEMBL3085076,CN1[C@@H]2CC[C@H]1C[C@H](OC(=O)N(Cc1ccccc1)c1ccccc1)C2,350.46,,1,7.13,7.13,1.0,0.0,0,0,True,active_single
CHEMBL3085077,CN1[C@@H]2CC[C@H]1C[C@H](OC(=O)N(Cc1cccs1)c1ccccc1)C2,356.49,,1,7.69,7.69,1.0,0.0,0,0,True,active_single
CHEMBL3085078,CN1[C@@H]2CC[C@H]1C[C@@H](OC(=O)N(Cc1ccsc1)c1ccccc1)C2,356.49,,1,7.56,7.56,1.0,0.0,0,0,True,active_single
CHEMBL3085085,Cc1ccc(CN(C(=O)O[C@@H]2C[C@H]3CC[C@@H](C2)N3C)c2ccccc2)s1,370.52,,1,6.58,6.58,1.0,0.0,0,0,True,active_single
CHEMBL3085086,Cc1ccsc1CN(C(=O)O[C@H]1C[C@H]2CC[C@@H](C1)N2C)c1ccccc1,370.52,,1,6.97,6.97,1.0,0.0,0,0,True,active_single
CHEMBL3085087,CN1[C@@H]2CC[C@H]1C[C@H](OC(=O)N(Cc1ccoc1)c1ccccc1)C2,340.42,,1,7.24,7.24,1.0,0.0,0,0,True,active_single
CHEMBL3085089,CN1[C@@H]2CC[C@H]1C[C@H](OC(=O)N(Cc1ccccc1)c1cccs1)C2,356.49,,1,7.64,7.64,1.0,0.0,0,0,True,active_single
CHEMBL3085090,CN1[C@@H]2CC[C@H]1C[C@H](OC(=O)N(Cc1ccccc1)c1ccsc1)C2,356.49,,1,7.96,7.96,1.0,0.0,0,0,True,active_single
CHEMBL3085091,CN1[C@@H]2CC[C@H]1C[C@H](OC(=O)N(Cc1ccsc1)c1ccsc1)C2,362.52,,1,8.14,8.14,1.0,0.0,0,0,True,active_single
CHEMBL3085092,CN1[C@@H]2CC[C@H]1C[C@@H](OC(=O)N(CC1CCCCC1)c1ccsc1)C2,362.54,,1,6.96,6.96,1.0,0.0,0,0,True,active_single
CHEMBL3085093,CN1[C@@H]2CC[C@H]1C[C@@H](OC(=O)N(Cc1ccc(C#N)cc1)c1ccsc1)C2,381.5,,1,6.86,6.86,1.0,0.0,0,0,True,active_single
CHEMBL308566,C=C(c1ccc(S(=O)(=O)c2ccc(OC)cc2)cc1)C1CCN(C2CCN(C(=O)OCC)CC2)CC1,512.67,,1,8.43,8.43,1.0,0.0,0,0,True,active_single
CHEMBL3087229,O=C(O[C@H]1C[N+]2(CCCc3ccncc3)CCC1CC2)C1(C2=CC=CC2)CCCCCC1,435.63,,1,10.4,10.4,1.0,0.0,0,0,True,active_single
CHEMBL3087230,O=C(O[C@H]1C[N+]2(CCCc3ccncc3)CCC1CC2)C1(c2cccs2)CCCCCC1,453.67,,1,10.3,10.3,1.0,0.0,0,0,True,active_single
CHEMBL3087231,Cc1cc(CCC[N+]23CCC(CC2)[C@@H](OC(=O)C2(C4=CC=CC4)CCCCCC2)C3)ccn1,449.66,,2,10.5,10.5,1.0,0.0,0,0,True,active
CHEMBL3087232,Cc1ccc(CCC[N+]23CCC(CC2)[C@@H](OC(=O)C2(C4=CC=CC4)CCCCCC2)C3)cn1,449.66,,1,9.8,9.8,1.0,0.0,0,0,True,active_single
CHEMBL3087233,Cc1ccc(CCC[N+]23CCC(CC2)[C@@H](OC(=O)C2(C4=CC=CC4)CCCCCC2)C3)c(C)n1,463.69,,1,9.0,9.0,1.0,0.0,0,0,True,active_single
CHEMBL3087234,Cn1ccc(CCC[N+]23CCC(CC2)[C@@H](OC(=O)C2(C4=CC=CC4)CCCCCC2)C3)n1,438.64,,1,9.3,9.3,1.0,0.0,0,0,True,active_single
CHEMBL3087235,O=C(O[C@H]1C[N+]2(CCCc3nc4ccccc4o3)CCC1CC2)C1(C2=CC=CC2)CCCCCC1,475.65,,1,10.3,10.3,1.0,0.0,0,0,True,active_single
CHEMBL3087236,NC(=O)C[N+]12CCC(CC1)[C@@H](OC(=O)C1(C3=CC=CC3)CCCCCC1)C2,373.52,,1,9.7,9.7,1.0,0.0,0,0,True,active_single
CHEMBL3087237,O=C(C[N+]12CCC(CC1)[C@@H](OC(=O)C1(C3=CC=CC3)CCCCCC1)C2)Nc1ccccc1,449.62,,1,9.6,9.6,1.0,0.0,0,0,True,active_single
CHEMBL3087238,O=C(C[N+]12CCC(CC1)[C@@H](OC(=O)C1(C3=CC=CC3)CCCCCC1)C2)Nc1cccc(F)c1,467.61,,1,9.9,9.9,1.0,0.0,0,0,True,active_single
CHEMBL3087239,O=C(C[N+]12CCC(CC1)[C@@H](OC(=O)C1(C3=CC=CC3)CCCCCC1)C2)N1CCOCC1,443.61,,1,7.0,7.0,1.0,0.0,0,0,True,active_single
CHEMBL3087240,O=C(C[N+]12CCC(CC1)[C@@H](OC(=O)C1(C3=CC=CC3)CCCCCC1)C2)Nc1ccon1,440.56,,1,10.2,10.2,1.0,0.0,0,0,True,active_single
CHEMBL3087241,Cc1cc(NC(=O)C[N+]23CCC(CC2)[C@@H](OC(=O)C2(C4=CC=CC4)CCCCCC2)C3)no1,454.59,,1,9.8,9.8,1.0,0.0,0,0,True,active_single
CHEMBL3087242,O=C(C[N+]12CCC(CC1)[C@@H](OC(=O)C1(C3=CC=CC3)CCCCCC1)C2)Nc1cc[nH]n1,439.58,,1,10.0,10.0,1.0,0.0,0,0,True,active_single
CHEMBL3087243,O=C(C[N+]12CCC(CC1)[C@@H](OC(=O)C1(C3=CC=CC3)CCCCCC1)C2)Nc1nncs1,457.62,,1,8.1,8.1,1.0,0.0,0,0,True,active_single
CHEMBL3087244,O=C(C[N+]12CCC(CC1)[C@@H](OC(=O)C1(C3=CC=CC3)CCCCCC1)C2)Nc1ncns1,457.62,,1,9.4,9.4,1.0,0.0,0,0,True,active_single
CHEMBL3087245,O=C(C[N+]12CCC(CC1)[C@@H](OC(=O)C1(C3=CC=CC3)CCCCCC1)C2)Nc1ncco1,440.56,,1,7.9,7.9,1.0,0.0,0,0,True,active_single
CHEMBL3087361,CC(C)(C)c1cc(NC(=O)C[N+]23CCC(CC2)[C@@H](OC(=O)C2(C4=CC=CC4)CCCCCC2)C3)no1,496.67,,1,8.0,8.0,1.0,0.0,0,0,True,active_single
CHEMBL3087362,O=C(C[N+]12CCC(CC1)[C@@H](OC(=O)C1(C3=CC=CC3)CCCCCC1)C2)Nc1ccccn1,450.6,,1,9.8,9.8,1.0,0.0,0,0,True,active_single
CHEMBL3087363,O=C(C[N+]12CCC(CC1)[C@H](OC(=O)C1(C3=CC=CC3)CCCCCC1)C2)Nc1ccccn1,450.6,,1,7.5,7.5,1.0,0.0,0,0,True,active_single
CHEMBL3087364,O=C(C[N+]12CCC(CC1)[C@@H](OC(=O)C1(C3=CC=CC3)CCCCCC1)C2)Nc1cccnc1,450.6,,1,9.7,9.7,1.0,0.0,0,0,True,active_single
CHEMBL3087365,O=C(C[N+]12CCC(CC1)[C@@H](OC(=O)C1(C3=CC=CC3)CCCCCC1)C2)Nc1ccncc1,450.6,,1,8.6,8.6,1.0,0.0,0,0,True,active_single
CHEMBL3087366,O=C(C[N+]12CCC(CC1)[C@@H](OC(=O)C1(C3=CC=CC3)CCCCCC1)C2)Nc1cncnc1,451.59,,1,9.2,9.2,1.0,0.0,0,0,True,active_single
CHEMBL3087367,O=C(C[N+]12CCC(CC1)[C@@H](OC(=O)C1(C3=CC=CC3)CCCCCC1)C2)Nc1ccncn1,451.59,,1,9.8,9.8,1.0,0.0,0,0,True,active_single
CHEMBL3087368,O=C(C[N+]12CCC(CC1)[C@@H](OC(=O)C1(C3=CC=CC3)CCCCCC1)C2)Nc1cccnn1,451.59,,1,9.8,9.8,1.0,0.0,0,0,True,active_single
CHEMBL3087369,O=C(C[N+]12CCC(CC1)[C@@H](OC(=O)C1(C3=CC=CC3)CCCCCC1)C2)Nc1cnccn1,451.59,,1,9.9,9.9,1.0,0.0,0,0,True,active_single
CHEMBL3087370,O=C(C[N+]12CCC(CC1)[C@@H](OC(=O)C1(C3=CC=CC3)CCCCCC1)C2)Nc1ncccc1F,468.59,,1,9.6,9.6,1.0,0.0,0,0,True,active_single
CHEMBL3087371,Cc1ccc(NC(=O)C[N+]23CCC(CC2)[C@@H](OC(=O)C2(C4=CC=CC4)CCCCCC2)C3)nc1,464.63,,1,9.3,9.3,1.0,0.0,0,0,True,active_single
CHEMBL3087372,O=C(C[N+]12CCC(CC1)[C@@H](OC(=O)C1(C3=CC=CC3)CCCCCC1)C2)Nc1ccc(F)cn1,468.59,,1,9.2,9.2,1.0,0.0,0,0,True,active_single
CHEMBL3087373,Cc1ccnc(NC(=O)C[N+]23CCC(CC2)[C@@H](OC(=O)C2(C4=CC=CC4)CCCCCC2)C3)c1,464.63,,1,9.1,9.1,1.0,0.0,0,0,True,active_single
CHEMBL3087374,O=C(C[N+]12CCC(CC1)[C@@H](OC(=O)C1(C3=CC=CC3)CCCCCC1)C2)Nc1cccc(C(F)(F)F)n1,518.6,,1,8.6,8.6,1.0,0.0,0,0,True,active_single
CHEMBL3087375,O=C(C[N+]12CCC(CC1)[C@@H](OC(=O)C1(C3=CC=CC3)CCCCCC1)C2)Nc1ccc(C(F)(F)F)nc1,518.6,,1,9.6,9.6,1.0,0.0,0,0,True,active_single
CHEMBL3087376,Cc1ccc(NC(=O)C[N+]23CCC(CC2)[C@@H](OC(=O)C2(C4=CC=CC4)CCCCCC2)C3)cn1,464.63,,1,9.1,9.1,1.0,0.0,0,0,True,active_single
CHEMBL3087377,Cc1nccc(NC(=O)C[N+]23CCC(CC2)[C@@H](OC(=O)C2(C4=CC=CC4)CCCCCC2)C3)n1,465.62,,1,9.4,9.4,1.0,0.0,0,0,True,active_single
CHEMBL3087378,Cc1cc(NC(=O)C[N+]23CCC(CC2)[C@@H](OC(=O)C2(C4=CC=CC4)CCCCCC2)C3)ncn1,465.62,,1,9.0,9.0,1.0,0.0,0,0,True,active_single
CHEMBL3087379,Cc1ccc(NC(=O)C[N+]23CCC(CC2)[C@@H](OC(=O)C2(C4=CC=CC4)CCCCCC2)C3)nn1,465.62,,1,9.1,9.1,1.0,0.0,0,0,True,active_single
CHEMBL3087945,O=C(C[N+]12CCC(CC1)[C@@H](OC(=O)C1(C3=CC=CC3)CCCCCC1)C2)Nc1ccc(C(F)(F)F)nn1,519.59,,1,8.6,8.6,1.0,0.0,0,0,True,active_single
CHEMBL3087946,O=C(C[N+]12CCC(CC1)[C@@H](OC(=O)C1(C3=CC=CC3)CCCCCC1)C2)Nc1ccc(Cl)nn1,486.04,,1,9.7,9.7,1.0,0.0,0,0,True,active_single
CHEMBL3087947,Cc1cnc(NC(=O)C[N+]23CCC(CC2)[C@@H](OC(=O)C2(C4=CC=CC4)CCCCCC2)C3)cn1,465.62,,1,9.1,9.1,1.0,0.0,0,0,True,active_single
CHEMBL3087948,Cc1cncc(NC(=O)C[N+]23CCC(CC2)[C@@H](OC(=O)C2(C4=CC=CC4)CCCCCC2)C3)n1,465.62,,1,9.2,9.2,1.0,0.0,0,0,True,active_single
CHEMBL3087949,O=C(C[N+]12CCC(CC1)[C@@H](OC(=O)C1(C3=CC=CC3)CCCCCC1)C2)Nc1cncc(Cl)n1,486.04,,1,10.0,10.0,1.0,0.0,0,0,True,active_single
CHEMBL3087950,O=C(C[N+]12CCC(CC1)[C@@H](OC(=O)C1(C3=CC=CC3)CCCCCC1)C2)NCCNC(=O)c1cnccn1,522.67,,1,8.5,8.5,1.0,0.0,0,0,True,active_single
CHEMBL3087951,O=C(C[N+]12CCC(CC1)[C@@H](OC(=O)C1(C3=CC=CC3)CCCCCC1)C2)NCCCNC(=O)c1ccccn1,535.71,,1,8.2,8.2,1.0,0.0,0,0,True,active_single
CHEMBL3087952,O=C(O[C@H]1C[N+]2(Cc3nc4ccccc4o3)CCC1CC2)C1(C2=CC=CC2)CCCCCC1,447.6,,1,10.0,10.0,1.0,0.0,0,0,True,active_single
CHEMBL3087953,O=C(O[C@H]1C[N+]2(Cc3nc(-c4ccccc4)no3)CCC1CC2)C1(C2=CC=CC2)CCCCCC1,474.63,,1,9.8,9.8,1.0,0.0,0,0,True,active_single
CHEMBL3087954,O=C(O[C@H]1C[N+]2(Cc3cc(-c4ccccc4)no3)CCC1CC2)C1(C2=CC=CC2)CCCCCC1,473.64,,1,9.6,9.6,1.0,0.0,0,0,True,active_single
CHEMBL3087955,O=C(O[C@H]1C[N+]2(Cc3ccn(-c4ccccc4)n3)CCC1CC2)C1(C2=CC=CC2)CCCCCC1,472.65,,1,9.4,9.4,1.0,0.0,0,0,True,active_single
CHEMBL3087956,O=C(O[C@H]1C[N+]2(Cc3csc(-c4ccccc4)n3)CCC1CC2)C1(C2=CC=CC2)CCCCCC1,489.71,,1,7.6,7.6,1.0,0.0,0,0,True,active_single
CHEMBL3087957,O=C(O[C@H]1C[N+]2(Cc3cc(-c4ccccc4)on3)CCC1CC2)C1(C2=CC=CC2)CCCCCC1,473.64,,1,10.1,10.1,1.0,0.0,0,0,True,active_single
CHEMBL3087958,O=C(O[C@H]1C[N+]2(Cc3nnc(-c4ccccc4)o3)CCC1CC2)C1(C2=CC=CC2)CCCCCC1,474.63,,1,9.5,9.5,1.0,0.0,0,0,True,active_single
CHEMBL3087959,CC(C(=O)OC1CC[N+](C)(C)CC1)(c1ccccc1)C1CCCC1,330.49,,1,10.5,10.5,1.0,0.0,0,0,True,active_single
CHEMBL3087960,C[N+]1(C)CCC(OC(=O)C2(c3ccccc3)CCCCCC2)CC1,330.49,,1,9.6,9.6,1.0,0.0,0,0,True,active_single
CHEMBL3087961,O=C(O[C@H]1CN2CCC1CC2)C1(c2ccccc2)CCCCCC1,327.47,,1,10.2,10.2,1.0,0.0,0,0,True,active_single
CHEMBL3088075,O=C(O[C@H]1CN2CCC1CC2)C1(c2cccs2)CCCCCC1,333.5,,1,10.1,10.1,1.0,0.0,0,0,True,active_single
CHEMBL3088076,C[N+]12CCC(CC1)[C@@H](OC(=O)C1(C3=CC=CC3)CCCCCC1)C2,330.49,,1,8.6,8.6,1.0,0.0,0,0,True,active_single
CHEMBL3088077,O=C(O[C@H]1C[N+]2(Cc3ccccc3)CCC1CC2)C1(C2=CC=CC2)CCCCCC1,406.59,,1,7.4,7.4,1.0,0.0,0,0,True,active_single
CHEMBL3088078,O=C(O[C@H]1C[N+]2(Cc3ccc(F)c(F)c3)CCC1CC2)C1(C2=CC=CC2)CCCCCC1,442.57,,1,7.4,7.4,1.0,0.0,0,0,True,active_single
CHEMBL3088079,COc1cccc(C[N+]23CCC(CC2)[C@@H](OC(=O)C2(C4=CC=CC4)CCCCCC2)C3)c1,436.62,,1,8.5,8.5,1.0,0.0,0,0,True,active_single
CHEMBL3088080,O=C(O[C@H]1C[N+]2(CCc3ccccc3)CCC1CC2)C1(C2=CC=CC2)CCCCCC1,420.62,,1,10.1,10.1,1.0,0.0,0,0,True,active_single
CHEMBL3088081,Cc1ccc(CC[N+]23CCC(CC2)[C@@H](OC(=O)C2(C4=CC=CC4)CCCCCC2)C3)s1,440.67,,1,10.2,10.2,1.0,0.0,0,0,True,active_single
CHEMBL3088082,O=C(O[C@H]1C[N+]2(CCc3cccc(Cl)c3)CCC1CC2)C1(C2=CC=CC2)CCCCCC1,455.06,,1,10.4,10.4,1.0,0.0,0,0,True,active_single
CHEMBL3088083,N#Cc1ccc(CC[N+]23CCC(CC2)[C@@H](OC(=O)C2(C4=CC=CC4)CCCCCC2)C3)cc1,445.63,,1,8.5,8.5,1.0,0.0,0,0,True,active_single
CHEMBL3088084,O=C(O[C@H]1C[N+]2(CCOc3ccccc3)CCC1CC2)C1(C2=CC=CC2)CCCCCC1,436.62,,1,9.8,9.8,1.0,0.0,0,0,True,active_single
CHEMBL3088085,O=C(O[C@H]1C[N+]2(CCOCc3ccccc3)CCC1CC2)C1(C2=CC=CC2)CCCCCC1,450.64,,1,9.9,9.9,1.0,0.0,0,0,True,active_single
CHEMBL3088086,O=C(O[C@H]1C[N+]2(CCCOc3ccccc3)CCC1CC2)C1(C2=CC=CC2)CCCCCC1,450.64,,1,10.2,10.2,1.0,0.0,0,0,True,active_single
CHEMBL308924,CCO/C(O)=C1CN2CC(CCC2CN(C)C)C1=O,268.36,,2,4.22,4.22,0.0,1.0,0,0,False,inactive
CHEMBL3091664,C[N+]1(C)[C@@H]2C[C@H](OC(=O)C(O)(c3ccccc3)c3ccccc3)C[C@H]1[C@@H]1O[C@@H]12.[Br-],460.37,,1,10.2,10.2,1.0,0.0,0,0,True,active_single
CHEMBL3091665,CC(C(=O)O[C@H]1C[C@@H]2[C@H]3O[C@H]3[C@H](C1)[N+]2(C)C)(c1cccs1)c1cccs1.[Br-],470.45,,1,10.3,10.3,1.0,0.0,0,0,True,active_single
CHEMBL3091666,COC(C(=O)O[C@H]1C[C@@H]2[C@H]3O[C@H]3[C@H](C1)[N+]2(C)C)(c1cccs1)c1cccs1.[Br-],486.45,,1,8.8,8.8,1.0,0.0,0,0,True,active_single
CHEMBL3091667,C[N+]1(C)[C@@H]2C[C@H](OC(=O)[C@H](CO)c3ccccc3)C[C@H]1[C@@H]1O[C@@H]12.[Br-],398.3,,1,9.8,9.8,1.0,0.0,0,0,True,active_single
CHEMBL3091668,C[N+]1(C)[C@@H]2C[C@H](OC(=O)C(O)c3ccccc3)C[C@H]1[C@@H]1O[C@@H]12.[Br-],384.27,,1,8.7,8.7,1.0,0.0,0,0,True,active_single
CHEMBL3091669,C[N+]1(C)[C@@H]2C[C@H](OC(=O)C(O)c3cccs3)C[C@H]1[C@@H]1O[C@@H]12.[Br-],390.3,,1,8.3,8.3,1.0,0.0,0,0,True,active_single
CHEMBL3091670,C[N+]1(C)[C@@H]2C[C@H](OC(=O)C(CO)(c3cccs3)c3cccs3)C[C@H]1[C@@H]1O[C@@H]12.[Br-],486.45,,1,9.5,9.5,1.0,0.0,0,0,True,active_single
CHEMBL310016,O=C(c1ccco1)N(c1ccccc1)C1CCN(Cc2ccccc2)CC1,360.46,,1,7.0,7.0,1.0,0.0,0,0,True,active_single
CHEMBL310132,O=C(c1ccccc1)N(c1ccc(Cl)c(Cl)c1)C1CCN(Cc2ccccc2)CC1,439.39,,1,8.7,8.7,1.0,0.0,0,0,True,active_single
CHEMBL3104092,CN1CCc2c(c3cccc4c3n2Cc2ccccc2C4)C1,288.39,,1,5.0,5.0,0.0,1.0,0,0,False,inactive_single
CHEMBL3104093,CN1CCc2c(c3cccc4c3n2CCc2ccccc2-4)C1,288.39,,1,5.0,5.0,0.0,1.0,0,0,False,inactive_single
CHEMBL3105208,O=C(c1ccc(F)c(F)c1)N1CCN2C(=O)c3ccccc3C12c1ccccc1,390.39,,1,4.52,4.52,0.0,1.0,0,0,False,inactive_single
CHEMBL3105213,O=C(c1ccc(F)c(F)c1)N1CCN2C(=O)c3ccccc3C12c1ccc(Cl)cc1,424.83,,1,4.52,4.52,0.0,1.0,0,0,False,inactive_single
CHEMBL3105228,O=C(c1ccc(F)c(F)c1)N1CCN2C(=O)c3ccccc3[C@@]12c1ccc(Cl)cc1,424.83,,1,4.52,4.52,0.0,1.0,0,0,False,inactive_single
CHEMBL310558,CCC(=O)OC1CC2CCCC1N2,183.25,,1,4.94,4.94,0.0,0.5,0,0,False,inactive_single
CHEMBL313918,C#CCC#CCO/N=C1CN2CCC1C2,202.26,,1,4.79,,0.0,1.0,0,0,False,inactive_single
CHEMBL314737,Nc1noc(C2CN3CCC2C3)n1,180.21,OXADIAZOLE,1,3.98,,0.0,1.0,0,0,False,inactive_single
CHEMBL314831,O=C(C1CCC1)N(c1ccc(Br)cc1)C1CCN(Cc2ccccc2)CC1,427.39,,1,8.8,8.8,1.0,0.0,0,0,True,active_single
CHEMBL320465,CCCc1[nH]c2ccc3c(c2c1C(=O)OCC)CN1CCc2cc(OC)ccc2C1O3,420.51,,1,7.15,7.15,1.0,0.0,0,0,True,active_single
CHEMBL3219031,CS(=O)(=O)Nc1cc([C@@H](O)CNCCCCCCCCCN2CCC(OC(=O)Nc3ccccc3-c3ccccc3)CC2)ccc1O,666.89,,1,9.41,9.41,1.0,0.0,0,0,True,active_single
CHEMBL3219032,CS(=O)(=O)Nc1cc([C@@H](O)CNCCCCCCCCCN2CCC(OC(=O)Nc3ccccc3-c3ccc(O)cc3)CC2)ccc1O,682.88,,1,8.66,8.66,1.0,0.0,0,0,True,active_single
CHEMBL3219033,CS(=O)(=O)Nc1cc([C@@H](O)CNCCCCCCCCCN2CCC(OC(=O)Nc3ccccc3-c3cccc(O)c3)CC2)ccc1O,682.88,,1,8.43,8.43,1.0,0.0,0,0,True,active_single
CHEMBL3219034,CS(=O)(=O)Nc1cc([C@@H](O)CNCCCCCCCCCN2CCC(OC(=O)Nc3ccccc3-c3ccccc3O)CC2)ccc1O,682.88,,1,7.74,7.74,1.0,0.0,0,0,True,active_single
CHEMBL3219035,CS(=O)(=O)Nc1cc([C@@H](O)CNCCCCCCCCCN2CCC(OC(=O)Nc3ccccc3-c3ccc(F)cc3O)CC2)ccc1O,700.87,,1,7.59,7.59,1.0,0.0,0,0,True,active_single
CHEMBL3219036,CS(=O)(=O)Nc1cc([C@@H](O)CNCCCCCCCCCN2CCC(OC(=O)Nc3ccccc3-c3cccc(F)c3O)CC2)ccc1O,700.87,,1,8.0,8.0,1.0,0.0,0,0,True,active_single
CHEMBL3219037,CS(=O)(=O)Nc1cc([C@@H](O)CNCCCCCCCCCN2CCC(OC(=O)Nc3ccccc3-c3cc(C#N)ccc3O)CC2)ccc1O,707.89,,1,7.14,7.14,1.0,0.0,0,0,True,active_single
CHEMBL3219038,CS(=O)(=O)Nc1cc([C@@H](O)CNCCCCCCCCCN2CCC(OC(=O)Nc3ccccc3-c3cc(F)cc(F)c3O)CC2)ccc1O,718.86,,1,7.66,7.66,1.0,0.0,0,0,True,active_single
CHEMBL3219039,CS(=O)(=O)Nc1cc([C@@H](O)CNCCCCCCCCCN2CCC(OC(=O)Nc3ccccc3-c3cc(O)cc(F)c3)CC2)ccc1O,700.87,,1,7.12,7.12,1.0,0.0,0,0,True,active_single
CHEMBL3219040,CS(=O)(=O)Nc1cc([C@@H](O)CNCCCCCCCCCN2CCC(OC(=O)Nc3ccccc3-c3ccc(O)c(F)c3)CC2)ccc1O,700.87,,1,8.3,8.3,1.0,0.0,0,0,True,active_single
CHEMBL3219041,CS(=O)(=O)Nc1cc([C@@H](O)CNCCCCCCCCCN2CCC(OC(=O)Nc3ccccc3-c3cc(F)c(O)cc3F)CC2)ccc1O,718.86,,1,8.08,8.08,1.0,0.0,0,0,True,active_single
CHEMBL3219042,CS(=O)(=O)Nc1cc([C@@H](O)CNCCCCCCCCCN2CCC(OC(=O)Nc3ccccc3-c3ccc(O)c(Cl)c3)CC2)ccc1O,717.33,,1,9.14,9.14,1.0,0.0,0,0,True,active_single
CHEMBL3219043,Cc1ccc(NC(=O)OC2CCN(CCCCCCCCCNC[C@H](O)c3ccc(O)c(NS(C)(=O)=O)c3)CC2)c(-c2ccc(O)c(Cl)c2)c1,731.36,,1,8.32,8.32,1.0,0.0,0,0,True,active_single
CHEMBL3219044,Cc1ccc(-c2ccc(O)c(Cl)c2)c(NC(=O)OC2CCN(CCCCCCCCCNC[C@H](O)c3ccc(O)c(NS(C)(=O)=O)c3)CC2)c1,731.36,,1,8.7,8.7,1.0,0.0,0,0,True,active_single
CHEMBL3219045,Cc1cc(C)c(NC(=O)OC2CCN(CCCCCCCCCNC[C@H](O)c3ccc(O)c(NS(C)(=O)=O)c3)CC2)c(-c2ccc(O)c(Cl)c2)c1,745.38,,1,7.42,7.42,1.0,0.0,0,0,True,active_single
CHEMBL3219046,CS(=O)(=O)Nc1cc([C@@H](O)CNCCCCCCCCCN2CCC(OC(=O)Nc3ccc(F)cc3-c3ccc(O)c(Cl)c3)CC2)ccc1O,735.32,,1,8.96,8.96,1.0,0.0,0,0,True,active_single
CHEMBL3219047,CS(=O)(=O)Nc1cc([C@@H](O)CNCCCCCCCCCN2CCC(OC(=O)Nc3cc(F)ccc3-c3ccc(O)c(Cl)c3)CC2)ccc1O,735.32,,1,8.36,8.36,1.0,0.0,0,0,True,active_single
CHEMBL3219048,CS(=O)(=O)Nc1cc([C@@H](O)CNCCCCCCCCN2CCC(OC(=O)Nc3ccccc3-c3ccc(O)c(Cl)c3)CC2)ccc1O,703.3,,1,8.96,8.96,1.0,0.0,0,0,True,active_single
CHEMBL3219049,CS(=O)(=O)Nc1cc([C@@H](O)CNCCCCCCCCCCN2CCC(OC(=O)Nc3ccccc3-c3ccc(O)c(Cl)c3)CC2)ccc1O,731.36,,1,8.7,8.7,1.0,0.0,0,0,True,active_single
CHEMBL3219050,CS(=O)(=O)Nc1cc([C@@H](O)CNCCCCCCCCCCCN2CCC(OC(=O)Nc3ccccc3-c3ccc(O)c(Cl)c3)CC2)ccc1O,745.38,,1,8.36,8.36,1.0,0.0,0,0,True,active_single
CHEMBL3219051,CS(=O)(=O)Nc1cc([C@@H](O)CNCCCCCCCCCN2CC[C@@H](OC(=O)Nc3ccccc3-c3ccc(O)c(Cl)c3)C2)ccc1O,703.3,,1,8.04,8.04,1.0,0.0,0,0,True,active_single
CHEMBL3219052,CS(=O)(=O)Nc1cc([C@@H](O)CNCCCCCCCCCN2C[C@H]3C[C@@]3(COC(=O)Nc3ccccc3-c3ccc(O)c(Cl)c3)C2)ccc1O,729.34,,1,8.37,8.37,1.0,0.0,0,0,True,active_single
CHEMBL3219053,CS(=O)(=O)Nc1cc([C@@H](O)CNCCCCCCCCCN2C[C@@H]3[C@@H](COC(=O)Nc4ccccc4-c4ccc(O)c(Cl)c4)[C@@H]3C2)ccc1O,729.34,,1,8.89,8.89,1.0,0.0,0,0,True,active_single
CHEMBL3219054,CS(=O)(=O)Nc1cc([C@@H](O)CNCCCCCCCCCN2C3CCC2CC(OC(=O)Nc2ccccc2-c2ccc(O)c(Cl)c2)C3)ccc1O,743.37,,1,8.05,8.05,1.0,0.0,0,0,True,active_single
CHEMBL3219055,CS(=O)(=O)Nc1cc([C@@H](O)CNCCc2ccc(OCCN3CCC(OC(=O)Nc4ccccc4-c4ccc(O)c(Cl)c4)CC3)cc2)ccc1O,739.29,,1,7.44,7.44,1.0,0.0,0,0,True,active_single
CHEMBL3219056,CS(=O)(=O)Nc1cc([C@@H](O)CNCCc2ccc(OCCCN3CCC(OC(=O)Nc4ccccc4-c4ccc(O)c(Cl)c4)CC3)cc2)ccc1O,753.32,,1,8.51,8.51,1.0,0.0,0,0,True,active_single
CHEMBL3236549,CC(C)c1cc(N2CC[C@@H](N)C2)nc(N)n1,221.31,JNJ-39758979,1,8.0,8.0,1.0,0.0,0,0,True,active_single
CHEMBL324936,CCN1CC=C(c2ccccc2)C(C(=O)OC2CCCCC2)C1.O=C(O)C(=O)O,403.48,,1,6.52,6.52,1.0,0.0,0,0,True,active_single
CHEMBL326450,CCCCc1[nH]c2ccc3c(c2c1C(=O)OCC)CN1CCc2cc(OC)ccc2C1O3,434.54,,2,6.82,6.82,1.0,0.0,0,0,True,active
CHEMBL327664,OC1(C2=CN3CCC2CC3)c2ccccc2Oc2ccccc21,305.38,,1,4.77,4.77,0.0,1.0,0,0,False,inactive_single
CHEMBL3289390,C[N+]1(C)CCC[C@@H](OC(=O)C(O)(c2ccccc2)c2ccccc2)C1.[Br-],420.35,,1,8.68,8.68,1.0,0.0,0,0,True,active_single
CHEMBL3289391,C[N+]1(C)CCC[C@H](OC(=O)C(O)(c2ccccc2)c2ccccc2)C1.[Br-],420.35,,1,7.55,7.55,1.0,0.0,0,0,True,active_single
CHEMBL330692,OC1(C2=CN3CCC2CC3)c2ccccc2C=Cc2ccccc21,315.42,,1,6.7,6.7,1.0,0.0,0,0,True,active_single
CHEMBL330885,CCN1CC=C(c2ccccc2)C(C(=O)OC)C1.O=C(O)C(=O)O,335.36,,1,4.05,4.05,0.0,1.0,0,0,False,inactive_single
CHEMBL3309715,C[C@@]1(C[N+](C)(C)C)COCCO1.[I-],301.17,,1,4.0,4.0,0.0,1.0,0,0,False,inactive_single
CHEMBL3309717,C[C@H]1OCCO[C@@H]1C[N+](C)(C)C.[I-],301.17,,1,4.0,4.0,0.0,1.0,0,0,False,inactive_single
CHEMBL3309718,C[N+](C)(C)C[C@@H]1COCCO1.[I-],287.14,,1,4.57,4.57,0.0,1.0,0,0,False,inactive_single
CHEMBL330999,CCN1CC=C(c2ccccc2)C(C(=O)OCC2CCCCC2)C1.O=C(O)C(=O)O,417.5,,1,6.96,6.96,1.0,0.0,0,0,True,active_single
CHEMBL332181,CCCCOC(=O)C1CN(CC)CC=C1c1ccccc1.O=C(O)C(=O)O,377.44,,1,6.54,6.54,1.0,0.0,0,0,True,active_single
CHEMBL332645,CCN1CC=C(c2ccccc2)C(C(=O)Oc2ccccc2)C1.O=C(O)C(=O)O,397.43,,1,4.78,4.78,0.0,1.0,0,0,False,inactive_single
CHEMBL332980,CCN1CCC(c2ccccc2)=C(C(=O)OC2CCCCC2)C1.O=C(O)C(=O)O,403.48,,1,7.39,7.39,1.0,0.0,0,0,True,active_single
CHEMBL334245,CCCCCCCOC(=O)C1=C(c2ccccc2)CCN(CC)C1.O=C(O)C(=O)O,419.52,,1,6.79,6.79,1.0,0.0,0,0,True,active_single
CHEMBL334255,CCCCCCCCCCCCCCCC[n+]1ccccc1.[Br-],384.45,CETYLPYRIDINIUM BROMIDE,2,7.8,7.8,1.0,0.0,0,0,True,active
CHEMBL3350062,C[C@@H]1O[C@H]([C@H]2CCCN2C)C[S@@+]1[O-],203.31,,1,4.0,4.0,0.0,1.0,0,0,False,inactive_single
CHEMBL3350063,C[C@H]1O[C@@H]([C@H]2CCCN2C)C[S@+]1[O-],203.31,,1,4.0,4.0,0.0,1.0,0,0,False,inactive_single
CHEMBL3350064,C[C@@H]1O[C@H]([C@@H]2CCCN2C)C[S@@+]1[O-],203.31,,1,4.0,4.0,0.0,1.0,0,0,False,inactive_single
CHEMBL3351103,C[C@@H]1O[C@H]([C@H]2CCCN2C)C[S@+]1[O-],203.31,,1,4.0,4.0,0.0,1.0,0,0,False,inactive_single
CHEMBL3351104,C[C@H]1O[C@@H]([C@H]2CCCN2C)C[S@@+]1[O-],203.31,,1,4.0,4.0,0.0,1.0,0,0,False,inactive_single
CHEMBL3351105,C[C@@H]1O[C@H]([C@@H]2CCCN2C)C[S@+]1[O-],203.31,,1,4.0,4.0,0.0,1.0,0,0,False,inactive_single
CHEMBL3354066,CN1CCC=C(c2nsnc2OCCCC2CCN(CCCN3C(=O)CCc4ccccc43)CC2)C1,509.72,,1,7.03,7.03,1.0,0.0,0,0,True,active_single
CHEMBL3354067,CN1CCC=C(c2nsnc2OCCCCCC2CCN(CCCN3C(=O)CCc4ccccc43)CC2)C1,537.77,,1,8.33,8.33,1.0,0.0,0,0,True,active_single
CHEMBL3354068,CN1CCC=C(c2nsnc2OCCCCCCCC2CCN(CCCN3C(=O)CCc4ccccc43)CC2)C1,565.83,,1,9.1,9.1,1.0,0.0,0,0,True,active_single
CHEMBL3354069,CN1CCC=C(c2nsnc2OCCCCCCCCCC2CCN(CCCN3C(=O)CCc4ccccc43)CC2)C1,593.88,,1,8.96,8.96,1.0,0.0,0,0,True,active_single
CHEMBL3354070,CN1CCC=C(c2nsnc2OCCCCCCCCCCCC2CCN(CCCN3C(=O)CCc4ccccc43)CC2)C1,621.94,,1,8.0,8.0,1.0,0.0,0,0,True,active_single
CHEMBL3354071,CN1CCC=C(c2nsnc2OCCCCCCCCCCCCCC2CCN(CCCN3C(=O)CCc4ccccc43)CC2)C1,649.99,,1,7.35,7.35,1.0,0.0,0,0,True,active_single
CHEMBL3354072,O=C1CCc2ccccc2N1CCCN1CCC(CCCO)CC1,330.47,,1,4.93,4.93,0.0,1.0,0,0,False,inactive_single
CHEMBL3354075,O=C1CCc2ccccc2N1CCCN1CCC(CCCCCCCCCO)CC1,414.63,,1,6.7,6.7,1.0,0.0,0,0,True,active_single
CHEMBL3354078,O=C1CCc2ccccc2N1CCCN1CCC(CCCCCCCCCC2CCN(CCCN3C(=O)CCc4ccccc43)CC2)CC1,669.01,,1,7.24,7.24,1.0,0.0,0,0,True,active_single
CHEMBL335542,CN1CCC=C(c2nsnc2OCCOCCOCCOCCOc2nsnc2C2=CCCN(C)C2)C1,552.72,,1,8.3,8.3,1.0,0.0,0,0,True,active_single
CHEMBL3359597,C[C@@H]1OCCO[C@@H]1C[N+](C)(C)C.[I-],301.17,,1,4.0,4.0,0.0,1.0,0,0,False,inactive_single
CHEMBL3401640,O=C(N[C@H]1CN2CCC1CC2)C(O)(c1ccccc1)c1ccccc1,336.44,,1,7.82,7.82,1.0,0.0,0,0,True,active_single
CHEMBL3401641,O=C(N[C@H]1CN2CCC1CC2)C(O)(c1cccs1)c1cccs1,348.49,,1,8.66,8.66,1.0,0.0,0,0,True,active_single
CHEMBL3401642,O=C(N[C@H]1CN2CCC1CC2)C(c1cccs1)c1cccs1,332.49,,1,6.96,6.96,1.0,0.0,0,0,True,active_single
CHEMBL3401643,O=C(N[C@H]1CN2CCC1CC2)[C@](O)(c1cccs1)C1CCCC1,334.49,,1,8.96,8.96,1.0,0.0,0,0,True,active_single
CHEMBL3401644,CCC(O)(C(=O)N[C@H]1CN2CCC1CC2)c1cccs1,294.42,,2,6.09,6.09,1.0,0.0,0,0,True,active
CHEMBL3401645,O=C(N[C@H]1CN2CCC1CC2)C1(O)c2ccccc2-c2ccccc21,334.42,,1,7.73,7.73,1.0,0.0,0,0,True,active_single
CHEMBL3401646,O=C(N[C@H]1CN2CCC1CC2)C1c2ccccc2Oc2ccccc21,334.42,,1,7.43,7.43,1.0,0.0,0,0,True,active_single
CHEMBL3401647,CN(C(=O)C1c2ccccc2Oc2ccccc21)[C@H]1CN2CCC1CC2,348.45,,1,6.76,6.76,1.0,0.0,0,0,True,active_single
CHEMBL3401648,O=C(N[C@H]1C[N+]2(CCCc3ccccc3)CCC1CC2)C(O)(c1cccs1)c1cccs1.[Br-],547.58,,1,9.15,9.15,1.0,0.0,0,0,True,active_single
CHEMBL3401649,O=C(N[C@H]1C[N+]2(CCCc3cccs3)CCC1CC2)C(O)(c1cccs1)c1cccs1.[Br-],553.61,,1,9.15,9.15,1.0,0.0,0,0,True,active_single
CHEMBL3401650,O=C(N[C@H]1C[N+]2(CCOc3ccccc3)CCC1CC2)C(O)(c1cccs1)c1cccs1.[Br-],549.56,,1,9.15,9.15,1.0,0.0,0,0,True,active_single
CHEMBL3401651,O=C(N[C@H]1C[N+]2(CCCOc3ccccc3)CCC1CC2)C(O)(c1cccs1)c1cccs1.[Br-],563.58,,1,8.7,8.7,1.0,0.0,0,0,True,active_single
CHEMBL3401652,O=C(N[C@H]1C[N+]2(CCCOc3ccccc3)CCC1CC2)C(c1cccs1)c1cccs1.[Br-],547.58,,1,7.48,7.48,1.0,0.0,0,0,True,active_single
CHEMBL3401653,CN(CCC[N+]12CCC(CC1)[C@@H](NC(=O)C1(O)c3ccccc3-c3ccccc31)C2)c1ccccc1.[Cl-],518.1,,1,6.88,6.88,1.0,0.0,0,0,True,active_single
CHEMBL3401654,O=C(N[C@H]1C[N+]2(CCCOc3ccccc3)CCC1CC2)C1c2ccccc2Oc2ccccc21.[Br-],549.51,,1,9.1,9.1,1.0,0.0,0,0,True,active_single
CHEMBL3401655,CN(C(=O)C1c2ccccc2Oc2ccccc21)[C@H]1C[N+]2(CCCn3cccc3)CCC1CC2.[Br-],536.51,,1,7.19,7.19,1.0,0.0,0,0,True,active_single
CHEMBL3401656,CN(C(=O)C1c2ccccc2Oc2ccccc21)[C@H]1C[N+]2(CCCOc3ccc(-c4ccccc4)cc3)CCC1CC2.[Cl-],595.18,,1,7.22,7.22,1.0,0.0,0,0,True,active_single
CHEMBL340780,CCCCCCOC(=O)[C@H]1CN(CC)CC[C@H]1c1ccccc1.O=C(O)C(=O)O,407.51,,1,6.66,6.66,1.0,0.0,0,0,True,active_single
CHEMBL3426687,O=C(CCN1CCC(OC(=O)Nc2ccccc2-c2ccccc2)CC1)Nc1ccc(CNC[C@H](O)c2ccc(O)c3[nH]c(=O)ccc23)cc1,675.79,,1,10.1,10.1,1.0,0.0,0,0,True,active_single
CHEMBL3426688,O=C(CCN1CCC(OC(=O)Nc2ccccc2-c2ccccc2)CC1)Nc1ccc(CNC[C@H](O)c2ccc(O)c3[nH]c(=O)ccc23)cc1Cl,710.23,,1,9.7,9.7,1.0,0.0,0,0,True,active_single
CHEMBL3426689,COc1cc(CNC[C@H](O)c2ccc(O)c3[nH]c(=O)ccc23)ccc1NC(=O)CCN1CCC(OC(=O)Nc2ccccc2-c2ccccc2)CC1,705.81,,1,8.8,8.8,1.0,0.0,0,0,True,active_single
CHEMBL3426690,O=C(CCN1CCC(OC(=O)Nc2ccccc2-c2ccccc2)CC1)Nc1ccc(CNC[C@H](O)c2ccc(O)c3[nH]c(=O)ccc23)c(Cl)c1,710.23,,1,9.7,9.7,1.0,0.0,0,0,True,active_single
CHEMBL3426691,COc1cc(NC(=O)CCN2CCC(OC(=O)Nc3ccccc3-c3ccccc3)CC2)ccc1CNC[C@H](O)c1ccc(O)c2[nH]c(=O)ccc12,705.81,,1,9.8,9.8,1.0,0.0,0,0,True,active_single
CHEMBL3426692,COc1c(CNC[C@H](O)c2ccc(O)c3[nH]c(=O)ccc23)ccc(NC(=O)CCN2CCC(OC(=O)Nc3ccccc3-c3ccccc3)CC2)c1Cl,740.26,,1,9.2,9.2,1.0,0.0,0,0,True,active_single
CHEMBL3426693,Cc1cc(CNC[C@H](O)c2ccc(O)c3[nH]c(=O)ccc23)ccc1NC(=O)CCN1CCC(OC(=O)Nc2ccccc2-c2ccccc2)CC1,689.81,,1,10.3,10.3,1.0,0.0,0,0,True,active_single
CHEMBL3426694,Cc1cc(NC(=O)CCN2CCC(OC(=O)Nc3ccccc3-c3ccccc3)CC2)ccc1CNC[C@H](O)c1ccc(O)c2[nH]c(=O)ccc12,689.81,,1,8.9,8.9,1.0,0.0,0,0,True,active_single
CHEMBL3426695,COc1c(CNC[C@H](O)c2ccc(O)c3[nH]c(=O)ccc23)ccc(NC(=O)CCN2CCC(OC(=O)Nc3ccccc3-c3ccccc3)CC2)c1C,719.84,,1,9.3,9.3,1.0,0.0,0,0,True,active_single
CHEMBL3426696,COc1cc(NC(=O)CCN2CCC(OC(=O)Nc3ccccc3-c3ccccc3)CC2)c(C)cc1CNC[C@H](O)c1ccc(O)c2[nH]c(=O)ccc12,719.84,,1,9.5,9.5,1.0,0.0,0,0,True,active_single
CHEMBL3426697,O=C(CCN1CCC(OC(=O)Nc2ccccc2-c2ccccc2)CC1)NCCCCCNC[C@H](O)c1ccc(O)c2[nH]c(=O)ccc12,655.8,,1,10.0,10.0,1.0,0.0,0,0,True,active_single
CHEMBL3426698,O=C(CCN1CCC(OC(=O)Nc2ccccc2-c2ccccc2)CC1)N[C@H]1CC[C@H](CNC[C@H](O)c2ccc(O)c3[nH]c(=O)ccc23)CC1,681.83,,1,9.5,9.5,1.0,0.0,0,0,True,active_single
CHEMBL3426699,O=C(Nc1ccccc1-c1ccccc1)OC1CCN(CCNC(=O)c2ccc(CNC[C@H](O)c3ccc(O)c4[nH]c(=O)ccc34)cc2)CC1,675.79,,1,9.2,9.2,1.0,0.0,0,0,True,active_single
CHEMBL3426700,COc1cc(C(=O)NCCN2CCC(OC(=O)Nc3ccccc3-c3ccccc3)CC2)ccc1CNC[C@H](O)c1ccc(O)c2[nH]c(=O)ccc12,705.81,,1,8.2,8.2,1.0,0.0,0,0,True,active_single
CHEMBL3426701,Cc1cc(C(=O)NCCN2CCC(OC(=O)Nc3ccccc3-c3ccccc3)CC2)c(C)cc1CNC[C@H](O)c1ccc(O)c2[nH]c(=O)ccc12,703.84,,1,8.5,8.5,1.0,0.0,0,0,True,active_single
CHEMBL3426702,CN(CCN1CCC(OC(=O)Nc2ccccc2-c2ccccc2)CC1)C(=O)c1ccc(CNC[C@H](O)c2ccc(O)c3[nH]c(=O)ccc23)cc1,689.81,,1,9.1,9.1,1.0,0.0,0,0,True,active_single
CHEMBL3426703,COc1cc(N(C)C(=O)CCN2CCC(OC(=O)Nc3ccccc3-c3ccccc3)CC2)c(Cl)cc1CNC[C@H](O)c1ccc(O)c2[nH]c(=O)ccc12,754.28,,1,9.5,9.5,1.0,0.0,0,0,True,active_single
CHEMBL3426704,COc1cc(N(C)C(=O)CCN2CCC(OC(=O)Nc3ccccc3-c3ccccc3)CC2)ccc1CNC[C@H](O)c1ccc(O)c2[nH]c(=O)ccc12,719.84,,2,9.6,9.6,1.0,0.0,0,0,True,active
CHEMBL3426705,Cc1cc(CNC[C@H](O)c2ccc(O)c3[nH]c(=O)ccc23)ccc1N(C)C(=O)CCN1CCC(OC(=O)Nc2ccccc2-c2ccccc2)CC1,703.84,,1,9.7,9.7,1.0,0.0,0,0,True,active_single
CHEMBL3426706,O=C(CCN1CCC(OC(=O)Nc2ccccc2-c2ccccc2)CC1)Nc1cccc(CCNC[C@H](O)c2ccc(O)c3[nH]c(=O)ccc23)c1,689.81,,1,9.0,9.0,1.0,0.0,0,0,True,active_single
CHEMBL3426707,COc1ccc(CCNC[C@H](O)c2ccc(O)c3[nH]c(=O)ccc23)cc1NC(=O)CCN1CCC(OC(=O)Nc2ccccc2-c2ccccc2)CC1,719.84,,1,8.1,8.1,1.0,0.0,0,0,True,active_single
CHEMBL3426708,COc1ccc(NC(=O)CCN2CCC(OC(=O)Nc3ccccc3-c3ccccc3)CC2)cc1CCNC[C@H](O)c1ccc(O)c2[nH]c(=O)ccc12,719.84,,1,8.7,8.7,1.0,0.0,0,0,True,active_single
CHEMBL343449,Nc1ccc(CN2CCC(NC(=O)[C@](O)(c3ccccc3)[C@@H]3CCC(F)(F)C3)CC2)cc1,443.54,,1,8.11,8.11,1.0,0.0,0,0,True,active_single
CHEMBL343644,CC(C)=CCCN1CCC(NC(=O)[C@](O)(c2ccccc2)[C@H]2CC[C@H](F)C2)CC1,402.55,,1,7.72,7.72,1.0,0.0,0,0,True,active_single
CHEMBL343659,Cc1cccc(CN2CCC(NC(=O)C(O)(c3ccccc3)C3CCCC3)CC2)n1,407.56,,1,7.96,7.96,1.0,0.0,0,0,True,active_single
CHEMBL344892,CO/N=C(C#N)C12CCN(CC1)C2,179.22,,1,6.52,6.52,1.0,0.0,0,0,True,active_single
CHEMBL345985,O=C(NC1CCN(CC2CCCC2)CC1)C(O)(c1ccccc1)C1CCCC1,384.56,,1,6.57,6.57,1.0,0.0,0,0,True,active_single
CHEMBL346194,O=C(NC1CCN(Cc2ccccn2)CC1)C(O)(c1ccccc1)C1CCCC1,393.53,,1,7.85,7.85,1.0,0.0,0,0,True,active_single
CHEMBL3480577,Cc1ccc2nc(CNCCCOc3ccccc3)cc(O)c2c1,322.41,UCSF924,2,2.5,2.5,0.0,1.0,0,0,False,inactive
CHEMBL352779,CN(C)CCNC(=O)C1=C(Cc2ccccn2)c2ccccc2C1,321.42,,1,4.62,4.62,0.0,1.0,0,0,False,inactive_single
CHEMBL353140,CCN(CCCCC1CCN(CC(=O)N2c3ccccc3NC(=O)c3ccccc32)CC1)C(=O)c1ccc(F)cc1,556.68,,1,7.33,7.33,1.0,0.0,0,0,True,active_single
CHEMBL353290,CC(C1=C(CCN(C)C)Cc2ccc(F)cc21)c1ccccn1,310.42,,1,6.58,6.58,1.0,0.0,0,0,True,active_single
CHEMBL3545181,C[N+]1(C)[C@@H]2C[C@@H](OC(=O)C(O)(c3cccs3)c3cccs3)C[C@H]1[C@@H]1O[C@@H]12.O.[Br-],490.44,TIOTROPIUM BROMIDE,25,10.47,10.6,0.92,0.0,0,0,True,active
CHEMBL354523,CCC(C1=C(CCN(C)C)Cc2cc(Cl)ccc21)c1ccccn1,340.9,,1,6.55,6.55,1.0,0.0,0,0,True,active_single
CHEMBL354678,CCC(C1=C(CCN(C)C)Cc2ccccc21)c1ccccn1,306.45,,1,6.51,6.51,1.0,0.0,0,0,True,active_single
CHEMBL355851,CN(C)CCNC(=O)C1=C(Cc2cccnc2)c2ccccc2C1,321.42,,1,4.31,4.31,0.0,1.0,0,0,False,inactive_single
CHEMBL356181,Nc1ccc(CN2CCC(NC(=O)[C@](O)(c3ccccc3)[C@@H]3CCC(F)(F)C3)CC2)cc1F,461.53,,1,8.21,8.21,1.0,0.0,0,0,True,active_single
CHEMBL356305,Cc1cc(CN2CCC(NC(=O)C(O)(c3ccccc3)C3CCCC3)CC2)cs1,412.6,,1,8.46,8.46,1.0,0.0,0,0,True,active_single
CHEMBL356505,O=C(NC1CCN(Cc2ccsc2)CC1)[C@](O)(c1ccccc1)[C@@H]1CCC(F)(F)C1,434.55,,1,8.49,8.49,1.0,0.0,0,0,True,active_single
CHEMBL358193,O=C(NC1CCN(Cc2ccsc2)CC1)C(O)(c1ccccc1)C1CCCC1,398.57,,1,8.44,8.44,1.0,0.0,0,0,True,active_single
CHEMBL358289,O=C(NC1CCN(CC2CCCCCC2)CC1)[C@](O)(c1ccccc1)[C@@H]1CCC(F)(F)C1,448.6,,1,7.55,7.55,1.0,0.0,0,0,True,active_single
CHEMBL358726,Cc1cccc(CN2CCC(NC(=O)C(O)(c3ccccc3)C3CCCC3)CC2)c1,406.57,,1,8.64,8.64,1.0,0.0,0,0,True,active_single
CHEMBL359197,O=C(NC1CCN(Cc2ccncc2)CC1)C(O)(c1ccccc1)C1CCCC1,393.53,,1,6.72,6.72,1.0,0.0,0,0,True,active_single
CHEMBL359220,CC(C)=CCCN1CCC(NC(=O)[C@](O)(c2ccccc2)[C@H]2CC[C@H](O)C2)CC1,400.56,,1,7.74,7.74,1.0,0.0,0,0,True,active_single
CHEMBL3629353,O=C(Nc1ccccc1-c1ccc(O)c(Cl)c1)OC1CCN(CCCCCCCCCNC[C@H](O)c2ccc(O)c3[nH]c(=O)ccc23)CC1,691.27,,1,9.14,9.14,1.0,0.0,0,0,True,active_single
CHEMBL3629354,CN1CCC(Cn2cnc(C(O)(c3ccccc3)c3ccccc3)n2)CC1,362.48,,1,9.47,9.47,1.0,0.0,0,0,True,active_single
CHEMBL3629355,CN1CCC(Cn2cnc(C(O)(c3ccccc3)C3CCCCC3)n2)CC1,368.53,,1,8.96,8.96,1.0,0.0,0,0,True,active_single
CHEMBL3629356,O=c1ccc2c([C@@H](O)CNCCCCCCCCCN3CCC(Cn4cnc(C(O)(c5ccccc5)c5ccccc5)n4)CC3)ccc(O)c2[nH]1,692.9,,1,8.43,8.43,1.0,0.0,0,0,True,active_single
CHEMBL3629357,O=c1ccc2c([C@@H](O)CNCCc3ccc(CCN4CCC(Cn5cnc(C(O)(c6ccccc6)c6ccccc6)n5)CC4)cc3)ccc(O)c2[nH]1,698.87,,1,7.74,7.74,1.0,0.0,0,0,True,active_single
CHEMBL3629358,O=c1ccc2c([C@@H](O)CNCCCCCCCCCN3CCC(Cn4cnc(C(O)(c5ccccc5)C5CCCCC5)n4)CC3)ccc(O)c2[nH]1,698.95,,1,8.11,8.11,1.0,0.0,0,0,True,active_single
CHEMBL3629359,O=c1ccc2c([C@@H](O)CNCCCCCCCCCN3CCC(Cn4cnc([C@](O)(c5ccccc5)C5CCCCC5)n4)CC3)ccc(O)c2[nH]1,698.95,,1,8.43,8.43,1.0,0.0,0,0,True,active_single
CHEMBL3629360,O=c1ccc2c([C@@H](O)CNCCc3ccc(CCN4CCC(Cn5cnc([C@](O)(c6ccccc6)C6CCCCC6)n5)CC4)cc3)ccc(O)c2[nH]1,704.92,,1,9.54,9.54,1.0,0.0,0,0,True,active_single
CHEMBL3629531,COc1ccc(CCNC(=O)C2(c3ccccc3)CCN(C)CC2)cc1OC,382.5,,1,5.0,5.0,0.0,1.0,0,0,False,inactive_single
CHEMBL3629535,COc1ccc(CCC(=O)NCC2(c3ccccc3)CCN(C)CC2)cc1OC,396.53,,1,4.52,4.52,0.0,1.0,0,0,False,inactive_single
CHEMBL3629538,COc1ccc(CCNC(=O)NCC2(c3ccccc3)CCN(C)CC2)cc1OC,411.55,,1,5.0,5.0,0.0,1.0,0,0,False,inactive_single
CHEMBL3633650,CN(CC(=O)c1c(-c2ccccc2)[nH]c2ccccc12)CC(=O)N1CCOCC1,391.47,,2,4.56,4.56,0.0,1.0,0,0,False,inactive
CHEMBL3633665,CN(CCN1CCOCC1)CC(=O)c1c(-c2ccccc2)[nH]c2ccccc12,377.49,,2,4.26,4.26,0.0,1.0,0,0,False,inactive
CHEMBL3639442,C[C@H](Cc1ccc(CCNC(=O)Cc2ccc(N(C)C(=O)CCN3CCC(OC(=O)Nc4ccccc4-c4ccccc4)CC3)cc2)cc1)NC[C@H](O)c1ccc(O)c2[nH]c(=O)ccc12,879.07,,5,10.0,10.0,1.0,0.0,0,0,True,active
CHEMBL3643413,CCC(=O)N1CC[C@H](Nc2ncnc3c2CN(c2cnc(OC)c(C(F)(F)F)c2)CC3)C1,450.47,LENIOLISIB,1,4.52,4.52,0.0,1.0,0,0,False,inactive_single
CHEMBL3645274,Cc1cc(CNC[C@H](O)c2ccc(O)c3[nH]c(=O)ccc23)ccc1NC(=O)CCCN(C)C(=O)CCN1CCC(OC(=O)Nc2ccccc2-c2ccccc2)CC1,788.95,,5,10.0,10.0,1.0,0.0,0,0,True,active
CHEMBL3645275,COc1cc(CNC[C@H](O)c2ccc(O)c3[nH]c(=O)ccc23)ccc1NC(=O)CCCN(C)C(=O)CCN1CCC(OC(=O)Nc2ccccc2-c2ccccc2)CC1,804.95,,5,10.0,10.0,1.0,0.0,0,0,True,active
CHEMBL3645276,COc1cc(NC(=O)CCCN(C)C(=O)CCN2CCC(OC(=O)Nc3ccccc3-c3ccccc3)CC2)ccc1CNC[C@H](O)c1ccc(O)c2[nH]c(=O)ccc12,804.95,,5,10.0,10.0,1.0,0.0,0,0,True,active
CHEMBL3645277,Cc1cc(NC(=O)CCCN(C)C(=O)CCN2CCC(OC(=O)Nc3ccccc3-c3ccccc3)CC2)c(C)cc1CNC[C@H](O)c1ccc(O)c2[nH]c(=O)ccc12,802.97,,5,10.0,10.0,1.0,0.0,0,0,True,active
CHEMBL3645278,COc1cc(NC(=O)CCCN(C)C(=O)CCN2CCC(OC(=O)Nc3ccccc3-c3ccccc3)CC2)c(Cl)cc1CNC[C@H](O)c1ccc(O)c2[nH]c(=O)ccc12,839.39,,5,10.0,10.0,1.0,0.0,0,0,True,active
CHEMBL3645279,COc1ccc(NC(=O)CCCN(C)C(=O)CCN2CCC(OC(=O)Nc3ccccc3-c3ccccc3)CC2)cc1CCNC[C@H](O)c1ccc(O)c2[nH]c(=O)ccc12,818.97,,5,10.0,10.0,1.0,0.0,0,0,True,active
CHEMBL3645280,CC(Cc1cccc(NC(=O)CCCN(C)C(=O)CCN2CCC(OC(=O)Nc3ccccc3-c3ccccc3)CC2)c1)NC[C@H](O)c1ccc(O)c2[nH]c(=O)ccc12,802.97,,5,10.0,10.0,1.0,0.0,0,0,True,active
CHEMBL3645281,CC(Cc1cccc(CC(=O)NCCCN(C)C(=O)CCN2CCC(OC(=O)Nc3ccccc3-c3ccccc3)CC2)c1)NC[C@H](O)c1ccc(O)c2[nH]c(=O)ccc12,817.0,,5,10.0,10.0,1.0,0.0,0,0,True,active
CHEMBL3645282,C[C@H](Cc1cccc(CC(=O)NCCCN(C)C(=O)CCN2CCC(OC(=O)Nc3ccccc3-c3ccccc3)CC2)c1)NC[C@H](O)c1ccc(O)c2[nH]c(=O)ccc12,817.0,,5,10.0,10.0,1.0,0.0,0,0,True,active
CHEMBL3645283,Cc1cc(CNC[C@H](O)c2ccc(O)c3[nH]c(=O)ccc23)ccc1NC(=O)CCCCN(C)C(=O)CCN1CCC(OC(=O)Nc2ccccc2-c2ccccc2)CC1,802.97,,4,10.0,10.0,1.0,0.0,0,0,True,active
CHEMBL3645284,COc1cc(CNC[C@H](O)c2ccc(O)c3[nH]c(=O)ccc23)ccc1NC(=O)CCCCN(C)C(=O)CCN1CCC(OC(=O)Nc2ccccc2-c2ccccc2)CC1,818.97,,5,10.0,10.0,1.0,0.0,0,0,True,active
CHEMBL3645285,COc1cc(NC(=O)CCCCN(C)C(=O)CCN2CCC(OC(=O)Nc3ccccc3-c3ccccc3)CC2)ccc1CNC[C@H](O)c1ccc(O)c2[nH]c(=O)ccc12,818.97,,5,10.0,10.0,1.0,0.0,0,0,True,active
CHEMBL3645286,COc1cc(NC(=O)CCCCN(C)C(=O)CCN2CCC(OC(=O)Nc3ccccc3-c3ccccc3)CC2)c(Cl)cc1CNC[C@H](O)c1ccc(O)c2[nH]c(=O)ccc12,853.42,,5,10.0,10.0,1.0,0.0,0,0,True,active
CHEMBL3645287,CN(CCCCC(=O)Nc1cccc(CCNC[C@H](O)c2ccc(O)c3[nH]c(=O)ccc23)c1)C(=O)CCN1CCC(OC(=O)Nc2ccccc2-c2ccccc2)CC1,802.97,,5,10.0,10.0,1.0,0.0,0,0,True,active
CHEMBL3645288,CN(CCCCC(=O)Nc1ccc(CCNC[C@H](O)c2ccc(O)c3[nH]c(=O)ccc23)cc1)C(=O)CCN1CCC(OC(=O)Nc2ccccc2-c2ccccc2)CC1,802.97,,5,10.0,10.0,1.0,0.0,0,0,True,active
CHEMBL3645289,CC(Cc1cccc(CC(=O)NCCCCN(C)C(=O)CCN2CCC(OC(=O)Nc3ccccc3-c3ccccc3)CC2)c1)NC[C@H](O)c1ccc(O)c2[nH]c(=O)ccc12,831.03,,5,10.0,10.0,1.0,0.0,0,0,True,active
CHEMBL3645290,C[C@H](Cc1cccc(CC(=O)NCCCCN(C)C(=O)CCN2CCC(OC(=O)Nc3ccccc3-c3ccccc3)CC2)c1)NC[C@H](O)c1ccc(O)c2[nH]c(=O)ccc12,831.03,,4,10.0,10.0,1.0,0.0,0,0,True,active
CHEMBL3645291,C[C@@H](Cc1cccc(CC(=O)NCCCCN(C)C(=O)CCN2CCC(OC(=O)Nc3ccccc3-c3ccccc3)CC2)c1)NC[C@H](O)c1ccc(O)c2[nH]c(=O)ccc12,831.03,,6,10.0,10.0,1.0,0.0,0,0,True,active
CHEMBL3645292,Cc1ccc(C(=O)Nc2ccc(CNC[C@H](O)c3ccc(O)c4[nH]c(=O)ccc34)cc2)cc1N(C)C(=O)CCN1CCC(OC(=O)Nc2ccccc2-c2ccccc2)CC1,822.96,,5,9.7,9.7,1.0,0.0,0,0,True,active
CHEMBL3645293,Cc1cc(CNC[C@H](O)c2ccc(O)c3[nH]c(=O)ccc23)ccc1NC(=O)c1cccc(N(C)C(=O)CCN2CCC(OC(=O)Nc3ccccc3-c3ccccc3)CC2)c1,822.96,,5,10.0,10.0,1.0,0.0,0,0,True,active
CHEMBL3645294,Cc1cc(CNC[C@H](O)c2ccc(O)c3[nH]c(=O)ccc23)ccc1NC(=O)c1ccc(C)c(N(C)C(=O)CCN2CCC(OC(=O)Nc3ccccc3-c3ccccc3)CC2)c1,836.99,,5,9.7,9.7,1.0,0.0,0,0,True,active
CHEMBL3645295,COc1cc(CNC[C@H](O)c2ccc(O)c3[nH]c(=O)ccc23)ccc1NC(=O)c1cccc(N(C)C(=O)CCN2CCC(OC(=O)Nc3ccccc3-c3ccccc3)CC2)c1,838.96,,5,10.0,10.0,1.0,0.0,0,0,True,active
CHEMBL3645296,Cc1cc(NC(=O)c2cccc(N(C)C(=O)CCN3CCC(OC(=O)Nc4ccccc4-c4ccccc4)CC3)c2)c(C)cc1CNC[C@H](O)c1ccc(O)c2[nH]c(=O)ccc12,836.99,,5,9.7,9.7,1.0,0.0,0,0,True,active
CHEMBL3645297,COc1cc(NC(=O)c2cccc(N(C)C(=O)CCN3CCC(OC(=O)Nc4ccccc4-c4ccccc4)CC3)c2)c(Cl)cc1CNC[C@H](O)c1ccc(O)c2[nH]c(=O)ccc12,873.41,,4,9.7,9.7,1.0,0.0,0,0,True,active
CHEMBL3645298,CN(C(=O)CCN1CCC(OC(=O)Nc2ccccc2-c2ccccc2)CC1)c1cccc(C(=O)Nc2cccc(CCNC[C@H](O)c3ccc(O)c4[nH]c(=O)ccc34)c2)c1,822.96,,5,10.0,10.0,1.0,0.0,0,0,True,active
CHEMBL3645299,Cc1ccc(C(=O)Nc2cccc(CCNC[C@H](O)c3ccc(O)c4[nH]c(=O)ccc34)c2)cc1N(C)C(=O)CCN1CCC(OC(=O)Nc2ccccc2-c2ccccc2)CC1,836.99,,5,9.7,9.7,1.0,0.0,0,0,True,active
CHEMBL3645300,CN(C(=O)CCN1CCC(OC(=O)Nc2ccccc2-c2ccccc2)CC1)c1cccc(C(=O)Nc2ccc(CCNC[C@H](O)c3ccc(O)c4[nH]c(=O)ccc34)cc2)c1,822.96,,3,10.0,10.0,1.0,0.0,0,0,True,active
CHEMBL3645301,CC(Cc1cccc(NC(=O)c2cccc(N(C)C(=O)CCN3CCC(OC(=O)Nc4ccccc4-c4ccccc4)CC3)c2)c1)NC[C@H](O)c1ccc(O)c2[nH]c(=O)ccc12,836.99,,5,9.7,9.7,1.0,0.0,0,0,True,active
CHEMBL3645302,Cc1ccc(C(=O)Nc2cccc(CC(C)NC[C@H](O)c3ccc(O)c4[nH]c(=O)ccc34)c2)cc1N(C)C(=O)CCN1CCC(OC(=O)Nc2ccccc2-c2ccccc2)CC1,851.02,,5,9.7,9.7,1.0,0.0,0,0,True,active
CHEMBL3645303,C[C@H](Cc1cccc(NC(=O)c2cccc(N(C)C(=O)CCN3CCC(OC(=O)Nc4ccccc4-c4ccccc4)CC3)c2)c1)NC[C@H](O)c1ccc(O)c2[nH]c(=O)ccc12,836.99,,5,9.7,9.7,1.0,0.0,0,0,True,active
CHEMBL3645304,C[C@@H](Cc1cccc(NC(=O)c2cccc(N(C)C(=O)CCN3CCC(OC(=O)Nc4ccccc4-c4ccccc4)CC3)c2)c1)NC[C@H](O)c1ccc(O)c2[nH]c(=O)ccc12,836.99,,5,9.7,9.7,1.0,0.0,0,0,True,active
CHEMBL3645305,CC(Cc1ccc(NC(=O)c2cccc(N(C)C(=O)CCN3CCC(OC(=O)Nc4ccccc4-c4ccccc4)CC3)c2)cc1)NC[C@H](O)c1ccc(O)c2[nH]c(=O)ccc12,836.99,,5,10.0,10.0,1.0,0.0,0,0,True,active
CHEMBL3645306,Cc1ccc(C(=O)Nc2ccc(CC(C)NC[C@H](O)c3ccc(O)c4[nH]c(=O)ccc34)cc2)cc1N(C)C(=O)CCN1CCC(OC(=O)Nc2ccccc2-c2ccccc2)CC1,851.02,,4,9.52,9.52,1.0,0.0,0,0,True,active
CHEMBL3645307,C[C@H](Cc1ccc(NC(=O)c2cccc(N(C)C(=O)CCN3CCC(OC(=O)Nc4ccccc4-c4ccccc4)CC3)c2)cc1)NC[C@H](O)c1ccc(O)c2[nH]c(=O)ccc12,836.99,,5,9.7,9.7,1.0,0.0,0,0,True,active
CHEMBL3645308,C[C@@H](Cc1ccc(NC(=O)c2cccc(N(C)C(=O)CCN3CCC(OC(=O)Nc4ccccc4-c4ccccc4)CC3)c2)cc1)NC[C@H](O)c1ccc(O)c2[nH]c(=O)ccc12,836.99,,5,10.0,10.0,1.0,0.0,0,0,True,active
CHEMBL3645309,CC(Cc1cccc(CNC(=O)c2cccc(N(C)C(=O)CCN3CCC(OC(=O)Nc4ccccc4-c4ccccc4)CC3)c2)c1)NC[C@H](O)c1ccc(O)c2[nH]c(=O)ccc12,851.02,,4,10.0,10.0,1.0,0.0,0,0,True,active
CHEMBL3645310,Cc1ccc(C(=O)NCc2cccc(CC(C)NC[C@H](O)c3ccc(O)c4[nH]c(=O)ccc34)c2)cc1N(C)C(=O)CCN1CCC(OC(=O)Nc2ccccc2-c2ccccc2)CC1,865.04,,5,9.7,9.7,1.0,0.0,0,0,True,active
CHEMBL3645311,CC(Cc1ccc(CNC(=O)c2cccc(N(C)C(=O)CCN3CCC(OC(=O)Nc4ccccc4-c4ccccc4)CC3)c2)cc1)NC[C@H](O)c1ccc(O)c2[nH]c(=O)ccc12,851.02,,6,10.0,10.0,1.0,0.0,0,0,True,active
CHEMBL3645312,Cc1ccc(C(=O)NCc2ccc(CC(C)NC[C@H](O)c3ccc(O)c4[nH]c(=O)ccc34)cc2)cc1N(C)C(=O)CCN1CCC(OC(=O)Nc2ccccc2-c2ccccc2)CC1,865.04,,5,9.7,9.7,1.0,0.0,0,0,True,active
CHEMBL3645313,C[C@H](Cc1ccc(CNC(=O)c2cccc(N(C)C(=O)CCN3CCC(OC(=O)Nc4ccccc4-c4ccccc4)CC3)c2)cc1)NC[C@H](O)c1ccc(O)c2[nH]c(=O)ccc12,851.02,,5,9.52,9.52,1.0,0.0,0,0,True,active
CHEMBL3645314,C[C@@H](Cc1ccc(CNC(=O)c2cccc(N(C)C(=O)CCN3CCC(OC(=O)Nc4ccccc4-c4ccccc4)CC3)c2)cc1)NC[C@H](O)c1ccc(O)c2[nH]c(=O)ccc12,851.02,,5,10.0,10.0,1.0,0.0,0,0,True,active
CHEMBL3645315,C[C@H](Cc1cccc(CNC(=O)c2ccc(N(C)C(=O)CCN3CCC(OC(=O)Nc4ccccc4-c4ccccc4)CC3)cc2)c1)NC[C@H](O)c1ccc(O)c2[nH]c(=O)ccc12,851.02,,5,9.4,9.4,1.0,0.0,0,0,True,active
CHEMBL3645316,C[C@@H](Cc1cccc(CNC(=O)c2ccc(N(C)C(=O)CCN3CCC(OC(=O)Nc4ccccc4-c4ccccc4)CC3)cc2)c1)NC[C@H](O)c1ccc(O)c2[nH]c(=O)ccc12,851.02,,5,9.7,9.7,1.0,0.0,0,0,True,active
CHEMBL3645317,CC(Cc1cccc(CC(=O)Nc2cccc(N(C)C(=O)CCN3CCC(OC(=O)Nc4ccccc4-c4ccccc4)CC3)c2)c1)NC[C@H](O)c1ccc(O)c2[nH]c(=O)ccc12,851.02,,5,9.7,9.7,1.0,0.0,0,0,True,active
CHEMBL3645318,CC(Cc1ccc(CC(=O)Nc2cccc(N(C)C(=O)CCN3CCC(OC(=O)Nc4ccccc4-c4ccccc4)CC3)c2)cc1)NC[C@H](O)c1ccc(O)c2[nH]c(=O)ccc12,851.02,,4,10.0,10.0,1.0,0.0,0,0,True,active
CHEMBL3645319,COc1ccc(CC(=O)Nc2cccc(N(C)C(=O)CCN3CCC(OC(=O)Nc4ccccc4-c4ccccc4)CC3)c2)cc1CC(C)NC[C@H](O)c1ccc(O)c2[nH]c(=O)ccc12,881.04,,5,9.7,9.7,1.0,0.0,0,0,True,active
CHEMBL3645320,C[C@H](Cc1cccc(CCNC(=O)c2ccc(N(C)C(=O)CCN3CCC(OC(=O)Nc4ccccc4-c4ccccc4)CC3)cc2)c1)NC[C@H](O)c1ccc(O)c2[nH]c(=O)ccc12,865.04,,5,9.7,9.7,1.0,0.0,0,0,True,active
CHEMBL3645321,C[C@@H](Cc1cccc(CCNC(=O)c2ccc(N(C)C(=O)CCN3CCC(OC(=O)Nc4ccccc4-c4ccccc4)CC3)cc2)c1)NC[C@H](O)c1ccc(O)c2[nH]c(=O)ccc12,865.04,,5,9.7,9.7,1.0,0.0,0,0,True,active
CHEMBL3645322,C[C@H](Cc1ccc(CCNC(=O)c2ccc(N(C)C(=O)CCN3CCC(OC(=O)Nc4ccccc4-c4ccccc4)CC3)cc2)cc1)NC[C@H](O)c1ccc(O)c2[nH]c(=O)ccc12,865.04,,3,10.0,10.0,1.0,0.0,0,0,True,active
CHEMBL3645323,C[C@@H](Cc1ccc(CCNC(=O)c2ccc(N(C)C(=O)CCN3CCC(OC(=O)Nc4ccccc4-c4ccccc4)CC3)cc2)cc1)NC[C@H](O)c1ccc(O)c2[nH]c(=O)ccc12,865.04,,6,9.7,9.7,1.0,0.0,0,0,True,active
CHEMBL3645324,CN(C(=O)CCN1CCC(OC(=O)Nc2ccccc2-c2ccccc2)CC1)c1cccc(CC(=O)Nc2ccc(CNC[C@H](O)c3ccc(O)c4[nH]c(=O)ccc34)cc2)c1,822.96,,5,10.0,10.0,1.0,0.0,0,0,True,active
CHEMBL3645325,Cc1cc(NC(=O)Cc2cccc(N(C)C(=O)CCN3CCC(OC(=O)Nc4ccccc4-c4ccccc4)CC3)c2)c(C)cc1CNC[C@H](O)c1ccc(O)c2[nH]c(=O)ccc12,851.02,,5,10.0,10.0,1.0,0.0,0,0,True,active
CHEMBL3645326,COc1cc(NC(=O)Cc2cccc(N(C)C(=O)CCN3CCC(OC(=O)Nc4ccccc4-c4ccccc4)CC3)c2)c(Cl)cc1CNC[C@H](O)c1ccc(O)c2[nH]c(=O)ccc12,887.43,,5,10.0,10.0,1.0,0.0,0,0,True,active
CHEMBL3645327,CN(C(=O)CCN1CCC(OC(=O)Nc2ccccc2-c2ccccc2)CC1)c1cccc(CC(=O)Nc2cccc(CCNC[C@H](O)c3ccc(O)c4[nH]c(=O)ccc34)c2)c1,836.99,,5,10.0,10.0,1.0,0.0,0,0,True,active
CHEMBL3645328,CN(C(=O)CCN1CCC(OC(=O)Nc2ccccc2-c2ccccc2)CC1)c1cccc(CC(=O)Nc2ccc(CCNC[C@H](O)c3ccc(O)c4[nH]c(=O)ccc34)cc2)c1,836.99,,5,10.0,10.0,1.0,0.0,0,0,True,active
CHEMBL3645329,CN(C(=O)CCN1CCC(OC(=O)Nc2ccccc2-c2ccccc2)CC1)c1ccc(CC(=O)NCc2ccc(CCNC[C@H](O)c3ccc(O)c4[nH]c(=O)ccc34)cc2)cc1,851.02,,5,9.52,9.52,1.0,0.0,0,0,True,active
CHEMBL3645330,CN(C(=O)CCN1CCC(OC(=O)Nc2ccccc2-c2ccccc2)CC1)c1ccc(CC(=O)NCc2cccc(CCNC[C@H](O)c3ccc(O)c4[nH]c(=O)ccc34)c2)cc1,851.02,,5,10.0,10.0,1.0,0.0,0,0,True,active
CHEMBL3645331,CC(Cc1ccc(CNC(=O)Cc2ccc(N(C)C(=O)CCN3CCC(OC(=O)Nc4ccccc4-c4ccccc4)CC3)cc2)cc1)NC[C@H](O)c1ccc(O)c2[nH]c(=O)ccc12,865.04,,9,9.7,9.7,1.0,0.0,0,0,True,active
CHEMBL3645332,C[C@H](Cc1cccc(CNC(=O)Cc2ccc(N(C)C(=O)CCN3CCC(OC(=O)Nc4ccccc4-c4ccccc4)CC3)cc2)c1)NC[C@H](O)c1ccc(O)c2[nH]c(=O)ccc12,865.04,,5,10.0,10.0,1.0,0.0,0,0,True,active
CHEMBL3645333,C[C@@H](Cc1cccc(CNC(=O)Cc2ccc(N(C)C(=O)CCN3CCC(OC(=O)Nc4ccccc4-c4ccccc4)CC3)cc2)c1)NC[C@H](O)c1ccc(O)c2[nH]c(=O)ccc12,865.04,,5,10.0,10.0,1.0,0.0,0,0,True,active
CHEMBL3645334,Cc1ccc(CNC(=O)Cc2ccc(N(C)C(=O)CCN3CCC(OC(=O)Nc4ccccc4-c4ccccc4)CC3)cc2)cc1CC(C)NC[C@H](O)c1ccc(O)c2[nH]c(=O)ccc12,879.07,,5,9.52,9.52,1.0,0.0,0,0,True,active
CHEMBL3645335,Cc1c(CNC(=O)Cc2ccc(N(C)C(=O)CCN3CCC(OC(=O)Nc4ccccc4-c4ccccc4)CC3)cc2)cccc1CC(C)NC[C@H](O)c1ccc(O)c2[nH]c(=O)ccc12,879.07,,5,10.0,10.0,1.0,0.0,0,0,True,active
CHEMBL3645336,COc1ccc(CNC(=O)Cc2ccc(N(C)C(=O)CCN3CCC(OC(=O)Nc4ccccc4-c4ccccc4)CC3)cc2)cc1CC(C)NC[C@H](O)c1ccc(O)c2[nH]c(=O)ccc12,895.07,,5,9.4,9.4,1.0,0.0,0,0,True,active
CHEMBL3645337,CC(Cc1cc(CNC(=O)Cc2ccc(N(C)C(=O)CCN3CCC(OC(=O)Nc4ccccc4-c4ccccc4)CC3)cc2)ccc1F)NC[C@H](O)c1ccc(O)c2[nH]c(=O)ccc12,883.03,,5,9.7,9.7,1.0,0.0,0,0,True,active
CHEMBL3645338,CN(C(=O)CCN1CCC(OC(=O)Nc2ccccc2-c2ccccc2)CC1)c1ccc(CNC(=O)Cc2cccc(CNC[C@H](O)c3ccc(O)c4[nH]c(=O)ccc34)c2)cc1,836.99,,5,9.52,9.52,1.0,0.0,0,0,True,active
CHEMBL3645339,CN(C(=O)CCN1CCC(OC(=O)Nc2ccccc2-c2ccccc2)CC1)c1ccc(CNC(=O)Cc2ccc(CNC[C@H](O)c3ccc(O)c4[nH]c(=O)ccc34)cc2)cc1,836.99,,5,9.7,9.7,1.0,0.0,0,0,True,active
CHEMBL3645340,CN(C(=O)CCN1CCC(OC(=O)Nc2ccccc2-c2ccccc2)CC1)c1ccc(CNC(=O)Cc2cccc(CCNC[C@H](O)c3ccc(O)c4[nH]c(=O)ccc34)c2)cc1,851.02,,5,9.52,9.52,1.0,0.0,0,0,True,active
CHEMBL3645341,CC(Cc1cccc(CC(=O)NCc2ccc(N(C)C(=O)CCN3CCC(OC(=O)Nc4ccccc4-c4ccccc4)CC3)cc2)c1)NC[C@H](O)c1ccc(O)c2[nH]c(=O)ccc12,865.04,,5,10.0,10.0,1.0,0.0,0,0,True,active
CHEMBL3645342,C[C@H](Cc1cccc(CC(=O)NCc2ccc(N(C)C(=O)CCN3CCC(OC(=O)Nc4ccccc4-c4ccccc4)CC3)cc2)c1)NC[C@H](O)c1ccc(O)c2[nH]c(=O)ccc12,865.04,,5,9.52,9.52,1.0,0.0,0,0,True,active
CHEMBL3645343,C[C@@H](Cc1cccc(CC(=O)NCc2ccc(N(C)C(=O)CCN3CCC(OC(=O)Nc4ccccc4-c4ccccc4)CC3)cc2)c1)NC[C@H](O)c1ccc(O)c2[nH]c(=O)ccc12,865.04,,5,10.0,10.0,1.0,0.0,0,0,True,active
CHEMBL3645344,CC(Cc1ccc(CC(=O)NCc2ccc(N(C)C(=O)CCN3CCC(OC(=O)Nc4ccccc4-c4ccccc4)CC3)cc2)cc1)NC[C@H](O)c1ccc(O)c2[nH]c(=O)ccc12,865.04,,5,9.7,9.7,1.0,0.0,0,0,True,active
CHEMBL3645345,COc1ccc(CC(=O)NCc2ccc(N(C)C(=O)CCN3CCC(OC(=O)Nc4ccccc4-c4ccccc4)CC3)cc2)cc1CC(C)NC[C@H](O)c1ccc(O)c2[nH]c(=O)ccc12,895.07,,5,10.0,10.0,1.0,0.0,0,0,True,active
CHEMBL3645346,COc1ccc(CC(=O)NCc2ccc(N(C)C(=O)CCN3CCC(OC(=O)Nc4ccccc4-c4ccccc4)CC3)cc2)cc1C[C@@H](C)NC[C@H](O)c1ccc(O)c2[nH]c(=O)ccc12,895.07,,5,10.0,10.0,1.0,0.0,0,0,True,active
CHEMBL3645347,COc1ccc(CC(=O)NCc2ccc(N(C)C(=O)CCN3CCC(OC(=O)Nc4ccccc4-c4ccccc4)CC3)cc2)cc1C[C@H](C)NC[C@H](O)c1ccc(O)c2[nH]c(=O)ccc12,895.07,,5,9.7,9.7,1.0,0.0,0,0,True,active
CHEMBL3645348,CC(Cc1cc(CC(=O)NCc2ccc(N(C)C(=O)CCN3CCC(OC(=O)Nc4ccccc4-c4ccccc4)CC3)cc2)ccc1F)NC[C@H](O)c1ccc(O)c2[nH]c(=O)ccc12,883.03,,5,10.0,10.0,1.0,0.0,0,0,True,active
CHEMBL3645349,CC(Cc1cccc(CCNC(=O)Cc2ccc(N(C)C(=O)CCN3CCC(OC(=O)Nc4ccccc4-c4ccccc4)CC3)cc2)c1)NC[C@H](O)c1ccc(O)c2[nH]c(=O)ccc12,879.07,,7,9.7,9.7,1.0,0.0,0,0,True,active
CHEMBL3645350,C[C@@H](Cc1cccc(CCNC(=O)Cc2ccc(N(C)C(=O)CCN3CCC(OC(=O)Nc4ccccc4-c4ccccc4)CC3)cc2)c1)NC[C@H](O)c1ccc(O)c2[nH]c(=O)ccc12,879.07,,5,9.7,9.7,1.0,0.0,0,0,True,active
CHEMBL3645351,CC(Cc1ccc(CCNC(=O)Cc2ccc(N(C)C(=O)CCN3CCC(OC(=O)Nc4ccccc4-c4ccccc4)CC3)cc2)cc1)NC[C@H](O)c1ccc(O)c2[nH]c(=O)ccc12,879.07,,5,10.0,10.0,1.0,0.0,0,0,True,active
CHEMBL3645352,C[C@@H](Cc1ccc(CCNC(=O)Cc2ccc(N(C)C(=O)CCN3CCC(OC(=O)Nc4ccccc4-c4ccccc4)CC3)cc2)cc1)NC[C@H](O)c1ccc(O)c2[nH]c(=O)ccc12,879.07,,5,10.0,10.0,1.0,0.0,0,0,True,active
CHEMBL3645353,CC(Cc1cccc(CCC(=O)NCc2ccc(N(C)C(=O)CCN3CCC(OC(=O)Nc4ccccc4-c4ccccc4)CC3)cc2)c1)NC[C@H](O)c1ccc(O)c2[nH]c(=O)ccc12,879.07,,5,9.7,9.7,1.0,0.0,0,0,True,active
CHEMBL3645354,C[C@H](Cc1cccc(CCC(=O)NCc2ccc(N(C)C(=O)CCN3CCC(OC(=O)Nc4ccccc4-c4ccccc4)CC3)cc2)c1)NC[C@H](O)c1ccc(O)c2[nH]c(=O)ccc12,879.07,,5,9.7,9.7,1.0,0.0,0,0,True,active
CHEMBL3645355,C[C@@H](Cc1cccc(CCC(=O)NCc2ccc(N(C)C(=O)CCN3CCC(OC(=O)Nc4ccccc4-c4ccccc4)CC3)cc2)c1)NC[C@H](O)c1ccc(O)c2[nH]c(=O)ccc12,879.07,,5,9.1,9.1,1.0,0.0,0,0,True,active
CHEMBL3645356,COc1ccc(CC(C)NC[C@H](O)c2ccc(O)c3[nH]c(=O)ccc23)cc1CC(=O)NCc1ccc(N(C)C(=O)CCN2CCC(OC(=O)Nc3ccccc3-c3ccccc3)CC2)cc1,895.07,,5,10.0,10.0,1.0,0.0,0,0,True,active
CHEMBL3645357,CC(Cc1ccc(F)c(CC(=O)NCc2ccc(N(C)C(=O)CCN3CCC(OC(=O)Nc4ccccc4-c4ccccc4)CC3)cc2)c1)NC[C@H](O)c1ccc(O)c2[nH]c(=O)ccc12,883.03,,5,9.7,9.7,1.0,0.0,0,0,True,active
CHEMBL3645358,CN(C(=O)CCN1CCC(OC(=O)Nc2ccccc2-c2ccccc2)CC1)c1ccc(CNC(=O)CCc2cccc(CNC[C@H](O)c3ccc(O)c4[nH]c(=O)ccc34)c2)cc1,851.02,,4,10.0,10.0,1.0,0.0,0,0,True,active
CHEMBL3645359,CN(CCCC(=O)Nc1ccc(CCNC[C@H](O)c2ccc(O)c3[nH]c(=O)ccc23)cc1)C(=O)CCN1CCC(OC(=O)Nc2ccccc2-c2ccccc2)CC1,788.95,,6,10.0,10.0,1.0,0.0,0,0,True,active
CHEMBL3645360,C[C@@H](Cc1ccc(NC(=O)CCCN(C)C(=O)CCN2CCC(OC(=O)Nc3ccccc3-c3ccccc3)CC2)cc1)NC[C@H](O)c1ccc(O)c2[nH]c(=O)ccc12,802.97,,1,10.0,10.0,1.0,0.0,0,0,True,active_single
CHEMBL3645361,Cc1ccc(C(=O)Nc2ccc(CCNC[C@H](O)c3ccc(O)c4[nH]c(=O)ccc34)cc2)cc1N(C)C(=O)CCN1CCC(OC(=O)Nc2ccccc2-c2ccccc2)CC1,836.99,,6,9.7,9.7,1.0,0.0,0,0,True,active
CHEMBL3645362,CN(CCCC(=O)Nc1ccc(CNC[C@H](O)c2ccc(O)c3[nH]c(=O)ccc23)cc1)C(=O)CCN1CCC(OC(=O)Nc2ccccc2-c2ccccc2)CC1,774.92,,5,10.0,10.0,1.0,0.0,0,0,True,active
CHEMBL3645363,CN(CCCCC(=O)Nc1ccc(CNC[C@H](O)c2ccc(O)c3[nH]c(=O)ccc23)cc1)C(=O)CCN1CCC(OC(=O)Nc2ccccc2-c2ccccc2)CC1,788.95,,6,10.0,10.0,1.0,0.0,0,0,True,active
CHEMBL3645364,CN(C(=O)CCN1CCC(OC(=O)Nc2ccccc2-c2ccccc2)CC1)c1cccc(C(=O)Nc2ccc(CNC[C@H](O)c3ccc(O)c4[nH]c(=O)ccc34)cc2)c1,808.94,,4,10.0,10.0,1.0,0.0,0,0,True,active
CHEMBL3645365,C[C@H](Cc1cccc(CCNC(=O)Cc2ccc(N(C)C(=O)CCN3CCC(OC(=O)Nc4ccccc4-c4ccccc4)CC3)cc2)c1)NC[C@H](O)c1ccc(O)c2[nH]c(=O)ccc12,879.07,,4,10.0,10.0,1.0,0.0,0,0,True,active
CHEMBL3666066,CN(CCCC(=O)Nc1cccc(CNC[C@H](O)c2ccc(O)c3[nH]c(=O)ccc23)c1)C(=O)CCN1CCC(OC(=O)Nc2ccccc2-c2ccccc2)CC1,774.92,,1,10.0,10.0,1.0,0.0,0,0,True,active_single
CHEMBL3666067,C[C@H](NC[C@H](O)c1ccc(O)c2[nH]c(=O)ccc12)c1cccc(CC(=O)NCCCN(C)C(=O)CCN2CCC(OC(=O)Nc3ccccc3-c3ccccc3)CC2)c1,802.97,,1,10.0,10.0,1.0,0.0,0,0,True,active_single
CHEMBL3666068,Cc1cc(NC(=O)CCCCN(C)C(=O)CCN2CCC(OC(=O)Nc3ccccc3-c3ccccc3)CC2)c(C)cc1CNC[C@H](O)c1ccc(O)c2[nH]c(=O)ccc12,817.0,,4,10.0,10.0,1.0,0.0,0,0,True,active
CHEMBL3670826,C[N+]1(C)C2CCC1[C@H](OC(=O)[C@@](O)(c1ccccc1)C1CCCC1)C2,344.48,,4,8.73,8.73,1.0,0.0,0,0,True,active
CHEMBL3670827,C[N+]1(C)C2CCC1[C@@H](OC(=O)[C@@](O)(c1ccccc1)C1CCCC1)C2,344.48,,4,8.59,8.59,1.0,0.0,0,0,True,active
CHEMBL3670828,C[N+]1(C)C2CCC1[C@@H](OC(=O)[C@](O)(c1ccccc1)C1CCCC1)C2,344.48,,6,8.75,8.75,1.0,0.0,0,0,True,active
CHEMBL369062,O=C(CCCNC(=O)CC(c1ccccc1)(c1ccccc1)c1ccccc1)NCCC(=O)NCC1CCCN(CC2CCCCC2)C1,650.91,,1,8.68,8.68,1.0,0.0,0,0,True,active_single
CHEMBL370128,COc1ccc(NC(=O)N2CCN(c3ccccc3Cl)CC2)cc1N1CCN(C)CC1,443.98,,1,5.0,5.0,0.0,1.0,0,0,False,inactive_single
CHEMBL370232,CO[C@]1(C#CC(O)(c2cccs2)c2cccs2)CN2CCC1CC2,359.52,,1,10.3,10.3,1.0,0.0,0,0,True,active_single
CHEMBL370862,COC1(C#CC(O)(c2ccccn2)C2CCCC2)CN2CCC1CC2,340.47,,1,8.4,8.4,1.0,0.0,0,0,True,active_single
CHEMBL371734,CO[C@]1(C#C[C@@](O)(c2ccccc2)C2CCCCC2)CN2CCC1CC2,353.51,,2,8.45,8.45,1.0,0.0,0,0,True,active
CHEMBL372453,COc1ccc(NC(=O)N2CCN(c3ccc(Cl)cc3)CC2)cc1N1CCN(C)CC1,443.98,,1,5.0,5.0,0.0,1.0,0,0,False,inactive_single
CHEMBL372566,CO[C@]1(C#C[C@](O)(c2ccccc2)c2cccnc2)CN2CCC1CC2,348.45,,1,7.89,7.89,1.0,0.0,0,0,True,active_single
CHEMBL373256,COC1(C#CC(O)(Cc2ccccc2)c2ccccc2)CN2CCC1CC2,361.49,,1,7.4,7.4,1.0,0.0,0,0,True,active_single
CHEMBL373515,CN1CCC[C@H]1[C@H]1CSC(c2ccccc2)(c2ccccc2)O1,325.48,,1,8.28,8.28,1.0,0.0,0,0,True,active_single
CHEMBL37372,CCN(CC)CCOC(=O)C(C)(c1ccccc1)c1ccc(O)cc1,341.45,,1,7.28,7.28,1.0,0.0,0,0,True,active_single
CHEMBL373888,COc1nsnc1OCCOCCOc1nsnc1C1=CCCN(C)C1,399.5,,1,7.3,7.3,1.0,0.0,0,0,True,active_single
CHEMBL373994,O=C1NC(c2ccccc2)(c2ccccc2)CN1C1CCN(Cc2cccc(F)c2)CC1,429.54,,1,8.36,8.36,1.0,0.0,0,0,True,active_single
CHEMBL374099,COc1ccc(C2(c3ccc(OC)cc3)CN(C3CCN(Cc4ccccc4)CC3)C(=O)N2)cc1,471.6,,1,6.94,6.94,1.0,0.0,0,0,True,active_single
CHEMBL374452,C[N+]1(CCCc2ccccc2)CCC(N2CC(c3ccccc3)(c3ccccc3)NC2=O)C1,440.61,,1,9.15,9.15,1.0,0.0,0,0,True,active_single
CHEMBL374513,C[N+]1(CC(=O)c2ccccc2)CC[C@@H](N2CC(c3ccc(F)cc3)(c3ccc(F)cc3)NC2=O)C1,476.55,,1,8.74,8.74,1.0,0.0,0,0,True,active_single
CHEMBL374989,C[N+]1(CCOc2ccccc2)CCC(N2CC(c3ccccc3)(c3ccccc3)NC2=O)C1,442.58,,1,8.72,8.72,1.0,0.0,0,0,True,active_single
CHEMBL375073,CN1CCC[C@@H]1[C@@H]1CSC(c2ccccc2)(c2ccccc2)O1,325.48,,1,8.61,8.61,1.0,0.0,0,0,True,active_single
CHEMBL375277,CN1C(=O)N(C2CCN(Cc3ccccc3)CC2)CC1(c1ccccc1)c1ccccc1,425.58,,1,7.73,7.73,1.0,0.0,0,0,True,active_single
CHEMBL375420,Cc1cccc(CN2CCC(N3CC(c4cccs4)(c4cccs4)NC3=O)CC2)c1,437.63,,1,8.76,8.76,1.0,0.0,0,0,True,active_single
CHEMBL375851,C[N+]1(C)CCC[C@@H]1[C@@H]1CSC(c2ccccc2)(c2ccccc2)O1.[I-],467.42,,1,8.3,8.3,1.0,0.0,0,0,True,active_single
CHEMBL375969,C[N+]1(C)CCC[C@H]1[C@H]1CSC(c2ccccc2)(c2ccccc2)O1.[I-],467.42,,1,9.13,9.13,1.0,0.0,0,0,True,active_single
CHEMBL376000,O=C1NC(c2ccccc2)(c2ccccc2)CN1C1CCN(Cc2ccccc2)CC1,411.55,,1,8.72,8.72,1.0,0.0,0,0,True,active_single
CHEMBL376057,C[N+]1(C)CCC[C@H]1[C@H]1CS[C@](c2ccccc2)(C2CCCCC2)O1.[I-],473.46,,1,9.23,9.23,1.0,0.0,0,0,True,active_single
CHEMBL376255,CN1CCC[C@H]1[C@H]1CS[C@](c2ccccc2)(C2CCCCC2)O1,331.53,,1,8.77,8.77,1.0,0.0,0,0,True,active_single
CHEMBL376295,COc1nsnc1OCCCOCCCOCCCOc1nsnc1-c1cccnc1,467.57,,1,6.7,6.7,1.0,0.0,0,0,True,active_single
CHEMBL376781,O=C1NC(c2cccs2)(c2cccs2)CN1C1CCN(Cc2cccc(F)c2)CC1,441.6,,1,8.56,8.56,1.0,0.0,0,0,True,active_single
CHEMBL376870,CN1CCC[C@@H]1[C@@H]1CS[C@](c2ccccc2)(C2CCCCC2)O1,331.53,,1,8.66,8.66,1.0,0.0,0,0,True,active_single
CHEMBL376897,C[N+]1(C)[C@@H]2C[C@@H](OC(=O)[C@H](CO)c3ccccc3)C[C@H]1[C@@H]1O[C@@H]12,318.39,METHSCOPOLAMINE,4,9.87,9.87,1.0,0.0,0,0,True,active
CHEMBL376900,C[N+]1(C[C@H]2O[C@@H]2c2ccccc2)CCC(N2CC(c3ccccc3)(c3ccccc3)NC2=O)C1,454.59,,1,8.18,8.18,1.0,0.0,0,0,True,active_single
CHEMBL377241,CN[C@@H]1CCN(c2ccc(-n3ncc4cc(-c5ccc(C(F)(F)F)cc5)sc4c3=O)cn2)C1,471.51,,1,6.8,6.8,1.0,0.0,0,0,True,active_single
CHEMBL3775226,Cc1ncoc1-c1nnc(SCCCN2CC3CCN(c4ccc(C(F)(F)F)cc4F)C3C2)n1C,510.56,,1,6.61,6.61,1.0,0.0,0,0,True,active_single
CHEMBL377728,Cc1c(NC2CCCCC2)nc(C2CC2)nc1NC1CC1,286.42,,1,6.5,6.5,1.0,0.0,0,0,True,active_single
CHEMBL377729,Cc1c(NC2CC2)nc([C@@H]2C[C@H]2C)nc1N1CCCCCC1,300.45,,1,7.49,7.49,1.0,0.0,0,0,True,active_single
CHEMBL378772,O=C(NCC1CCN(CC2CC2)CC1)[C@H]1CCCN1C(=O)[C@@H]1C[C@@H](O)CN1C(=O)CC(c1ccc(F)cc1)(c1ccc(F)cc1)c1ccc(F)cc1,716.84,,1,9.77,9.77,1.0,0.0,0,0,True,active_single
CHEMBL378859,O=C(NCCC1CCNCC1)[C@H]1CCCN1C(=O)[C@@H]1C[C@@H](O)CN1C(=O)CC(c1ccc(Cl)cc1)(c1ccc(Cl)cc1)c1ccc(Cl)cc1,726.14,,1,8.92,8.92,1.0,0.0,0,0,True,active_single
CHEMBL378872,O=C(NCC1CCNCC1)[C@H]1CCCN1C(=O)[C@@H]1C[C@@H](O)CN1C(=O)CC(c1ccc(Cl)cc1)(c1ccc(Cl)cc1)c1ccc(Cl)cc1,712.12,,1,9.41,9.41,1.0,0.0,0,0,True,active_single
CHEMBL378885,O=C(NC[C@@H]1CCCNC1)[C@H]1CCCN1C(=O)[C@@H]1C[C@@H](O)CN1C(=O)CC(c1ccccc1)(c1ccccc1)c1ccccc1,608.78,,1,8.43,8.43,1.0,0.0,0,0,True,active_single
CHEMBL378904,Cc1c(NC2CC2)nc(CC2CC2)nc1N1CCCCCC1,300.45,,1,6.9,6.9,1.0,0.0,0,0,True,active_single
CHEMBL379055,NCC1CCN(C(=O)[C@H]2CCCN2C(=O)[C@@H]2CCCN2C(=O)CC(c2ccccc2)(c2ccccc2)c2ccccc2)CC1.O=C(O)C(F)(F)F,706.81,,1,6.82,6.82,1.0,0.0,0,0,True,active_single
CHEMBL379483,O=C(NCC1CCNCC1)[C@H]1CCCN1C(=O)[C@@H]1CCCN1C(=O)CC(c1ccccc1)(c1ccccc1)c1ccccc1.O=C(O)C(F)(F)F,706.81,,1,7.31,7.31,1.0,0.0,0,0,True,active_single
CHEMBL380135,c1c(NC2CC2)nc(C2CC2)nc1N1CCCCCC1,272.4,,1,7.2,7.2,1.0,0.0,0,0,True,active_single
CHEMBL380314,Cc1c(N[C@H]2C[C@@H]2C)nc(C2CC2)nc1N1CCCCCC1,300.45,,1,8.1,8.1,1.0,0.0,0,0,True,active_single
CHEMBL380477,Cc1c(NCCc2cccs2)nc(C2CC2)nc1NC1CC1,314.46,,1,7.1,7.1,1.0,0.0,0,0,True,active_single
CHEMBL380583,CO[C@]1(C#CC(O)(c2cccc(C)c2)c2cccc(C)c2)CN2CCC1CC2,375.51,,1,8.1,8.1,1.0,0.0,0,0,True,active_single
CHEMBL3808485,Cc1ccc(OC2CCN(c3ncnc4ccc(F)cc34)CC2)cn1,338.39,,1,5.0,,0.0,1.0,0,0,False,inactive_single
CHEMBL380926,Cc1c(NC2CC2)nc(C2CC2)nc1N1CCC(C(F)(F)F)CC1,340.39,,1,7.0,7.0,1.0,0.0,0,0,True,active_single
CHEMBL380954,Cc1c(NCc2c(F)cccc2F)nc(C2CC2)nc1NC1CC1,330.38,,1,7.2,7.2,1.0,0.0,0,0,True,active_single
CHEMBL381020,COC1(C#CC(O)(c2ccccn2)C2CCC2)CN2CCC1CC2,326.44,,1,7.7,7.7,1.0,0.0,0,0,True,active_single
CHEMBL381259,Cc1c(NCc2ccccc2)nc(C2CC2)nc1NC1CC1,294.4,,1,6.7,6.7,1.0,0.0,0,0,True,active_single
CHEMBL381333,Cc1c(NC2CC2)nc(C2CC2)nc1N1CCC(C)(C)CC1,300.45,,1,7.6,7.6,1.0,0.0,0,0,True,active_single
CHEMBL381469,CO[C@]1(C#CC(O)(c2cccnc2)c2cccnc2)CN2CCC1CC2,349.43,,1,7.3,7.3,1.0,0.0,0,0,True,active_single
CHEMBL381623,CO[C@]1(C#CC(O)(c2ccccc2)c2ccccc2)CN2CCC1CC2,347.46,,2,9.89,9.89,1.0,0.0,0,0,True,active
CHEMBL381752,Cc1c(NC2CC2)nc(C2CC2)nc1N1CCC(F)(F)CC1,308.38,,1,7.3,7.3,1.0,0.0,0,0,True,active_single
CHEMBL381878,CO[C@]1(C#CC(O)(c2ccc(F)cc2)c2ccc(F)cc2)CN2CCC1CC2,383.44,,1,9.0,9.0,1.0,0.0,0,0,True,active_single
CHEMBL382213,COC1(C#CC(O)(c2ccccc2)c2cccnc2F)CN2CCC1CC2,366.44,,1,9.1,9.1,1.0,0.0,0,0,True,active_single
CHEMBL383248,COC1(C#CC(O)(c2ccccc2)c2cccnn2)CN2CCC1CC2,349.43,,1,8.1,8.1,1.0,0.0,0,0,True,active_single
CHEMBL3833319,CN(CCN1CCC(OC(=O)Nc2ccccc2-c2ccccc2)CC1)C(=O)c1ccc(CN2CCC(C(N)=O)CC2)cc1,597.76,REVEFENACIN,2,8.3,8.3,1.0,0.0,0,0,True,active
CHEMBL383389,CO[C@]1(C#CC(O)(c2cccc(F)c2)c2cccc(F)c2)CN2CCC1CC2,383.44,,1,9.1,9.1,1.0,0.0,0,0,True,active_single
CHEMBL384670,O=C1NC(c2ccccc2)(c2ccccc2)CN1C1CCN(Cc2ccccc2Cl)CC1,445.99,,1,7.86,7.86,1.0,0.0,0,0,True,active_single
CHEMBL385229,O=C(NC[C@@H]1CCCNC1)[C@H]1CCCN1C(=O)[C@@H]1CCCN1C(=O)CC(c1ccccc1)(c1ccccc1)c1ccccc1.O=C(O)C(F)(F)F,706.81,,1,7.64,7.64,1.0,0.0,0,0,True,active_single
CHEMBL385328,CN1CCC[C@H]1[C@H]1CS[C@@](c2ccccc2)(C2CCCCC2)O1,331.53,,1,9.05,9.05,1.0,0.0,0,0,True,active_single
CHEMBL387546,C[N+]1(CCOc2ccccc2)CC[C@@H](N2CC(c3ccccc3)(c3ccccc3)NC2=O)C1,442.58,,1,8.98,8.98,1.0,0.0,0,0,True,active_single
CHEMBL387632,C[C@H]1OC[C@@H](C[N+](C)(C)C)O1.[I-],287.14,,1,4.87,4.87,0.0,1.0,0,0,False,inactive_single
CHEMBL388541,COc1ccccc1CN1CCC(N2CC(c3ccccc3)(c3ccccc3)NC2=O)CC1,441.58,,1,7.08,7.08,1.0,0.0,0,0,True,active_single
CHEMBL3890898,CN(CCCc1nc(-c2ccc(CNC[C@H](O)c3ccc(O)c4[nH]c(=O)ccc34)cc2)no1)[C@H]1CC[C@H](OC(=O)C(O)(c2cccs2)c2cccs2)CC1,769.95,,1,9.4,9.4,1.0,0.0,0,0,True,active_single
CHEMBL3892021,CN(CCCn1ccc2cc(CNC[C@H](O)c3ccc(O)c4[nH]c(=O)ccc34)ccc21)[C@H]1CC[C@H](OC(=O)C(O)(c2cccs2)c2cccs2)CC1,740.95,,1,9.22,9.22,1.0,0.0,0,0,True,active_single
CHEMBL3896828,C[C@@H](Cc1cccc(CC(=O)NCCCN(C)C(=O)CCN2CCC(OC(=O)Nc3ccccc3-c3ccccc3)CC2)c1)NC[C@H](O)c1ccc(O)c2[nH]c(=O)ccc12,817.0,,3,10.0,10.0,1.0,0.0,0,0,True,active
CHEMBL3896880,CCN(CCN1CCC(OC(=O)Nc2ccccc2-c2ccccc2)CC1)C(=O)c1ccc(CN2CCC(C(N)=O)CC2)cc1,611.79,,1,8.3,8.3,1.0,0.0,0,0,True,active_single
CHEMBL3897499,CCCN1CC[C@H]2c3cc4ccc(C(F)(F)F)cc4nc3[C@H](CC)[C@H]3CCC[C@@H]1[C@@H]32,416.53,,1,5.0,5.0,0.0,1.0,0,0,False,inactive_single
CHEMBL389992,CC1CN(c2cc(N3CCCCCC3)nc(C3CC3)n2)C1,286.42,,1,7.89,7.89,1.0,0.0,0,0,True,active_single
CHEMBL3900995,CN(CCCn1c(=O)oc2cc(CNC[C@H](O)c3ccc(O)c4[nH]c(=O)ccc34)ccc21)[C@H]1CC[C@H](OC(=O)C(O)(c2cccs2)c2cccs2)CC1,758.92,,1,9.52,9.52,1.0,0.0,0,0,True,active_single
CHEMBL3904721,O=C(O[C@H]1C[N+]2(CCc3cccs3)CCC1CC2)C(O)(c1cccs1)c1cccs1,460.67,,2,8.51,8.51,1.0,0.0,0,0,True,active
CHEMBL3905320,COc1cc(OCC(=O)N(C)CCN(C)[C@H]2CC[C@H](OC(=O)C(O)(c3cccs3)c3cccs3)CC2)c(Cl)cc1CNC[C@H](O)c1ccc(O)c2[nH]c(=O)ccc12,839.43,,1,9.4,9.4,1.0,0.0,0,0,True,active_single
CHEMBL3905582,Cn1c(SCCCN2CC[C@]3(C[C@@H]3c3ccc(C(F)(F)F)cc3)C2)nnc1-c1csnn1,480.59,,1,6.56,6.56,1.0,0.0,0,0,True,active_single
CHEMBL3906438,COc1cc(-c2noc(CCCN(C)[C@H]3CC[C@H](OC(=O)C(O)(c4cccs4)c4cccs4)CC3)n2)c(Cl)cc1CNC[C@H](O)c1ccc(O)c2[nH]c(=O)ccc12,834.42,,1,9.7,9.7,1.0,0.0,0,0,True,active_single
CHEMBL390839,C[N+]1(C)CCC(N2CC(c3ccccc3)(c3ccccc3)NC2=O)CC1,350.49,,1,6.6,6.6,1.0,0.0,0,0,True,active_single
CHEMBL3908788,CN(CCCn1c(=O)sc2cc(CNC[C@H](O)c3ccc(O)c4[nH]c(=O)ccc34)ccc21)[C@H]1CC[C@H](OC(=O)C(O)(c2cccs2)c2cccs2)CC1,774.99,,1,9.3,9.3,1.0,0.0,0,0,True,active_single
CHEMBL3910208,CC(Cc1ccc(OCC(=O)NCCN[C@H]2CC[C@H](OC(=O)C(O)(c3cccs3)c3cccs3)CC2)cc1)NC[C@H](O)c1ccc(O)c2[nH]c(=O)ccc12,774.96,,1,8.44,8.44,1.0,0.0,0,0,True,active_single
CHEMBL3911114,CN(CCCn1c(=O)oc2cc(CCNC[C@H](O)c3ccc(O)c4[nH]c(=O)ccc34)ccc21)[C@H]1CC[C@H](OC(=O)C(O)(c2cccs2)c2cccs2)CC1,772.95,,1,9.1,9.1,1.0,0.0,0,0,True,active_single
CHEMBL3914137,O=C(O[C@H]1C[N+]2(C/C=C/c3ccccc3)CCC1CC2)C1(O)c2ccccc2-c2ccccc21,452.57,,1,7.51,7.51,1.0,0.0,0,0,True,active_single
CHEMBL3915401,CN(CCN(C)[C@H]1CC[C@H](OC(C(=O)O)(c2cccs2)c2cccs2)CC1)C(=O)COc1ccc(CNC[C@H](O)c2ccc(O)c3[nH]c(=O)ccc23)cc1,774.96,,1,8.85,8.85,1.0,0.0,0,0,True,active_single
CHEMBL3915634,Cc1nnc2sc(C(=O)NCc3ccc(S(=O)(=O)C(F)(F)F)cc3)c(N)c2c1C,444.46,,1,4.52,,0.0,1.0,0,0,False,inactive_single
CHEMBL3916700,COc1cc(NC(=O)OCCN(C)[C@H]2CC[C@H](OC(=O)C(O)(c3cccs3)c3cccs3)CC2)c(Cl)cc1CNC[C@H](O)c1ccc(O)c2[nH]c(=O)ccc12,811.38,LAS190792,1,8.8,8.8,1.0,0.0,0,0,True,active_single
CHEMBL3917058,C[C@@](C(=O)O[C@@H]1CC2CCC1[N+]2(C)C)(c1ccccc1)C1CCCC1,342.5,,2,9.72,9.72,1.0,0.0,0,0,True,active
CHEMBL391977,CN(C)C1(CNCCC2CCC(O)CC2)COc2ccccc2OC1,348.49,,1,8.54,8.54,1.0,0.0,0,0,True,active_single
CHEMBL3920279,O=C(O[C@H]1C[N+]2(CCCCc3ccccc3)CCC1CC2)C1c2ccccc2Oc2ccccc21,468.62,,1,7.89,7.89,1.0,0.0,0,0,True,active_single
CHEMBL392045,CN(C)C1(CCCCC2CCCCC2)COc2ccccc2OC1,331.5,,1,7.0,7.0,1.0,0.0,0,0,True,active_single
CHEMBL392186,CN(C)C1(CNCCC2CCOCC2)COc2ccc(F)cc2OC1,352.45,,1,8.38,8.38,1.0,0.0,0,0,True,active_single
CHEMBL3923686,CN(CCCn1c(=O)oc2cc(CNC[C@H](O)c3ccc(O)c4[nH]c(=O)ccc34)ccc21)[C@H]1CC[C@H](OC(=O)C2(C)c3ccccc3Oc3ccccc32)CC1,758.87,,1,9.0,9.0,1.0,0.0,0,0,True,active_single
CHEMBL3926721,CN(CCCn1c(=O)oc2cc(CNC[C@H](O)c3ccc(O)c(NC=O)c3)ccc21)[C@H]1CC[C@H](c2cccc3c2C(C)(C(=O)O)c2ccccc2O3)CC1,734.85,,1,8.23,8.23,1.0,0.0,0,0,True,active_single
CHEMBL3931995,O=C(O[C@H]1C[N+]2(CCOCc3ccccc3)CCC1CC2)C(O)(c1cccs1)c1cccs1,484.66,,2,8.0,8.0,1.0,0.0,0,0,True,active
CHEMBL3932738,O=C(O[C@H]1C[N+]2(CCCOc3ccccc3)CCC1CC2)C1c2ccccc2Oc2ccccc21,470.59,,1,8.06,8.06,1.0,0.0,0,0,True,active_single
CHEMBL3933797,O=C(O[C@H]1C[N+]2(CCCc3cccs3)CCC1CC2)C1(O)c2ccccc2Oc2ccccc21,476.62,,1,7.72,7.72,1.0,0.0,0,0,True,active_single
CHEMBL394137,CN(C)C1(CNCCC23CC4CC(CC(C4)C2)C3)COc2ccccc2OC1,384.56,,1,8.82,8.82,1.0,0.0,0,0,True,active_single
CHEMBL3942511,Cc1nnc2sc(C(=O)NCc3ccc(S(F)(F)(F)(F)F)cc3)c(N)c2c1C,438.45,,1,4.52,,0.0,1.0,0,0,False,inactive_single
CHEMBL394254,CN(C)C1(CNCCC2CCCC2)COc2ccccc2OC1,318.46,,1,8.48,8.48,1.0,0.0,0,0,True,active_single
CHEMBL394255,CN(C)C1(CNCC=C2CCOCC2)COc2ccccc2OC1,332.44,,1,7.85,7.85,1.0,0.0,0,0,True,active_single
CHEMBL3948099,CC1(C(=O)O[C@H]2C[N+]3(C/C=C/c4ccccc4)CCC2CC3)c2ccccc2-c2ccccc21,450.6,,1,7.85,7.85,1.0,0.0,0,0,True,active_single
CHEMBL3948162,O=C(O[C@H]1C[N+]2(C/C=C/c3ccccc3)CCC1CC2)C(O)(c1ccccc1)c1ccco1,444.55,,2,7.85,7.85,1.0,0.0,0,0,True,active
CHEMBL3949833,O=C(O[C@H]1C[N+]2(CCOc3ccccc3)CCC1CC2)C(O)(c1ccccc1)c1ccco1,448.54,,2,8.18,8.18,1.0,0.0,0,0,True,active
CHEMBL395110,CN1CCCC(CN2c3ccccc3Sc3ccccc32)C1,310.47,MEPAZINE,2,7.06,7.06,1.0,0.0,0,0,True,active
CHEMBL3952427,Cc1ccc(C(=O)Nc2ccc(CC(C)NC[C@H](C)c3ccc(O)c4[nH]c(=O)ccc34)cc2)cc1N(C)C(=O)CCN1CCC(OC(=O)Nc2ccccc2-c2ccccc2)CC1,849.05,,1,9.52,9.52,1.0,0.0,0,0,True,active_single
CHEMBL395571,Cc1c(N2CCCCCC2)nc(C2CC2)nc1N1CCCCCC1,328.5,,1,7.4,7.4,1.0,0.0,0,0,True,active_single
CHEMBL3956752,O=C(O[C@H]1C[N+]2(CCOc3ccccc3)CCC1CC2)C1c2ccccc2Oc2ccccc21,456.56,,1,7.8,7.8,1.0,0.0,0,0,True,active_single
CHEMBL3956822,CC(C(=O)O[C@H]1C[N+]2(CCCOc3ccccc3)CCC1CC2)(c1ccccc1)c1ccccc1,470.63,,2,7.66,7.66,1.0,0.0,0,0,True,active
CHEMBL3960065,O=C(O[C@H]1C[N+]2(CCCOc3ccccc3O)CCC1CC2)C(O)(c1cccs1)c1cccs1,500.66,,2,8.09,8.09,1.0,0.0,0,0,True,active
CHEMBL3960091,CN(CCCn1nnc2cc(CNC[C@H](O)c3ccc(O)c4[nH]c(=O)ccc34)ccc21)[C@H]1CC[C@H](OC(=O)[C@](O)(c2cccs2)C2CCCC2)CC1,728.92,,1,9.22,9.22,1.0,0.0,0,0,True,active_single
CHEMBL3961014,CN(CCCn1c(=O)[nH]c2cc(CNC[C@H](O)c3ccc(O)c4[nH]c(=O)ccc34)ccc21)[C@H]1CC[C@H](OC(=O)C(O)(c2cccs2)c2cccs2)CC1,757.94,,1,9.4,9.4,1.0,0.0,0,0,True,active_single
CHEMBL3963421,O=C(O[C@H]1C[N+]2(CCCn3cccc3)CCC1CC2)C(O)(c1cccs1)c1cccs1,457.64,,2,7.8,7.8,1.0,0.0,0,0,True,active
CHEMBL3963770,CN(CCCn1nnc2cc(CNC[C@H](O)c3ccc(O)c4c3OCC(=O)N4)ccc21)[C@H]1CC[C@H](OC(=O)[C@](O)(c2cccs2)C2CCCC2)CC1,732.9,,1,9.4,9.4,1.0,0.0,0,0,True,active_single
CHEMBL3963788,Cc1nnc2sc(C(=O)NCc3ccc(S(=O)(=O)C(F)F)cc3)c(N)c2c1C,426.47,,1,4.52,,0.0,1.0,0,0,False,inactive_single
CHEMBL3965159,O=C(O[C@H]1C[N+]2(CCCc3cccs3)CCC1CC2)C(O)(c1cccs1)c1cccs1,474.69,,2,8.3,8.3,1.0,0.0,0,0,True,active
CHEMBL3965175,CC(Cc1ccc(CNC(=O)Cc2ccc(N(C)C(=O)CCN3CCC(OC(=O)Nc4ccccc4-c4ccccc4)CC3)cc2)cc1)NCCc1ccc(O)c2[nH]c(=O)ccc12,849.05,,1,10.0,10.0,1.0,0.0,0,0,True,active_single
CHEMBL396761,Cc1c(N2CCCCCC2)nc(C2CC2)nc1N1CC(F)C1,304.41,,2,6.75,6.75,1.0,0.0,0,0,True,active
CHEMBL3971284,CN(CCNC(=O)COc1ccc(CNC[C@H](O)c2ccc(O)c3[nH]c(=O)ccc23)cc1)[C@H]1CC[C@H](OC(=O)C(O)(c2cccs2)c2cccs2)CC1,760.94,,1,8.66,8.66,1.0,0.0,0,0,True,active_single
CHEMBL3974189,O=C(O[C@H]1C[N+]2(CCCOc3ccccc3)CCC1CC2)C(O)(c1ccccc1)c1cccs1,478.63,,2,8.32,8.32,1.0,0.0,0,0,True,active
CHEMBL3978891,O=C(O[C@H]1C[N+]2(CCCOc3ccccc3)CCC1CC2)C(O)(c1ccccc1)c1ccco1,462.57,,2,8.17,8.17,1.0,0.0,0,0,True,active
CHEMBL3981221,COc1cc(NC(=O)c2cccc(N(C)C(=O)CCN3CCC(OC(=O)Nc4ccccc4-c4ccccc4)CC3)c2)c(C)cc1CNC[C@H](O)c1ccc(O)c2[nH]c(=O)ccc12,852.99,,1,9.7,9.7,1.0,0.0,0,0,True,active_single
CHEMBL3985491,O=C(O[C@@H]1CC2CC[N+]1(CCCOc1ccccc1)CC2)C(c1ccccc1)c1ccccc1,456.61,,1,7.51,7.51,1.0,0.0,0,0,True,active_single
CHEMBL403029,Cl.OC(CCCN1CCN(c2ccccc2)CC1)(c1ccccc1)c1ccccc1,423.0,,1,4.15,4.15,0.0,1.0,0,0,False,inactive_single
CHEMBL403592,C[N+](C)(CCCC(O)(c1ccccc1)c1ccccc1)CCC[N+](C)(C)CCCC(O)(c1ccccc1)c1ccccc1.[I-].[I-],834.67,,1,4.91,4.91,0.0,1.0,0,0,False,inactive_single
CHEMBL404557,C[C@@H]1COC[C@@H](C[N+](C)(C)C)O1.[I-],301.17,,2,4.33,4.33,0.0,1.0,0,0,False,inactive
CHEMBL404866,Cl.Cl.OC(CCCN1CCN(CCCC(O)(c2ccccc2)c2ccccc2)CC1)(c1ccccc1)c1ccccc1,607.67,,1,4.06,4.06,0.0,1.0,0,0,False,inactive_single
CHEMBL405117,N[C@H]1CCCC[C@@H]1NC(=O)[C@H]1CCCN1C(=O)[C@@H]1CCCN1C(=O)CC(c1ccccc1)(c1ccccc1)c1ccccc1.O=C(O)C(F)(F)F,706.81,,1,7.32,7.32,1.0,0.0,0,0,True,active_single
CHEMBL4061390,C[N+]1(C)CCC(OCc2nccs2)C1.O=C[O-],258.34,,1,4.92,4.92,0.0,1.0,0,0,False,inactive_single
CHEMBL4064668,COc1ccc(F)c(CC[N+](C)(C)C)c1.O=C[O-],257.3,,1,4.85,4.85,0.0,1.0,0,0,False,inactive_single
CHEMBL4065555,C[N+](C)(C)CCCc1ccc2ccoc2c1.O=C[O-],263.34,,1,6.85,6.85,1.0,0.0,0,0,True,active_single
CHEMBL4067722,Cc1cc2c(cc1Cc1ccc(-c3cocn3)cc1)C(=O)N([C@H]1CCOC[C@@H]1O)C2,404.47,,1,5.0,,0.0,1.0,0,0,False,inactive_single
CHEMBL4070061,CN1CCCC(OCc2cccnc2)C1,206.29,,1,4.38,4.38,0.0,1.0,0,0,False,inactive_single
CHEMBL4074104,CC1CCN(CCCN2C(=O)CCc3ccccc32)CC1,286.42,,1,4.85,4.85,0.0,1.0,0,0,False,inactive_single
CHEMBL4074319,CCOc1cccc(CC[N+](C)(C)C)c1.O=C[O-],253.34,,1,4.37,4.37,0.0,1.0,0,0,False,inactive_single
CHEMBL4079233,CCC(=O)NC1CN(CCCCC2CCN(CC(=O)N3c4ccccc4NC(=O)c4ccccc43)CC2)CCN(CCCCC2CCN(CC(=O)N3c4ccccc4NC(=O)c4ccccc43)CC2)C1.O=C(O)C(F)(F)F.O=C(O)C(F)(F)F.O=C(O)C(F)(F)F.O=C(O)C(F)(F)F,1406.33,,1,6.7,6.7,1.0,0.0,0,0,True,active_single
CHEMBL4083241,c1cncc(COC2CCCNC2)c1,192.26,,1,5.0,5.0,0.0,1.0,0,0,False,inactive_single
CHEMBL4084607,COc1cccc(C(O)C[N+](C)(C)C)c1.O=C[O-],255.31,,1,4.92,4.92,0.0,1.0,0,0,False,inactive_single
CHEMBL4085780,O=C1CCc2ccccc2N1CCCN1CCN(c2ccccc2)CC1,349.48,,1,4.75,4.75,0.0,1.0,0,0,False,inactive_single
CHEMBL4086147,NC/C=C/CN(C[C@H]1Cc2ccccc2CN1)[C@H]1CCCc2cccnc21,362.52,,1,4.8,4.8,0.0,1.0,0,0,False,inactive_single
CHEMBL4088272,CCCN1CCC=C(c2cc(-c3ccc(C)cc3)no2)C1,282.39,,1,4.62,4.62,0.0,1.0,0,0,False,inactive_single
CHEMBL4089027,C[N+](C)(C)CCc1cccc(OC(F)(F)F)c1.O=C[O-],293.28,,1,4.96,4.96,0.0,1.0,0,0,False,inactive_single
CHEMBL4091032,CN1CCC(COCc2cccnc2)C1,206.29,,1,4.12,4.12,0.0,1.0,0,0,False,inactive_single
CHEMBL409151,CO[C@]1(C#C[C@](O)(c2ccccc2)C2CCCCCC2)CN2CCC1CC2,367.53,,1,9.5,9.5,1.0,0.0,0,0,True,active_single
CHEMBL4091934,COc1cccc(CC[N+](C)(C)C)c1.O=C[O-],239.32,,5,4.3,4.09,0.0,0.8333333333333334,0,0,False,inactive
CHEMBL4092348,C[N+](C)(C)CCc1cccc(O)c1.O=C[O-],225.29,,1,4.89,4.89,0.0,1.0,0,0,False,inactive_single
CHEMBL4092769,COc1cccc(C#CC[N+](C)(C)C)c1.O=C[O-],249.31,,1,4.7,4.7,0.0,1.0,0,0,False,inactive_single
CHEMBL4095626,COc1cccc2c1CCC(C[N+](C)(C)C)C2.O=C[O-],279.38,,1,4.6,4.6,0.0,1.0,0,0,False,inactive_single
CHEMBL4095774,COc1ccccc1C[N+](C)(C)C.[I-],307.18,,1,4.3,4.3,0.0,1.0,0,0,False,inactive_single
CHEMBL4097248,COc1cccc2c1CC[N+](C)(C)C2.O=C[O-],237.3,,1,4.62,4.62,0.0,1.0,0,0,False,inactive_single
CHEMBL4097258,CCC(=O)NCc1cc(C(=O)NCCNC(=O)CCc2cn(CCCCC3CCN(CC(=O)N4c5ccccc5NC(=O)c5ccccc54)CC3)cn2)cc(C(=O)NCCNC(=O)CCc2cn(CCCCC3CCN(CC(=O)N4c5ccccc5NC(=O)c5ccccc54)CC3)cn2)c1.O=C(O)C(F)(F)F.O=C(O)C(F)(F)F.O=C(O)C(F)(F)F.O=C(O)C(F)(F)F,1814.75,,1,7.81,7.81,1.0,0.0,0,0,True,active_single
CHEMBL4099667,COc1cccc(/C=C/C[N+](C)(C)C)c1.O=C[O-],251.33,,1,4.68,4.68,0.0,1.0,0,0,False,inactive_single
CHEMBL4099673,c1cncc(COCC2CCNC2)c1,192.26,,1,4.44,4.44,0.0,1.0,0,0,False,inactive_single
CHEMBL410061,COC1(C#CC(C)(c2ccccc2)c2ccccc2)CN2CCC1CC2,345.49,,1,7.8,7.8,1.0,0.0,0,0,True,active_single
CHEMBL4100938,C[N+](C)(C)CCc1ccc2ccoc2c1.O=C[O-],249.31,,1,7.39,7.39,1.0,0.0,0,0,True,active_single
CHEMBL4102555,COc1cccc(C(=O)C[N+](C)(C)C)c1.O=C[O-],253.3,,1,6.68,6.68,1.0,0.0,0,0,True,active_single
CHEMBL4103087,C[N+](C)(C)C1CCc2cccc(O)c2C1.[I-],333.21,,1,4.8,4.8,0.0,1.0,0,0,False,inactive_single
CHEMBL410890,NCCC1CCN(C(=O)[C@](O)(c2ccccc2)[C@@H]2CCC(F)(F)C2)CC1,366.45,,1,8.43,8.43,1.0,0.0,0,0,True,active_single
CHEMBL4109862,CCC1([N+]23CCC(CC2)[C@@H](OC(=O)C2(O)c4ccccc4-c4ccccc42)C3)c2ccsc21,458.6,,1,7.51,7.51,1.0,0.0,0,0,True,active_single
CHEMBL4114219,C[C@@H](NC[C@H](O)c1ccc(O)c2[nH]c(=O)ccc12)c1cccc(CCNC(=O)c2ccc(N(C)C(=O)CCN3CCC(OC(=O)Nc4ccccc4-c4ccccc4)CC3)cc2)c1,851.02,,1,10.0,10.0,1.0,0.0,0,0,True,active_single
CHEMBL411514,COC(C#C[C@@]1(OC)CN2CCC1CC2)(c1ccccc1)c1ccccc1,361.49,,1,8.0,8.0,1.0,0.0,0,0,True,active_single
CHEMBL4126071,O=C(O[C@H]1CN2CCC1CC2)[C@H]1COCC(c2ccccc2)(c2ccccc2)O1,393.48,,1,6.57,6.57,1.0,0.0,0,0,True,active_single
CHEMBL4126290,c1ccc(C2(c3ccccc3)COC[C@@H](CO[C@@H]3CN4CCC3CC4)O2)cc1,379.5,,1,6.98,6.98,1.0,0.0,0,0,True,active_single
CHEMBL4128341,c1ccc(C2(c3ccccc3)COC[C@H](CO[C@@H]3CN4CCC3CC4)O2)cc1,379.5,,1,7.7,7.7,1.0,0.0,0,0,True,active_single
CHEMBL4128926,CC(C)(C)NS(=O)(=O)c1ccc(-c2sc(C(=O)N[C@H]3C[C@H](C(=O)O)C3)nc2CC2CCCCC2)c2ccccc12,583.78,,1,9.14,9.14,1.0,0.0,0,0,True,active_single
CHEMBL4129382,O=C(O[C@@H]1CN2CCC1CC2)[C@@H]1COCC(c2ccccc2)(c2ccccc2)O1,393.48,,1,4.84,4.84,0.0,1.0,0,0,False,inactive_single
CHEMBL4129580,c1ccc(C2(c3ccccc3)COC[C@H](CO[C@H]3CN4CCC3CC4)O2)cc1,379.5,,1,7.36,7.36,1.0,0.0,0,0,True,active_single
CHEMBL415,CN(C)CCCN1c2ccccc2CCc2ccc(Cl)cc21,314.86,CLOMIPRAMINE,2,7.11,7.11,1.0,0.0,0,0,True,active
CHEMBL4159607,C/C(=C/CN(C[C@H]1Cc2ccccc2CN1)[C@H]1CCCc2cccnc21)CN,376.55,,1,7.49,7.49,1.0,0.0,0,0,True,active_single
CHEMBL4160401,NC(=O)NC/C=CCN(C[C@H]1Cc2ccccc2CN1)[C@H]1CCCc2cccnc21,405.55,,1,4.8,4.8,0.0,1.0,0,0,False,inactive_single
CHEMBL4161850,N[C@H]1CC[C@@H](N(C[C@H]2Cc3ccccc3CN2)[C@H]2CCCc3cccnc32)CC1,390.58,,1,4.48,4.48,0.0,1.0,0,0,False,inactive_single
CHEMBL4163770,NCC1CC1CN(C[C@H]1Cc2ccccc2CN1)[C@H]1CCCc2cccnc21,376.55,,2,4.68,4.68,0.0,1.0,0,0,False,inactive
CHEMBL4164874,FC1(F)CCC(NC/C=CCN(C[C@H]2Cc3ccccc3CN2)[C@H]2CCCc3cccnc32)CC1,480.65,,1,4.96,4.96,0.0,1.0,0,0,False,inactive_single
CHEMBL4167221,NC[C@H]1CC[C@H](CN(C[C@H]2Cc3ccccc3CN2)[C@H]2CCCc3cccnc32)CC1,418.63,,1,5.0,5.0,0.0,1.0,0,0,False,inactive_single
CHEMBL4167521,NCC1=C(CN(C[C@H]2Cc3ccccc3CN2)[C@H]2CCCc3cccnc32)CCCC1,416.61,,1,4.64,4.64,0.0,1.0,0,0,False,inactive_single
CHEMBL4169450,C/C(CN(C[C@H]1Cc2ccccc2CN1)[C@H]1CCCc2cccnc21)=C(/F)CN,394.54,,1,4.77,4.77,0.0,1.0,0,0,False,inactive_single
CHEMBL4171643,N[C@H]1CC[C@H](CN(C[C@H]2Cc3ccccc3CN2)[C@H]2CCCc3cccnc32)CC1,404.6,,1,4.48,4.48,0.0,1.0,0,0,False,inactive_single
CHEMBL4175088,N[C@H]1CC[C@H](N(C[C@H]2Cc3ccccc3CN2)[C@H]2CCCc3cccnc32)CC1,390.58,,1,4.48,4.48,0.0,1.0,0,0,False,inactive_single
CHEMBL42,CN1CCN(C2=Nc3cc(Cl)ccc3Nc3ccccc32)CC1,326.83,CLOZAPINE,4,7.05,7.11,0.75,0.25,0,0,True,active
CHEMBL420008,C=C(c1ccc(S(=O)(=O)c2ccc(OC)cc2)cc1)C1CCN(C2CCNCC2)CC1,440.61,,1,8.47,8.47,1.0,0.0,0,0,True,active_single
CHEMBL4211076,Cc1nnc2sc(C(=O)N3CC(c4ccccc4)C3)c(N)c2c1C,338.44,,1,5.0,,0.0,1.0,0,0,False,inactive_single
CHEMBL421113,C=C(c1ccc(S(=O)(=O)c2ccc(OC)cc2)cc1)C1CCN(C2CCN(S(=O)(=O)CCC)CC2)CC1,546.76,,1,8.0,8.0,1.0,0.0,0,0,True,active_single
CHEMBL422665,Nc1cccc(CN2CCC(NC(=O)[C@](O)(c3ccccc3)[C@@H]3CCC(F)(F)C3)CC2)c1,443.54,,1,8.16,8.16,1.0,0.0,0,0,True,active_single
CHEMBL423831,CN(C)CCC1=C(C(C)(C)c2ccccn2)c2ccccc2C1,306.45,,1,7.59,7.59,1.0,0.0,0,0,True,active_single
CHEMBL424214,CN1CCN(C(=O)C2=C/C(=Cc3ccncc3)c3ccccc32)CC1,331.42,,1,4.01,4.01,0.0,1.0,0,0,False,inactive_single
CHEMBL424416,O=C(N1CCCNCC1)[C@](O)(c1ccccc1)[C@@H]1CCC(F)(F)C1,338.4,,1,7.77,7.77,1.0,0.0,0,0,True,active_single
CHEMBL426393,O=C1NC(c2ccccc2)(c2ccccc2)CN1C1CCN(CCOc2ccccc2)CC1,441.58,,1,6.64,6.64,1.0,0.0,0,0,True,active_single
CHEMBL427013,COC1(C#CC(O)(c2ccccc2)c2ccc(F)nc2)CN2CCC1CC2,366.44,,1,9.49,9.49,1.0,0.0,0,0,True,active_single
CHEMBL427390,Cc1c(NC2CC2)nc(C2CC2)nc1N1CCCC1,258.37,,1,7.0,7.0,1.0,0.0,0,0,True,active_single
CHEMBL4277101,O=C1[C@@H]2[C@H](C(=O)N1CCCCN1CCN(c3cccc4sccc34)CC1)[C@H]1C=C[C@@H]2C1,435.59,,1,4.0,4.0,0.0,1.0,0,0,False,inactive_single
CHEMBL4284346,O=C1[C@@H]2[C@H]3CC[C@H](C3)[C@@H]2C(=O)N1CCCCN1CCN(c2cccc3sccc23)CC1,437.61,,1,4.0,4.0,0.0,1.0,0,0,False,inactive_single
CHEMBL4286717,CCC1(C)CC(=O)N(CCCCN2CCN(c3cccc4sccc34)CC2)C(=O)C1,427.61,,1,4.0,4.0,0.0,1.0,0,0,False,inactive_single
CHEMBL428962,CO[C@]1(C#C[C@](O)(c2ccccc2)C2CCCCC2)CN2CCC1CC2,353.51,,1,9.7,9.7,1.0,0.0,0,0,True,active_single
CHEMBL4294617,O=C1CC2(CCCC2)CC(=O)N1CCCCN1CCN(c2cccc3sccc23)CC1,439.63,,1,4.0,4.0,0.0,1.0,0,0,False,inactive_single
CHEMBL429620,COc1ccc(CCNCC2(N(C)C)COc3ccccc3OC2)cc1,356.47,,1,7.0,7.0,1.0,0.0,0,0,True,active_single
CHEMBL4297483,CN(CCCn1nnc2cc(CNC[C@H](O)c3ccc(O)c4[nH]c(=O)ccc34)ccc21)[C@H]1CC[C@H](OC(=O)C(O)(c2cccs2)c2cccs2)CC1,742.92,NAVAFENTEROL,1,8.8,8.8,1.0,0.0,0,0,True,active_single
CHEMBL430587,C[C@@H]1OC(=O)[C@@H]2C[C@@H]3CCCC[C@@H]3[C@@H](C#C[C@H]3CCC[C@H](C)N3C)[C@H]12,343.51,,1,4.96,4.96,0.0,1.0,0,0,False,inactive_single
CHEMBL43064,C(=C/c1ccccc1)CN1CCN(C(c2ccccc2)c2ccccc2)CC1,368.52,CINNARIZINE,2,6.45,6.45,1.0,0.0,0,0,True,active
CHEMBL43383,CCN(CC)CCCCC1CCN(CC(=O)N2c3ccccc3C(=O)Nc3cccnc32)CC1,463.63,,1,6.82,6.82,1.0,0.0,0,0,True,active_single
CHEMBL434388,Cc1c(N2CCCCCC2)nc(C2CC2)nc1N1CC(C)(C)C1,314.48,,1,7.49,7.49,1.0,0.0,0,0,True,active_single
CHEMBL434684,CC(C1=C(CN(C)C)Cc2ccccc21)c1ccccn1,278.4,,1,7.5,7.5,1.0,0.0,0,0,True,active_single
CHEMBL434765,Cc1c(N2CCCCCC2)nc(C2CC2)nc1N1CCCCC1,314.48,,1,7.1,7.1,1.0,0.0,0,0,True,active_single
CHEMBL434929,O=C1NC(c2ccccc2)(c2ccccc2)CN1C1CCN(c2ccccc2)CC1,397.52,,1,7.0,7.0,1.0,0.0,0,0,True,active_single
CHEMBL435158,CN(CCc1ccccc1)CC1(N(C)C)COc2ccccc2OC1,340.47,,1,7.0,7.0,1.0,0.0,0,0,True,active_single
CHEMBL435353,CN(C)C1(CNCCC2CCOCC2)COc2ccccc2OC1,334.46,,1,7.96,7.96,1.0,0.0,0,0,True,active_single
CHEMBL435949,COc1ccccc1N1CCN(Cc2c[nH]c3ncccc23)CC1,322.41,,1,5.0,5.0,0.0,1.0,0,0,False,inactive_single
CHEMBL436492,COc1ccc(CN2CCC(N3CC(c4ccccc4)(c4ccccc4)NC3=O)CC2)cc1,441.58,,1,7.59,7.59,1.0,0.0,0,0,True,active_single
CHEMBL438427,O=C1NC(c2ccccc2)(c2ccccc2)CN1[C@@H]1CCN(Cc2ccccc2)C1,397.52,,1,7.88,7.88,1.0,0.0,0,0,True,active_single
CHEMBL438822,O=C(NC[C@@H]1CCCNC1)[C@H]1CCCN1C(=O)[C@@H]1C[C@@H](O)CN1C(=O)CC(c1ccc(F)cc1)(c1ccc(F)cc1)c1ccc(F)cc1,662.75,,1,9.41,9.41,1.0,0.0,0,0,True,active_single
CHEMBL441873,O=C1NC(c2ccccc2)(c2ccccc2)CN1C1CCN(Cc2cccs2)CC1,417.58,,1,7.87,7.87,1.0,0.0,0,0,True,active_single
CHEMBL443267,CCC1(CCN)CCN(C(=O)[C@](O)(c2ccccc2)[C@@H]2CCC(F)(F)C2)CC1,394.51,,1,8.15,8.15,1.0,0.0,0,0,True,active_single
CHEMBL4435641,O=C(OCCCc1ccc(Cl)c(Cl)c1)N(c1ccccc1)C1CN2CCC1CC2,433.38,,1,7.22,7.22,1.0,0.0,0,0,True,active_single
CHEMBL4436930,O=C(OC1C[N+]2(CCCc3cccc(F)c3)CCC1CC2)C(O)(c1ccccc1)c1ccccc1.[Br-],554.5,,1,8.96,8.96,1.0,0.0,0,0,True,active_single
CHEMBL4436947,O=C(OC1C[N+]2(CCCCCc3ccccc3)CCC1CC2)C(O)(c1ccccc1)c1ccccc1.[Br-],564.56,,1,7.77,7.77,1.0,0.0,0,0,True,active_single
CHEMBL443780,CCN(CC)CCOC(=O)C(C)(c1ccccc1)C1CCCCC1,331.5,,1,8.0,8.0,1.0,0.0,0,0,True,active_single
CHEMBL443925,CCOC(=O)c1ccc(NC(=O)N[C@@H](Cc2ccc(O)cc2)C(=O)NC2CCN(Cc3cccc(C(F)(F)F)c3)C2)cc1,598.62,,1,7.8,7.8,1.0,0.0,0,0,True,active_single
CHEMBL4441041,O=C(OC1C[N+]2(CCCc3cccc(C(F)(F)F)c3)CCC1CC2)C(O)(c1ccccc1)c1ccccc1.[Br-],604.51,,1,7.72,7.72,1.0,0.0,0,0,True,active_single
CHEMBL4441786,O=C(OCc1ccccc1)N(c1ccccc1)C1CN2CCC1CC2,336.44,,1,7.05,7.05,1.0,0.0,0,0,True,active_single
CHEMBL4442329,O=C(OC1C[N+]2(CCOc3ccccc3)CCC1CC2)C(O)(c1ccccc1)c1ccccc1.[Br-],538.48,,1,8.55,8.55,1.0,0.0,0,0,True,active_single
CHEMBL4446039,O=C(OCc1ccc(Cl)c(Cl)c1)N(c1ccccc1)C1CN2CCC1CC2,405.33,,1,7.15,7.15,1.0,0.0,0,0,True,active_single
CHEMBL4447975,COc1cc(OC)c2c(c1)OC[C@@]1(C)NCC[C@@H]21,249.31,,1,5.0,5.0,0.0,1.0,0,0,False,inactive_single
CHEMBL4448108,CN(CCCCCCCCN(C)CCCCCCN(CC(=O)N1c2ccccc2C(=O)Nc2cccnc21)CC(=O)N1c2ccccc2C(=O)Nc2cccnc21)CCCCCCNCC(=O)N1c2ncccc2NC(=O)c2cccnc21,1125.39,,1,7.42,7.42,1.0,0.0,0,0,True,active_single
CHEMBL4448944,O=C(OC1C[N+]2(CCCc3ccccc3)CCC1CC2)C(O)(c1ccccc1)c1ccccc1.[Br-],536.51,,1,9.36,9.36,1.0,0.0,0,0,True,active_single
CHEMBL445,CNCCC=C1c2ccccc2CCc2ccccc21,263.38,NORTRIPTYLINE,2,7.11,7.11,1.0,0.0,0,0,True,active
CHEMBL4450188,O=C(OC1C[N+]2(CCCc3ccc(F)cc3)CCC1CC2)C(O)(c1ccccc1)c1ccccc1.[Br-],554.5,,1,8.77,8.77,1.0,0.0,0,0,True,active_single
CHEMBL4451383,CC(=O)N[C@@H](Cc1ccc(O)cc1)C(=O)N[C@@H](CCCCN)C(=O)NCCN1CCN(CCCCC2CCN(CC(=O)N3c4ccccc4NC(=O)c4ccccc43)CC2)CC1.O=C(O)C(F)(F)F.O=C(O)C(F)(F)F.O=C(O)C(F)(F)F.O=C(O)C(F)(F)F,1308.18,,1,7.79,7.79,1.0,0.0,0,0,True,active_single
CHEMBL4451770,O=C(OCCc1ccc(Cl)c(Cl)c1)N(c1ccccc1)C1CN2CCC1CC2,419.35,,1,6.59,6.59,1.0,0.0,0,0,True,active_single
CHEMBL4452706,O=C(OC1C[N+]2(CCCc3cccc(Cl)c3)CCC1CC2)C(O)(c1ccccc1)c1ccccc1.[Br-],570.96,,1,8.19,8.19,1.0,0.0,0,0,True,active_single
CHEMBL4454300,CC(=O)N[C@@H](Cc1c[nH]c2ccccc12)C(=O)N[C@@H](Cc1ccc(O)cc1)C(=O)NCCN1CCN(CCCCC2CCN(CC(=O)N3c4ccccc4NC(=O)c4ccccc43)CC2)CC1.O=C(O)C(F)(F)F.O=C(O)C(F)(F)F.O=C(O)C(F)(F)F,1252.2,,1,7.87,7.87,1.0,0.0,0,0,True,active_single
CHEMBL4455481,COc1ccc(CCCOC(=O)N(c2ccccc2)C2CN3CCC2CC3)cc1F,412.51,,1,6.6,6.6,1.0,0.0,0,0,True,active_single
CHEMBL4456047,O=C(OCCc1ccc2c(c1)OCO2)N(c1ccccc1)C1CN2CCC1CC2,394.47,,1,6.54,6.54,1.0,0.0,0,0,True,active_single
CHEMBL4457734,O=C(OC1C[N+]2(CCSc3ccccc3)CCC1CC2)C(O)(c1ccccc1)c1ccccc1.[Br-],554.55,,1,9.19,9.19,1.0,0.0,0,0,True,active_single
CHEMBL4457754,C[C@@]12CN(c3ccccc3)c3ccccc3[C@@H]1CCN2,264.37,,1,5.0,5.0,0.0,1.0,0,0,False,inactive_single
CHEMBL4461243,O=C(OC1C[N+]2(CCCOc3ccccc3)CCC1CC2)C(O)(c1ccccc1)c1ccccc1.[Br-],552.51,,1,9.06,9.06,1.0,0.0,0,0,True,active_single
CHEMBL4462631,Cc1ccc(COC(=O)N(c2ccccc2)C2CN3CCC2CC3)cc1F,368.45,,1,7.7,7.7,1.0,0.0,0,0,True,active_single
CHEMBL4463636,Cc1cccc(CCC[N+]23CCC(CC2)C(OC(=O)C(O)(c2ccccc2)c2ccccc2)C3)c1.[Br-],550.54,,1,8.72,8.72,1.0,0.0,0,0,True,active_single
CHEMBL4465556,CC(C)c1ncc(C(=O)N2CCOC3(CCN(Cc4ccc(F)c(CCNC[C@H](O)c5ccc(O)c6[nH]c(=O)sc56)c4)CC3)C2)s1,669.85,,1,8.8,8.8,1.0,0.0,0,0,True,active_single
CHEMBL4469848,FC(F)(F)c1cc(Oc2nccc3occc23)ccc1-c1cccc2nccn12,395.34,,1,5.0,5.0,0.0,1.0,0,0,False,inactive_single
CHEMBL4470924,O=C(OC1C[N+]2(CCCc3cccc(Br)c3)CCC1CC2)C(O)(c1ccccc1)c1ccccc1.[Br-],615.41,,1,7.7,7.7,1.0,0.0,0,0,True,active_single
CHEMBL4472703,CC[C@H]1c2cc(OC)ccc2CC[C@@]1(C)N,219.33,,1,5.0,5.0,0.0,1.0,0,0,False,inactive_single
CHEMBL4472832,CN1CCC(OC(=O)N(CCc2ccc(F)cc2)c2ccccc2)CC1,356.44,,1,6.85,6.85,1.0,0.0,0,0,True,active_single
CHEMBL4473985,COc1ccc(COC(=O)N(c2ccccc2)C2CN3CCC2CC3)cc1F,384.45,,1,7.3,7.3,1.0,0.0,0,0,True,active_single
CHEMBL4474694,O=C(OC1C[N+]2(CCCCc3ccccc3)CCC1CC2)C(O)(c1ccccc1)c1ccccc1.[Br-],550.54,,1,8.33,8.33,1.0,0.0,0,0,True,active_single
CHEMBL447566,OCC[N+]12CCC(C(O)(c3ccccc3)c3ccccc3)(CC1)CC2.[Br-],418.38,,1,3.31,3.31,0.0,1.0,0,0,False,inactive_single
CHEMBL4483083,O=C(O[C@H]1C[N+]2(CCCc3ccccc3)CCC1CC2)C(O)(c1ccccc1)c1ccccc1.[Br-],536.51,,1,9.4,9.4,1.0,0.0,0,0,True,active_single
CHEMBL448904,N#Cc1ccc(CN2CCC(NC(=O)[C@H](Cc3ccc(O)cc3)NC(=O)Nc3ccc(C(=O)NCC4CC4)cc3)C2)cc1,580.69,,1,6.8,6.8,1.0,0.0,0,0,True,active_single
CHEMBL450463,Cc1ccc([C@@H]2CCCN2C)o1,165.24,,1,4.48,4.48,0.0,1.0,0,0,False,inactive_single
CHEMBL450729,CN1CCC[C@H]1c1ccco1,151.21,,1,4.28,4.28,0.0,1.0,0,0,False,inactive_single
CHEMBL451040,CC(C)NC(=O)c1ccc(NC(=O)N[C@@H](Cc2ccc(O)cc2)C(=O)NC2CCN(Cc3ccc(C#N)cc3)C2)cc1,568.68,,1,7.0,7.0,1.0,0.0,0,0,True,active_single
CHEMBL451043,O=C(Nc1ccc(C(=O)OCC2CC2)cc1)N[C@@H](Cc1ccc(O)cc1)C(=O)NC1CCN(Cc2ccc(O)cc2)C1,572.66,,1,7.0,7.0,1.0,0.0,0,0,True,active_single
CHEMBL451335,c1coc([C@@H]2CCCN2)c1,137.18,,1,4.36,4.36,0.0,1.0,0,0,False,inactive_single
CHEMBL4514058,O=C(O[C@@H]1C[N+]2(CCCc3ccccc3)CCC1CC2)C(O)(c1ccccc1)c1ccccc1.[Br-],536.51,,1,6.74,6.74,1.0,0.0,0,0,True,active_single
CHEMBL4515788,CC(=O)N[C@@H](Cc1ccc(O)cc1)C(=O)N[C@@H](C)C(=O)N[C@@H](CCCCN)C(=O)NCCN1CCN(CCCCC2CCN(CC(=O)N3c4ccccc4NC(=O)c4ccccc43)CC2)CC1.O=C(O)C(F)(F)F.O=C(O)C(F)(F)F.O=C(O)C(F)(F)F.O=C(O)C(F)(F)F,1379.26,,1,7.55,7.55,1.0,0.0,0,0,True,active_single
CHEMBL4516342,O=C(OC1C[N+]2(CCCc3ccc(C(F)(F)F)cc3)CCC1CC2)C(O)(c1ccccc1)c1ccccc1.[Br-],604.51,,1,8.64,8.64,1.0,0.0,0,0,True,active_single
CHEMBL4519301,O=C(OC1CN2CCC1CC2)N(CCc1ccc(F)cc1)c1ccccc1,368.45,,1,8.59,8.59,1.0,0.0,0,0,True,active_single
CHEMBL4519930,O=C(OC1C[N+]2(CCCc3ccc(Cl)cc3)CCC1CC2)C(O)(c1ccccc1)c1ccccc1.[Br-],570.96,,1,9.29,9.29,1.0,0.0,0,0,True,active_single
CHEMBL4521993,O=C(OC1C[N+]2(CCCc3ccc(OC(F)(F)F)cc3)CCC1CC2)C(O)(c1ccccc1)c1ccccc1.[Br-],620.51,,1,8.82,8.82,1.0,0.0,0,0,True,active_single
CHEMBL4528651,CC[C@H]1c2cc(C)ccc2OC[C@@]1(C)N,205.3,,1,5.0,5.0,0.0,1.0,0,0,False,inactive_single
CHEMBL4535474,CNCc1ccccc1-c1csc([C@@H](C)Nc2nc(C)nc3cc(OC)c(OC)cc23)c1,448.59,BAY-293,2,6.02,6.02,1.0,0.0,0,0,True,active
CHEMBL4539799,O=C(OC1C[N+]2(CCCc3ccc(Br)cc3)CCC1CC2)C(O)(c1ccccc1)c1ccccc1.[Br-],615.41,,1,8.59,8.59,1.0,0.0,0,0,True,active_single
CHEMBL4540604,O=C(OC1C[N+]2(CCc3ccccc3)CCC1CC2)C(O)(c1ccccc1)c1ccccc1.[Br-],522.48,,1,9.07,9.07,1.0,0.0,0,0,True,active_single
CHEMBL4540949,CC(=O)N[C@@H](CCCCN)C(=O)N[C@@H](CCCNC(=N)N)C(=O)NCCN1CCN(CCCCC2CCN(CC(=O)N3c4ccccc4NC(=O)c4ccccc43)CC2)CC1.O=C(O)C(F)(F)F.O=C(O)C(F)(F)F.O=C(O)C(F)(F)F.O=C(O)C(F)(F)F.O=C(O)C(F)(F)F,1415.22,,1,7.31,7.31,1.0,0.0,0,0,True,active_single
CHEMBL4541518,Cc1ccc(CCCOC(=O)N(c2ccccc2)C2CN3CCC2CC3)cc1F,396.51,,1,6.89,6.89,1.0,0.0,0,0,True,active_single
CHEMBL4541647,O=C(OC1C[N+]2(CCCc3cccc(I)c3)CCC1CC2)C(O)(c1ccccc1)c1ccccc1.[Br-],662.41,,1,8.42,8.42,1.0,0.0,0,0,True,active_single
CHEMBL4544820,CC(=O)N[C@@H](Cc1ccc(O)cc1)C(=O)N[C@@H](CCCCN)C(=O)NCCCCC1CCN(CC(=O)N2c3ccccc3NC(=O)c3ccccc32)CC1.O=C(O)C(F)(F)F.O=C(O)C(F)(F)F,967.96,,1,5.0,5.0,0.0,1.0,0,0,False,inactive_single
CHEMBL4545030,COc1ccc(CCN(C(=O)OC2C[C@H]3CC[C@H](C2)N3C)c2ccccc2)cc1,394.52,,1,6.57,6.57,1.0,0.0,0,0,True,active_single
CHEMBL45454,C[N+](C)(C)C[C@@H]1CS[C@@](c2ccccc2)(C2CCCCC2)O1.[I-],447.43,,1,8.75,8.75,1.0,0.0,0,0,True,active_single
CHEMBL4545504,COc1ccc(CCC[N+]23CCC(CC2)C(OC(=O)C(O)(c2ccccc2)c2ccccc2)C3)cc1.[Br-],566.54,,1,8.11,8.11,1.0,0.0,0,0,True,active_single
CHEMBL4548432,CC(=O)N[C@@H](C)C(=O)N[C@@H](C)C(=O)NCCN1CCN(CCCCC2CCN(CC(=O)N3c4ccccc4NC(=O)c4ccccc43)CC2)CC1.O=C(O)C(F)(F)F.O=C(O)C(F)(F)F.O=C(O)C(F)(F)F,1044.97,,1,6.81,6.81,1.0,0.0,0,0,True,active_single
CHEMBL4554682,CC(=O)N[C@@H](CCCCN)C(=O)N[C@@H](C)C(=O)N[C@@H](Cc1ccc(O)cc1)C(=O)NCCN1CCN(CCCCC2CCN(CC(=O)N3c4ccccc4NC(=O)c4ccccc43)CC2)CC1.O=C(O)C(F)(F)F.O=C(O)C(F)(F)F.O=C(O)C(F)(F)F.O=C(O)C(F)(F)F,1379.26,,1,7.35,7.35,1.0,0.0,0,0,True,active_single
CHEMBL4563408,O=C(Nc1ccc(OC(F)F)nc1)NC1CCN(c2ncnc3c2nc(-c2ccccc2Cl)n3-c2ccc(Cl)cc2)CC1,625.47,,2,5.0,5.0,0.0,1.0,0,0,False,inactive
CHEMBL4563530,CC(=O)N[C@@H](CCC(N)=O)C(=O)N[C@@H](CC(C)C)C(=O)NCCCCC1CCN(CC(=O)N2c3ccccc3NC(=O)c3ccccc32)CC1.O=C(O)C(F)(F)F,803.88,,1,5.0,5.0,0.0,1.0,0,0,False,inactive_single
CHEMBL4567026,CC(=O)N[C@@H](CCC(N)=O)C(=O)N[C@@H](C)C(=O)N[C@@H](CC(C)C)C(=O)NCCN1CCN(CCCCC2CCN(CC(=O)N3c4ccccc4NC(=O)c4ccccc43)CC2)CC1.O=C(O)C(F)(F)F.O=C(O)C(F)(F)F.O=C(O)C(F)(F)F,1215.18,,1,6.82,6.82,1.0,0.0,0,0,True,active_single
CHEMBL4567385,O=C(OC1C[N+]2(CCCOCc3ccccc3)CCC1CC2)C(O)(c1ccccc1)c1ccccc1.[Br-],566.54,,1,7.38,7.38,1.0,0.0,0,0,True,active_single
CHEMBL4568151,CC(=O)N[C@@H](CCC(N)=O)C(=O)N[C@@H](CC(C)C)C(=O)NCCN1CCN(CCCCC2CCN(CC(=O)N3c4ccccc4NC(=O)c4ccccc43)CC2)CC1.O=C(O)C(F)(F)F.O=C(O)C(F)(F)F.O=C(O)C(F)(F)F,1144.1,,1,7.21,7.21,1.0,0.0,0,0,True,active_single
CHEMBL4569639,CC(=O)N[C@@H](CCCCN)C(=O)N[C@@H](Cc1ccc(O)cc1)C(=O)NCCN1CCN(CCCCC2CCN(CC(=O)N3c4ccccc4NC(=O)c4ccccc43)CC2)CC1.O=C(O)C(F)(F)F.O=C(O)C(F)(F)F.O=C(O)C(F)(F)F.O=C(O)C(F)(F)F,1308.18,,1,7.56,7.56,1.0,0.0,0,0,True,active_single
CHEMBL4571841,O=C(OCCc1ccccc1)N(c1ccccc1)C1CN2CCC1CC2,350.46,,1,6.52,6.52,1.0,0.0,0,0,True,active_single
CHEMBL4572167,CC[C@H]1c2ccccc2N(c2ccccc2)C[C@@]1(C)N,266.39,,1,5.0,5.0,0.0,1.0,0,0,False,inactive_single
CHEMBL457302,CC(C)COC(=O)c1ccc(NC(=O)N[C@@H](Cc2ccc(O)cc2)C(=O)NC2CCN(Cc3ccc(O)cc3)C2)cc1,574.68,,1,6.6,6.6,1.0,0.0,0,0,True,active_single
CHEMBL4576060,O=C(OC1C[N+]2(CCCCOc3ccccc3)CCC1CC2)C(O)(c1ccccc1)c1ccccc1.[Br-],566.54,,1,7.39,7.39,1.0,0.0,0,0,True,active_single
CHEMBL4576768,O=C(OCc1ccc2c(c1)OCO2)N(c1ccccc1)C1CN2CCC1CC2,380.44,,1,7.72,7.72,1.0,0.0,0,0,True,active_single
CHEMBL4577453,O=C(OCCCc1ccc(F)c(F)c1)N(c1ccccc1)C1CN2CCC1CC2,400.47,,1,6.66,6.66,1.0,0.0,0,0,True,active_single
CHEMBL4579642,CC(=O)N[C@@H](CCC(N)=O)C(=O)N[C@@H](C)C(=O)N[C@@H](CC(C)C)C(=O)NCCCCC1CCN(CC(=O)N2c3ccccc3NC(=O)c3ccccc32)CC1.O=C(O)C(F)(F)F,874.96,,1,5.0,5.0,0.0,1.0,0,0,False,inactive_single
CHEMBL4580590,COc1ccc(CCN(C(=O)OC2CN3CCC2CC3)c2ccccc2)cc1OC,410.51,,1,7.22,7.22,1.0,0.0,0,0,True,active_single
CHEMBL458416,Cc1ccc([C@@H]2CCCN2)o1,151.21,,1,3.83,3.83,0.0,1.0,0,0,False,inactive_single
CHEMBL4585326,COc1ccc(CCN(C(=O)OC2CN3CCC2CC3)c2ccccc2)cc1,380.49,,1,8.1,8.1,1.0,0.0,0,0,True,active_single
CHEMBL4589047,CC(=O)N[C@@H](Cc1c[nH]c2ccccc12)C(=O)N[C@@H](C)C(=O)N[C@@H](Cc1ccc(O)cc1)C(=O)NCCN1CCN(CCCCC2CCN(CC(=O)N3c4ccccc4NC(=O)c4ccccc43)CC2)CC1.O=C(O)C(F)(F)F.O=C(O)C(F)(F)F.O=C(O)C(F)(F)F,1323.28,,1,7.45,7.45,1.0,0.0,0,0,True,active_single
CHEMBL4590868,Cc1ccc(CCC[N+]23CCC(CC2)C(OC(=O)C(O)(c2ccccc2)c2ccccc2)C3)cc1.[Br-],550.54,,1,9.07,9.07,1.0,0.0,0,0,True,active_single
CHEMBL4591883,O=C(OC1C[N+]2(Cc3ccccc3)CCC1CC2)C(O)(c1ccccc1)c1ccccc1.[Br-],508.46,,1,7.09,7.09,1.0,0.0,0,0,True,active_single
CHEMBL4597972,O=C(OC1C[N+]2(CCCOc3ccccc3)CCC1CC2)C(O)(c1ccccc1)c1ccccc1,472.61,,2,7.82,7.82,1.0,0.0,0,0,True,active
CHEMBL460470,CN1CCCC1c1ccco1,151.21,,1,4.35,4.35,0.0,1.0,0,0,False,inactive_single
CHEMBL461087,c1coc(C2CCCN2)c1,137.18,,1,4.94,4.94,0.0,1.0,0,0,False,inactive_single
CHEMBL461088,c1coc([C@H]2CCCN2)c1,137.18,,1,4.6,4.6,0.0,1.0,0,0,False,inactive_single
CHEMBL461089,Cc1ccc([C@H]2CCCN2)o1,151.21,,1,4.92,4.92,0.0,1.0,0,0,False,inactive_single
CHEMBL461502,CN1CCC[C@@H]1c1ccco1,151.21,,1,4.09,4.09,0.0,1.0,0,0,False,inactive_single
CHEMBL461709,Cc1ccc([C@H]2CCCN2C)o1,165.24,,1,4.54,4.54,0.0,1.0,0,0,False,inactive_single
CHEMBL4632545,O=C(Nc1ccc(F)cc1-c1ccc(Cl)cc1)OCC1CCNCC1,362.83,,1,7.85,7.85,1.0,0.0,0,0,True,active_single
CHEMBL4632615,O=C(Nc1ccc(F)cc1-c1ccccc1)N[C@H]1CN2CCC1CC2,339.41,,1,8.64,8.64,1.0,0.0,0,0,True,active_single
CHEMBL4633165,O=C(Nc1ccc(F)cc1-c1ccc(Br)cc1)OCC1CCNCC1,407.28,,1,8.15,8.15,1.0,0.0,0,0,True,active_single
CHEMBL4633296,C[N+](C)(C)C[C@@H]1COC[C@@H](c2ccc(-c3ccccc3)cc2)O1.[I-],439.34,,1,5.0,5.0,0.0,1.0,0,0,False,inactive_single
CHEMBL4634066,C[N+](C)(C)C[C@@H]1COC(c2ccccc2)(c2ccccc2)CO1.[I-],439.34,,1,6.87,6.87,1.0,0.0,0,0,True,active_single
CHEMBL4634464,C[N+](C)(C)C[C@@H]1CO[C@H](c2ccc(-c3ccccc3)cc2)CO1.[I-],439.34,,1,5.0,5.0,0.0,1.0,0,0,False,inactive_single
CHEMBL4634605,C[N+](C)(C)C[C@@H]1CO[C@H](c2ccc([S+]([O-])c3ccccc3)cc2)CO1.[I-],487.4,,1,5.0,5.0,0.0,1.0,0,0,False,inactive_single
CHEMBL4635148,C[N+](C)(C)C[C@@H]1COC[C@H](c2ccc(-c3ccccc3)cc2)O1.[I-],439.34,,1,5.0,5.0,0.0,1.0,0,0,False,inactive_single
CHEMBL4635385,C[N+](C)(C)C[C@@H]1CO[C@@](c2ccccc2)(C2CCCCC2)CO1.[I-],445.39,,1,7.43,7.43,1.0,0.0,0,0,True,active_single
CHEMBL4635500,CN(C)C[C@H]1COC[C@@](c2ccccc2)(C2CCCCC2)O1,303.45,,1,9.02,9.02,1.0,0.0,0,0,True,active_single
CHEMBL4635566,O=C(Nc1ccccc1-c1ccc(Cl)cc1)OCC1CCNCC1,344.84,,1,7.96,7.96,1.0,0.0,0,0,True,active_single
CHEMBL4636083,NCCN1CCN(CCCCC2CCN(CC(=O)N3c4ccccc4NC(=O)c4ccccc43)CC2)CC1.O=C(O)C(F)(F)F.O=C(O)C(F)(F)F.O=C(O)C(F)(F)F.O=C(O)C(F)(F)F,974.79,,1,6.84,6.84,1.0,0.0,0,0,True,active_single
CHEMBL4636302,O=C(Nc1ccccc1-c1ccccc1)OCC1CCNCC1,310.4,,1,9.33,9.33,1.0,0.0,0,0,True,active_single
CHEMBL4636528,O=C(Nc1ccc(F)cc1-c1ccc(F)c(Cl)c1)OCC1CCNCC1,380.82,,1,10.19,10.19,1.0,0.0,0,0,True,active_single
CHEMBL4636887,C[N+]1(C)CCC(COC(=O)Nc2ccc(F)cc2-c2cccc(Cl)c2)CC1.O=C[O-],436.91,,1,8.57,8.57,1.0,0.0,0,0,True,active_single
CHEMBL4637155,O=C(Nc1ccc(F)cc1-c1cc(F)c(F)c(F)c1)OCC1CCNCC1,382.36,,1,8.18,8.18,1.0,0.0,0,0,True,active_single
CHEMBL4637749,C[N@+]12CC[C@H](CC1)[C@@H](NC(=O)Nc1ccc(F)cc1-c1ccccc1)C2.O=C([O-])C(F)(F)F,467.46,,1,7.72,7.72,1.0,0.0,0,0,True,active_single
CHEMBL4638599,O=c1n(CCCCN2CCN(c3cccc4sccc34)CC2)nc2ccccn12,407.54,,1,5.0,5.0,0.0,1.0,0,0,False,inactive_single
CHEMBL4639307,C[N@+]12CC[C@H](CC1)[C@@H](OC(=O)Nc1ccc(F)cc1-c1ccccc1)C2.O=C([O-])C(F)(F)F,468.45,,1,9.64,9.64,1.0,0.0,0,0,True,active_single
CHEMBL4639938,CN1[C@@H]2C[C@H](OC(=O)Nc3ccc(F)cc3-c3ccccc3)C[C@H]1[C@@H]1O[C@@H]12,368.41,,1,9.19,9.19,1.0,0.0,0,0,True,active_single
CHEMBL4640544,O=C(Nc1ccccc1-c1cc(F)c(F)c(F)c1)OCC1CCNCC1,364.37,,1,9.05,9.05,1.0,0.0,0,0,True,active_single
CHEMBL4640926,C[N+](C)(C)C[C@@H]1COC[C@H](c2ccc(Sc3ccccc3)cc2)O1.[I-],471.4,,1,5.0,5.0,0.0,1.0,0,0,False,inactive_single
CHEMBL4641288,COc1ccc(-c2cc(F)ccc2NC(=O)OCC2CCNCC2)cc1,358.41,,1,7.08,7.08,1.0,0.0,0,0,True,active_single
CHEMBL4641328,NCc1cc(C(=O)NCCN2CCC(N3CCC(n4c(=O)[nH]c5ccccc54)CC3)CC2)cc(C(=O)NCCN2CCN(CCCCC3CCN(CC(=O)N4c5ccccc5NC(=O)c5ccccc54)CC3)CC2)c1.O=C(O)C(F)(F)F.O=C(O)C(F)(F)F.O=C(O)C(F)(F)F.O=C(O)C(F)(F)F.O=C(O)C(F)(F)F.O=C(O)C(F)(F)F,1705.46,,1,7.77,7.77,1.0,0.0,0,0,True,active_single
CHEMBL4641531,C[N+](C)(C)C[C@@H]1CO[C@@H](c2ccc(S(=O)(=O)c3ccccc3)cc2)CO1.[I-],503.4,,1,5.0,5.0,0.0,1.0,0,0,False,inactive_single
CHEMBL4642292,Cc1nccc2c1C(C)(C)Nc1cc(Br)ccc1-2,303.2,,1,5.0,5.0,0.0,1.0,0,0,False,inactive_single
CHEMBL4643643,CN1[C@@H]2CC[C@H]1C[C@H](OC(=O)Nc1ccc(F)cc1-c1ccccc1)C2,354.43,,1,8.96,8.96,1.0,0.0,0,0,True,active_single
CHEMBL4643867,O=C(Nc1ccc(F)cc1-c1ccc(Cl)c(Cl)c1)O[C@H]1CN2CCC1CC2,409.29,,1,9.28,9.28,1.0,0.0,0,0,True,active_single
CHEMBL4644192,C[N@+]12CC[C@H](CC1)[C@@H](OC(=O)Nc1ccccc1-c1ccccc1)C2.O=C([O-])C(F)(F)F,450.46,,1,9.77,9.77,1.0,0.0,0,0,True,active_single
CHEMBL4644285,CN(C)C[C@@H]1COC[C@](c2ccccc2)(C2CCCCC2)O1,303.45,,1,6.73,6.73,1.0,0.0,0,0,True,active_single
CHEMBL4644352,O=c1n(CCCCN2CCN(c3cccc4sccc34)CC2)nc2c(F)cccn12,425.53,,1,5.0,5.0,0.0,1.0,0,0,False,inactive_single
CHEMBL4644389,C[N+](C)(C)C[C@@H]1COC[C@H](c2ccc([S+]([O-])c3ccccc3)cc2)O1.[I-],487.4,,1,5.0,5.0,0.0,1.0,0,0,False,inactive_single
CHEMBL4644391,N#Cc1ccc2nn(CCCCN3CCN(c4cccc5sccc45)CC3)c(=O)n2c1,432.55,,1,5.0,5.0,0.0,1.0,0,0,False,inactive_single
CHEMBL4644852,O=C(Nc1ccc(F)cc1-c1ccccc1)OCC1CCNCC1,328.39,,1,9.2,9.2,1.0,0.0,0,0,True,active_single
CHEMBL4644999,O=C(Nc1ccc(F)cc1-c1cc(Cl)cc(Cl)c1)OCC1CCNCC1,397.28,,1,8.82,8.82,1.0,0.0,0,0,True,active_single
CHEMBL4645235,C[N+]1(C)CCC(COC(=O)Nc2ccc(F)cc2-c2ccc(F)c(Cl)c2)CC1.O=C[O-],454.9,,1,8.77,8.77,1.0,0.0,0,0,True,active_single
CHEMBL4645254,C[N+](C)(C)C[C@@H]1CO[C@@H](c2ccc(-c3ccccc3)cc2)CO1.[I-],439.34,,1,5.0,5.0,0.0,1.0,0,0,False,inactive_single
CHEMBL4645580,C[N+](C)(C)C[C@H]1COC[C@@](c2ccccc2)(C2CCCCC2)O1.[I-],445.39,,1,9.05,9.05,1.0,0.0,0,0,True,active_single
CHEMBL4646245,C[N+](C)(C)C[C@@H]1CO[C@@H](c2ccccc2)CO1.[I-],363.24,,1,5.0,5.0,0.0,1.0,0,0,False,inactive_single
CHEMBL4646531,C[N+](C)(C)C[C@@H]1CO[C@@H](c2ccc(Cc3ccccc3)cc2)CO1.[I-],453.36,,1,5.0,5.0,0.0,1.0,0,0,False,inactive_single
CHEMBL4646717,O=C(Nc1ccc(F)cc1-c1ccccc1Cl)OCC1CCNCC1,362.83,,1,7.52,7.52,1.0,0.0,0,0,True,active_single
CHEMBL4648196,O=C(Nc1ccc(F)cc1-c1ccc(F)cc1)OCC1CCNCC1,346.38,,1,9.0,9.0,1.0,0.0,0,0,True,active_single
CHEMBL4648229,C[N+](C)(C)C[C@@H]1COC[C@@](c2ccccc2)(C2CCCCC2)O1.[I-],445.39,,1,7.84,7.84,1.0,0.0,0,0,True,active_single
CHEMBL4648444,C[N+](C)(C)C[C@@H]1CO[C@](c2ccccc2)(C2CCCCC2)CO1.[I-],445.39,,1,7.36,7.36,1.0,0.0,0,0,True,active_single
CHEMBL4648939,C[N+](C)(C)C[C@@H]1COC[C@](c2ccccc2)(C2CCCCC2)O1,318.48,,1,7.51,7.51,1.0,0.0,0,0,True,active_single
CHEMBL4649201,O=C(Nc1ccc(F)cc1-c1ccc(Cl)c(Cl)c1)OCC1CCNCC1,397.28,,1,9.6,9.6,1.0,0.0,0,0,True,active_single
CHEMBL4649224,CN(C)CC1COCC(c2ccccc2)(C2CCCCC2)O1,303.45,,1,8.72,8.72,1.0,0.0,0,0,True,active_single
CHEMBL4649668,C[N+](C)(C)C[C@@H]1COC[C@H](c2ccc(S(=O)(=O)c3ccccc3)cc2)O1.[I-],503.4,,1,5.0,5.0,0.0,1.0,0,0,False,inactive_single
CHEMBL4650755,C[N+]1(C)[C@@H]2C[C@H](OC(=O)C(O)(c3cccs3)c3cccs3)C[C@H]1[C@@H]1O[C@@H]12,392.52,,1,9.9,9.9,1.0,0.0,0,0,True,active_single
CHEMBL466253,COc1ccc(CN2C(=O)C(=O)c3cc(OC(F)(F)F)ccc32)cc1,351.28,,2,4.52,,0.0,1.0,0,0,False,inactive
CHEMBL466271,CCOC(=O)c1ccc(NC(=O)N[C@@H](Cc2ccc(Br)cc2)C(=O)N[C@H]2CC[N+](C)(Cc3ccc4c(c3)OCO4)C2)cc1.[I-],779.47,,1,7.9,7.9,1.0,0.0,0,0,True,active_single
CHEMBL467094,COc1cc2c3c(c1OC)-c1cc4c(cc1CC3N(C)CC2)OCO4,339.39,NANTENINE,1,5.0,5.0,0.0,1.0,0,0,False,inactive_single
CHEMBL471214,CCOC(=O)c1ccc(NC(=O)N[C@@H](Cc2ccc(O)cc2)C(=O)NC2CCN(CC3CC3)C2)cc1,494.59,,1,7.6,7.6,1.0,0.0,0,0,True,active_single
CHEMBL4740422,O=C(CCN1CCCc2ccccc21)NCc1cccc(F)c1,312.39,,1,4.89,4.89,0.0,1.0,0,0,False,inactive_single
CHEMBL4745429,CC1Cc2ccccc2N1CC(=O)N1CCCC1,244.34,,1,4.1,4.1,0.0,1.0,0,0,False,inactive_single
CHEMBL4745885,COC1CN(C(=O)CCN2CCCc3ccccc32)C1,274.36,,1,4.49,4.49,0.0,1.0,0,0,False,inactive_single
CHEMBL4747438,O=C(CCN1CCCc2ccccc21)Nc1nccs1,287.39,,1,4.0,4.0,0.0,1.0,0,0,False,inactive_single
CHEMBL4748337,Cn1ccc2c(NC(=O)CCN3CCCc4ccccc43)cccc21,333.44,,1,4.0,4.0,0.0,1.0,0,0,False,inactive_single
CHEMBL4752380,O=C(CCN1CCCc2ccccc21)N1CCC(O)C1,274.36,,1,4.0,4.0,0.0,1.0,0,0,False,inactive_single
CHEMBL4752973,O=C(CCN1CCCc2ccccc21)Nc1ccc(Cl)cc1,314.82,,1,4.97,4.97,0.0,1.0,0,0,False,inactive_single
CHEMBL4756237,O=C(CN1CCCc2cnccc21)N1CCCC1,245.33,,1,4.07,4.07,0.0,1.0,0,0,False,inactive_single
CHEMBL4756442,O=C(CCN1CCCc2ccccc21)N1CCC(O)CC1,288.39,,1,4.48,4.48,0.0,1.0,0,0,False,inactive_single
CHEMBL4756873,O=C(CCN1CCCc2ccccc21)Nc1cccnn1,282.35,,1,4.53,4.53,0.0,1.0,0,0,False,inactive_single
CHEMBL4757676,O=C(CN1CCc2ccc(Br)cc21)N1CCCCC1,323.23,,1,4.0,4.0,0.0,1.0,0,0,False,inactive_single
CHEMBL4758449,O=C(CCN1CCCc2ccccc21)N1CCC1,244.34,,1,4.94,4.94,0.0,1.0,0,0,False,inactive_single
CHEMBL4758633,O=C(CCN1CCCc2ccccc21)N1CCC[C@H]1CO,288.39,,1,4.36,4.36,0.0,1.0,0,0,False,inactive_single
CHEMBL4758742,CCn1c2ccccc2c2ccc(NCC(=O)N3CCCCC3)cc21,335.45,,1,4.35,4.35,0.0,1.0,0,0,False,inactive_single
CHEMBL4759774,CC(C)(C)OC(=O)N1CCN(CC(=O)n2c3ccccc3c3ccccc32)CC1,393.49,,1,4.66,4.66,0.0,1.0,0,0,False,inactive_single
CHEMBL4760037,O=C(CCN1CCCc2ccccc21)N1CCCC1CO,288.39,,1,4.49,4.49,0.0,1.0,0,0,False,inactive_single
CHEMBL4760150,CC1CCCC(C)N1C(=O)CCN1CCCc2ccccc21,300.45,,1,4.26,4.26,0.0,1.0,0,0,False,inactive_single
CHEMBL4760904,CC1CCc2ccccc2N1CC(=O)N1CCCCC1,272.39,,1,4.28,4.28,0.0,1.0,0,0,False,inactive_single
CHEMBL4761549,O=C(CN1CCCc2ccc(O)cc21)N1CCCCC1,274.36,,1,4.0,4.0,0.0,1.0,0,0,False,inactive_single
CHEMBL4762056,O=C(CN1CCCc2ccccc21)N1CCCCC1,258.36,,1,4.96,4.96,0.0,1.0,0,0,False,inactive_single
CHEMBL4762755,O=C(CCN1CCCc2ccccc21)Nc1cccc2cccnc12,331.42,,1,4.0,4.0,0.0,1.0,0,0,False,inactive_single
CHEMBL4763422,O=C(CCN1CCCc2ccccc21)N1CCCCC1CO,302.42,,1,4.5,4.5,0.0,1.0,0,0,False,inactive_single
CHEMBL476434,Cc1cccc(COCC[N+]23CCC(C(O)(c4ccccc4)c4ccccc4)(CC2)CC3)c1.[Br-],522.53,,1,5.0,5.0,0.0,1.0,0,0,False,inactive_single
CHEMBL476435,Br.OC(c1ccccc1)(c1ccccc1)C1CC2CCN1CC2,374.32,,1,2.18,2.18,0.0,1.0,0,0,False,inactive_single
CHEMBL476436,Br.OC(c1ccccc1)(c1ccccc1)C12CCN(CC1)CC2,374.32,,1,2.97,2.97,0.0,1.0,0,0,False,inactive_single
CHEMBL4765133,O=C(CCN1CCCc2ccccc21)Nc1ccc(O)cc1F,314.36,,1,4.0,4.0,0.0,1.0,0,0,False,inactive_single
CHEMBL476990,N#Cc1ccccc1CN1CCC(N2CCC(n3c(=O)[nH]c4ccccc43)CC2)CC1,415.54,,1,4.3,,0.0,1.0,0,0,False,inactive_single
CHEMBL4775999,CC1CCc2ccccc2N1CC(=O)N1CCCC1,258.37,,1,4.0,4.0,0.0,1.0,0,0,False,inactive_single
CHEMBL4777127,O=C(CCN1CCCc2ccccc21)Nc1cccc2ccccc12,330.43,,1,4.58,4.58,0.0,1.0,0,0,False,inactive_single
CHEMBL4778178,O=C(CCN1CCCc2ccccc21)NCc1ccco1,284.36,,1,4.92,4.92,0.0,1.0,0,0,False,inactive_single
CHEMBL477821,O=c1[nH]c2ccccc2n1C1CCN(C2CCN(Cc3ccccc3Cl)CC2)CC1,424.98,,1,4.3,,0.0,1.0,0,0,False,inactive_single
CHEMBL4778407,O=C(O[C@@H](Cc1c(Cl)c[n+]([O-])cc1Cl)c1ccc(OC(F)F)c(OCC2CC2)c1)C1CN(C(=O)c2ccc(COc3cccc(CN(C(=O)O[C@H]4CN5CCC4CC5)c4ccccc4)c3)cc2)C1,971.88,,1,7.0,7.0,1.0,0.0,0,0,True,active_single
CHEMBL4779424,CN(C)CC/C=C/c1cccnc1,176.26,,1,5.0,5.0,0.0,1.0,0,0,False,inactive_single
CHEMBL478034,O=c1[nH]c2ccccc2n1C1CCN(C2CCN(Cc3ccccc3[N+](=O)[O-])CC2)CC1,435.53,,1,4.3,,0.0,1.0,0,0,False,inactive_single
CHEMBL478069,OC(CC1C[N+]2(CCc3ccccc3)CCC1CC2)(c1ccccc1)c1ccccc1.[Br-],492.5,,1,3.91,3.91,0.0,1.0,0,0,False,inactive_single
CHEMBL478070,OC(c1ccccc1)(c1ccccc1)C12CC[N+](CCc3ccccc3)(CC1)CC2.[Br-],478.47,,1,4.06,4.06,0.0,1.0,0,0,False,inactive_single
CHEMBL478226,CN1CCN(CC(=O)N2c3ccccc3C(=O)Nc3cccnc32)[C@@H]2CCCC[C@H]21,405.5,,1,5.0,5.0,0.0,1.0,0,0,False,inactive_single
CHEMBL478227,CN1CCN(CC(=O)N2c3ccccc3C(=O)Nc3cccnc32)[C@@H]2CCCC[C@@H]21,405.5,,1,5.0,5.0,0.0,1.0,0,0,False,inactive_single
CHEMBL478662,O=c1[nH]c2ccccc2n1C1CCN(C2CCN(Cc3ccccc3C(F)(F)F)CC2)CC1,458.53,,1,4.3,,0.0,1.0,0,0,False,inactive_single
CHEMBL4786868,O=C(CN1CCCc2cnccc21)N1CCCCC1,259.35,,1,4.22,4.22,0.0,1.0,0,0,False,inactive_single
CHEMBL4787283,Cc1ccc2c(c1)CCCN2CC(=O)N1CCCCC1,272.39,,1,4.18,4.18,0.0,1.0,0,0,False,inactive_single
CHEMBL4787944,Cn1ccc(NC(=O)CCN2CCCc3ccccc32)n1,284.36,,1,4.59,4.59,0.0,1.0,0,0,False,inactive_single
CHEMBL479,CSc1ccc2c(c1)N(CCC1CCCCN1C)c1ccccc1S2,370.59,THIORIDAZINE,2,7.38,7.38,1.0,0.0,0,0,True,active
CHEMBL4792360,O=C(CCN1CCCc2ccccc21)N1CCCC(O)C1,288.39,,1,4.27,4.27,0.0,1.0,0,0,False,inactive_single
CHEMBL4792675,O=C(CN1CCc2ccc(F)cc21)N1CCCC1,248.3,,1,4.02,4.02,0.0,1.0,0,0,False,inactive_single
CHEMBL4793864,CC1Cc2ccccc2N1CC(=O)N1CCCCC1,258.37,,1,4.0,4.0,0.0,1.0,0,0,False,inactive_single
CHEMBL479526,COC(=O)c1ccc(NC(=O)N[C@@H](Cc2ccc(O)cc2)C(=O)NC2CCN(Cc3ccc(O)cc3)C2)cc1,532.6,,1,7.6,7.6,1.0,0.0,0,0,True,active_single
CHEMBL4800495,CC1CCCCN1CC(=O)n1c2ccccc2c2ccccc21,306.41,,1,4.0,4.0,0.0,1.0,0,0,False,inactive_single
CHEMBL480299,CCOC(=O)c1ccc(NC(=O)N[C@@H](Cc2ccc(O)cc2)C(=O)NC2CCN(Cc3ccc(OC)cc3)C2)cc1,560.65,,1,7.7,7.7,1.0,0.0,0,0,True,active_single
CHEMBL480464,CC[C@@H](C)[C@@H](O)C(=O)OC[C@H]1CCN2CCC[C@@H]12,255.36,CREMASTRINE,1,6.9,6.9,1.0,0.0,0,0,True,active_single
CHEMBL480877,CCOC(=O)c1ccc(NC(=O)N[C@@H](Cc2ccc(O)cc2)C(=O)NC2CCN(Cc3cccc(Cl)c3)C2)cc1,565.07,,1,8.1,8.1,1.0,0.0,0,0,True,active_single
CHEMBL480878,CCOC(=O)c1ccc(NC(=O)N[C@@H](Cc2ccc(O)cc2)C(=O)NC2CCN(Cc3ccccc3)C2)cc1,530.63,,1,7.8,7.8,1.0,0.0,0,0,True,active_single
CHEMBL481153,O=C(OCCN1CCCC1)N1c2ccccc2Sc2ccccc21,340.45,,1,7.18,7.18,1.0,0.0,0,0,True,active_single
CHEMBL483253,CC(C)(C)c1ccc(COCC[N+]23CCC(C(O)(c4ccccc4)c4ccccc4)(CC2)CC3)cc1.[Br-],564.61,,1,4.41,4.41,0.0,1.0,0,0,False,inactive_single
CHEMBL484475,OC(c1ccccc1)(c1ccccc1)C12CC[N+](CCCCc3ccccc3)(CC1)CC2.[Br-],506.53,,1,5.0,5.0,0.0,1.0,0,0,False,inactive_single
CHEMBL484476,OC(c1ccccc1)(c1ccccc1)C12CC[N+](CCCCCOc3ccccc3)(CC1)CC2.[Br-],536.55,,1,3.51,3.51,0.0,1.0,0,0,False,inactive_single
CHEMBL4846536,O=C(NC(c1ccccc1)c1cccc(OCCCCCCCCCNC[C@H](O)c2ccc(O)c3[nH]c(=O)ccc23)c1)O[C@H]1CN2CCC1CC2,696.89,,1,9.6,9.6,1.0,0.0,0,0,True,active_single
CHEMBL4847458,CC(=O)NC(=O)[C@H](CCCNC(=N)N)NC(=O)[C@H](C)NC(=O)CNCC(=O)NC1CCN(CC(=O)N2c3ccccc3NC(=O)c3ccccc32)CC1.O=C(O)C(F)(F)F.O=C(O)C(F)(F)F,961.88,,1,5.0,5.0,0.0,1.0,0,0,False,inactive_single
CHEMBL4847801,Cn1cc2cc(-c3ccc(CN4Cc5ncsc5C4=O)c(F)c3)ccc2n1,378.43,,1,5.0,,0.0,1.0,0,0,False,inactive_single
CHEMBL4847910,O=C(N[C@@H](c1ccccc1)c1cccc(OCCCCCCNC[C@H](O)c2ccc(O)c3[nH]c(=O)ccc23)c1)O[C@H]1CN2CCC1CC2,654.81,,1,9.9,9.9,1.0,0.0,0,0,True,active_single
CHEMBL4849385,Fc1ccc2c(c1)C(C1=CCNCC1)=Nc1cc(Cl)ccc1N2,327.79,,1,5.0,,0.0,1.0,0,0,False,inactive_single
CHEMBL4850130,N=C(N)NCCC[C@@H](N)C(=O)NCCN1CCN(CCCC2CCN(CC(=O)N3c4ccccc4NC(=O)c4ccccc43)CC2)CC1.O=C(O)C(F)(F)F.O=C(O)C(F)(F)F.O=C(O)C(F)(F)F.O=C(O)C(F)(F)F.O=C(O)C(F)(F)F,1230.98,,1,6.6,6.6,1.0,0.0,0,0,True,active_single
CHEMBL4850216,O=C(OC1CN2CCC1CC2)N1CCc2ccccc2[C@@H]1c1ccc(F)cc1,380.46,,1,4.77,4.77,0.0,1.0,0,0,False,inactive_single
CHEMBL4852403,CN1CC=C(C2=Nc3cc(Cl)ccc3Nc3ccc(F)cc32)CC1,341.82,,1,5.0,,0.0,1.0,0,0,False,inactive_single
CHEMBL4852629,O=C(NC(c1ccccc1)c1cccc(OCCCCCCCCNC[C@H](O)c2ccc(O)c3[nH]c(=O)ccc23)c1)O[C@H]1CN2CCC1CC2,682.86,,1,9.8,9.8,1.0,0.0,0,0,True,active_single
CHEMBL4854091,O=C(N[C@@H](c1ccccc1)c1cccc(OCc2ccc(CCNC[C@H](O)c3ccc(O)c4[nH]c(=O)ccc34)cc2)c1)O[C@H]1CN2CCC1CC2,688.82,,2,9.9,9.9,1.0,0.0,0,0,True,active
CHEMBL4854179,CC(=O)N[C@@H](CCCN)C(=O)NC(=O)[C@H](C)NC(=O)[C@H](CCCNC(=N)N)NCCN1CCN(C(=O)CCC2CCN(CC(=O)N3c4ccccc4NC(=O)c4ccccc43)CC2)CC1.O=C(O)C(F)(F)F.O=C(O)C(F)(F)F.O=C(O)C(F)(F)F.O=C(O)C(F)(F)F,1358.2,,1,5.0,5.0,0.0,1.0,0,0,False,inactive_single
CHEMBL4854418,O=C(NC(c1ccccc1)c1cccc(OCCCCCCCNC[C@H](O)c2ccc(O)c3[nH]c(=O)ccc23)c1)O[C@H]1CN2CCC1CC2,668.84,,1,9.4,9.4,1.0,0.0,0,0,True,active_single
CHEMBL4855033,O=C(NC1CN2CCC1CC2)N1CCc2ccccc2[C@@H]1c1ccc(F)cc1,379.48,,1,5.0,5.0,0.0,1.0,0,0,False,inactive_single
CHEMBL4856090,CC(=O)NC(=O)[C@H](CCCCN)NC(=O)[C@H](CCCNC(=N)N)NCCCC1CCN(CC(=O)N2c3ccccc3NC(=O)c3ccccc32)CC1.O=C(O)C(F)(F)F.O=C(O)C(F)(F)F.O=C(O)C(F)(F)F,1060.97,,1,5.0,5.0,0.0,1.0,0,0,False,inactive_single
CHEMBL4856628,Cc1ccc2c(c1)N=C(C1=CCNCC1)c1cc(F)ccc1N2,307.37,,1,5.0,,0.0,1.0,0,0,False,inactive_single
CHEMBL485755,O=c1[nH]c2cc(F)ccc2n1C1CCN(C2CCN(S(=O)(=O)c3ccccc3)CC2)CC1,458.56,,1,4.52,,0.0,1.0,0,0,False,inactive_single
CHEMBL4857743,O=C(N[C@H](c1ccccc1)c1cccc(OCCCCCCNC[C@H](O)c2ccc(O)c3[nH]c(=O)ccc23)c1)O[C@H]1CN2CCC1CC2,654.81,,1,8.4,8.4,1.0,0.0,0,0,True,active_single
CHEMBL4859485,O=C(OC1CN2CCC1CC2)N1CCc2ccccc2[C@@H]1c1ccc(F)c(F)c1,398.45,,1,5.0,5.0,0.0,1.0,0,0,False,inactive_single
CHEMBL485953,O=c1[nH]c2ccc(F)cc2n1C1CCN(C2CCN(S(=O)(=O)c3ccccc3)CC2)CC1,458.56,,1,4.52,,0.0,1.0,0,0,False,inactive_single
CHEMBL4862221,CC(=O)NC(=O)[C@H](CCCCN)NC(=O)[C@H](C)NC(=O)[C@H](CCCNC(=N)N)NCCN1CCN(C(=O)CC2CCN(CC(=O)N3c4ccccc4NC(=O)c4ccccc43)CC2)CC1.O=C(O)C(F)(F)F.O=C(O)C(F)(F)F.O=C(O)C(F)(F)F.O=C(O)C(F)(F)F,1358.2,,1,5.0,5.0,0.0,1.0,0,0,False,inactive_single
CHEMBL486331,O=C(Nc1cccc(SC(F)(F)F)c1)N1CCC(N2CCC(n3c(=O)[nH]c4ccccc43)CC2)CC1,519.59,,1,4.52,,0.0,1.0,0,0,False,inactive_single
CHEMBL4863525,O=C(NC(c1ccccc1)c1cccc(OCCCCCCNC[C@H](O)c2ccc(O)c3[nH]c(=O)ccc23)c1)O[C@H]1CN2CCC1CC2,654.81,,1,9.5,9.5,1.0,0.0,0,0,True,active_single
CHEMBL4863723,CC(=O)NC(=O)[C@H](CCCCN)NC(=O)[C@H](CCCNC(=N)N)NCCN1CCN(CC(=O)NC2CCN(CC(=O)N3c4ccccc4NC(=O)c4ccccc43)CC2)CC1.O=C(O)C(F)(F)F.O=C(O)C(F)(F)F.O=C(O)C(F)(F)F.O=C(O)C(F)(F)F.O=C(O)C(F)(F)F,1416.16,,1,5.0,5.0,0.0,1.0,0,0,False,inactive_single
CHEMBL4865137,CC(=O)NC(=O)[C@H](CCCNC(=N)N)NC(=O)[C@H](C)NC(=O)[C@H](CCCNC(=N)N)NC1CCN(CC(=O)N2c3ccccc3NC(=O)c3ccccc32)CC1.O=C(O)C(F)(F)F.O=C(O)C(F)(F)F.O=C(O)C(F)(F)F,1117.98,,1,5.0,5.0,0.0,1.0,0,0,False,inactive_single
CHEMBL4866806,CCN(CCCNC[C@H](O)c1ccc(O)c2[nH]c(=O)ccc12)C(=O)c1ccc(COc2cccc(-c3ccc([C@@H](NC(=O)O[C@H]4CN5CCC4CC5)c4ccccc4)cc3)c2)cc1,850.03,,1,9.6,9.6,1.0,0.0,0,0,True,active_single
CHEMBL486758,O=c1[nH]c2c(F)cccc2n1C1CCN(C2CCN(S(=O)(=O)c3ccccc3)CC2)CC1,458.56,,1,4.52,,0.0,1.0,0,0,False,inactive_single
CHEMBL4869096,O=C(NC(c1ccccc1)c1ccccc1)O[C@H]1CN2CCC1CC2,336.44,,1,8.9,8.9,1.0,0.0,0,0,True,active_single
CHEMBL486982,CCCOC(=O)c1ccc(NC(=O)N[C@@H](Cc2ccc(O)cc2)C(=O)NC2CCN(Cc3ccc(O)cc3)C2)cc1,560.65,,1,8.0,8.0,1.0,0.0,0,0,True,active_single
CHEMBL486983,CC(C)OC(=O)c1ccc(NC(=O)N[C@@H](Cc2ccc(O)cc2)C(=O)NC2CCN(Cc3ccc(O)cc3)C2)cc1,560.65,,1,8.3,8.3,1.0,0.0,0,0,True,active_single
CHEMBL4870729,CC(=O)N[C@H](CCCN)C(=O)NC(=O)[C@H](C)NC(=O)[C@H](CCCNC(=N)N)NCCN1CCN(C(=O)CCCC2CCN(CC(=O)N3c4ccccc4NC(=O)c4ccccc43)CC2)CC1.O=C(O)C(F)(F)F.O=C(O)C(F)(F)F.O=C(O)C(F)(F)F.O=C(O)C(F)(F)F,1372.23,,1,5.0,5.0,0.0,1.0,0,0,False,inactive_single
CHEMBL4871517,O=C(N[C@@H](c1ccccc1)c1ccc(-c2cccc(OCc3ccc(C(=O)NCCCNC[C@H](O)c4ccc(O)c5[nH]c(=O)ccc45)cc3)c2)cc1)O[C@H]1CN2CCC1CC2,821.97,,1,10.0,10.0,1.0,0.0,0,0,True,active_single
CHEMBL4871702,O=C(N[C@@H](c1ccccc1)c1ccc(-c2cccc(OCc3ccc(C(=O)N(CCCNC[C@H](O)c4ccc(O)c5[nH]c(=O)ccc45)Cc4ccccc4)cc3)c2)cc1)O[C@H]1CN2CCC1CC2,912.1,,1,9.9,9.9,1.0,0.0,0,0,True,active_single
CHEMBL4873426,Cc1ccc2c(c1)N=C(C1=CCN(C)CC1)c1cc(F)ccc1N2,321.4,,1,5.0,,0.0,1.0,0,0,False,inactive_single
CHEMBL4873492,O=C(CC1CN2CCC1CC2)N1CCc2ccccc2[C@@H]1c1ccc(F)cc1,378.49,,1,4.52,4.52,0.0,1.0,0,0,False,inactive_single
CHEMBL4874580,Cn1cc2c(-c3cc(F)c(CN4Cc5cnn(CC6CCCO6)c5C4=O)c(F)c3)cccc2n1,463.49,,1,5.0,,0.0,1.0,0,0,False,inactive_single
CHEMBL4874819,O=C(NC(c1ccccc1)c1cccc(OCCCCCNC[C@H](O)c2ccc(O)c3[nH]c(=O)ccc23)c1)O[C@H]1CN2CCC1CC2,640.78,,1,9.4,9.4,1.0,0.0,0,0,True,active_single
CHEMBL4875268,CC(=O)NC(=O)[C@H](CCCCN)NC(=O)[C@H](C)NC(=O)[C@H](CCCNC(=N)N)NCCN1CCN(C(=O)CCC2CCN(CC(=O)N3c4ccccc4NC(=O)c4ccccc43)CC2)CC1.O=C(O)C(F)(F)F.O=C(O)C(F)(F)F.O=C(O)C(F)(F)F,1258.21,,1,5.0,5.0,0.0,1.0,0,0,False,inactive_single
CHEMBL4877107,CC(=O)N[C@@H](CCCN)C(=O)NC(=O)[C@H](C)NC(=O)[C@H](CCNC(=N)N)NCCN1CCN(C(=O)CCC2CCN(CC(=O)N3c4ccccc4NC(=O)c4ccccc43)CC2)CC1.O=C(O)C(F)(F)F.O=C(O)C(F)(F)F.O=C(O)C(F)(F)F.O=C(O)C(F)(F)F,1344.18,,1,5.0,5.0,0.0,1.0,0,0,False,inactive_single
CHEMBL487764,CCNC(=O)c1ccc(NC(=O)N[C@@H](Cc2ccc(O)cc2)C(=O)NC2CCN(Cc3ccc(C#N)cc3)C2)cc1,554.65,,1,6.5,6.5,1.0,0.0,0,0,True,active_single
CHEMBL487788,O=C(Nc1cccc(SC(F)(F)F)c1)N1CCC(N2CCC(n3c(=O)[nH]c4c(F)cccc43)CC2)CC1,537.58,,1,4.52,,0.0,1.0,0,0,False,inactive_single
CHEMBL4878138,COc1cc(C(=O)NCCN2CCC(OC(=O)Nc3ccccc3-c3ccccc3)CC2)c(Cl)cc1CNC[C@H](O)c1ccc(O)c2[nH]c(=O)ccc12,740.26,,1,8.4,8.4,1.0,0.0,0,0,True,active_single
CHEMBL4878395,O=C(NC(c1ccccc1)c1ccc(OCCCCCCCCCNC[C@H](O)c2ccc(O)c3[nH]c(=O)ccc23)cc1)O[C@H]1CN2CCC1CC2,696.89,,1,8.0,8.0,1.0,0.0,0,0,True,active_single
CHEMBL487984,O=c1[nH]c2cc(Br)ccc2n1C1CCN(C2CCN(S(=O)(=O)c3ccccc3)CC2)CC1,519.47,,1,4.52,,0.0,1.0,0,0,False,inactive_single
CHEMBL487985,O=C(Nc1cccc(SC(F)(F)F)c1)N1CCC(N2CCC(n3c(=O)[nH]c4ccc(F)cc43)CC2)CC1,537.58,,1,4.52,,0.0,1.0,0,0,False,inactive_single
CHEMBL487986,O=C(Nc1cccc(SC(F)(F)F)c1)N1CCC(N2CCC(n3c(=O)[nH]c4cc(Cl)ccc43)CC2)CC1,554.04,,1,4.52,,0.0,1.0,0,0,False,inactive_single
CHEMBL489020,CCCC[N+]12CCC(C(O)(c3ccccc3)c3ccccc3)(CC1)CC2.[Br-],430.43,,1,3.87,3.87,0.0,1.0,0,0,False,inactive_single
CHEMBL489032,NCC[N+]12CCC(C(O)(c3ccccc3)c3ccccc3)(CC1)CC2.[Br-],417.39,,1,3.07,3.07,0.0,1.0,0,0,False,inactive_single
CHEMBL489211,Cc1ccc(COCC[N+]23CCC(C(O)(c4ccccc4)c4ccccc4)(CC2)CC3)cc1.[Br-],522.53,,1,5.0,5.0,0.0,1.0,0,0,False,inactive_single
CHEMBL489212,OC(c1ccccc1)(c1ccccc1)C12CC[N+](CCOCc3cccc(F)c3)(CC1)CC2.[Br-],526.49,,1,5.0,5.0,0.0,1.0,0,0,False,inactive_single
CHEMBL489225,COCC[N+]12CCC(C(O)(c3ccccc3)c3ccccc3)(CC1)CC2.[Br-],432.4,,1,4.52,4.52,0.0,1.0,0,0,False,inactive_single
CHEMBL489576,O=c1[nH]c2cc(F)ccc2n1C1CCN(C2CCN(Cc3ccccc3C(F)(F)F)CC2)CC1,476.52,,1,4.3,,0.0,1.0,0,0,False,inactive_single
CHEMBL489625,OC(c1cccc(F)c1)(c1cccc(F)c1)C12CC[N+](CCOCc3ccccc3)(CC1)CC2.[Br-],544.48,,1,5.0,5.0,0.0,1.0,0,0,False,inactive_single
CHEMBL489626,Cc1ccc(C(O)(c2ccc(C)cc2)C23CC[N+](CCOCc4ccccc4)(CC2)CC3)cc1.[Br-],536.55,,1,4.92,4.92,0.0,1.0,0,0,False,inactive_single
CHEMBL490,Fc1ccc([C@@H]2CCNC[C@H]2COc2ccc3c(c2)OCO3)cc1,329.37,PAROXETINE,2,7.08,7.08,1.0,0.0,0,0,True,active
CHEMBL490236,OC(c1ccccc1)(c1ccccc1)C12CC[N+](CCOCc3ccccc3Br)(CC1)CC2.[Br-],587.4,,1,4.66,4.66,0.0,1.0,0,0,False,inactive_single
CHEMBL490237,OC(c1ccccc1)(c1ccccc1)C12CC[N+](CCOCc3ccccc3F)(CC1)CC2.[Br-],526.49,,1,5.0,5.0,0.0,1.0,0,0,False,inactive_single
CHEMBL490242,N#CC(c1ccccc1)(c1ccccc1)C12CC[N+](CCOCc3ccccc3)(CC1)CC2.[Br-],517.51,,1,5.0,5.0,0.0,1.0,0,0,False,inactive_single
CHEMBL490243,OC(c1ccccc1)(c1ccccc1)C12CC[N+](CCOCc3ccccc3)(CC1)C2.[Br-],494.47,,1,5.0,5.0,0.0,1.0,0,0,False,inactive_single
CHEMBL490244,N#CC(c1ccccc1)(c1ccccc1)C12CC[N+](CCOCc3ccccc3)(CC1)C2.[Br-],503.48,,1,5.0,5.0,0.0,1.0,0,0,False,inactive_single
CHEMBL490597,O=c1[nH]c2cc(Cl)ccc2n1C1CCN(C2CCN(Cc3ccccc3)CC2)CC1,424.98,,1,4.3,,0.0,1.0,0,0,False,inactive_single
CHEMBL490598,Cc1ccccc1CN1CCC(N2CCC(n3c(=O)[nH]c4c(F)cccc43)CC2)CC1,422.55,,1,4.3,,0.0,1.0,0,0,False,inactive_single
CHEMBL490652,OCCC[N+]12CCC(C(O)(c3ccccc3)c3ccccc3)(CC1)CC2.[Br-],432.4,,1,1.53,1.53,0.0,1.0,0,0,False,inactive_single
CHEMBL490797,Cc1ccccc1CN1CCC(N2CCC(n3c(=O)[nH]c4ccc(F)cc43)CC2)CC1,422.55,,1,4.3,,0.0,1.0,0,0,False,inactive_single
CHEMBL490856,COCCC[N+]12CCC(C(O)(c3ccccc3)c3ccccc3)(CC1)CC2.[Br-],446.43,,1,3.08,3.08,0.0,1.0,0,0,False,inactive_single
CHEMBL491208,N#Cc1ccccc1CN1CCC(N2CCC(n3c(=O)[nH]c4cc(Cl)ccc43)CC2)CC1,449.99,,1,4.3,,0.0,1.0,0,0,False,inactive_single
CHEMBL491246,Cc1ccccc1COCC[N+]12CCC(C(O)(c3ccccc3)c3ccccc3)(CC1)CC2.[Br-],522.53,,1,4.89,4.89,0.0,1.0,0,0,False,inactive_single
CHEMBL491252,N#Cc1ccccc1COCC[N+]12CCC(C(O)(c3ccccc3)c3ccccc3)(CC1)CC2.[Br-],533.51,,1,2.27,2.27,0.0,1.0,0,0,False,inactive_single
CHEMBL491456,OC(c1ccccc1)(c1ccccc1)C12CC[N+](CC3CC3)(CC1)CC2.[Br-],428.41,,1,2.71,2.71,0.0,1.0,0,0,False,inactive_single
CHEMBL491457,CC[N+]12CCC(C(O)(c3ccccc3)c3ccccc3)(CC1)CC2.[Br-],402.38,,1,3.98,3.98,0.0,1.0,0,0,False,inactive_single
CHEMBL491818,O=c1[nH]c2ccc(F)cc2n1C1CCN(C2CCN(Cc3ccccc3C(F)(F)F)CC2)CC1,476.52,,1,4.3,,0.0,1.0,0,0,False,inactive_single
CHEMBL492359,O=C(NCc1cccc(-c2ccc(F)c(CN3CCNCC3)c2)c1)c1ccc2c(c1)OCO2,447.51,,1,6.7,6.7,1.0,0.0,0,0,True,active_single
CHEMBL492374,COC(=O)c1cccc(C(=O)NCc2cccc(-c3cccc(CN4CCNCC4)c3)c2)c1,443.55,,1,7.7,7.7,1.0,0.0,0,0,True,active_single
CHEMBL492701,C[C@H]1CN(Cc2cccc(-c3cccc(CNC(=O)c4ccc5c(c4)OCO5)c3)n2)CCN1,444.54,,1,7.4,7.4,1.0,0.0,0,0,True,active_single
CHEMBL492756,COc1ccc(-c2cccc(CNC(=O)c3ccc4c(c3)OCO4)c2)cc1CN1CCNCC1,459.55,,1,6.5,6.5,1.0,0.0,0,0,True,active_single
CHEMBL492802,N#Cc1ccc(C(=O)NCc2cccc(-c3cccc(CN4CCNCC4)c3)c2)cc1,410.52,,1,7.1,7.1,1.0,0.0,0,0,True,active_single
CHEMBL492978,CCOc1cccc(C(=O)NCc2cccc(-c3cccc(CN4CCNCC4)c3)c2)c1,429.56,,1,8.0,8.0,1.0,0.0,0,0,True,active_single
CHEMBL492988,O=C(NCc1cccc(-c2cccc(CN3C[C@@H]4C[C@H]3CN4)c2)c1)c1ccc2c(c1)OCO2,441.53,,1,7.1,7.1,1.0,0.0,0,0,True,active_single
CHEMBL492997,O=C(NCc1cccc(-c2cccc(CN3CCNCC3)c2)c1)c1cccc(Cl)c1,419.96,,1,7.0,7.0,1.0,0.0,0,0,True,active_single
CHEMBL492998,O=C(NCc1cccc(-c2cccc(CN3CCNCC3)c2)c1)c1ccc(Cl)cc1,419.96,,1,6.5,6.5,1.0,0.0,0,0,True,active_single
CHEMBL493079,O=C(NCc1cccc(-c2cccc(CN3CCNCC3)c2)c1)c1ccc2c(c1)OCO2,429.52,,2,7.5,7.5,1.0,0.0,0,0,True,active
CHEMBL493131,C[C@@H]1CN(Cc2cccc(-c3cccc(CNC(=O)c4ccc5c(c4)OCO5)c3)c2)CCN1,443.55,,1,7.3,7.3,1.0,0.0,0,0,True,active_single
CHEMBL493328,CC1CN(Cc2cccc(-c3cccc(CNC(=O)c4ccc5c(c4)OCO5)c3)c2)CCN1,443.55,,1,8.0,8.0,1.0,0.0,0,0,True,active_single
CHEMBL493329,C[C@H]1CN(Cc2cccc(-c3cccc(CNC(=O)c4ccc5c(c4)OCO5)c3)c2)CCN1,443.55,,1,8.3,8.3,1.0,0.0,0,0,True,active_single
CHEMBL493795,CN1CCC[C@H]1[C@H]1C[S+]([O-])C(c2ccccc2)(c2ccccc2)O1,341.48,,2,6.42,6.42,1.0,0.0,0,0,True,active
CHEMBL493939,O=C(NCc1cc(-c2cccc(CN3CCNCC3)c2)ccc1F)c1ccc2c(c1)OCO2,447.51,,1,6.6,6.6,1.0,0.0,0,0,True,active_single
CHEMBL493979,CN1CCC[C@@H]1[C@@H]1C[S+]([O-])[C@](c2ccccc2)(C2CCCCC2)O1,347.52,,2,7.04,7.04,1.0,0.0,0,0,True,active
CHEMBL493980,CN1CCC[C@H]1[C@H]1C[S+]([O-])[C@@](c2ccccc2)(C2CCCCC2)O1,347.52,,2,7.07,7.07,1.0,0.0,0,0,True,active
CHEMBL494410,Cc1cccc(C(=O)NCc2cccc(-c3cccc(CN4CCNCC4)c3)c2)c1,399.54,,1,6.6,6.6,1.0,0.0,0,0,True,active_single
CHEMBL494411,CCc1cccc(C(=O)NCc2cccc(-c3cccc(CN4CCNCC4)c3)c2)c1,413.57,,1,6.5,6.5,1.0,0.0,0,0,True,active_single
CHEMBL494741,O=C(NCc1cccc(-c2cccc(CN3CCNCC3)c2)c1)c1cccc(C(F)(F)F)c1,453.51,,1,7.3,7.3,1.0,0.0,0,0,True,active_single
CHEMBL494749,CS(=O)(=O)c1cccc(C(=O)NCc2cccc(-c3cccc(CN4CCNCC4)c3)c2)c1,463.6,,1,7.7,7.7,1.0,0.0,0,0,True,active_single
CHEMBL494752,CC(=O)Nc1cccc(C(=O)NCc2cccc(-c3cccc(CN4CCNCC4)c3)c2)c1,442.56,,1,6.7,6.7,1.0,0.0,0,0,True,active_single
CHEMBL494778,O=S(=O)(NCc1cccc(-c2cccc(CN3CCNCC3)c2)c1)c1ccc2c(c1)OCO2,465.58,,1,6.6,6.6,1.0,0.0,0,0,True,active_single
CHEMBL494836,O=C(NCc1cccc(-c2cccc(CN3CCCNCC3)c2)c1)c1ccc2c(c1)OCO2,443.55,,1,6.5,6.5,1.0,0.0,0,0,True,active_single
CHEMBL494950,CN(C)c1cccc(C(=O)NCc2cccc(-c3cccc(CN4CCNCC4)c3)c2)c1,428.58,,1,6.7,6.7,1.0,0.0,0,0,True,active_single
CHEMBL494998,O=C(NCc1cccc(-c2cccc(CN3CCOCC3)c2)c1)c1ccc2c(c1)OCO2,430.5,,1,5.0,5.0,0.0,1.0,0,0,False,inactive_single
CHEMBL495025,N#Cc1ccccc1C(=O)NCc1cccc(-c2cccc(CN3CCNCC3)c2)c1,410.52,,1,6.5,6.5,1.0,0.0,0,0,True,active_single
CHEMBL495028,CN1CCN(Cc2cccc(C(=O)NCc3cccc(-c4cccc(CN5CCNCC5)c4)c3)c2)CC1,497.69,,1,8.4,8.4,1.0,0.0,0,0,True,active_single
CHEMBL495102,CCOC(=O)c1ccc(NC(=O)N[C@@H](Cc2ccc(-c3ccccc3)cc2)C(=O)N[C@H]2CC[N+](C)(Cc3ccc4c(c3)OCO4)C2)cc1.[I-],776.67,,1,7.8,7.8,1.0,0.0,0,0,True,active_single
CHEMBL495172,N#Cc1cccc(C(=O)NCc2cccc(-c3cccc(CN4CCNCC4)c3)c2)c1,410.52,,1,7.3,7.3,1.0,0.0,0,0,True,active_single
CHEMBL495180,COc1cccc(C(=O)NCc2cccc(-c3cccc(CN4CCNCC4)c3)c2)c1,415.54,,1,7.1,7.1,1.0,0.0,0,0,True,active_single
CHEMBL495357,O=C1CN(Cc2cccc(-c3cccc(CNC(=O)c4ccc5c(c4)OCO5)c3)c2)CCN1,443.5,,1,5.0,5.0,0.0,1.0,0,0,False,inactive_single
CHEMBL496376,NC(=O)CN1CCCC(c2ccccc2)(C2CCN(Cc3ccc(Br)cc3)CC2)C1,470.46,,2,4.98,4.98,0.0,1.0,0,0,False,inactive
CHEMBL496915,CN1CCC[C@@H]1[C@@H]1C[S+]([O-])[C@@](c2ccccc2)(C2CCCCC2)O1,347.52,,2,7.16,7.16,1.0,0.0,0,0,True,active
CHEMBL497799,O=C(Nc1ccccc1)N1CCCC(c2ccccc2)(C2CCN(Cc3ccc(Br)cc3)CC2)C1,532.53,,2,5.0,5.0,0.0,1.0,0,0,False,inactive
CHEMBL499519,CCCCCCCCCCCC(OC(=O)C(CCCCN(O)C(C)=O)NC(=O)c1coc(-c2ccccc2O)n1)C(C)C(=O)NC1CCCCN(O)C1=O,757.93,NOCARDIMICIN B,2,6.54,6.54,1.0,0.0,0,0,True,active
CHEMBL499536,C[C@H](OC(=O)N[C@@H]1CN2CCC1CC2)c1ccccc1F,292.35,,1,5.0,5.0,0.0,1.0,0,0,False,inactive_single
CHEMBL500306,Br.OC(CC1CN2CCC1CC2)(c1ccccc1)c1ccccc1,388.35,,1,3.84,3.84,0.0,1.0,0,0,False,inactive_single
CHEMBL500313,CN1CCC[C@H]1[C@@H]1CNC(=O)O1,170.21,,1,4.0,4.0,0.0,1.0,0,0,False,inactive_single
CHEMBL501419,CCOC(=O)c1ccc(NC(=O)N[C@@H](Cc2ccc(O)cc2)C(=O)NC2CCN(Cc3ccc4c(c3)OCO4)C2)cc1,574.63,,1,7.5,7.5,1.0,0.0,0,0,True,active_single
CHEMBL501727,CCOC(=O)c1ccc(NC(=O)N[C@H](Cc2ccc(O)cc2)C(=O)N[C@@H]2CCN(Cc3ccc(O)cc3)C2)cc1,546.62,,1,4.7,4.7,0.0,1.0,0,0,False,inactive_single
CHEMBL503468,O=C(Nc1ccc2[nH]cc(C3CCN(CCCCCCCN4CCC(c5c[nH]c6ccc(NC(=O)c7ccc(F)cc7)cc56)CC4)CC3)c2c1)c1ccc(F)cc1,770.97,,1,4.3,4.3,0.0,1.0,0,0,False,inactive_single
CHEMBL505086,Cc1ccc(C2CCCN2)o1,151.21,,1,4.74,4.74,0.0,1.0,0,0,False,inactive_single
CHEMBL505452,CCOC(=O)c1ccc(NC(=O)N[C@@H](Cc2ccc(O)cc2)C(=O)NC2CCN(Cc3ccc(O)cc3)C2)cc1,546.62,,2,7.7,7.7,1.0,0.0,0,0,True,active
CHEMBL5069430,COc1ccc([C@H](Cc2c(Cl)c[n+]([O-])cc2Cl)OC(=O)c2ccc(CN(C(=O)O[C@H]3CN4CCC3CC4)c3cccnc3)s2)cc1OC,713.64,,1,8.1,8.1,1.0,0.0,0,0,True,active_single
CHEMBL5070876,COc1ccc([C@H](Cc2c(Cl)c[n+]([O-])cc2Cl)OC(=O)c2ccc(CN(C(=O)O[C@H]3CN4CCC3CC4)c3ccccc3)s2)cc1OC,712.65,,1,10.0,10.0,1.0,0.0,0,0,True,active_single
CHEMBL5074216,COc1ccc([C@H](Cc2c(Cl)c[n+]([O-])cc2Cl)OC(=O)c2ccc(CNC(C(=O)O[C@@H]3CCN(C)C3)c3ccccc3)s2)cc1OC,700.64,,2,9.0,9.0,1.0,0.0,0,0,True,active
CHEMBL5074599,COc1ccc([C@H](Cc2c(Cl)c[n+]([O-])cc2Cl)OC(=O)c2ccc(CNC(C(=O)O[C@H]3CN4CCC3CC4)c3ccccc3)s2)cc1OC,726.68,,2,10.05,10.05,1.0,0.0,0,0,True,active
CHEMBL5075132,COc1ccc([C@H](Cc2c(Cl)c[n+]([O-])cc2Cl)OC(=O)c2ccc(CN(C(=O)O[C@H]3CN4CCC3CC4)c3ccccc3)cc2F)cc1OC,724.61,,1,9.8,9.8,1.0,0.0,0,0,True,active_single
CHEMBL5076266,COc1ccc([C@H](Cc2c(Cl)c[n+]([O-])cc2Cl)OC(=O)c2ccc(F)c(CN(C(=O)O[C@H]3CN4CCC3CC4)c3ccccc3)c2)cc1OC,724.61,,1,9.7,9.7,1.0,0.0,0,0,True,active_single
CHEMBL5076445,COc1ccc([C@H](Cc2c(Cl)c[n+]([O-])cc2Cl)OC(=O)c2ccc(CNC(C(=O)OC[C@H]3CCN3C)c3ccccc3)s2)cc1OC,700.64,,5,9.0,9.0,1.0,0.0,0,0,True,active
CHEMBL5076535,COc1ccc([C@H](Cc2c(Cl)c[n+]([O-])cc2Cl)OC(=O)c2ccc(CNC(C(=O)OCCN(C)C)c3ccccc3)s2)cc1OC,688.63,,2,8.65,8.65,1.0,0.0,0,0,True,active
CHEMBL5076558,COc1ccc([C@H](Cc2c(Cl)c[n+]([O-])cc2Cl)OC(=O)c2cccc(CNC(C(=O)O[C@H]3CN4CCC3CC4)c3ccccc3)c2)cc1OC,720.65,,3,9.7,9.7,1.0,0.0,0,0,True,active
CHEMBL5076637,COc1ccc([C@H](Cc2c(Cl)c[n+]([O-])cc2Cl)OC(=O)c2ccc(CNC(C(=O)O[C@H]3CN4CCC3CC4)c3ccccc3F)s2)cc1OC,744.67,,2,9.9,9.9,1.0,0.0,0,0,True,active
CHEMBL5076680,COc1ccc([C@H](Cc2c(Cl)c[n+]([O-])cc2Cl)OC(=O)Cc2ccc(CN(C(=O)O[C@H]3CN4CCC3CC4)c3ccccc3)cc2)cc1OC,720.65,,1,9.5,9.5,1.0,0.0,0,0,True,active_single
CHEMBL5076886,COc1ccc([C@H](Cc2c(Cl)c[n+]([O-])cc2Cl)OC(=O)c2ccc(CNC(C(=O)OC3C[C@H]4CC[C@H](C3)N4C)c3ccccc3)s2)cc1OC,740.71,,2,8.65,8.65,1.0,0.0,0,0,True,active
CHEMBL5077161,COc1ccc([C@H](Cc2c(Cl)c[n+]([O-])cc2Cl)OC(=O)c2ccc(CN(C(=O)O[C@H]3CN4CCC3CC4)c3ccccc3)cc2)cc1OC,706.62,,1,9.8,9.8,1.0,0.0,0,0,True,active_single
CHEMBL5077250,COc1ccc([C@H](Cc2c(Cl)c[n+]([O-])cc2Cl)OC(=O)c2ccc(CN(C(=O)O[C@H]3CN4CCC3CC4)c3cccc(C(F)F)c3)s2)cc1OC,762.66,,1,8.5,8.5,1.0,0.0,0,0,True,active_single
CHEMBL5077424,COc1ccc([C@H](Cc2c(Cl)c[n+]([O-])cc2Cl)OC(=O)c2ccc(CN(C)C(C(=O)O[C@H]3CN4CCC3CC4)c3ccccc3)s2)cc1OC,740.71,,2,9.2,9.2,1.0,0.0,0,0,True,active
CHEMBL5078006,COc1ccc([C@H](Cc2c(Cl)c[n+]([O-])cc2Cl)OC(=O)c2ccc(CNC(C(=O)OC[C@H]3CN4CCC3CC4)c3ccccc3)s2)cc1OC,740.71,,2,8.75,8.75,1.0,0.0,0,0,True,active
CHEMBL5078078,CC(C)(O)c1ccc(N2Cc3c(ccnc3-c3ccc(F)cc3OCC(F)(F)F)C2=O)cc1,460.43,,2,5.0,5.0,0.0,1.0,0,0,False,inactive
CHEMBL5078680,O=C(O[C@@H](Cc1c(Cl)c[n+]([O-])cc1Cl)c1ccc(OC(F)F)c(OCC2CC2)c1)c1cccc(NC(C(=O)O[C@H]2CN3CCC2CC3)c2ccccc2)c1,782.67,,1,9.1,9.1,1.0,0.0,0,0,True,active_single
CHEMBL5080391,O=C(O[C@@H](Cc1c(Cl)c[n+]([O-])cc1Cl)c1ccc(OC(F)F)c(OCC2CC2)c1)c1cccc(CN(C(=O)O[C@H]2CN3CCC2CC3)c2ccccc2)c1,782.67,,1,8.9,8.9,1.0,0.0,0,0,True,active_single
CHEMBL5081214,O=C(O[C@@H](Cc1c(Cl)c[n+]([O-])cc1Cl)c1ccc(OC(F)F)c(OCC2CC2)c1)c1cccc(S(=O)(=O)NC(C(=O)O[C@H]2CN3CCC2CC3)c2ccccc2)c1,846.73,,1,8.9,8.9,1.0,0.0,0,0,True,active_single
CHEMBL5081816,COc1ccc([C@H](Cc2c(Cl)c[n+]([O-])cc2Cl)OC(=O)c2ccc(CNC(C(=O)OCC3CCN(C)CC3)c3ccccc3)s2)cc1OC,728.69,,7,8.26,8.26,1.0,0.0,0,0,True,active
CHEMBL5084383,COc1ccc([C@H](Cc2c(Cl)c[n+]([O-])cc2Cl)OC(=O)c2ccc(CN(C(=O)O[C@H]3CN4CCC3CC4)c3cccc(F)c3)s2)cc1OC,730.64,,1,9.7,9.7,1.0,0.0,0,0,True,active_single
CHEMBL5084829,CCOc1cc([C@H](Cc2c(Cl)c[n+]([O-])cc2Cl)OC(=O)c2ccc(CN(C(=O)O[C@H]3CN4CCC3CC4)c3ccccc3F)s2)ccc1OC(F)F,780.65,,1,9.5,9.5,1.0,0.0,0,0,True,active_single
CHEMBL5085166,COc1ccc([C@H](Cc2c(Cl)c[n+]([O-])cc2Cl)OC(=O)c2ccc(CN(C(=O)O[C@H]3CN4CCC3CC4)c3ccccn3)s2)cc1OC,713.64,,1,9.3,9.3,1.0,0.0,0,0,True,active_single
CHEMBL5085717,CC(C)Oc1cc([C@H](Cc2c(Cl)c[n+]([O-])cc2Cl)OC(=O)c2ccc(CN(C(=O)O[C@H]3CN4CCC3CC4)c3ccccc3F)s2)ccc1OC(F)F,794.68,,1,9.5,9.5,1.0,0.0,0,0,True,active_single
CHEMBL5086272,COc1ccc([C@H](Cc2c(Cl)c[n+]([O-])cc2Cl)OC(=O)c2ccc(CN(C(=O)O[C@H]3CN4CCC3CC4)c3nccs3)s2)cc1OC,719.67,,1,9.1,9.1,1.0,0.0,0,0,True,active_single
CHEMBL5086393,COc1ccc([C@H](Cc2c(Cl)c[n+]([O-])cc2Cl)OC(=O)c2ccc(CNC(C(=O)OC3CCN(C)CC3)c3ccccc3)s2)cc1OC,714.67,,4,9.41,9.41,1.0,0.0,0,0,True,active
CHEMBL5086769,COc1ccc([C@H](Cc2c(Cl)c[n+]([O-])cc2Cl)OC(=O)c2ccc(CN(C(=O)O[C@H]3CN4CCC3CC4)c3cccc(O)c3)s2)cc1OC,728.65,,1,9.5,9.5,1.0,0.0,0,0,True,active_single
CHEMBL5086895,O=C(O[C@@H](Cc1c(Cl)c[n+]([O-])cc1Cl)c1ccc(OC(F)F)c(OCC2CC2)c1)c1cccc(CNC(C(=O)O[C@H]2CN3CCC2CC3)c2ccccc2)c1,796.69,,1,9.2,9.2,1.0,0.0,0,0,True,active_single
CHEMBL5087564,COc1ccc([C@H](Cc2c(Cl)c[n+]([O-])cc2Cl)OC(=O)c2cccc(NC(C(=O)O[C@H]3CN4CCC3CC4)c3ccccc3)c2)cc1OC,706.62,,1,9.4,9.4,1.0,0.0,0,0,True,active_single
CHEMBL5088742,COc1ccc([C@H](Cc2c(Cl)c[n+]([O-])cc2Cl)OC(=O)c2cccc(CN(C(=O)O[C@H]3CN4CCC3CC4)c3ccccc3)c2)cc1OC,706.62,,1,9.5,9.5,1.0,0.0,0,0,True,active_single
CHEMBL5090179,COc1cc([C@H](Cc2c(Cl)c[n+]([O-])cc2Cl)OC(=O)c2ccc(CN(C(=O)O[C@H]3CN4CCC3CC4)c3ccccc3F)s2)ccc1OC(F)F,766.62,,1,9.6,9.6,1.0,0.0,0,0,True,active_single
CHEMBL5090464,O=C(O[C@@H](Cc1c(Cl)c[n+]([O-])cc1Cl)c1ccc(OC(F)F)c(OCC2CC2)c1)c1ccc(CN(C(=O)O[C@H]2CN3CCC2CC3)c2ccccc2F)s1,806.69,,1,9.7,9.7,1.0,0.0,0,0,True,active_single
CHEMBL5091461,COc1ccc([C@H](Cc2c(Cl)c[n+]([O-])cc2Cl)OC(=O)c2ccc(CN(C(=O)O[C@H]3CN4CCC3CC4)c3ccccc3F)s2)cc1OC,730.64,,1,9.9,9.9,1.0,0.0,0,0,True,active_single
CHEMBL5092058,Cc1cn([C@H](C)CC#N)c(=O)c2cc(Cn3nc(C(F)F)cc3Cl)nn12,380.79,,2,5.0,5.0,0.0,1.0,0,0,False,inactive
CHEMBL5094110,COc1ccc([C@H](Cc2c(Cl)c[n+]([O-])cc2Cl)OC(=O)c2cccc(S(=O)(=O)NC(C(=O)O[C@H]3CN4CCC3CC4)c3ccccc3)c2)cc1OC,770.69,,1,9.2,9.2,1.0,0.0,0,0,True,active_single
CHEMBL513277,Cc1ccc(C2CCCN2C)o1,165.24,,1,4.64,4.64,0.0,1.0,0,0,False,inactive_single
CHEMBL514689,O=c1[nH]c2cc(Cl)ccc2n1C1CCN(C2CCN(Cc3ccccc3[N+](=O)[O-])CC2)CC1,469.97,,1,4.3,,0.0,1.0,0,0,False,inactive_single
CHEMBL515462,Br.OC(c1ccccc1)(c1ccccc1)C1CN2CCC1CC2,374.32,,1,2.96,2.96,0.0,1.0,0,0,False,inactive_single
CHEMBL515489,O=c1[nH]c2cc(Cl)ccc2n1C1CCN(C2CCN(Cc3ccccc3Cl)CC2)CC1,459.42,,1,4.3,,0.0,1.0,0,0,False,inactive_single
CHEMBL516,CN1CCC(=C2c3ccccc3C=Cc3ccccc32)CC1,287.41,CYPROHEPTADINE,2,7.68,7.68,1.0,0.0,0,0,True,active
CHEMBL516120,OC(c1ccccc1)(c1ccccc1)C1C[N+]2(CCc3ccccc3)CCC1CC2.[Br-],478.47,,1,2.55,2.55,0.0,1.0,0,0,False,inactive_single
CHEMBL516121,C[N+]12CCC(C(O)(c3ccccc3)c3ccccc3)(CC1)CC2.[Br-],388.35,,1,3.03,3.03,0.0,1.0,0,0,False,inactive_single
CHEMBL5170720,O=C(N[C@@H](c1ccccc1)c1cccc(OCc2ccc(C(=O)O)o2)c1)O[C@H]1CN2CCC1CC2,476.53,,1,7.6,7.6,1.0,0.0,0,0,True,active_single
CHEMBL517087,CCOC(=O)c1ccc(NC(=O)N[C@@H](Cc2ccc(O)cc2)C(=O)NC2CCN(Cc3cccc(OC)c3)C2)cc1,560.65,,1,7.6,7.6,1.0,0.0,0,0,True,active_single
CHEMBL5172865,Cn1nc(C(=O)OCCCCNC[C@H](O)c2ccc(O)c3[nH]c(=O)ccc23)cc1COc1cccc([C@@H](NC(=O)O[C@H]2CN3CCC2CC3)c2ccccc2)c1,764.88,,1,10.2,10.2,1.0,0.0,0,0,True,active_single
CHEMBL517712,CN1[C@@H]2CC[C@H]1C[C@@H](OC(=O)C(CO)c1ccccc1)C2,289.38,ATROPINE,7,9.05,9.05,1.0,0.0,0,0,True,active
CHEMBL5177499,O=C(N[C@@H](c1ccccc1)c1cccc(OC[C@H]2CC[C@H](C(=O)O)CC2)c1)O[C@H]1CN2CCC1CC2,492.62,,1,9.0,9.0,1.0,0.0,0,0,True,active_single
CHEMBL5178217,Cn1nc(COc2cccc([C@@H](NC(=O)O[C@H]3CN4CCC3CC4)c3ccccc3)c2)cc1C(=O)O,490.56,,1,8.5,8.5,1.0,0.0,0,0,True,active_single
CHEMBL5179380,O=C(N[C@@H](c1ccccc1)c1cccc(OCc2ccc(C(=O)O)nc2)c1)O[C@H]1CN2CCC1CC2,487.56,,1,8.5,8.5,1.0,0.0,0,0,True,active_single
CHEMBL518001,CCOC(=O)c1ccc(NC(=O)N[C@@H](Cc2ccc(O)cc2)C(=O)NC2CCN(Cc3cccc(O)c3)C2)cc1,546.62,,1,7.7,7.7,1.0,0.0,0,0,True,active_single
CHEMBL5180420,COc1cc(C(=O)O)ccc1COc1cccc([C@@H](NC(=O)O[C@H]2CN3CCC2CC3)c2ccccc2)c1,516.59,,1,6.7,6.7,1.0,0.0,0,0,True,active_single
CHEMBL5181855,O=C(N[C@@H](c1ccccc1)c1cccc(OCc2nc(C(=O)O)co2)c1)O[C@H]1CN2CCC1CC2,477.52,,1,8.1,8.1,1.0,0.0,0,0,True,active_single
CHEMBL5184455,O=C(N[C@@H](c1ccccc1)c1cccc(OCc2ccc(C(=O)OCCCCNC[C@H](O)c3ccc(O)c4[nH]c(=O)ccc34)cc2)c1)O[C@H]1CN2CCC1CC2,760.89,,1,9.9,9.9,1.0,0.0,0,0,True,active_single
CHEMBL5184598,O=C(N[C@H](c1ccccc1)c1cccc(OCc2ccc(C(=O)OCCCCNC[C@H](O)c3ccc(O)c4[nH]c(=O)ccc34)cc2)c1)O[C@H]1CN2CCC1CC2,760.89,,1,9.1,9.1,1.0,0.0,0,0,True,active_single
CHEMBL518747,O=c1[nH]c2cc(Cl)ccc2n1C1CCN(C2CCN(Cc3ccccc3C(F)(F)F)CC2)CC1,492.97,,1,4.3,,0.0,1.0,0,0,False,inactive_single
CHEMBL5187593,O=C(N[C@@H](c1ccccc1)c1cccc(OCc2nc(C(=O)O)cs2)c1)O[C@H]1CN2CCC1CC2,493.59,,1,8.4,8.4,1.0,0.0,0,0,True,active_single
CHEMBL5190387,O=C(N[C@@H](c1ccccc1)c1cccc(OCc2ccc(C(=O)OCCCCNC[C@H](O)c3ccc(O)c4[nH]c(=O)ccc34)o2)c1)O[C@H]1CN2CCC1CC2,750.85,,1,10.2,10.2,1.0,0.0,0,0,True,active_single
CHEMBL5193776,O=C(N[C@@H](c1ccccc1)c1cccc(OCc2ccc(C(=O)O)cc2F)c1)O[C@H]1CN2CCC1CC2,504.56,,1,8.3,8.3,1.0,0.0,0,0,True,active_single
CHEMBL5193853,O=C(N[C@@H](c1ccccc1)c1cccc(OCc2cccc(C(=O)OCCCCNC[C@H](O)c3ccc(O)c4[nH]c(=O)ccc34)c2)c1)O[C@H]1CN2CCC1CC2,760.89,,1,10.1,10.1,1.0,0.0,0,0,True,active_single
CHEMBL5193865,COC(=O)c1ccc(COc2cccc([C@H](NC(=O)O[C@H]3CN4CCC3CC4)c3ccccc3)c2)cc1,500.6,,1,7.6,7.6,1.0,0.0,0,0,True,active_single
CHEMBL5194569,O=C(N[C@@H](c1ccccc1)c1cccc(OCc2ccc(C(=O)O)c(F)c2)c1)O[C@H]1CN2CCC1CC2,504.56,,1,8.4,8.4,1.0,0.0,0,0,True,active_single
CHEMBL5195203,COC(=O)c1ccc(COc2cccc(C(NC(=O)O[C@H]3CN4CCC3CC4)c3ccccc3)c2)cc1,500.6,,1,8.8,8.8,1.0,0.0,0,0,True,active_single
CHEMBL5195224,O=C(N[C@@H](c1ccccc1)c1cccc(OCc2csc(C(=O)O)c2)c1)O[C@H]1CN2CCC1CC2,492.6,,1,8.1,8.1,1.0,0.0,0,0,True,active_single
CHEMBL519609,CCN(CC)CCCOC(=O)N1c2ccccc2Sc2ccccc21,356.49,,1,6.77,6.77,1.0,0.0,0,0,True,active_single
CHEMBL519652,COc1cccc(COCC[N+]23CCC(C(O)(c4ccccc4)c4ccccc4)(CC2)CC3)c1.[Br-],538.53,,1,5.0,5.0,0.0,1.0,0,0,False,inactive_single
CHEMBL519760,CCOC(=O)c1ccc(NC(=O)N[C@@H](Cc2ccc(O)cc2)C(=O)NC2CCN(Cc3ccccc3OC)C2)cc1,560.65,,1,7.3,7.3,1.0,0.0,0,0,True,active_single
CHEMBL5200448,COC(=O)c1ccc(COc2cccc([C@@H](NC(=O)O[C@H]3CN4CCC3CC4)c3ccccc3)c2)cc1,500.6,,1,9.1,9.1,1.0,0.0,0,0,True,active_single
CHEMBL5200887,COc1cc(C(=O)OCCCCNC[C@H](O)c2ccc(O)c3[nH]c(=O)ccc23)ccc1COc1cccc([C@@H](NC(=O)O[C@H]2CN3CCC2CC3)c2ccccc2)c1,790.91,,1,9.7,9.7,1.0,0.0,0,0,True,active_single
CHEMBL5201074,C[C@@H](NC(=O)/N=C(N)NCCCc1ncn[nH]1)c1ccccc1.Cl.Cl,388.3,,1,5.0,,0.0,1.0,0,0,False,inactive_single
CHEMBL5202045,O=C(N[C@@H](c1ccccc1)c1cccc(OCc2cc(C(=O)O)co2)c1)O[C@H]1CN2CCC1CC2,476.53,,1,8.2,8.2,1.0,0.0,0,0,True,active_single
CHEMBL5202567,O=C(N[C@@H](c1ccccc1)c1cccc(OCc2ccc(C(=O)O)cc2)c1)O[C@H]1CN2CCC1CC2,486.57,,1,8.1,8.1,1.0,0.0,0,0,True,active_single
CHEMBL5202787,O=C(N[C@@H](c1ccccc1)c1cccc(OCc2cccc(C(=O)O)c2)c1)O[C@H]1CN2CCC1CC2,486.57,,1,8.1,8.1,1.0,0.0,0,0,True,active_single
CHEMBL5203937,Cn1nc(C(=O)O)cc1COc1cccc([C@@H](NC(=O)O[C@H]2CN3CCC2CC3)c2ccccc2)c1,490.56,,1,7.4,7.4,1.0,0.0,0,0,True,active_single
CHEMBL5207792,O=C(N[C@@H](c1ccccc1)c1cccc(OCc2cnc(C(=O)O)cn2)c1)O[C@H]1CN2CCC1CC2,488.54,,1,8.0,8.0,1.0,0.0,0,0,True,active_single
CHEMBL5208201,O=C(NC(c1ccccc1)c1cccc(OCc2ccc(C(=O)OCCCCNC[C@H](O)c3ccc(O)c4[nH]c(=O)ccc34)cc2)c1)O[C@H]1CN2CCC1CC2,760.89,,1,9.5,9.5,1.0,0.0,0,0,True,active_single
CHEMBL5208957,O=C(N[C@@H](c1ccccc1)c1cccc(OCc2nc(C(=O)OCCCCNC[C@H](O)c3ccc(O)c4[nH]c(=O)ccc34)co2)c1)O[C@H]1CN2CCC1CC2,751.84,,1,9.8,9.8,1.0,0.0,0,0,True,active_single
CHEMBL521030,O=c1[nH]c2cc(Cl)ccc2n1C1CCN(C2CCN(S(=O)(=O)c3ccccc3)CC2)CC1,475.01,,1,4.52,,0.0,1.0,0,0,False,inactive_single
CHEMBL521244,CCOC(=O)c1ccc(NC(=O)N[C@@H](Cc2ccc(O)cc2)C(=O)NC2CCN(Cc3cccc(C#N)c3)C2)cc1,555.64,,1,8.2,8.2,1.0,0.0,0,0,True,active_single
CHEMBL521523,C[C@H]1CN(Cc2cccc(-c3cc(CNC(=O)c4cccc(CC5CCNCC5)c4)ccc3F)c2)CCN1,514.69,,1,10.5,10.5,1.0,0.0,0,0,True,active_single
CHEMBL521781,OC(c1ccccc1)(c1ccccc1)C12CC[N+](CCOCc3ccc(F)cc3)(CC1)CC2.[Br-],526.49,,1,5.0,5.0,0.0,1.0,0,0,False,inactive_single
CHEMBL521914,O=c1[nH]c2c(F)cccc2n1C1CCN(C2CCN(Cc3ccccc3C(F)(F)F)CC2)CC1,476.52,,1,4.3,,0.0,1.0,0,0,False,inactive_single
CHEMBL521921,COc1ccc(C(O)(c2ccc(OC)cc2)C23CC[N+](CCOCc4ccccc4)(CC2)CC3)cc1.[Br-],568.55,,1,4.44,4.44,0.0,1.0,0,0,False,inactive_single
CHEMBL521986,O=C(NCc1ccc(F)c(-c2cccc(CN3CCNCC3)c2)c1)c1ccc2c(c1)OCO2,447.51,,1,8.2,8.2,1.0,0.0,0,0,True,active_single
CHEMBL522020,CC(=O)c1cccc(C(=O)NCc2cccc(-c3cccc(CN4CCNCC4)c3)c2)c1,427.55,,1,8.0,8.0,1.0,0.0,0,0,True,active_single
CHEMBL522081,OC(c1ccc(F)cc1)(c1ccc(F)cc1)C12CC[N+](CCOCc3ccccc3)(CC1)CC2.[Br-],544.48,,1,5.0,5.0,0.0,1.0,0,0,False,inactive_single
CHEMBL522418,OC(c1ccccc1)(c1ccccc1)C12CC[N+](CCOc3ccccc3)(CC1)CC2.[Br-],494.47,,1,5.0,5.0,0.0,1.0,0,0,False,inactive_single
CHEMBL522451,Cc1ccccc1CN1CCC(N2CCC(n3c(=O)[nH]c4cc(F)ccc43)CC2)CC1,422.55,,1,4.3,,0.0,1.0,0,0,False,inactive_single
CHEMBL522632,CCC[N+]12CCC(C(O)(c3ccccc3)c3ccccc3)(CC1)CC2.[Br-],416.4,,1,3.68,3.68,0.0,1.0,0,0,False,inactive_single
CHEMBL522838,COc1ccc(CNC(=O)c2ccc3c(c2)OCO3)cc1-c1cccc(CN2CCNCC2)c1,459.55,,1,7.5,7.5,1.0,0.0,0,0,True,active_single
CHEMBL523474,OC(c1ccccc1)(c1ccccc1)C12CC[N+](CCOCc3ccc(Cl)cc3)(CC1)CC2.[Br-],542.95,,1,5.0,5.0,0.0,1.0,0,0,False,inactive_single
CHEMBL523518,CN1CCC[C@@H]1[C@@H]1C[S+]([O-])C(c2ccccc2)(c2ccccc2)O1,341.48,,2,6.42,6.42,1.0,0.0,0,0,True,active
CHEMBL523598,N#Cc1ccc(COCC[N+]23CCC(C(O)(c4ccccc4)c4ccccc4)(CC2)CC3)cc1.[Br-],533.51,,1,5.0,5.0,0.0,1.0,0,0,False,inactive_single
CHEMBL523657,Cc1ccccc1CN1CCC(N2CCC(n3c(=O)[nH]c4cc(Cl)ccc43)CC2)CC1,439.0,,1,4.3,,0.0,1.0,0,0,False,inactive_single
CHEMBL523767,COc1cccc(C(O)(c2cccc(OC)c2)C23CC[N+](CCOCc4ccccc4)(CC2)CC3)c1.[Br-],568.55,,1,4.77,4.77,0.0,1.0,0,0,False,inactive_single
CHEMBL523957,OC(c1ccccc1)(c1ccccc1)C12CC[N+](CCOCc3ccc(Br)cc3)(CC1)CC2.[Br-],587.4,,1,5.0,5.0,0.0,1.0,0,0,False,inactive_single
CHEMBL524032,Cc1c(CNC(=O)c2ccc3c(c2)OCO3)cccc1-c1cccc(CN2CCNCC2)c1,443.55,,1,5.0,5.0,0.0,1.0,0,0,False,inactive_single
CHEMBL524061,CN1CCC[C@H]1[C@H]1C[S+]([O-])[C@](c2ccccc2)(C2CCCCC2)O1,347.52,,2,6.31,6.31,1.0,0.0,0,0,True,active
CHEMBL524119,OC(c1ccccc1)(c1ccccc1)C12CC[N+](CCOCc3cccc(Br)c3)(CC1)CC2.[Br-],587.4,,1,5.0,5.0,0.0,1.0,0,0,False,inactive_single
CHEMBL526009,CCOC(=O)c1ccc(NC(=O)N[C@@H](Cc2ccc(O)cc2)C(=O)N[C@H]2CCN(Cc3ccc(O)cc3)C2)cc1,546.62,,2,7.8,7.8,1.0,0.0,0,0,True,active
CHEMBL5265833,C#CCCCCCCN1CCC(COC(=O)Nc2ccc(F)cc2-c2ccc(F)c(Cl)c2)CC1,489.01,,1,9.49,9.49,1.0,0.0,0,0,True,active_single
CHEMBL5267836,CN(C)c1ccc2c(-c3ccc(-c4cn(CCCCCn5cc(CCCCCCN6CCC(OC(=O)Nc7ccc(F)cc7-c7ccc(F)c(Cl)c7)CC6)nn5)nn4)cc3C(=O)[O-])c3ccc(=[N+](C)C)cc-3oc2c1,1039.63,,1,7.92,7.92,1.0,0.0,0,0,True,active_single
CHEMBL5268503,CN(C)c1ccc2c(-c3ccc(-c4cn(CCCCCn5cc(CCCCCN6CCC(COC(=O)Nc7ccc(F)cc7-c7ccc(F)c(Cl)c7)CC6)nn5)nn4)cc3C(=O)[O-])c3ccc(=[N+](C)C)cc-3oc2c1,1039.63,,1,8.51,8.51,1.0,0.0,0,0,True,active_single
CHEMBL5270870,NCCCCCCCCN1CCC(COC(=O)Nc2ccc(F)cc2-c2ccc(F)c(Cl)c2)CC1,508.05,,1,9.82,9.82,1.0,0.0,0,0,True,active_single
CHEMBL5270925,C#CCCCCCCN1CCC(OC(=O)Nc2ccc(F)cc2-c2ccc(F)c(Cl)c2)CC1,474.98,,1,9.0,9.0,1.0,0.0,0,0,True,active_single
CHEMBL527216,CCOC(=O)c1ccc(NC(=O)N[C@@H](Cc2ccc(F)cc2)C(=O)N[C@H]2CC[N+](C)(Cc3ccc4c(c3)OCO4)C2)cc1.[I-],718.56,,1,7.8,7.8,1.0,0.0,0,0,True,active_single
CHEMBL5272950,O=C1C[C@@H](Cc2cnc[nH]2)CO1,166.18,,1,4.68,,0.0,1.0,0,0,False,inactive_single
CHEMBL5273907,CN1/C(=C/C=C/C=C/C2=[N+](CCCCCC(=O)NCCCCCCN3CCC(COC(=O)Nc4ccc(F)cc4-c4ccc(F)c(Cl)c4)CC3)c3ccccc3C2(C)C)C(C)(C)c2ccccc21,945.66,,1,8.2,8.2,1.0,0.0,0,0,True,active_single
CHEMBL5274390,O=C(Nc1ccc(F)cc1-c1ccc(F)c(Cl)c1)OC1CCNCC1,366.8,,1,8.37,8.37,1.0,0.0,0,0,True,active_single
CHEMBL5277670,CN1/C(=C/C=C/C=C/C2=[N+](CCCCCC(=O)NCCCCCCN3CCC(OC(=O)Nc4ccc(F)cc4-c4ccc(F)c(Cl)c4)CC3)c3ccccc3C2(C)C)C(C)(C)c2ccccc21,931.63,,1,7.57,7.57,1.0,0.0,0,0,True,active_single
CHEMBL5277944,CC[C@H]1C(=O)OC[C@@H]1Cc1c[n+](CCCCCCCC[N+](C)(C)CC(C)(C)CN2C(=O)c3cccc4cccc(c34)C2=O)cn1C.O=C[O-].O=C[O-],720.91,,1,4.5,,0.0,1.0,0,0,False,inactive_single
CHEMBL527880,C[N+]1(C)CCC[C@@H]1c1ccco1.[I-],293.15,,1,4.75,4.75,0.0,1.0,0,0,False,inactive_single
CHEMBL5279174,C#CCCCCCN1CCC(COC(=O)Nc2ccc(F)cc2-c2ccc(F)c(Cl)c2)CC1,474.98,,1,9.11,9.11,1.0,0.0,0,0,True,active_single
CHEMBL5281043,NCCCCCCN1CCC(COC(=O)Nc2ccc(F)cc2-c2ccc(F)c(Cl)c2)CC1,480.0,,1,10.09,10.09,1.0,0.0,0,0,True,active_single
CHEMBL5282659,NCCCCCCN1CCC(OC(=O)Nc2ccc(F)cc2-c2ccc(F)c(Cl)c2)CC1,465.97,,1,8.59,8.59,1.0,0.0,0,0,True,active_single
CHEMBL5283759,CN(C)c1ccc2c(-c3ccc(-c4cn(CCCCCn5cc(CCCCCN6CCC(OC(=O)Nc7ccc(F)cc7-c7ccc(F)c(Cl)c7)CC6)nn5)nn4)cc3C(=O)[O-])c3ccc(=[N+](C)C)cc-3oc2c1,1025.6,,1,8.17,8.17,1.0,0.0,0,0,True,active_single
CHEMBL5284000,NCCCCCCCCN1CCC(OC(=O)Nc2ccc(F)cc2-c2ccc(F)c(Cl)c2)CC1,494.03,,1,9.55,9.55,1.0,0.0,0,0,True,active_single
CHEMBL5284728,O=C(O[C@H]1CN2CCC1CC2)N1CCc2ccccc2[C@@H]1c1ccc(F)cc1,380.46,,1,4.77,,0.0,1.0,0,0,False,inactive_single
CHEMBL5287096,CC[C@@H]1C(=O)OC[C@@H]1Cc1c[n+](CCCCCC[N+](C)(C)CC(C)(C)CN2C(=O)c3cccc4cccc(c34)C2=O)cn1C.[Br-].[Br-],762.63,,1,4.79,,0.0,1.0,0,0,False,inactive_single
CHEMBL5287315,C#CCCCCCN1CCC(OC(=O)Nc2ccc(F)cc2-c2ccc(F)c(Cl)c2)CC1,460.95,,1,8.74,8.74,1.0,0.0,0,0,True,active_single
CHEMBL5289083,CN1/C(=C/C=C/C=C/C2=[N+](CCCCCC(=O)NCCCNCCCCCCN3CCC(COC(=O)Nc4ccc(F)cc4-c4ccc(F)c(Cl)c4)CC3)c3ccccc3C2(C)C)C(C)(C)c2ccccc21,1002.76,,1,8.11,8.11,1.0,0.0,0,0,True,active_single
CHEMBL5289601,CN1/C(=C/C=C/C=C/C2=[N+](CCCCCC(=O)NCCCCCCCCN3CCC(COC(=O)Nc4ccc(F)cc4-c4ccc(F)c(Cl)c4)CC3)c3ccccc3C2(C)C)C(C)(C)c2ccccc21,973.71,,1,8.49,8.49,1.0,0.0,0,0,True,active_single
CHEMBL5289667,CN1/C(=C/C=C/C=C/C2=[N+](CCCCCC(=O)NCCCCCCCCN3CCC(OC(=O)Nc4ccc(F)cc4-c4ccc(F)c(Cl)c4)CC3)c3ccccc3C2(C)C)C(C)(C)c2ccccc21,959.69,,1,9.22,9.22,1.0,0.0,0,0,True,active_single
CHEMBL53325,COc1cccc2c1CCCC2CCCN1CCN(C2CCCCC2)CC1,370.58,,1,4.71,4.71,0.0,1.0,0,0,False,inactive_single
CHEMBL539119,C[N+]1(Cc2cccc(-c3cccc(CNC(=O)c4ccc5c(c4)OCO5)c3)c2)CCNCC1.[I-],571.46,,1,5.0,5.0,0.0,1.0,0,0,False,inactive_single
CHEMBL539120,C[N+]1(C)CCC[C@H]1[C@H]1C[S+]([O-])[C@@](c2ccccc2)(C2CCCCC2)O1.[I-],489.46,,2,7.97,7.97,1.0,0.0,0,0,True,active
CHEMBL539121,C[N+]1(C)CCC[C@@H]1[C@@H]1C[S+]([O-])[C@@](c2ccccc2)(C2CCCCC2)O1.[I-],489.46,,2,7.48,7.48,1.0,0.0,0,0,True,active
CHEMBL539373,C[N+]1(C)CCC[C@H]1[C@H]1C[S+]([O-])C(c2ccccc2)(c2ccccc2)O1.[I-],483.42,,2,6.98,6.98,1.0,0.0,0,0,True,active
CHEMBL5395712,COc1ccc([C@H](Cc2c(Cl)c[n+]([O-])cc2Cl)OC(=O)c2ccc(CNC(C)(C(=O)O[C@H]3CN4CCC3CC4)c3ccccc3)s2)cc1OC,740.71,,2,9.75,9.75,1.0,0.0,0,0,True,active
CHEMBL5396126,COc1ccccc1C1CCN([C@@H]2COC3(C2)CN(C(=O)C2COC2)C3)CC1,386.49,,1,4.6,,0.0,1.0,0,0,False,inactive_single
CHEMBL5397387,COc1cc(C(=O)O[C@@H](Cc2c(Cl)c[n+]([O-])cc2Cl)c2ccc(OC)c(OC)c2)ccc1CNC(C(=O)O[C@H]1CN2CCC1CC2)c1ccccc1,750.68,,1,9.2,9.2,1.0,0.0,0,0,True,active_single
CHEMBL539885,CCOC(=O)c1ccc(NC(=O)N[C@@H](Cc2ccc(OC)cc2)C(=O)N[C@H]2CC[N+](C)(Cc3ccc4c(c3)OCO4)C2)cc1.[I-],730.6,,1,7.4,7.4,1.0,0.0,0,0,True,active_single
CHEMBL5399363,COc1ccc([C@H](Cc2c(Cl)c[n+]([O-])cc2Cl)OC(=O)c2ccc(CNC(CO)(C(=O)O[C@H]3CN4CCC3CC4)c3ccccc3)s2)cc1OCC1CC1,796.77,,2,9.5,9.5,1.0,0.0,0,0,True,active
CHEMBL5399732,COc1ccc(F)cc1C1CCN([C@@H]2CCC3(C2)CN(C(=O)C2COC2)C3)CC1,402.51,,1,4.6,,0.0,1.0,0,0,False,inactive_single
CHEMBL540144,CCOC(=O)c1ccc(NC(=O)N[C@@H](Cc2ccc(O)cc2)C(=O)N[C@H]2CC[N+](C)(Cc3ccc(F)cc3)C2)cc1.[I-],690.55,,1,8.2,8.2,1.0,0.0,0,0,True,active_single
CHEMBL5401679,COc1ccccc1C1CCN(C2CCC3(C2)CN(C(=O)C2COC2)C3)CC1,384.52,,1,4.6,,0.0,1.0,0,0,False,inactive_single
CHEMBL5402697,COc1ccc([C@H](Cc2c(Cl)c[n+]([O-])cc2Cl)OC(=O)c2ccc(CNC(C(=O)O[C@H]3CN4CCC3CC4)c3ccccc3)cc2)cc1OC,720.65,,1,9.6,9.6,1.0,0.0,0,0,True,active_single
CHEMBL5403404,CCCN1CCN(c2ccc3c(c2)C(N(C)C(=O)OCc2ccccc2)CCC3)CC1,421.59,,1,5.0,5.0,0.0,1.0,0,0,False,inactive_single
CHEMBL540359,CC(C)OC(=O)c1ccc(NC(=O)N[C@@H](Cc2ccc(O)cc2)C(=O)N[C@H]2CCC[N+](C)(Cc3cccc(O)c3)C2)cc1.[I-],716.62,,1,7.5,7.5,1.0,0.0,0,0,True,active_single
CHEMBL540398,CCOC(=O)c1ccc(NC(=O)N[C@@H](Cc2ccc(Cl)c(Cl)c2)C(=O)N[C@H]2CC[N+](C)(Cc3ccc4c(c3)OCO4)C2)cc1.[I-],769.46,,1,7.6,7.6,1.0,0.0,0,0,True,active_single
CHEMBL540399,CCOC(=O)c1ccc(NC(=O)N[C@@H](Cc2ccc(O)cc2)C(=O)N[C@H]2CC[N+](C)(Cc3ccc4c(c3)OCO4)C2)cc1.[I-],716.57,,1,8.2,8.2,1.0,0.0,0,0,True,active_single
CHEMBL540400,CCOC(=O)c1ccc(NC(=O)N[C@@H](Cc2cccc(Cl)c2)C(=O)N[C@H]2CC[N+](C)(Cc3ccc4c(c3)OCO4)C2)cc1.[I-],735.02,,1,8.1,8.1,1.0,0.0,0,0,True,active_single
CHEMBL5404020,COc1ccc([C@H](Cc2c(Cl)c[n+]([O-])cc2Cl)OC(=O)c2ccc(CNC(CO)(C(=O)O[C@H]3CN4CCC3CC4)c3ccccc3)c(OCC3CC3)c2)cc1OC,820.77,,2,7.4,7.4,1.0,0.0,0,0,True,active
CHEMBL5408238,COc1ccc([C@H](Cc2c(Cl)c[n+]([O-])cc2Cl)OC(=O)c2ccc(CNC(CO)(C(=O)O[C@H]3CN4CCC3CC4)c3ccccc3)s2)cc1OC,756.71,,2,9.45,9.45,1.0,0.0,0,0,True,active
CHEMBL5409010,CCOc1cc([C@H](Cc2c(Cl)c[n+]([O-])cc2Cl)OC(=O)c2ccc(CN[C@](CO)(C(=O)O[C@H]3CN4CCC3CC4)c3ccccc3)s2)ccc1OC,770.73,,1,9.6,9.6,1.0,0.0,0,0,True,active_single
CHEMBL5410533,CCC(NCc1ccc(C(=O)O[C@@H](Cc2c(Cl)c[n+]([O-])cc2Cl)c2ccc(OC)c(OC)c2)s1)(C(=O)O[C@H]1CN2CCC1CC2)c1ccccc1,754.73,,2,8.95,8.95,1.0,0.0,0,0,True,active
CHEMBL541671,C[N+]1(C)CCC[C@H]1[C@H]1C[S+]([O-])[C@](c2ccccc2)(C2CCCCC2)O1.[I-],489.46,,2,6.8,6.8,1.0,0.0,0,0,True,active
CHEMBL5416951,COc1cc(F)ccc1C1CCN([C@@H]2COC3(C2)CN(C(=O)C2COC2)C3)CC1,404.48,,1,4.6,,0.0,1.0,0,0,False,inactive_single
CHEMBL5417689,CCOc1cc([C@H](Cc2c(Cl)c[n+]([O-])cc2Cl)OC(=O)c2ccc(CN[C@@](CO)(C(=O)O[C@H]3CN4CCC3CC4)c3ccccc3)s2)ccc1OC,770.73,,1,9.2,9.2,1.0,0.0,0,0,True,active_single
CHEMBL5419462,CCOc1ccccc1C1CCN([C@@H]2CCC3(C2)CN(C(=O)C2COC2)C3)CC1,398.55,,1,4.6,,0.0,1.0,0,0,False,inactive_single
CHEMBL5419622,COc1ccc(F)cc1C1CCN([C@@H]2COC3(C2)CN(C(=O)C2COC2)C3)CC1,404.48,,1,4.6,,0.0,1.0,0,0,False,inactive_single
CHEMBL5419862,CCOc1cc([C@H](Cc2c(Cl)cncc2Cl)OC(=O)c2ccc(CN[C@@](CO)(C(=O)O[C@H]3CN4CCC3CC4)c3ccccc3)s2)ccc1OC,754.73,,1,8.5,8.5,1.0,0.0,0,0,True,active_single
CHEMBL5420551,CCOc1cc([C@@H](Cc2c(Cl)c[n+]([O-])cc2Cl)OC(=O)c2ccc(CN[C@@](CO)(C(=O)O[C@H]3CN4CCC3CC4)c3ccccc3)s2)ccc1OC,770.73,,1,7.6,7.6,1.0,0.0,0,0,True,active_single
CHEMBL5423866,CCOc1ccccc1C1CCN([C@@H]2CCC3(C2)CN(C(C)=O)C3)CC1,356.51,,1,4.6,,0.0,1.0,0,0,False,inactive_single
CHEMBL5426968,COc1ccc([C@H](Cc2c(Cl)c[n+]([O-])cc2Cl)OC(=O)c2ccc(CN[C@@H](C(=O)O[C@H]3CN4CCC3CC4)c3ccccc3)s2)cc1OC,726.68,,1,10.2,10.2,1.0,0.0,0,0,True,active_single
CHEMBL5430170,COCC(NCc1ccc(C(=O)O[C@@H](Cc2c(Cl)c[n+]([O-])cc2Cl)c2ccc(OC)c(OC)c2)s1)(C(=O)O[C@H]1CN2CCC1CC2)c1ccccc1,770.73,,2,8.4,8.4,1.0,0.0,0,0,True,active
CHEMBL543113,CN1C2CCC1CC(OC(c1ccc(F)cc1)c1ccc(F)cc1)C2.Cl,379.88,,1,8.24,8.24,1.0,0.0,0,0,True,active_single
CHEMBL543177,CCN1CCC(c2ccccc2)=C(C(=O)OCc2ccccc2)C1.Cl,357.88,,1,6.68,6.68,1.0,0.0,0,0,True,active_single
CHEMBL5433640,CCOc1cc(C(=O)O[C@@H](Cc2c(Cl)c[n+]([O-])cc2Cl)c2ccc(OC)c(OC)c2)ccc1CNC(C(=O)O[C@H]1CN2CCC1CC2)c1ccccc1,764.7,,1,9.0,9.0,1.0,0.0,0,0,True,active_single
CHEMBL5436967,COc1cc(F)ccc1C1CCN([C@@H]2CCC3(C2)CN(C(=O)C2COC2)C3)CC1,402.51,,1,4.6,,0.0,1.0,0,0,False,inactive_single
CHEMBL5439180,COc1ccc([C@H](Cc2c(Cl)c[n+]([O-])cc2Cl)OC(=O)c2ccc(CNC(C(=O)O[C@H]3CN4CCC3CC4)c3ccccc3)c(OCC3CC3)c2)cc1OC,790.74,,1,8.6,8.6,1.0,0.0,0,0,True,active_single
CHEMBL5440079,CCOc1ccccc1C1CCN([C@@H]2CCC3(C2)CN(C(=O)CC)C3)CC1,370.54,,1,4.6,,0.0,1.0,0,0,False,inactive_single
CHEMBL549577,O=C(O[C@H]1CN2CCC1CC2)C1c2ccccc2Oc2ccccc21,335.4,,1,9.12,9.12,1.0,0.0,0,0,True,active_single
CHEMBL549784,CCCCCCC[N+]12CCC(CC1)[C@@H](OC(=O)C(O)(c1cccs1)c1cccs1)C2.[Br-],528.58,,1,9.41,9.41,1.0,0.0,0,0,True,active_single
CHEMBL549986,O=C(O[C@H]1C[N+]2(CCCOc3ccccc3)CCC1CC2)[C@@](O)(c1cccs1)C1CCCC1.[Br-],550.56,,1,8.79,8.79,1.0,0.0,0,0,True,active_single
CHEMBL5505762,COc1cc(C(=O)NCCCOc2cccc([C@](O)(C(=O)O[C@@H]3CCCN(C)C3)c3ccccc3)c2)c(F)cc1CNC[C@H](O)c1ccc(O)c2[nH]c(=O)ccc12,782.87,,1,9.8,9.8,1.0,0.0,0,0,True,active_single
CHEMBL5505816,O=C(NCCCCNC[C@H](O)c1ccc(O)c2[nH]c(=O)ccc12)c1ccc(CNC2(C(=O)OCC3CCN(Cc4ccccc4)CC3)CCc3ccccc32)s1,777.99,,2,8.55,8.55,1.0,0.0,0,0,True,active
CHEMBL5505925,O=C(c1ccc(OCc2ccc(CNC[C@H](O)c3ccc(O)c4[nH]c(=O)ccc34)cc2)cc1)N1CCC(C(=O)O[C@@H]2CN3CCC2CC3)(c2ccccc2)CC1,756.9,,1,9.6,9.6,1.0,0.0,0,0,True,active_single
CHEMBL551063,O=C(O[C@H]1C[N+]2(CCCOc3ccccc3)CCC1CC2)C(c1cccs1)c1cccs1.[Br-],548.57,,1,9.43,9.43,1.0,0.0,0,0,True,active_single
CHEMBL5512435,O=C(NCCCCNC[C@H](O)c1ccc(O)c2[nH]c(=O)ccc12)c1ccc(CNC2(C(=O)O[C@H]3CN4CCC3CC4)CCc3ccccc32)cc1,693.85,,1,9.9,9.9,1.0,0.0,0,0,True,active_single
CHEMBL5512578,O=C(NCCCOc1cccc([C@](O)(C(=O)O[C@@H]2CCN(Cc3ccccc3)C2)c2ccccc2)c1)c1ccc(CNC[C@H](O)c2ccc(O)c3[nH]c(=O)ccc23)cc1,796.92,,1,9.1,9.1,1.0,0.0,0,0,True,active_single
CHEMBL551327,O=C(O[C@H]1C[N+]2(CCCOc3ccccc3)CCC1CC2)C(O)(c1ccsc1)c1ccsc1.[Br-],564.57,,1,9.62,9.62,1.0,0.0,0,0,True,active_single
CHEMBL551466,O=C(O[C@H]1C[N+]2(CCCOc3ccccc3)CCC1CC2)C(O)(c1cccs1)c1cccs1.[Br-],564.57,ACLIDINIUM BROMIDE,5,10.15,10.15,1.0,0.0,0,0,True,active
CHEMBL551525,O=C(O[C@H]1CN2CCC1CC2)C1c2ccccc2CCc2ccccc21,347.46,,1,7.03,7.03,1.0,0.0,0,0,True,active_single
CHEMBL551729,O=C(O[C@H]1CN2CCC1CC2)C(O)(c1cccs1)c1cccs1,349.48,,1,9.64,9.64,1.0,0.0,0,0,True,active_single
CHEMBL551731,O=C(O[C@H]1C[N+]2(CCCOc3ccccc3)CCC1CC2)C(O)(c1ccccc1)c1ccccc1.[Br-],552.51,,1,9.21,9.21,1.0,0.0,0,0,True,active_single
CHEMBL5517637,O=C(N[C@@H](c1ccccc1)c1cccc(OCc2cccc(C(=O)NCCCCNC[C@H](O)c3ccc(O)c4[nH]c(=O)ccc34)c2)c1)O[C@H]1CN2CCC1CC2,759.9,,1,10.2,10.2,1.0,0.0,0,0,True,active_single
CHEMBL5517803,CN1CCC[C@@H](OC(=O)[C@](O)(c2ccccc2)c2cccc(OCCCNC(=O)c3cnc(CNC[C@H](O)c4ccc(O)c5[nH]c(=O)ccc45)nc3)c2)C1.O=CO,782.85,,1,8.7,8.7,1.0,0.0,0,0,True,active_single
CHEMBL5518087,CN1CCC(COC(=O)[C@](O)(c2ccccc2)c2cccc(OCCCNC(=O)c3ccc(CNC[C@H](O)c4ccc(O)c5[nH]c(=O)ccc45)cc3)c2)CC1,748.88,,1,9.3,9.3,1.0,0.0,0,0,True,active_single
CHEMBL5523340,O=C(NCCCCNC[C@H](O)c1ccc(O)c2[nH]c(=O)ccc12)c1ccc(C(=O)N2CCC(C(=O)O[C@H]3CN4CCC3CC4)(c3ccccc3)CC2)cc1,735.88,,1,8.8,8.8,1.0,0.0,0,0,True,active_single
CHEMBL5523404,CN1CCC[C@H](OC(=O)[C@](O)(c2ccccc2)c2cccc(OCCCNC(=O)c3ccc(CNC[C@H](O)c4ccc(O)c5[nH]c(=O)ccc45)cc3)c2)C1.O=CO.O=CO,826.9,,1,8.3,8.3,1.0,0.0,0,0,True,active_single
CHEMBL5523438,O=C(NCCCOc1cccc([C@](O)(C(=O)O[C@H]2CCN(Cc3ccccc3)C2)c2ccccc2)c1)c1ccc(CNC[C@H](O)c2ccc(O)c3[nH]c(=O)ccc23)cc1,796.92,,1,8.5,8.5,1.0,0.0,0,0,True,active_single
CHEMBL5523458,O=C(NCCCCNC[C@H](O)c1ccc(O)c2[nH]c(=O)ccc12)c1ccc(C(=O)NC2(C(=O)O[C@H]3CN4CCC3CC4)CCc3ccccc32)cc1,707.83,,1,7.3,7.3,1.0,0.0,0,0,True,active_single
CHEMBL5527849,COc1cc(C(=O)NCCCOc2cccc([C@](O)(C(=O)OCC3CCN(CC4CC4)CC3)c3ccccc3)c2)c(F)cc1CNC[C@H](O)c1ccc(O)c2[nH]c(=O)ccc12.O=CO.O=CO,929.01,,1,11.0,11.0,1.0,0.0,0,0,True,active_single
CHEMBL5527960,CCN1CCC(COC(=O)[C@](O)(c2ccccc2)c2cccc(OCCCNC(=O)c3cc(OC)c(CNC[C@H](O)c4ccc(O)c5[nH]c(=O)ccc45)cc3F)c2)CC1.O=C(O)C(F)(F)F.O=C(O)C(F)(F)F,1038.96,,1,10.9,10.9,1.0,0.0,0,0,True,active_single
CHEMBL553058,COc1nsnc1OCCOCCOCCOCCOc1nsnc1C1=CCCN(C)C1.Cl,524.07,,1,7.6,7.6,1.0,0.0,0,0,True,active_single
CHEMBL553155,C[N+]1(C)CCC[C@H]1c1ccco1.[I-],293.15,,1,4.67,4.67,0.0,1.0,0,0,False,inactive_single
CHEMBL5532029,CN1CCC[C@@H](OC(=O)[C@](O)(c2ccccc2)c2cccc(OCCCNC(=O)c3ccc(CNC[C@H](O)c4ccc(O)c5[nH]c(=O)ccc45)cc3)c2)C1,734.85,,1,9.3,9.3,1.0,0.0,0,0,True,active_single
CHEMBL5532329,O=C(CCO)N1CCC(=C2c3ccc(Cl)cc3CCc3cccnc32)CC1,382.89,,1,5.0,5.0,0.0,1.0,0,0,False,inactive_single
CHEMBL5532469,O=C(NCCCOc1cccc([C@](O)(C(=O)OC[C@H]2CCN(Cc3ccccc3)C2)c2ccccc2)c1)c1ccc(CNC[C@H](O)c2ccc(O)c3[nH]c(=O)ccc23)cc1,810.95,,1,9.4,9.4,1.0,0.0,0,0,True,active_single
CHEMBL553431,CCOC(=O)c1ccc(NC(=O)N[C@@H](Cc2ccc(N)cc2)C(=O)N[C@H]2CC[N+](C)(Cc3ccc4c(c3)OCO4)C2)cc1.[I-],715.59,,1,7.8,7.8,1.0,0.0,0,0,True,active_single
CHEMBL553433,CCOC(=O)c1ccc(NC(=O)N[C@@H](Cc2ccc(C#N)cc2)C(=O)N[C@H]2CC[N+](C)(Cc3ccc4c(c3)OCO4)C2)cc1.[I-],725.58,,1,7.3,7.3,1.0,0.0,0,0,True,active_single
CHEMBL553446,CCOC(=O)c1ccc(NC(=O)N[C@@H](Cc2ccccc2Cl)C(=O)N[C@H]2CC[N+](C)(Cc3ccc4c(c3)OCO4)C2)cc1.[I-],735.02,,1,6.9,6.9,1.0,0.0,0,0,True,active_single
CHEMBL5542277,O=C(NCCCOc1cccc([C@](O)(C(=O)OC2CCN(Cc3ccccc3)CC2)c2ccccc2)c1)c1ccc(CNC[C@H](O)c2ccc(O)c3[nH]c(=O)ccc23)cc1,810.95,,1,9.0,9.0,1.0,0.0,0,0,True,active_single
CHEMBL5542534,O=C(c1ccc(CNC[C@H](O)c2ccc(O)c3[nH]c(=O)ccc23)cc1)N1CC(COc2cccc([C@](O)(C(=O)OCC3CCN(Cc4ccccc4)CC3)c3ccccc3)c2)C1,836.99,,1,8.9,8.9,1.0,0.0,0,0,True,active_single
CHEMBL5542602,O=C(NCCCCNC[C@H](O)c1ccc(O)c2[nH]c(=O)ccc12)c1ccc(C(=O)C2CC(C(=O)O[C@H]3CN4CCC3CC4)(c3ccccc3)C2)cc1,706.84,,1,8.8,8.8,1.0,0.0,0,0,True,active_single
CHEMBL5542670,CN1CCC(COC(=O)[C@](O)(c2ccccc2)c2cccc(-c3ccc(CNC(=O)c4ccc(CNC[C@H](O)c5ccc(O)c6[nH]c(=O)ccc56)cc4)s3)c2)CC1,786.95,,1,8.6,8.6,1.0,0.0,0,0,True,active_single
CHEMBL5542735,O=C(c1ccc(OCc2ccc(CNC[C@H](O)c3ccc(O)c4[nH]c(=O)ccc34)cc2)cc1)N1CC(C(=O)O[C@@H]2CN3CCC2CC3)(c2ccccc2)C1,728.85,,1,9.5,9.5,1.0,0.0,0,0,True,active_single
CHEMBL5542993,CC(C)(C(=O)O)c1ccc(CCN2CCC(=C3c4ccc(Cl)cc4CCc4cccnc43)CC2)cc1,501.07,,1,5.0,5.0,0.0,1.0,0,0,False,inactive_single
CHEMBL5543004,O=C(NCCCOc1cccc([C@](O)(C(=O)O)c2ccccc2)c1)c1ccc(CNC[C@H](O)c2ccc(O)c3[nH]c(=O)ccc23)cc1,637.69,,1,7.3,7.3,1.0,0.0,0,0,True,active_single
CHEMBL554632,CCOC(=O)c1ccc(NC(=O)N[C@@H](Cc2ccc(C)cc2)C(=O)N[C@H]2CC[N+](C)(Cc3ccc4c(c3)OCO4)C2)cc1.[I-],714.6,,1,7.8,7.8,1.0,0.0,0,0,True,active_single
CHEMBL554699,O=C(O[C@H]1CN2CCC1CC2)[C@@](O)(c1cccs1)C1CCCC1,335.47,,1,9.15,9.15,1.0,0.0,0,0,True,active_single
CHEMBL554725,O=C(O[C@H]1C[N+]2(CCCCc3ccccc3)CCC1CC2)C(O)(c1cccs1)c1cccs1.[Br-],562.6,,1,9.35,9.35,1.0,0.0,0,0,True,active_single
CHEMBL554916,C[N+]1(C)CCC[C@@H]1[C@@H]1C[S+]([O-])[C@](c2ccccc2)(C2CCCCC2)O1.[I-],489.46,,2,6.52,6.52,1.0,0.0,0,0,True,active
CHEMBL554918,CCOC(=O)c1ccc(NC(=O)N[C@@H](Cc2ccc(C(=O)c3ccccc3)cc2)C(=O)N[C@H]2CC[N+](C)(Cc3ccc4c(c3)OCO4)C2)cc1.[I-],804.68,,1,7.9,7.9,1.0,0.0,0,0,True,active_single
CHEMBL5550055,O=C(N[C@@H](c1ccccc1)c1cccc(OCc2ccc(C(=O)NCCCNC[C@H](O)c3ccc(O)c4[nH]c(=O)ccc34)cc2)c1)O[C@@H]1CN2CCC1CC2,745.88,,1,10.0,10.0,1.0,0.0,0,0,True,active_single
CHEMBL555019,CCOC(=O)c1ccc(NC(=O)N[C@@H](Cc2ccc(Cl)cc2)C(=O)N[C@H]2CC[N+](C)(Cc3ccc4c(c3)OCO4)C2)cc1.[I-],735.02,,1,8.0,8.0,1.0,0.0,0,0,True,active_single
CHEMBL555146,C[C@@H]1CCCN1CCc1cc2cc(C(=O)c3ccc(F)cc3)ccc2o1,351.42,,1,6.69,6.69,1.0,0.0,0,0,True,active_single
CHEMBL555471,CCOC(=O)c1ccc(NC(=O)N[C@@H](Cc2ccc(O)cc2)C(=O)N[C@H]2CC[N+](C)(Cc3ccc(O)cc3)C2)cc1.[I-],688.56,,1,8.2,8.2,1.0,0.0,0,0,True,active_single
CHEMBL555474,CCOC(=O)c1ccc(NC(=O)N[C@@H](Cc2ccc(O)cc2)C(=O)N[C@H]2CCC[N+](C)(Cc3ccc(F)cc3)C2)cc1.[I-],704.58,,1,8.7,8.7,1.0,0.0,0,0,True,active_single
CHEMBL5554991,COC(=O)C(C)(C)c1cnnn1CCN1CCC(=C2c3ccc(Cl)cc3CCc3cccnc32)CC1,506.05,,1,5.0,5.0,0.0,1.0,0,0,False,inactive_single
CHEMBL5555388,COc1cc(C(=O)NCCCOc2cccc([C@](O)(C(=O)O[C@@H]3CCCN(C)C3)c3ccccc3)c2)c(Cl)cc1CNC[C@H](O)c1ccc(O)c2[nH]c(=O)ccc12,799.32,,1,9.6,9.6,1.0,0.0,0,0,True,active_single
CHEMBL5555464,COc1cc(C(=O)NCCCOc2cccc([C@](O)(C(=O)O[C@@H]3CCCN(C)C3)c3ccccc3)c2)ccc1CNC[C@H](O)c1ccc(O)c2[nH]c(=O)ccc12,764.88,,1,9.4,9.4,1.0,0.0,0,0,True,active_single
CHEMBL5555665,O=C(NCCCOc1cccc([C@](O)(C(=O)OCC2CCN(Cc3ccccc3)CC2)c2ccccc2)c1)c1ccc(CNC[C@H](O)c2ccc(O)c3[nH]c(=O)ccc23)cc1,824.98,,1,9.4,9.4,1.0,0.0,0,0,True,active_single
CHEMBL5555669,O=C(NCCCOc1cccc([C@](O)(C(=O)OCC2CCN(C3CCC3)CC2)c2ccccc2)c1)c1ccc(CNC[C@H](O)c2ccc(O)c3[nH]c(=O)ccc23)cc1,788.94,,1,9.0,9.0,1.0,0.0,0,0,True,active_single
CHEMBL5555744,O=C(NCCCNC[C@H](O)c1ccc(O)c2[nH]c(=O)ccc12)c1ccc(COc2cccc([C@@](O)(C(=O)OCC3CCN(Cc4ccccc4)CC3)c3ccccc3)c2)cc1,824.97,,1,8.5,8.5,1.0,0.0,0,0,True,active_single
CHEMBL5555844,CC(C)(C(=O)O)c1cccc(CC(O)CN2CCC(=C3c4ccc(Cl)cc4CCc4cccnc43)CC2)c1,531.1,,1,5.0,5.0,0.0,1.0,0,0,False,inactive_single
CHEMBL5555858,O=C(O)CC(O)CN1CCC(=C2c3ccc(Cl)cc3CCc3cccnc32)CC1,412.92,,1,5.0,5.0,0.0,1.0,0,0,False,inactive_single
CHEMBL5556153,O=C(NCCCCNC[C@H](O)c1ccc(O)c2[nH]c(=O)ccc12)c1cccc(C(=O)NC2(C(=O)O[C@H]3CN4CCC3CC4)CCc3ccccc32)c1,707.83,,1,7.9,7.9,1.0,0.0,0,0,True,active_single
CHEMBL5556228,COc1cc(C(=O)NCCCOc2cccc([C@](O)(C(=O)OCC3CCN(Cc4ccccc4)CC3)c3ccccc3)c2)c(F)cc1CNC[C@H](O)c1ccc(O)c2[nH]c(=O)ccc12,872.99,,1,11.0,11.0,1.0,0.0,0,0,True,active_single
CHEMBL5556348,COc1cc(CNC[C@H](O)c2ccc(O)c3[nH]c(=O)ccc23)c(Cl)cc1C(=O)NCCCOc1cccc([C@](O)(C(=O)O[C@@H]2CCCN(C)C2)c2ccccc2)c1,799.32,,1,9.8,9.8,1.0,0.0,0,0,True,active_single
CHEMBL5556597,CC(C)(C(=O)O)c1ccc(CCCN2CCC(=C3c4ccc(Cl)cc4CCc4cccnc43)CC2)cc1,515.1,,1,5.0,5.0,0.0,1.0,0,0,False,inactive_single
CHEMBL5556694,COc1cc(C(=O)N2CCC(c3cccc([C@](O)(C(=O)OCC4CCN(Cc5ccccc5)CC4)c4ccccc4)c3)CC2)ccc1CNC[C@H](O)c1ccc(O)c2[nH]c(=O)ccc12,865.04,,1,9.2,9.2,1.0,0.0,0,0,True,active_single
CHEMBL5556756,O=C(c1ccc(OCc2ccc(CNC[C@H](O)c3ccc(O)c4[nH]c(=O)ccc34)cc2)cc1)N1CC(C(=O)OCC2CCN(Cc3ccccc3)CC2)(c2ccccc2)C1,806.96,,1,8.1,8.1,1.0,0.0,0,0,True,active_single
CHEMBL555707,CCOC(=O)c1ccc(NC(=O)N[C@@H](Cc2ccc(C(F)(F)F)cc2)C(=O)N[C@H]2CC[N+](C)(Cc3ccc4c(c3)OCO4)C2)cc1.[I-],768.57,,1,7.5,7.5,1.0,0.0,0,0,True,active_single
CHEMBL5557294,OC[C@H](O)CN1CCC(=C2c3ccc(Cl)cc3CCc3cccnc32)CC1,384.91,,1,5.0,5.0,0.0,1.0,0,0,False,inactive_single
CHEMBL5557509,CN1CCC[C@@H](OC(=O)[C@](O)(c2ccccc2)c2cccc(OCCCNC(=O)c3ccc(CNC[C@H](O)c4ccc(O)c5[nH]c(=O)ccc45)nc3)c2)C1.O=CO.O=CO,827.89,,1,9.1,9.1,1.0,0.0,0,0,True,active_single
CHEMBL5557651,CN1CCC(COC(=O)[C@@](O)(c2ccccc2)c2cccc(-c3ccc(CNC(=O)c4ccc(CNC[C@H](O)c5ccc(O)c6[nH]c(=O)ccc56)cc4)s3)c2)CC1,786.95,,1,9.8,9.8,1.0,0.0,0,0,True,active_single
CHEMBL5557820,O=C(NCCCOc1cccc([C@](O)(C(=O)O[C@H]2CCCN(Cc3ccccc3)C2)c2ccccc2)c1)c1ccc(CNC[C@H](O)c2ccc(O)c3[nH]c(=O)ccc23)cc1.O=CO,856.97,,1,7.3,7.3,1.0,0.0,0,0,True,active_single
CHEMBL5557828,COc1cc(C(=O)NCCCOc2cccc([C@](O)(C(=O)OCC3CCN(Cc4ccccc4)CC3)c3ccccc3)c2)ccc1CNC[C@H](O)c1ccc(O)c2[nH]c(=O)ccc12,855.0,,1,10.7,10.7,1.0,0.0,0,0,True,active_single
CHEMBL5558093,O=C(NCc1ccc(-c2cccc([C@](O)(C(=O)OCC3CCN(Cc4ccccc4)CC3)c3ccccc3)c2)s1)c1ccc(CNC[C@H](O)c2ccc(O)c3[nH]c(=O)ccc23)cc1,863.05,,1,9.6,9.6,1.0,0.0,0,0,True,active_single
CHEMBL5558239,O=C(NCCCOc1cccc([C@](O)(C(=O)O[C@@H]2CCCN(Cc3ccccc3)C2)c2ccccc2)c1)c1ccc(CNC[C@H](O)c2ccc(O)c3[nH]c(=O)ccc23)cc1.O=CO,856.97,,1,7.4,7.4,1.0,0.0,0,0,True,active_single
CHEMBL5558303,O=C(NCCCOc1cccc([C@](O)(C(=O)OC[C@@H]2CCN(Cc3ccccc3)C2)c2ccccc2)c1)c1ccc(CNC[C@H](O)c2ccc(O)c3[nH]c(=O)ccc23)cc1,810.95,,1,9.4,9.4,1.0,0.0,0,0,True,active_single
CHEMBL5558368,O=C(NCCCNC[C@H](O)c1ccc(O)c2[nH]c(=O)ccc12)c1ccc(COc2cccc([C@](O)(C(=O)OCC3CCN(Cc4ccccc4)CC3)c3ccccc3)c2)cc1,824.97,,1,9.6,9.6,1.0,0.0,0,0,True,active_single
CHEMBL5558681,O=C(O)c1ccc(CCCN2CCC(=C3c4ccc(Cl)cc4CCc4cccnc43)CC2)cc1,473.02,,1,5.0,5.0,0.0,1.0,0,0,False,inactive_single
CHEMBL5558825,O=C(NCCCOc1cccc([C@](O)(C(=O)OCC2CCN(C3CCCC3)CC2)c2ccccc2)c1)c1ccc(CNC[C@H](O)c2ccc(O)c3[nH]c(=O)ccc23)cc1,802.97,,1,8.8,8.8,1.0,0.0,0,0,True,active_single
CHEMBL5559208,O=C(OCC1CCN(Cc2ccccc2)CC1)C(O)(c1ccccc1)c1ccccc1,415.53,,1,10.2,10.2,1.0,0.0,0,0,True,active_single
CHEMBL5559271,Cc1cc(C(=O)NCCCOc2cccc([C@](O)(C(=O)O[C@@H]3CCCN(C)C3)c3ccccc3)c2)c(C)cc1CNC[C@H](O)c1ccc(O)c2[nH]c(=O)ccc12,762.9,,1,8.9,8.9,1.0,0.0,0,0,True,active_single
CHEMBL5559786,CC(C)(C(=O)O)c1cccc(CCCN2CCC(=C3c4ccc(Cl)cc4CCc4cccnc43)CC2)c1,515.1,,1,5.0,5.0,0.0,1.0,0,0,False,inactive_single
CHEMBL5560206,CC(C)(C(=O)O)c1cccc(NCCN2CCC(=C3c4ccc(Cl)cc4CCc4cccnc43)CC2)c1,516.09,,1,5.0,5.0,0.0,1.0,0,0,False,inactive_single
CHEMBL5560560,CC(C)(C(=O)O)c1ccc(CN2CCC(=C3c4ccc(Cl)cc4CCc4cccnc43)CC2)cc1,487.04,,1,5.0,5.0,0.0,1.0,0,0,False,inactive_single
CHEMBL556221,CC1(C(=O)O[C@H]2C[N+]3(CCCOc4ccccc4)CCC2CC3)c2ccccc2Oc2ccccc21.[Br-],564.52,,1,9.62,9.62,1.0,0.0,0,0,True,active_single
CHEMBL556222,O=C(O[C@H]1C[N+]2(CCCOc3ccccc3)CCC1CC2)[C@@](O)(c1ccccc1)c1cccs1.[Br-],558.54,,1,9.6,9.6,1.0,0.0,0,0,True,active_single
CHEMBL556390,C[N+]1(C)CCC[C@@H]1[C@@H]1C[S+]([O-])C(c2ccccc2)(c2ccccc2)O1.[I-],483.42,,2,6.48,6.48,1.0,0.0,0,0,True,active
CHEMBL556426,O=C(O[C@H]1CN2CCC1CC2)[C@](O)(c1ccccc1)c1cccs1,343.45,,1,9.38,9.38,1.0,0.0,0,0,True,active_single
CHEMBL5564521,CC(C)(C(=O)O)c1ccc(CCCN2CCC(=C3c4ccc(Cl)cc4CCc4cccnc43)CC2)nc1,516.09,,1,5.0,5.0,0.0,1.0,0,0,False,inactive_single
CHEMBL5565071,NC(=O)c1cn(CCN2CCC(=C3c4ccc(Cl)cc4CCc4cccnc43)CC2)nn1,448.96,,1,5.0,5.0,0.0,1.0,0,0,False,inactive_single
CHEMBL556634,O=C(O[C@H]1C[N+]2(Cc3ccccc3)CCC1CC2)C(O)(c1cccs1)c1cccs1.[Br-],520.51,,1,6.7,6.7,1.0,0.0,0,0,True,active_single
CHEMBL556635,O=C(O[C@H]1C[N+]2(CCCOc3ccccc3)CCC1CC2)[C@](O)(c1cccs1)C1CCCC1.[Br-],550.56,,2,9.95,9.95,1.0,0.0,0,0,True,active
CHEMBL5567709,CC(C)(C(=O)O)c1ccccc1CCCN1CCC(=C2c3ccc(Cl)cc3CCc3cccnc32)CC1,515.1,,1,5.0,5.0,0.0,1.0,0,0,False,inactive_single
CHEMBL5568499,CC(C)(C(=O)O)c1ccc(CCCN2CCC(=C3c4ccc(Cl)cc4CCc4cccnc43)CC2)c(F)c1,533.09,,1,5.0,5.0,0.0,1.0,0,0,False,inactive_single
CHEMBL557808,C[N+](C)(C)C[C@@H]1C[S+]([O-])[C@@](c2ccccc2)(C2CCCCC2)O1.[I-],463.43,,1,7.46,7.46,1.0,0.0,0,0,True,active_single
CHEMBL558910,O=C(O[C@H]1CN2CCC1CC2)C(O)(c1ccccc1)c1ccccc1,337.42,,1,9.05,9.05,1.0,0.0,0,0,True,active_single
CHEMBL559106,O=C(O[C@H]1C[N+]2(CCc3ccccc3)CCC1CC2)C1c2ccccc2Oc2ccccc21.[Br-],520.47,,1,9.51,9.51,1.0,0.0,0,0,True,active_single
CHEMBL559931,CC1(C(=O)O[C@H]2C[N+]3(CCCOc4ccccc4)CCC2CC3)c2ccccc2-c2ccccc21.[Br-],548.52,,1,9.02,9.02,1.0,0.0,0,0,True,active_single
CHEMBL560327,C[N+]12CCC(CC1)[C@@H](OC(=O)C(O)(c1cccs1)c1cccs1)C2.[Br-],444.42,,1,9.22,9.22,1.0,0.0,0,0,True,active_single
CHEMBL561187,CC(C(=O)O[C@H]1C[N+]2(CCCOc3ccccc3)CCC1CC2)(c1cccs1)c1cccs1.[Br-],562.6,,1,9.23,9.23,1.0,0.0,0,0,True,active_single
CHEMBL561870,O=C(O[C@H]1C[N+]2(CCCOc3ccccc3)CCC1CC2)C1(O)c2ccccc2-c2ccccc21.[Br-],550.49,,1,9.15,9.15,1.0,0.0,0,0,True,active_single
CHEMBL562642,O=C(O[C@H]1CN2CCC1CC2)[C@](O)(c1cccs1)C1CCCC1,335.47,,1,9.41,9.41,1.0,0.0,0,0,True,active_single
CHEMBL562655,O=C(O[C@H]1C[N+]2(CCc3ccccc3)CCC1CC2)C1(O)c2ccccc2-c2ccccc21.[Br-],520.47,,1,8.98,8.98,1.0,0.0,0,0,True,active_single
CHEMBL562890,O=C(O[C@H]1C[N+]2(CCCOc3ccccc3)CCC1CC2)C1(O)c2ccccc2Oc2ccccc21.[Br-],566.49,,1,8.98,8.98,1.0,0.0,0,0,True,active_single
CHEMBL563887,O=C(O[C@H]1CN2CCC1CC2)C1(O)c2ccccc2-c2ccccc21,335.4,,1,9.04,9.04,1.0,0.0,0,0,True,active_single
CHEMBL563920,C[C@@H](c1ccccn1)c1c(CCN(C)C)oc2ccccc12,294.4,,1,7.12,7.12,1.0,0.0,0,0,True,active_single
CHEMBL5639287,CN1[C@@H]2CC[C@H]1C[C@@H](Oc1nc3ccccc3n1-c1ccccc1)C2,333.44,,1,7.34,7.34,1.0,0.0,0,0,True,active_single
CHEMBL5639365,CN1CCC(Oc2nc3ccccc3n2-c2ccccc2)C1,293.37,,1,7.22,7.22,1.0,0.0,0,0,True,active_single
CHEMBL5639592,CN1CCC(OC(=O)N(c2ccccc2)c2ccccc2)CC1,310.4,,1,6.92,6.92,1.0,0.0,0,0,True,active_single
CHEMBL5639621,CN1CCCC(Oc2nc3ccccc3n2-c2ccccc2)C1,307.4,,1,6.63,6.63,1.0,0.0,0,0,True,active_single
CHEMBL5639729,CN1CCC(Oc2nc3ccccc3n2-c2ccccc2)CC1,307.4,,1,7.68,7.68,1.0,0.0,0,0,True,active_single
CHEMBL5639857,CN1CCC(OC(=O)N(c2ccccc2)c2ccccc2)C1,296.37,,1,6.91,6.91,1.0,0.0,0,0,True,active_single
CHEMBL563996,CCCCCCC[N+]12CCC(CC1)[C@@H](OC(=O)C1(O)c3ccccc3-c3ccccc31)C2.[Br-],514.5,,1,8.77,8.77,1.0,0.0,0,0,True,active_single
CHEMBL5639994,c1ccc(-n2c(O[C@H]3CN4CCC3CC4)nc3ccccc32)cc1,319.41,,1,8.43,8.43,1.0,0.0,0,0,True,active_single
CHEMBL564,CN(C)CCCN1c2ccccc2Sc2ccccc21,284.43,PROMAZINE,2,6.72,6.72,1.0,0.0,0,0,True,active
CHEMBL564057,O=C(O[C@H]1C[N+]2(CCc3ccccc3)CCC1CC2)C(O)(c1cccs1)c1cccs1.[Br-],534.54,,2,9.9,9.9,1.0,0.0,0,0,True,active
CHEMBL5641756,CN1[C@@H]2CC[C@H]1C[C@H](OC(=O)N(c1ccccc1)c1ccccc1)C2,336.44,,1,6.97,6.97,1.0,0.0,0,0,True,active_single
CHEMBL564515,O=C(O[C@H]1C[N+]2(CCc3ccccc3)CCC1CC2)C1(O)c2ccccc2Oc2ccccc21.[Br-],536.47,,1,9.55,9.55,1.0,0.0,0,0,True,active_single
CHEMBL5646625,CN1[C@@H]2CC[C@H]1C[C@H](Oc1nc3ccccc3n1-c1ccccc1)C2,333.44,,1,7.77,7.77,1.0,0.0,0,0,True,active_single
CHEMBL564747,O=C(O[C@H]1CN2CCC1CC2)[C@@](O)(c1ccccc1)c1cccs1,343.45,,1,9.51,9.51,1.0,0.0,0,0,True,active_single
CHEMBL564765,O=C(O[C@H]1C[N+]2(CCCOc3ccccc3)CCC1CC2)[C@](O)(c1ccccc1)c1cccs1.[Br-],558.54,,1,9.32,9.32,1.0,0.0,0,0,True,active_single
CHEMBL568775,C[N+]1(C)CCC[C@@H]1c1ccc([C@@](O)(c2ccccc2)C2CCCCC2)o1.[I-],481.42,,1,6.81,6.81,1.0,0.0,0,0,True,active_single
CHEMBL568870,C[N+]1(C)CCC[C@H]1c1ccc([C@](O)(c2ccccc2)C2CCCCC2)o1.[I-],481.42,,1,8.03,8.03,1.0,0.0,0,0,True,active_single
CHEMBL569270,CNc1cc(-c2csc(N(C)C(=O)c3ccc(F)cc3)n2)ncn1,343.39,,1,5.0,5.0,0.0,1.0,0,0,False,inactive_single
CHEMBL569307,C[N+]1(C)CCC[C@@H]1c1ccc([C@](O)(c2ccccc2)C2CCCCC2)o1.[I-],481.42,,1,8.82,8.82,1.0,0.0,0,0,True,active_single
CHEMBL569712,C[N+]1(C)CCCC1c1ccc(C(c2ccccc2)C2CCCCC2)o1.[I-],465.42,,1,8.05,8.05,1.0,0.0,0,0,True,active_single
CHEMBL569713,CN1[C@@H]2C[C@@H](OC(=O)[C@H](CO)c3ccccc3)C[C@H]1[C@@H]1O[C@@H]12,303.36,SCOPOLAMINE,1,8.19,8.19,1.0,0.0,0,0,True,active_single
CHEMBL569729,C[N+]1(C)CCCC1c1ccc(C(O)(c2ccccc2)c2ccccc2)o1.[I-],475.37,,1,7.44,7.44,1.0,0.0,0,0,True,active_single
CHEMBL569760,C[N+]1(C)CCCC1c1ccc(C(O)(c2ccccc2)C2CCCCC2)o1.[I-],481.42,,1,8.14,8.14,1.0,0.0,0,0,True,active_single
CHEMBL571121,CN1CCC[C@@H]1c1ccc([C@](O)(c2ccccc2)C2CCCCC2)o1,339.48,,1,8.78,8.78,1.0,0.0,0,0,True,active_single
CHEMBL571123,CN1CCCC1c1ccc(C(c2ccccc2)c2ccccc2)o1,317.43,,1,7.07,7.07,1.0,0.0,0,0,True,active_single
CHEMBL571341,CN1CCC[C@H]1c1ccc([C@](O)(c2ccccc2)C2CCCCC2)o1,339.48,,1,7.63,7.63,1.0,0.0,0,0,True,active_single
CHEMBL5739801,CN1CC[C@H](COC(=O)Nc2ccccc2-c2cc(F)cc(Cl)c2)C1,362.83,,1,8.01,8.01,1.0,0.0,0,0,True,active_single
CHEMBL5744293,COc1ccc(C(Cc2c(Cl)c[n+]([O-])cc2Cl)c2cc(CNC(C(=O)OCC34CCN(CC3)CC4)c3ccccc3)sc2C(=O)O)cc1OCC1CC1,780.77,,1,9.0,9.0,1.0,0.0,0,0,True,active_single
CHEMBL5744752,COc1ccc([C@H](Cc2c(Cl)c[n+]([O-])cc2Cl)OC(=O)c2ccc(CNC(C(=O)OCC3C[C@H]4CC[C@@H](C3)N4C)c3ccccc3)s2)cc1OC,754.73,,1,7.26,7.26,1.0,0.0,0,0,True,active_single
CHEMBL5745712,COCCOc1cc([C@H](Cc2c(Cl)c[n+]([O-])cc2Cl)OC(=O)c2ccc(CNC(C(=O)OCC3CCN(C)CC3)c3ccccc3)s2)ccc1OC(F)F,808.73,,3,8.26,8.26,1.0,0.0,0,0,True,active
CHEMBL5748199,CCN1CCC(COC(=O)C(NCc2ccc(C(=O)O[C@@H](Cc3c(Cl)c[n+]([O-])cc3Cl)c3ccc(OC)c(OC)c3)s2)c2ccccc2)CC1,742.72,,3,7.26,7.26,1.0,0.0,0,0,True,active
CHEMBL5748947,COc1ccc([C@H](Cc2c(Cl)c[n+]([O-])cc2Cl)OC(=O)c2ccc(CNC(C(=O)OC[C@H]3CN(C)CCN3C)c3ccccc3)s2)cc1OC,743.71,,1,7.26,7.26,1.0,0.0,0,0,True,active_single
CHEMBL5752501,CN1CCC[C@H]1COC(=O)Nc1cc(F)ccc1-c1cccc(F)c1,346.38,,1,8.1,8.1,1.0,0.0,0,0,True,active_single
CHEMBL5752791,COc1ccc(C(Cc2c(Cl)c[n+]([O-])cc2Cl)OC(=O)c2ccc(CNC(C(=O)OCC3CCN(C)CC3)c3ccccc3)s2)cc1OC1CCCC1,782.79,,4,8.26,8.26,1.0,0.0,0,0,True,active
CHEMBL5756333,CN1CCCC1CCOC(=O)Nc1ccc(F)cc1-c1ccc(F)cc1,360.4,,1,8.38,8.38,1.0,0.0,0,0,True,active_single
CHEMBL5757795,CN1CCCC1CCOC(=O)Nc1ccc(F)cc1-c1ccc(Cl)c(F)c1,394.85,,1,6.9,6.9,1.0,0.0,0,0,True,active_single
CHEMBL5759677,CN1CC[C@@H](COC(=O)Nc2ccc(F)cc2-c2cc(F)cc(Cl)c2)C1,380.82,,1,8.31,8.31,1.0,0.0,0,0,True,active_single
CHEMBL5760673,COc1ccc([C@H](Cc2c(Cl)c[n+]([O-])cc2Cl)OC(=O)c2ccc(CNC(C(=O)OC[C@@H]3CCCCN3C)c3ccccc3)s2)cc1OC,728.69,,1,8.26,8.26,1.0,0.0,0,0,True,active_single
CHEMBL5762077,CN1CCCC1CCOC(=O)Nc1ccccc1-c1ccccc1F,342.41,,1,7.71,7.71,1.0,0.0,0,0,True,active_single
CHEMBL5762104,CN1CCC[C@H]1COC(=O)Nc1ccccc1-c1ccc(F)cc1F,346.38,,1,7.86,7.86,1.0,0.0,0,0,True,active_single
CHEMBL5762248,CN1CCC[C@H]1COC(=O)Nc1ccccc1-c1cccc(F)c1F,346.38,,1,7.18,7.18,1.0,0.0,0,0,True,active_single
CHEMBL5764049,CN1CC[C@@H](COC(=O)Nc2ccccc2-c2ccccc2F)C1,328.39,,1,7.97,7.97,1.0,0.0,0,0,True,active_single
CHEMBL5764725,CN1CCCC1CCOC(=O)Nc1ccccc1-c1cccc(O)c1,340.42,,1,6.92,6.92,1.0,0.0,0,0,True,active_single
CHEMBL5764825,CN1CCC[C@H]1COC(=O)Nc1cc(F)c(F)cc1-c1ccc(F)c(Cl)c1,398.81,,1,8.48,8.48,1.0,0.0,0,0,True,active_single
CHEMBL5765530,CN1CC[C@H](COC(=O)Nc2ccc(F)cc2-c2cccc(F)c2)C1,346.38,,1,8.4,8.4,1.0,0.0,0,0,True,active_single
CHEMBL576663,CN1CCCC1c1ccc(C(O)(c2ccccc2)c2ccccc2)o1,333.43,,1,7.02,7.02,1.0,0.0,0,0,True,active_single
CHEMBL5766762,CN1CC[C@@H](COC(=O)Nc2ccc(F)cc2-c2cc(F)cc(F)c2)C1,364.37,,1,8.2,8.2,1.0,0.0,0,0,True,active_single
CHEMBL576707,CN1CCCC1c1ccc(C(c2ccccc2)C2CCCCC2)o1,323.48,,1,7.47,7.47,1.0,0.0,0,0,True,active_single
CHEMBL5767706,CN1CC[C@H](COC(=O)Nc2ccc(F)cc2-c2cc(F)cc(F)c2)C1,364.37,,1,7.75,7.75,1.0,0.0,0,0,True,active_single
CHEMBL5768559,CN1CCCC1CCOC(=O)Nc1ccc(F)cc1-c1cccc(N)c1,357.43,,1,7.43,7.43,1.0,0.0,0,0,True,active_single
CHEMBL5768565,O=C(O[C@H]1C[N+]2(CCCOc3ccccc3)CCC1CC2)C1(O)C2C=CC=CC2C2C=CC=CC21,474.62,,1,7.85,7.85,1.0,0.0,0,0,True,active_single
CHEMBL5768631,CN1CCC[C@H]1COC(=O)Nc1ccccc1-c1cccc(F)c1,328.39,,1,8.37,8.37,1.0,0.0,0,0,True,active_single
CHEMBL5769236,COc1ccc([C@H](Cc2c(Cl)c[n+]([O-])cc2Cl)OC(=O)c2ccc(CNC(CO)(C(=O)OCC34CCN(CC3)CC4)c3ccccc3)s2)cc1OC,770.73,,1,9.0,9.0,1.0,0.0,0,0,True,active_single
CHEMBL5771396,CN1CCC[C@H]1COC(=O)Nc1ccccc1-c1ccc(Cl)cc1Cl,379.29,,1,7.17,7.17,1.0,0.0,0,0,True,active_single
CHEMBL5772125,CN1CC[C@@H](COC(=O)Nc2ccccc2-c2ccc(F)cc2F)C1,346.38,,1,7.53,7.53,1.0,0.0,0,0,True,active_single
CHEMBL5772294,COc1ccc([C@H](Cc2c(Cl)c[n+]([O-])cc2Cl)OC(=O)c2ccc(CNC(C(=O)OCC3CCN(C)CC3)c3cccc(O)c3)s2)cc1OC,744.69,,1,8.26,8.26,1.0,0.0,0,0,True,active_single
CHEMBL5772371,CN1CC[C@H](COC(=O)Nc2ccc(F)cc2-c2cc(Cl)cc(Cl)c2)C1,397.28,,1,7.61,7.61,1.0,0.0,0,0,True,active_single
CHEMBL5774078,CN1CCCC1CCOC(=O)Nc1ccccc1-c1cc(F)c(F)c(F)c1,378.39,,1,7.94,7.94,1.0,0.0,0,0,True,active_single
CHEMBL5776594,CN1CCCC1CCOC(=O)Nc1ccc(F)cc1-c1ccc(F)c(Cl)c1,394.85,,1,8.87,8.87,1.0,0.0,0,0,True,active_single
CHEMBL5776891,O=C(O[C@H]1C[N+]2(CCCOc3ccccc3)CCC1CC2)C1C2C=CC=CC2OC2C=CC=CC21,474.62,,1,8.06,8.06,1.0,0.0,0,0,True,active_single
CHEMBL5777931,COc1ccc([C@H](Cc2c(Cl)c[n+]([O-])cc2Cl)OC(=O)c2ccc(CNC(C(=O)OCC3CCCCN3C)c3ccccc3)s2)cc1OC,728.69,,1,7.26,7.26,1.0,0.0,0,0,True,active_single
CHEMBL5778841,COc1ccc([C@H](Cc2c(Cl)c[n+]([O-])cc2Cl)OC(=O)c2ccc(CNCC(O)(C(=O)OCC3CCN(C)CC3)c3cccs3)s2)cc1OC,764.75,,1,7.26,7.26,1.0,0.0,0,0,True,active_single
CHEMBL5779782,COc1ccc([C@H](Cc2c(Cl)c[n+]([O-])cc2Cl)OC(=O)c2ccc(CNCC(C(=O)OC3CCN(C)CC3)c3ccccc3)s2)cc1OC,728.69,,1,8.26,8.26,1.0,0.0,0,0,True,active_single
CHEMBL5780376,CN1CCCC1CCOC(=O)Nc1ccc(F)cc1-c1cc(F)cc(Cl)c1,394.85,,1,8.0,8.0,1.0,0.0,0,0,True,active_single
CHEMBL5781417,CN1CCC[C@H]1COC(=O)Nc1ccccc1-c1cc(F)cc(F)c1,346.38,,1,8.05,8.05,1.0,0.0,0,0,True,active_single
CHEMBL5781612,Cc1ccc(-c2cc(F)ccc2NC(=O)OCCC2CCCN2C)cc1C,370.47,,1,8.19,8.19,1.0,0.0,0,0,True,active_single
CHEMBL5782982,COc1ccc([C@H](Cc2c(Cl)c[n+]([O-])cc2Cl)OC(=O)c2ccc(CNC(C(=O)OCCN3CCCC3)c3ccccc3)s2)cc1OC,714.67,,3,7.26,7.26,1.0,0.0,0,0,True,active
CHEMBL5784530,COc1ccc([C@H](Cc2c(Cl)c[n+]([O-])cc2Cl)OC(=O)c2ccc(CNC(C(=O)OCCN3CCCCC3)c3ccccc3)s2)cc1OC,728.69,,2,7.76,7.76,1.0,0.0,0,0,True,active
CHEMBL5787729,O=C(O[C@H]1C[N+]2(CCc3ccccc3)CCC1CC2)C1(O)C2C=CC=CC2C2C=CC=CC21,444.6,,1,8.12,8.12,1.0,0.0,0,0,True,active_single
CHEMBL5788508,Cc1ccc(Cl)c2[nH]c3c(C(=O)O)ccc(F)c3c12,277.68,,1,5.0,5.0,0.0,1.0,0,0,False,inactive_single
CHEMBL5790068,CN1CC[C@@H](COC(=O)Nc2ccccc2-c2cc(Cl)cc(Cl)c2)C1,379.29,,1,7.92,7.92,1.0,0.0,0,0,True,active_single
CHEMBL5790426,CN1CCCC1CCOC(=O)Nc1ccc(C(F)(F)F)cc1-c1cccc(F)c1,410.41,,1,6.52,6.52,1.0,0.0,0,0,True,active_single
CHEMBL5792538,CN1CCC[C@H]1COC(=O)Nc1ccccc1-c1ccc(F)c(F)c1,346.38,,1,8.27,8.27,1.0,0.0,0,0,True,active_single
CHEMBL5793262,CC(C)N1CCC[C@H]1COC(=O)Nc1ccccc1-c1ccccc1,338.45,,1,8.42,8.42,1.0,0.0,0,0,True,active_single
CHEMBL5794152,COc1ccc([C@H](Cc2c(Cl)c[n+]([O-])cc2Cl)OC(=O)c2ccc(CNCC(C(=O)O[C@H]3CN4CCC3CC4)c3ccccc3)s2)cc1OC,740.71,,1,8.26,8.26,1.0,0.0,0,0,True,active_single
CHEMBL5794392,CN1CCC[C@@H]1COC(=O)Nc1ccccc1-c1ccc(F)cc1,328.39,,1,8.09,8.09,1.0,0.0,0,0,True,active_single
CHEMBL5794841,Cc1cc(CCNC[C@H](O)c2ccc(O)c3[nH]c(=O)ccc23)ccc1NC(=O)c1ccc(C)c(N(C)C(=O)CCN2CCC(OC(=O)Nc3ccccc3-c3ccccc3)CC2)c1,851.02,,1,9.7,9.7,1.0,0.0,0,0,True,active_single
CHEMBL5797563,CN1CCCC1CCOC(=O)Nc1ccccc1-c1cccc(F)c1F,360.4,,1,7.2,7.2,1.0,0.0,0,0,True,active_single
CHEMBL5798407,COc1ccc([C@H](Cc2c(Cl)c[n+]([O-])cc2Cl)OC(=O)c2ccc(CNC(C(=O)OCC3CCN(C)CC3)c3ccccc3OC)s2)cc1OC,758.72,,1,7.26,7.26,1.0,0.0,0,0,True,active_single
CHEMBL5798564,COc1ccc([C@H](Cc2c(Cl)c[n+]([O-])cc2Cl)OC(=O)c2ccc(CNC(C)(C(=O)OCC3CCN(C)CC3)c3ccccc3)s2)cc1OC,742.72,,3,8.26,8.26,1.0,0.0,0,0,True,active
CHEMBL5801760,CN1CCCC1CCOC(=O)Nc1ccc(CO)cc1-c1cccc(F)c1,372.44,,1,6.66,6.66,1.0,0.0,0,0,True,active_single
CHEMBL5802633,CN1CCC[C@H]1COC(=O)Nc1ccc(F)cc1-c1cc(F)c(F)cc1F,382.36,,1,7.37,7.37,1.0,0.0,0,0,True,active_single
CHEMBL5804721,CN1CC[C@H](COC(=O)Nc2ccc(F)cc2-c2ccc(Cl)c(Cl)c2)C1,397.28,,1,8.47,8.47,1.0,0.0,0,0,True,active_single
CHEMBL5804988,COc1ccc([C@H](Cc2c(Cl)c[n+]([O-])cc2Cl)OC(=O)c2ccc(CNC(C(=O)O[C@H]3CCN(C)C3)c3ccccc3)s2)cc1OC,700.64,,2,9.12,9.12,1.0,0.0,0,0,True,active
CHEMBL5807156,CN1CCCC1CCOC(=O)Nc1ccccc1-c1ccc(Cl)cc1,358.87,,1,7.5,7.5,1.0,0.0,0,0,True,active_single
CHEMBL5808623,Cc1ccc(NC(=O)OC[C@@H]2CCN(C)C2)c(-c2ccccc2)c1,324.42,,1,7.45,7.45,1.0,0.0,0,0,True,active_single
CHEMBL5809265,Cc1ccc(NC(=O)OC[C@@H]2CCNC2)c(-c2cccc(F)c2)c1,328.39,,1,7.03,7.03,1.0,0.0,0,0,True,active_single
CHEMBL5810469,CCN1CC[C@@H](COC(=O)Nc2ccccc2-c2ccc(F)c(Cl)c2)C1,376.86,,1,8.25,8.25,1.0,0.0,0,0,True,active_single
CHEMBL5810614,CN1CC[C@@H](COC(=O)Nc2ccccc2-c2ccc(F)c(Cl)c2)C1,362.83,VELUFENACIN,1,8.8,8.8,1.0,0.0,0,0,True,active_single
CHEMBL5810729,CN1CC[C@@H](COC(=O)Nc2ccccc2-c2cc(F)cc(F)c2)C1,346.38,,1,8.35,8.35,1.0,0.0,0,0,True,active_single
CHEMBL5810978,COc1cccc(C(NCc2ccc(C(=O)O[C@@H](Cc3c(Cl)c[n+]([O-])cc3Cl)c3ccc(OC)c(OC)c3)s2)C(=O)OCC2CCN(C)CC2)c1,758.72,,3,8.26,8.26,1.0,0.0,0,0,True,active
CHEMBL5811649,CN1CC[C@@H](COC(=O)Nc2ccccc2-c2cccc(F)c2F)C1,346.38,,1,6.92,6.92,1.0,0.0,0,0,True,active_single
CHEMBL5815512,COc1ccc([C@H](Cc2c(Cl)c[n+]([O-])cc2Cl)OC(=O)c2ccc(CNC(CO)(C(=O)OCC3CCN(C)CC3)c3ccccc3)s2)cc1OC,758.72,,5,8.26,8.26,1.0,0.0,0,0,True,active
CHEMBL5817107,CN1CCC[C@H]1COC(=O)Nc1ccc(F)cc1-c1cccc(N)c1,343.4,,1,7.28,7.28,1.0,0.0,0,0,True,active_single
CHEMBL5820160,CN1CCC[C@H]1COC(=O)Nc1ccc(F)cc1-c1cccc(Cl)c1,362.83,,1,9.21,9.21,1.0,0.0,0,0,True,active_single
CHEMBL5820986,Cc1cccc(-c2ccccc2NC(=O)OCCC2CCCN2C)c1,338.45,,1,8.64,8.64,1.0,0.0,0,0,True,active_single
CHEMBL5821133,CN1CCCC1CCOC(=O)Nc1ccc(F)cc1-c1cc(F)cc(F)c1,378.39,,1,7.68,7.68,1.0,0.0,0,0,True,active_single
CHEMBL5822737,COc1ccc([C@H](Cc2c(Cl)c[n+]([O-])cc2Cl)OC(=O)c2ccc(CN3CCC(C(=O)O[C@H]4CN5CCC4CC5)(c4ccccc4)CC3)s2)cc1OC,780.77,,1,8.26,8.26,1.0,0.0,0,0,True,active_single
CHEMBL5823032,CN1CC[C@@H](COC(=O)Nc2ccccc2-c2cccc(F)c2)C1,328.39,,1,8.72,8.72,1.0,0.0,0,0,True,active_single
CHEMBL5823753,CN1CCCC1CCOC(=O)Nc1ccc(F)cc1-c1ccc(O)c(Cl)c1,392.86,,1,7.58,7.58,1.0,0.0,0,0,True,active_single
CHEMBL5823768,CN1CC[C@H](COC(=O)Nc2ccccc2-c2cccc(Cl)c2)C1,344.84,,1,8.62,8.62,1.0,0.0,0,0,True,active_single
CHEMBL5824092,CN1CCCC1CCOC(=O)Nc1cc(F)ccc1-c1cccc(F)c1,360.4,,1,7.51,7.51,1.0,0.0,0,0,True,active_single
CHEMBL5824333,CN1CCCC1CCOC(=O)Nc1ccccc1-c1ccc(F)cc1,342.41,,1,8.35,8.35,1.0,0.0,0,0,True,active_single
CHEMBL5824530,CN1CCC[C@H]1COC(=O)Nc1ccccc1-c1cc(Cl)ccc1F,362.83,,1,8.66,8.66,1.0,0.0,0,0,True,active_single
CHEMBL5825104,CN1CC[C@H](COC(=O)Nc2ccc(F)cc2-c2cccc(Cl)c2)C1,362.83,,1,8.57,8.57,1.0,0.0,0,0,True,active_single
CHEMBL5826982,CN1CCCC1CCOC(=O)Nc1ccc(Cl)cc1-c1cccc(Cl)c1,393.31,,1,8.09,8.09,1.0,0.0,0,0,True,active_single
CHEMBL5827007,CN1CC[C@@H](COC(=O)Nc2ccccc2-c2cc(F)cc(Cl)c2)C1,362.83,,1,8.33,8.33,1.0,0.0,0,0,True,active_single
CHEMBL5828415,CN1CCCC1CCOC(=O)Nc1ccc(Cl)cc1-c1cc(F)cc(Cl)c1,411.3,,1,7.23,7.23,1.0,0.0,0,0,True,active_single
CHEMBL5829000,Cc1cccc(-c2cc(F)ccc2NC(=O)OC[C@@H]2CCCN2C)c1,342.41,,1,8.57,8.57,1.0,0.0,0,0,True,active_single
CHEMBL583027,C[N+]1(C)CCCC1c1ccc(C(c2ccccc2)c2ccccc2)o1.[I-],459.37,,1,7.63,7.63,1.0,0.0,0,0,True,active_single
CHEMBL583051,CN1CCCC1c1ccc(C(O)(c2ccccc2)C2CCCCC2)o1,339.48,,1,8.11,8.11,1.0,0.0,0,0,True,active_single
CHEMBL5832981,CN1CCC[C@H]1COC(=O)Nc1ccccc1-c1cccc(N)c1,325.41,,1,8.03,8.03,1.0,0.0,0,0,True,active_single
CHEMBL5833976,CN1CCC[C@H]1COC(=O)Nc1ccccc1-c1ccc(Cl)c(Cl)c1,379.29,,1,8.04,8.04,1.0,0.0,0,0,True,active_single
CHEMBL5837130,CCOc1cc(C(Cc2c(Cl)c[n+]([O-])cc2Cl)OC(=O)c2ccc(CNC(C(=O)OCC3CCN(C)CC3)c3ccccc3)s2)ccc1OC,742.72,,3,8.26,8.26,1.0,0.0,0,0,True,active
CHEMBL5838301,CCN1CC[C@H](COC(=O)Nc2ccccc2-c2ccccc2)C1,324.42,,1,7.89,7.89,1.0,0.0,0,0,True,active_single
CHEMBL5839137,CN1CCCC1CCOC(=O)Nc1ccccc1-c1cccc(C(F)(F)F)c1,392.42,,1,7.06,7.06,1.0,0.0,0,0,True,active_single
CHEMBL5839509,CN1CCCC1CCOC(=O)Nc1ccc(Cl)cc1-c1ccc(F)c(Cl)c1,411.3,,1,8.32,8.32,1.0,0.0,0,0,True,active_single
CHEMBL5841371,CN1CCCC1CCOC(=O)Nc1ccccc1-c1cccc(Cl)c1,358.87,,1,8.88,8.88,1.0,0.0,0,0,True,active_single
CHEMBL5841398,Cc1cccc(-c2cc(F)ccc2NC(=O)OCCC2CCCN2C)c1,356.44,,1,8.42,8.42,1.0,0.0,0,0,True,active_single
CHEMBL5841768,COc1ccc([C@H](Cc2c(Cl)c[n+]([O-])cc2Cl)OC(=O)c2ccc(CNC(C(=O)OC[C@@H]3CCN(C)C3)c3ccccc3)s2)cc1OC,714.67,,3,8.26,8.26,1.0,0.0,0,0,True,active
CHEMBL5845992,CN1CCCC1CCOC(=O)Nc1ccc(Cl)cc1-c1ccc(F)cc1,376.86,,1,7.88,7.88,1.0,0.0,0,0,True,active_single
CHEMBL5846637,COc1ccc([C@H](Cc2c(Cl)c[n+]([O-])cc2Cl)OC(=O)c2ccc(CNC(C(=O)OCC3(C)CCN(C)CC3)c3ccccc3)s2)cc1OC,742.72,,2,7.26,7.26,1.0,0.0,0,0,True,active
CHEMBL5847323,O=C(O[C@H]1C[N+]2(CCOc3ccccc3)CCC1CC2)C1C2C=CC=CC2OC2C=CC=CC21,460.59,,1,7.8,7.8,1.0,0.0,0,0,True,active_single
CHEMBL5849271,COc1ccc([C@H](Cc2c(Cl)c[n+]([O-])cc2Cl)OC(=O)c2ccc(CNCC(C(=O)OCCN(C)C)c3ccccc3)s2)cc1OC,702.66,,1,8.26,8.26,1.0,0.0,0,0,True,active_single
CHEMBL5850063,CN1CCC[C@H]1COC(=O)Nc1ccc(CO)cc1-c1ccc(Cl)c(Cl)c1,409.31,,1,7.27,7.27,1.0,0.0,0,0,True,active_single
CHEMBL5850090,COc1ccc([C@H](Cc2c(Cl)c[n+]([O-])cc2Cl)OC(=O)c2csc(CNC(C(=O)OCC3CCN(C)CC3)c3ccccc3)c2)cc1OC,728.69,,3,8.26,8.26,1.0,0.0,0,0,True,active
CHEMBL5850095,CN1CC[C@H](COC(=O)Nc2ccc(F)cc2-c2ccc(F)cc2)C1,346.38,,1,8.09,8.09,1.0,0.0,0,0,True,active_single
CHEMBL5850800,CN1CC[C@@H](COC(=O)Nc2ccc(Cl)cc2-c2cccc(Cl)c2)C1,379.29,,1,7.84,7.84,1.0,0.0,0,0,True,active_single
CHEMBL5850985,CN1CC[C@@H](COC(=O)Nc2ccccc2-c2ccc(Cl)c(Cl)c2)C1,379.29,,1,8.68,8.68,1.0,0.0,0,0,True,active_single
CHEMBL5851308,CN1CCC[C@H]1COC(=O)Nc1ccccc1-c1cc(F)cc(Cl)c1,362.83,,1,7.99,7.99,1.0,0.0,0,0,True,active_single
CHEMBL5853819,Cc1cc(C)cc(-c2cc(F)ccc2NC(=O)OC[C@@H]2CCN(C)C2)c1,356.44,,1,7.34,7.34,1.0,0.0,0,0,True,active_single
CHEMBL5854041,COc1ccc([C@H](Cc2c(Cl)c[n+]([O-])cc2Cl)OC(=O)c2ccc(CNC(C(=O)OC[C@H]3CCCN3C)c3ccccc3)s2)cc1OC,714.67,,3,8.26,8.26,1.0,0.0,0,0,True,active
CHEMBL5854363,CN1CC[C@@H](COC(=O)Nc2ccc(F)cc2-c2cc(Cl)cc(CO)c2)C1,392.86,,1,7.08,7.08,1.0,0.0,0,0,True,active_single
CHEMBL5855372,CN(CCCC(=O)Nc1cccc(CCNC[C@H](O)c2ccc(O)c3[nH]c(=O)ccc23)c1)C(=O)CCN1CCC(OC(=O)Nc2ccccc2-c2ccccc2)CC1,788.95,,2,10.0,10.0,1.0,0.0,0,0,True,active
CHEMBL5855509,COc1ccc(C(Cc2c(Cl)c[n+]([O-])cc2Cl)OC(=O)c2ccc(CNC(C(=O)OCC3CCN(C)CC3)c3ccccc3)s2)cc1OCC1CC1,768.76,,3,8.26,8.26,1.0,0.0,0,0,True,active
CHEMBL5859909,COc1ccc([C@H](Cc2c(Cl)c[n+]([O-])cc2Cl)OC(=O)c2ccc(CNC(C(=O)OC[C@H]3CCCCN3C)c3ccccc3)s2)cc1OC,728.69,,2,7.76,7.76,1.0,0.0,0,0,True,active
CHEMBL5860992,CN1CCCC1CCOC(=O)Nc1ccc(C(F)(F)F)cc1-c1ccc(F)cc1,410.41,,1,6.59,6.59,1.0,0.0,0,0,True,active_single
CHEMBL5861747,Cc1cccc(-c2cc(F)ccc2NC(=O)OC[C@H]2CCNC2)c1,328.39,,1,7.74,7.74,1.0,0.0,0,0,True,active_single
CHEMBL5861748,Cc1cccc(-c2ccccc2NC(=O)OC[C@@H]2CCN(C)C2)c1,324.42,,1,8.61,8.61,1.0,0.0,0,0,True,active_single
CHEMBL5863255,CCOc1cc(C(Cc2c(Cl)c[n+]([O-])cc2Cl)OC(=O)c2ccc(CNC(C(=O)OCC3CCN(C)CC3)c3cccc(O)c3)s2)ccc1OC,758.72,,2,7.26,7.26,1.0,0.0,0,0,True,active
CHEMBL5864176,COc1ccc([C@H](Cc2c(Cl)c[n+]([O-])cc2Cl)OC(=O)c2ccc(CNC(C(=O)OCC3CN(C)C3)c3ccccc3)s2)cc1OC,700.64,,1,8.26,8.26,1.0,0.0,0,0,True,active_single
CHEMBL5866746,CN1CCCC1CCOC(=O)Nc1ccc(Cl)cc1-c1cc(F)cc(F)c1,394.85,,1,6.96,6.96,1.0,0.0,0,0,True,active_single
CHEMBL5868486,Cc1ccc(NC(=O)OC[C@@H]2CCCN2C)c(-c2ccccc2)c1,324.42,,1,8.14,8.14,1.0,0.0,0,0,True,active_single
CHEMBL5870595,O=C(O[C@H]1C[N+]2(CCCCc3ccccc3)CCC1CC2)C1C2C=CC=CC2OC2C=CC=CC21,472.65,,1,7.89,7.89,1.0,0.0,0,0,True,active_single
CHEMBL5872395,CN1CC[C@@H](COC(=O)Nc2ccc(F)cc2-c2cc(O)cc(Cl)c2)C1,378.83,,1,7.33,7.33,1.0,0.0,0,0,True,active_single
CHEMBL5873046,CN1CC[C@H](COC(=O)Nc2ccccc2-c2cc(Cl)cc(Cl)c2)C1,379.29,,1,7.37,7.37,1.0,0.0,0,0,True,active_single
CHEMBL5877833,CN1CCC(COC(=O)C(NCc2ccc(C(=O)O[C@@H](Cc3c(Cl)c[n+]([O-])cc3Cl)c3ccc(OC(F)F)c(OCC4CC4)c3)s2)c2ccccc2)CC1,804.74,,3,8.26,8.26,1.0,0.0,0,0,True,active
CHEMBL5878216,CN1CC[C@@H](COC(=O)Nc2ccccc2-c2ccc(F)c(F)c2)C1,346.38,,1,8.13,8.13,1.0,0.0,0,0,True,active_single
CHEMBL5880600,COc1ccc([C@H](Cc2c(Cl)c[n+]([O-])cc2Cl)OC(=O)c2ccc(CNC3(C(=O)OCC4CCN(C)CC4)CCc4ccccc43)s2)cc1OC,754.73,,3,8.26,8.26,1.0,0.0,0,0,True,active
CHEMBL5882068,CN1CCCC1CCOC(=O)Nc1ccccc1-c1ccc(N)c(Cl)c1,373.88,,1,7.55,7.55,1.0,0.0,0,0,True,active_single
CHEMBL5882533,COc1ccc([C@H](Cc2c(Cl)c[n+]([O-])cc2Cl)OC(=O)c2ccc(CN3CC(C(=O)O[C@@H]4CCN(C)C4)(c4ccccc4)C3)s2)cc1OC,726.68,,1,8.26,8.26,1.0,0.0,0,0,True,active_single
CHEMBL5884598,Cc1ccc(NC(=O)OCCC2CCCN2C)c(-c2cccc(F)c2)c1,356.44,,1,7.25,7.25,1.0,0.0,0,0,True,active_single
CHEMBL5884864,CN1CCCC1CCOC(=O)Nc1ccc(Cl)cc1-c1ccccc1,358.87,,1,8.16,8.16,1.0,0.0,0,0,True,active_single
CHEMBL5885280,CN1CC[C@H](COC(=O)Nc2ccccc2-c2ccccc2)C1,310.4,,1,8.71,8.71,1.0,0.0,0,0,True,active_single
CHEMBL5885374,O=C(O[C@H]1C[N+]2(CCCOc3ccccc3)CCC1CC2)C1(O)C2C=CC=CC2OC2C=CC=CC21,490.62,,1,7.96,7.96,1.0,0.0,0,0,True,active_single
CHEMBL5887215,COc1ccc([C@H](Cc2c(Cl)c[n+]([O-])cc2Cl)OC(=O)c2ccc(CNC[C@@H](C(=O)O[C@H]3CN4CCC3CC4)c3ccccc3)s2)cc1OC,740.71,,1,8.26,8.26,1.0,0.0,0,0,True,active_single
CHEMBL5887949,CN1CCC[C@H]1COC(=O)Nc1cc(F)ccc1-c1ccccc1,328.39,,1,8.45,8.45,1.0,0.0,0,0,True,active_single
CHEMBL5888366,CN1CCCC1CCOC(=O)Nc1ccccc1-c1ccc(C(C)(C)C)cc1,380.53,,1,6.51,6.51,1.0,0.0,0,0,True,active_single
CHEMBL5889099,CN1CCC[C@H]1COC(=O)Nc1ccccc1-c1cccc(O)c1,326.4,,1,7.64,7.64,1.0,0.0,0,0,True,active_single
CHEMBL5889739,O=C(O[C@H]1C[N+]2(CCCOc3ccccc3)CCC1CC2)C(c1ccccc1)c1ccccc1,456.61,,1,7.51,7.51,1.0,0.0,0,0,True,active_single
CHEMBL5890949,CC(C)N1CC[C@@H](COC(=O)Nc2ccccc2-c2ccc(F)c(Cl)c2)C1,390.89,,1,7.83,7.83,1.0,0.0,0,0,True,active_single
CHEMBL5891537,CN1CCC[C@@H]1COC(=O)Nc1ccccc1-c1ccccc1,310.4,,1,8.27,8.27,1.0,0.0,0,0,True,active_single
CHEMBL5891623,CN1CC[C@H](COC(=O)Nc2ccc(F)cc2-c2cc(O)cc(Cl)c2)C1,378.83,,1,7.28,7.28,1.0,0.0,0,0,True,active_single
CHEMBL5893732,CN1CC[C@@H](COC(=O)Nc2ccccc2-c2cccc(O)c2)C1,326.4,,1,7.57,7.57,1.0,0.0,0,0,True,active_single
CHEMBL5894110,CN1CCC[C@H]1COC(=O)Nc1ccc(F)cc1-c1ccccc1,328.39,,1,8.69,8.69,1.0,0.0,0,0,True,active_single
CHEMBL5896444,CN1CCCC1CCOC(=O)Nc1ccc(CO)cc1-c1ccc(F)c(Cl)c1,406.89,,1,7.15,7.15,1.0,0.0,0,0,True,active_single
CHEMBL5897667,COc1ccc([C@H](Cc2c(Cl)c[n+]([O-])cc2Cl)OC(=O)c2ccc(CNC(C(=O)OC[C@@H]3CN(C)CCN3C)c3ccccc3)s2)cc1OC,743.71,,1,7.26,7.26,1.0,0.0,0,0,True,active_single
CHEMBL5897716,COc1ccc(C(Cc2c(Cl)c[n+]([O-])cc2Cl)OC(=O)c2ccc(CNC(C(=O)OCC3CCN(C)CC3)c3cccc(O)c3)s2)cc1OCC1CC1,784.76,,2,7.76,7.76,1.0,0.0,0,0,True,active
CHEMBL5897820,CN1CCC[C@H]1COC(=O)Nc1ccc(F)cc1-c1cccc(F)c1,346.38,,1,8.66,8.66,1.0,0.0,0,0,True,active_single
CHEMBL5898637,CN1CCCC1CCOC(=O)Nc1ccc(Cl)cc1-c1cccc(F)c1,376.86,,1,7.79,7.79,1.0,0.0,0,0,True,active_single
CHEMBL5900604,CN1CCC[C@H]1COC(=O)Nc1ccccc1-c1cc(F)c(F)cc1F,364.37,,1,7.79,7.79,1.0,0.0,0,0,True,active_single
CHEMBL5901487,CN1CC[C@H](COC(=O)Nc2ccc(F)cc2-c2ccccc2)C1,328.39,,1,8.39,8.39,1.0,0.0,0,0,True,active_single
CHEMBL5902075,CN1CCCC1CCOC(=O)Nc1ccc(CO)cc1-c1ccccc1,354.45,,1,6.92,6.92,1.0,0.0,0,0,True,active_single
CHEMBL5903159,CN1CCC[C@H]1COC(=O)Nc1ccccc1-c1cccc(C#N)c1,335.41,,1,6.55,6.55,1.0,0.0,0,0,True,active_single
CHEMBL5903775,CN1CCCC1CCOC(=O)Nc1ccc(F)cc1-c1cccc(Cl)c1,376.86,,1,9.0,9.0,1.0,0.0,0,0,True,active_single
CHEMBL5903823,O=C(Nc1ccccc1-c1ccccc1)OC[C@@H]1CCNC1,296.37,,1,8.34,8.34,1.0,0.0,0,0,True,active_single
CHEMBL5906832,CC1(C(=O)O[C@H]2C[N+]3(CCCOc4ccccc4)CCC2CC3)C2C=CC=CC2C2C=CC=CC21,472.65,,1,7.64,7.64,1.0,0.0,0,0,True,active_single
CHEMBL5907828,O=C(Nc1ccccc1-c1cc(F)cc(F)c1)OC[C@H]1CCNC1,332.35,,1,7.52,7.52,1.0,0.0,0,0,True,active_single
CHEMBL5908373,CN1CC[C@@H](COC(=O)Nc2ccc(Cl)cc2-c2ccc(F)c(Cl)c2)C1,397.28,,1,8.16,8.16,1.0,0.0,0,0,True,active_single
CHEMBL5908497,Cc1cc(C)cc(-c2ccccc2NC(=O)OC[C@@H]2CCN(C)C2)c1,338.45,,1,7.51,7.51,1.0,0.0,0,0,True,active_single
CHEMBL5912118,Cc1cccc(-c2cc(F)ccc2NC(=O)OC[C@H]2CCN(C)C2)c1,342.41,,1,8.21,8.21,1.0,0.0,0,0,True,active_single
CHEMBL5913230,COc1ccc([C@H](Cc2c(Cl)c[n+]([O-])cc2Cl)OC(=O)c2ccc(CNC(C(=O)OCC3CCN(C)CC3)C3CCCCC3)s2)cc1OC,734.74,,2,7.26,7.26,1.0,0.0,0,0,True,active
CHEMBL5913245,COc1ccc(-c2ccccc2)c(NC(=O)OCCC2CCCN2C)c1,354.45,,1,6.94,6.94,1.0,0.0,0,0,True,active_single
CHEMBL5917125,CN1CCCC1CCOC(=O)Nc1ccc(F)cc1-c1cc(Cl)c(F)c(Cl)c1,429.29,,1,7.9,7.9,1.0,0.0,0,0,True,active_single
CHEMBL5918582,COc1ccc([C@H](Cc2c(Cl)c[n+]([O-])cc2Cl)OC(=O)c2ccc(CNCC(C(=O)O[C@@H]3CCN(C)C3)c3ccccc3)s2)cc1OC,714.67,,1,7.26,7.26,1.0,0.0,0,0,True,active_single
CHEMBL5919361,COc1ccc([C@H](Cc2c(Cl)c[n+]([O-])cc2Cl)OC(=O)c2ccc(CNC(C(=O)OCC3(F)CCN(C)CC3)c3ccccc3)s2)cc1OC,746.68,,3,8.26,8.26,1.0,0.0,0,0,True,active
CHEMBL5923709,CCN1CC[C@H](COC(=O)Nc2ccccc2-c2cccc(C)c2)C1,338.45,,1,7.71,7.71,1.0,0.0,0,0,True,active_single
CHEMBL5924908,O=C(O[C@H]1C[N+]2(CCCc3cccs3)CCC1CC2)C1(O)C2C=CC=CC2OC2C=CC=CC21,480.65,,1,7.72,7.72,1.0,0.0,0,0,True,active_single
CHEMBL5925762,CN1CCC[C@H]1COC(=O)Nc1ccccc1-c1ccccc1F,328.39,,1,7.97,7.97,1.0,0.0,0,0,True,active_single
CHEMBL5926272,CN1CCC[C@H]1COC(=O)Nc1ccc(F)cc1-c1cc(F)cc(F)c1,364.37,,1,8.21,8.21,1.0,0.0,0,0,True,active_single
CHEMBL5926762,O=C(O[C@H]1C[N+]2(CCc3ccccc3)CCC1CC2)C1(O)C2C=CC=CC2OC2C=CC=CC21,460.59,,1,8.16,8.16,1.0,0.0,0,0,True,active_single
CHEMBL5927337,CN1CCC[C@H]1COC(=O)Nc1ccc(F)cc1-c1cc(F)cc(Cl)c1,380.82,,1,8.34,8.34,1.0,0.0,0,0,True,active_single
CHEMBL5932927,COc1ccc([C@H](Cc2c(Cl)c[n+]([O-])cc2Cl)OC(=O)c2ccc(CN3CC(C(=O)O[C@H]4CN5CCC4CC5)(c4ccccc4)C3)s2)cc1OC,752.72,,1,9.0,9.0,1.0,0.0,0,0,True,active_single
CHEMBL5933643,CC1(C(=O)O[C@H]2C[N+]3(/C=C/Cc4ccccc4)CCC2CC3)C2C=CC=CC2C2C=CC=CC21,454.63,,1,7.85,7.85,1.0,0.0,0,0,True,active_single
CHEMBL593443,C[C@H]1CO[C@H](C[N+](C)(C)C)CO1.[I-],301.17,,1,4.35,4.35,0.0,1.0,0,0,False,inactive_single
CHEMBL59347,COc1cc2c(cc1OC)C1Oc3ccc4[nH]c(C)cc4c3CN1CC2,350.42,,1,4.49,4.49,0.0,1.0,0,0,False,inactive_single
CHEMBL5935732,COc1ccc([C@H](Cc2c(Cl)c[n+]([O-])cc2Cl)OC(=O)c2ccc(CNC(C(=O)OCC3CCN(C)CC3)c3ccccc3F)s2)cc1OC,746.68,,4,7.76,7.76,1.0,0.0,0,0,True,active
CHEMBL593620,C[C@@H]1OC[C@@H](C[N+](C)(C)C)OC1(C)C.[I-],329.22,,1,4.98,4.98,0.0,1.0,0,0,False,inactive_single
CHEMBL593685,C[C@H]1OC[C@@H](C[N+](C)(C)C)OC1(C)C.[I-],329.22,,1,4.79,4.79,0.0,1.0,0,0,False,inactive_single
CHEMBL5937219,Cc1ccc(-c2ccccc2NC(=O)OCCC2CCCN2C)cc1F,356.44,,1,7.91,7.91,1.0,0.0,0,0,True,active_single
CHEMBL593861,CC1(C)OC[C@@H](C[N+](C)(C)C)OC1(C)C.[I-],343.25,,1,4.39,4.39,0.0,1.0,0,0,False,inactive_single
CHEMBL593864,C[C@@H]1OC[C@@H](C[N+](C)(C)C)O[C@@H]1C.[I-],315.2,,1,4.0,4.0,0.0,1.0,0,0,False,inactive_single
CHEMBL593871,C[C@H]1OC[C@@H](C[N+](C)(C)C)O[C@@H]1C.[I-],315.2,,1,4.0,4.0,0.0,1.0,0,0,False,inactive_single
CHEMBL5939194,COc1ccc([C@H](Cc2c(Cl)c[n+]([O-])cc2Cl)OC(=O)c2ccc(CNCC(C)(C(=O)OC3CCN(C)CC3)c3ccccc3)s2)cc1OC,742.72,,3,7.26,7.26,1.0,0.0,0,0,True,active
CHEMBL5940359,CN1CCCC1CCOC(=O)Nc1cc(F)ccc1-c1ccccc1,342.41,,1,8.19,8.19,1.0,0.0,0,0,True,active_single
CHEMBL5940561,CN1CCCC1CCOC(=O)Nc1ccc(F)cc1-c1ccc(Cl)c(Cl)c1,411.3,,1,8.83,8.83,1.0,0.0,0,0,True,active_single
CHEMBL5940842,CC(Cc1cccc(CNC(=O)c2cccc(N(C)C(=O)CCN3CCC(OC(=O)Nc4ccccc4-c4ccccc4)CC3)c2)c1)NCC(O)c1ccc(O)c2[nH]c(=O)ccc12,851.02,,1,10.0,10.0,1.0,0.0,0,0,True,active_single
CHEMBL5941194,CN1CCCC1CCOC(=O)Nc1ccccc1-c1cccc(N)c1,339.44,,1,7.77,7.77,1.0,0.0,0,0,True,active_single
CHEMBL5941508,CN1CCCC1CCOC(=O)Nc1ccc(F)cc1-c1cccc(F)c1,360.4,,1,8.16,8.16,1.0,0.0,0,0,True,active_single
CHEMBL5943156,CN(C(=O)CCN1CCC(OC(=O)Nc2ccccc2-c2ccccc2)CC1)c1cccc(CNC(=O)Cc2cccc(CNC[C@H](O)c3ccc(O)c4[nH]c(=O)ccc34)c2)c1,836.99,,1,10.0,10.0,1.0,0.0,0,0,True,active_single
CHEMBL594376,C[C@@H]1CO[C@H](C[N+](C)(C)C)CO1.[I-],301.17,,1,4.18,4.18,0.0,1.0,0,0,False,inactive_single
CHEMBL5944352,COc1ccc([C@H](Cc2c(Cl)c[n+]([O-])cc2Cl)OC(=O)c2ccc(CNC(C(=O)OC[C@H]3CCCN(C)C3)c3ccccc3)s2)cc1OC,728.69,,2,8.26,8.26,1.0,0.0,0,0,True,active
CHEMBL5944875,O=C(O[C@H]1C[N+]2(CCc3ccccc3)CCC1CC2)C1C2C=CC=CC2OC2C=CC=CC21,444.6,,1,8.2,8.2,1.0,0.0,0,0,True,active_single
CHEMBL5945229,O=C(Nc1ccccc1-c1cc(F)cc(F)c1)OC[C@@H]1CCNC1,332.35,,1,7.56,7.56,1.0,0.0,0,0,True,active_single
CHEMBL594801,CC1(C)COC[C@@H](C[N+](C)(C)C)O1.[I-],315.2,,1,4.67,4.67,0.0,1.0,0,0,False,inactive_single
CHEMBL594802,CC1(C)CO[C@H](C[N+](C)(C)C)CO1.[I-],315.2,,1,4.11,4.11,0.0,1.0,0,0,False,inactive_single
CHEMBL594803,C[C@@H]1O[C@H](C[N+](C)(C)C)COC1(C)C.[I-],329.22,,1,4.49,4.49,0.0,1.0,0,0,False,inactive_single
CHEMBL5948778,CN1CCCC1CCOC(=O)Nc1ccccc1-c1ccc(F)c(Cl)c1,376.86,,1,8.61,8.61,1.0,0.0,0,0,True,active_single
CHEMBL5949898,Cc1cc(C)cc(-c2cc(F)ccc2NC(=O)OC[C@H]2CCN(C)C2)c1,356.44,,1,7.06,7.06,1.0,0.0,0,0,True,active_single
CHEMBL595022,C[C@H]1O[C@H](C[N+](C)(C)C)COC1(C)C.[I-],329.22,,1,4.33,4.33,0.0,1.0,0,0,False,inactive_single
CHEMBL5950288,CN1CC[C@@H](COC(=O)Nc2ccccc2-c2cc(Cl)ccc2F)C1,362.83,,1,8.29,8.29,1.0,0.0,0,0,True,active_single
CHEMBL5950711,Cc1ccc(NC(=O)OCCC2CCCN2C)c(-c2ccccc2)c1,338.45,,1,7.73,7.73,1.0,0.0,0,0,True,active_single
CHEMBL595265,C[C@@H]1OC[C@@H](C[N+](C)(C)C)O[C@H]1C.[I-],315.2,,1,4.96,4.96,0.0,1.0,0,0,False,inactive_single
CHEMBL5953851,CN1CCCC1CCOC(=O)Nc1ccc(F)cc1-c1ccccc1,342.41,,1,8.65,8.65,1.0,0.0,0,0,True,active_single
CHEMBL595449,CN(C)Cc1nc(-c2ccc(C(C)(C)C)cc2)n(-c2cccc(O)c2)n1,350.47,,1,5.0,5.0,0.0,1.0,0,0,False,inactive_single
CHEMBL5954621,CN1CCCC1CCOC(=O)Nc1ccccc1-c1ccc(F)cc1F,360.4,,1,7.72,7.72,1.0,0.0,0,0,True,active_single
CHEMBL5955613,COc1ccc([C@H](Cc2c(Cl)c[n+]([O-])cc2Cl)OC(=O)c2ccc(CNC3CC(C(=O)O[C@H]4CN5CCC4CC5)(c4ccccc4)C3)s2)cc1OC,766.74,,3,8.26,8.26,1.0,0.0,0,0,True,active
CHEMBL5956416,CN1CCC[C@H]1COC(=O)Nc1ccc(F)cc1-c1ccc(F)cc1,346.38,,1,8.63,8.63,1.0,0.0,0,0,True,active_single
CHEMBL5956654,O=C(O[C@@H](Cc1c(Cl)c[n+]([O-])cc1Cl)c1ccc(OC(F)F)c(OCC2CC2)c1)c1ccc(CNC(C(=O)OCC23CCN(CC2)CC3)c2ccccc2)s1,816.75,,2,8.63,8.63,1.0,0.0,0,0,True,active
CHEMBL5956786,COc1ccc([C@H](Cc2c(Cl)c[n+]([O-])cc2Cl)OC(=O)c2ccc(CNC(C(=O)OC[C@@H]3CCCN(C)C3)c3ccccc3)s2)cc1OC,728.69,,3,8.26,8.26,1.0,0.0,0,0,True,active
CHEMBL5957679,CCN1CCC[C@H]1COC(=O)Nc1ccccc1-c1ccccc1,324.42,,1,9.1,9.1,1.0,0.0,0,0,True,active_single
CHEMBL5958418,CN1CCCC1CCOC(=O)Nc1ccccc1-c1c(F)cccc1F,360.4,,1,7.34,7.34,1.0,0.0,0,0,True,active_single
CHEMBL5960179,O=C(O[C@H]1C[N+]2(/C=C/Cc3ccccc3)CCC1CC2)C1(O)C2C=CC=CC2C2C=CC=CC21,456.61,,1,7.51,7.51,1.0,0.0,0,0,True,active_single
CHEMBL5960712,Cc1cccc(-c2ccccc2NC(=O)OC[C@H]2CCN(C)C2)c1,324.42,,1,8.42,8.42,1.0,0.0,0,0,True,active_single
CHEMBL5961357,CN1CC[C@@H](COC(=O)Nc2ccccc2-c2ccccc2)C1,310.4,,1,8.61,8.61,1.0,0.0,0,0,True,active_single
CHEMBL5961507,Cc1cc(C)cc(-c2cc(F)ccc2NC(=O)OCCC2CCCN2C)c1,370.47,,1,7.16,7.16,1.0,0.0,0,0,True,active_single
CHEMBL5962631,CN1CC[C@@H](COC(=O)Nc2ccc(F)cc2-c2ccc(F)cc2)C1,346.38,,1,8.12,8.12,1.0,0.0,0,0,True,active_single
CHEMBL5962776,CN1CC[C@@H](COC(=O)Nc2ccc(F)cc2-c2cccc(Cl)c2)C1,362.83,,1,8.97,8.97,1.0,0.0,0,0,True,active_single
CHEMBL5963235,COc1ccc([C@H](Cc2c(Cl)c[n+]([O-])cc2Cl)OC(=O)c2ccc(CNC(C(=O)OCC34CCN(CC3)CC4)c3ccccc3)s2)cc1OC,740.71,,3,9.0,9.0,1.0,0.0,0,0,True,active
CHEMBL5963531,COc1ccc([C@H](Cc2c(Cl)c[n+]([O-])cc2Cl)OC(=O)c2ccc(CNC(CO)(C(=O)OC[C@H]3CCN(C)C3)c3ccccc3)s2)cc1OC,744.69,,3,8.26,8.26,1.0,0.0,0,0,True,active
CHEMBL5963986,CCN1CC[C@@H](COC(=O)Nc2ccccc2-c2ccccc2)C1,324.42,,1,7.89,7.89,1.0,0.0,0,0,True,active_single
CHEMBL5964352,CN1CCC[C@H]1COC(=O)Nc1ccc(F)cc1-c1ccc(F)c(F)c1,364.37,,1,7.77,7.77,1.0,0.0,0,0,True,active_single
CHEMBL5964791,COc1ccc([C@H](Cc2c(Cl)c[n+]([O-])cc2Cl)OC(=O)c2cccc(CN3CCC(C(=O)O[C@H]4CN5CCC4CC5)(c4ccccc4)CC3)c2)cc1OC,774.74,,1,8.26,8.26,1.0,0.0,0,0,True,active_single
CHEMBL5965703,CN1CCC[C@H]1COC(=O)Nc1ccc(F)cc1-c1cc(Cl)cc(CO)c1,392.86,,1,6.65,6.65,1.0,0.0,0,0,True,active_single
CHEMBL5966126,CN1CCCC1CCOC(=O)Nc1ccccc1-c1cccc(F)c1,342.41,,1,8.53,8.53,1.0,0.0,0,0,True,active_single
CHEMBL5966187,CN1CCC[C@H]1COC(=O)Nc1ccc(CO)cc1-c1cccc(Cl)c1,374.87,,1,7.82,7.82,1.0,0.0,0,0,True,active_single
CHEMBL5970263,COc1ccc([C@H](Cc2c(Cl)c[n+]([O-])cc2Cl)OC(=O)c2ccc(CNCC(C(=O)OCC3CCN(C)CC3)c3ccccc3)s2)cc1OC,742.72,,1,7.26,7.26,1.0,0.0,0,0,True,active_single
CHEMBL5971941,COc1ccc([C@H](Cc2c(Cl)c[n+]([O-])cc2Cl)OC(=O)c2ccc(CNC[C@@](O)(C(=O)O[C@H]3CN4CCC3CC4)c3ccccc3)s2)cc1OC,756.7,,1,9.0,9.0,1.0,0.0,0,0,True,active_single
CHEMBL5973816,COc1ccc([C@H](Cc2c(Cl)c[n+]([O-])cc2Cl)OC(=O)c2ccc(CNC(CO)(C(=O)OC[C@@H]3CCN(C)C3)c3ccccc3)s2)cc1OC,744.69,,3,8.26,8.26,1.0,0.0,0,0,True,active
CHEMBL5974210,CN1CCC[C@H]1COC(=O)Nc1ccccc1-c1ccc(Cl)cc1,344.84,,1,7.43,7.43,1.0,0.0,0,0,True,active_single
CHEMBL5974793,CN1CC[C@@H](COC(=O)Nc2ccc(F)cc2-c2ccc(F)c(Cl)c2)C1,380.82,,1,8.95,8.95,1.0,0.0,0,0,True,active_single
CHEMBL5974906,CN1CCC[C@H]1COC(=O)Nc1ccccc1-c1ccc(F)cc1,328.39,,1,8.73,8.73,1.0,0.0,0,0,True,active_single
CHEMBL5975424,COc1ccc([C@H](Cc2c(Cl)c[n+]([O-])cc2Cl)OC(=O)c2ccc(CNCC(C)(C(=O)OCCN(C)C)c3ccccc3)s2)cc1OC,716.68,,3,7.26,7.26,1.0,0.0,0,0,True,active
CHEMBL5977564,Cc1ccc(NC(=O)OC[C@@H]2CCNC2)c(-c2ccccc2)c1,310.4,,1,6.95,6.95,1.0,0.0,0,0,True,active_single
CHEMBL5979827,Cc1cccc(-c2cc(F)ccc2NC(=O)OC[C@H]2CCCN2C)c1,342.41,,1,7.97,7.97,1.0,0.0,0,0,True,active_single
CHEMBL5980689,CN1CCCC1CCOC(=O)Nc1ccccc1-c1cc(F)cc(F)c1,360.4,,1,8.06,8.06,1.0,0.0,0,0,True,active_single
CHEMBL5981453,CN1CCCC1CCOC(=O)Nc1ccccc1-c1ccc(C(F)(F)F)cc1,392.42,,1,7.1,7.1,1.0,0.0,0,0,True,active_single
CHEMBL5983283,O=C(Nc1ccc(F)cc1-c1ccccc1)OC[C@H]1CCNC1,314.36,,1,7.72,7.72,1.0,0.0,0,0,True,active_single
CHEMBL59836,CC(C)=CCCN1CCC(NC(=O)[C@](O)(c2ccccc2)C2CCCC2)CC1,384.56,,2,8.38,8.38,1.0,0.0,0,0,True,active
CHEMBL5983761,CCc1cccc(-c2cc(F)ccc2NC(=O)OCCC2CCCN2C)c1,370.47,,1,7.02,7.02,1.0,0.0,0,0,True,active_single
CHEMBL5985068,COc1ccc([C@H](Cc2c(Cl)c[n+]([O-])cc2Cl)OC(=O)c2ccc(CNC(C(=O)OCC3CCN(C(C)C)CC3)c3ccccc3)s2)cc1OC,756.75,,1,7.26,7.26,1.0,0.0,0,0,True,active_single
CHEMBL5986004,COc1ccc([C@@H](OC(=O)c2ccc(CN3CCC(C(=O)O[C@H]4CN5CCC4CC5)(c4ccccc4)CC3)cc2)Oc2c(Cl)c[n+]([O-])cc2Cl)cc1OC,776.71,,1,7.26,7.26,1.0,0.0,0,0,True,active_single
CHEMBL5988418,CN1CC[C@@H](COC(=O)Nc2ccccc2-c2ccc(F)cc2)C1,328.39,,1,8.37,8.37,1.0,0.0,0,0,True,active_single
CHEMBL59898,CCOC(=O)c1c(C)[nH]c2ccc3c(c12)CN1CCc2cc(OC)ccc2C1O3,392.46,,4,6.36,6.36,1.0,0.0,0,0,True,active
CHEMBL5989940,COc1ccc([C@H](Cc2c(Cl)c[n+]([O-])cc2Cl)OC(=O)c2ccc(CNC[C@](O)(C(=O)O[C@H]3CN4CCC3CC4)c3ccccc3)s2)cc1OC,756.7,,1,8.26,8.26,1.0,0.0,0,0,True,active_single
CHEMBL5990391,CN1CCC[C@H]1COC(=O)Nc1ccc(F)cc1-c1cc(O)cc(Cl)c1,378.83,,1,7.22,7.22,1.0,0.0,0,0,True,active_single
CHEMBL5991367,CN1CC[C@@H](COC(=O)Nc2ccccc2-c2cccc(CO)c2)C1,340.42,,1,6.83,6.83,1.0,0.0,0,0,True,active_single
CHEMBL5991396,Cc1cccc(-c2ccccc2NC(=O)OC[C@H]2CCCN2C)c1,324.42,,1,8.04,8.04,1.0,0.0,0,0,True,active_single
CHEMBL5992921,CN1CCC(COC(=O)C(NCc2ccc(C(=O)O[C@@H](Cc3c(Cl)c[n+]([O-])cc3Cl)c3ccc(OC(F)F)c(OCC4CC4)c3)s2)c2cccc(O)c2)CC1,820.74,,1,8.26,8.26,1.0,0.0,0,0,True,active_single
CHEMBL5993473,CN1CCC[C@H]1COC(=O)Nc1ccc(F)cc1-c1cccc(O)c1,344.39,,1,6.62,6.62,1.0,0.0,0,0,True,active_single
CHEMBL5995032,CN1CCCC1CCOC(=O)Nc1ccc(C(F)(F)F)cc1-c1cccc(Cl)c1,426.87,,1,7.0,7.0,1.0,0.0,0,0,True,active_single
CHEMBL5996056,CN1CCC[C@H]1COC(=O)Nc1ccc(F)cc1-c1ccc(Cl)cc1,362.83,,1,7.65,7.65,1.0,0.0,0,0,True,active_single
CHEMBL5996062,COc1ccc([C@H](Cc2c(Cl)c[n+]([O-])cc2Cl)OC(=O)c2ccc(CNC(C(=O)OC[C@H]3CCN(C)C3)c3ccccc3)s2)cc1OC,714.67,,5,8.26,8.26,1.0,0.0,0,0,True,active
CHEMBL5997077,CN1CC[C@@H](COC(=O)Nc2ccc(F)cc2-c2cccc(N)c2)C1,343.4,,1,7.46,7.46,1.0,0.0,0,0,True,active_single
CHEMBL6000151,CN1CC[C@H](COC(=O)Nc2ccccc2-c2cccc(F)c2)C1,328.39,,1,7.9,7.9,1.0,0.0,0,0,True,active_single
CHEMBL6001023,CN1CCCC1CCOC(=O)Nc1ccc(Cl)cc1-c1cc(Cl)cc(Cl)c1,427.76,,1,6.87,6.87,1.0,0.0,0,0,True,active_single
CHEMBL6002718,CN1CCCC1CCOC(=O)Nc1ccccc1-c1ccccc1,324.42,,1,8.61,8.61,1.0,0.0,0,0,True,active_single
CHEMBL6002887,CN1CC[C@H](COC(=O)Nc2ccc(F)cc2-c2ccc(Cl)cc2)C1,362.83,,1,7.16,7.16,1.0,0.0,0,0,True,active_single
CHEMBL6005743,CN1CCC[C@H]1COC(=O)Nc1ccc(CO)cc1-c1cc(Cl)cc(Cl)c1,409.31,,1,7.78,7.78,1.0,0.0,0,0,True,active_single
CHEMBL6005832,Cc1ccc(NC(=O)OC[C@@H]2CCCN2C)c(-c2cccc(F)c2)c1,342.41,,1,7.87,7.87,1.0,0.0,0,0,True,active_single
CHEMBL6007392,CN1CCC[C@H]1COC(=O)Nc1ccc(CO)cc1-c1ccccc1,340.42,,1,7.55,7.55,1.0,0.0,0,0,True,active_single
CHEMBL6008811,CN1CCCC1CCOC(=O)Nc1ccc(CO)cc1-c1cccc(Cl)c1,388.9,,1,7.24,7.24,1.0,0.0,0,0,True,active_single
CHEMBL6008887,Cc1cc(C)cc(-c2cc(F)ccc2NC(=O)OC[C@@H]2CCCN2C)c1,356.44,,1,6.96,6.96,1.0,0.0,0,0,True,active_single
CHEMBL6008919,CN1CCCC1CCOC(=O)Nc1ccccc1-c1cc(Cl)ccc1F,376.86,,1,8.33,8.33,1.0,0.0,0,0,True,active_single
CHEMBL6008981,CCN1CC[C@@H](COC(=O)Nc2ccc(F)cc2-c2ccc(F)c(Cl)c2)C1,394.85,,1,8.12,8.12,1.0,0.0,0,0,True,active_single
CHEMBL6011334,CN1CCC[C@H]1COC(=O)Nc1ccc(F)cc1-c1ccc(Cl)c(Cl)c1,397.28,,1,8.2,8.2,1.0,0.0,0,0,True,active_single
CHEMBL6012430,CN1CCCC1CCOC(=O)Nc1ccc(C(F)(F)F)cc1-c1ccccc1,392.42,,1,6.87,6.87,1.0,0.0,0,0,True,active_single
CHEMBL6014818,CN1CCCC1CCOC(=O)Nc1ccc(F)cc1-c1cc(O)cc(Cl)c1,392.86,,1,7.46,7.46,1.0,0.0,0,0,True,active_single
CHEMBL6014820,COc1ccc([C@H](Cc2c(Cl)c[n+]([O-])cc2Cl)OC(=O)c2ccc(CNC(C(=O)OC[C@@H]3CCCN3C)c3ccccc3)s2)cc1OC,714.67,,3,8.26,8.26,1.0,0.0,0,0,True,active
CHEMBL6019362,CN1CCCC1CCOC(=O)Nc1ccc(O)cc1-c1ccc(F)c(Cl)c1,392.86,,1,7.66,7.66,1.0,0.0,0,0,True,active_single
CHEMBL6020249,COc1ccc([C@H](Cc2c(Cl)c[n+]([O-])cc2Cl)OC(=O)c2ccc(CCN3CCC(C(=O)O[C@H]4CN5CCC4CC5)(c4ccccc4)CC3)cc2)cc1OC,788.77,,1,8.26,8.26,1.0,0.0,0,0,True,active_single
CHEMBL6020863,COCCN1CCC(COC(=O)C(NCc2ccc(C(=O)O[C@@H](Cc3c(Cl)c[n+]([O-])cc3Cl)c3ccc(OC)c(OC)c3)s2)c2ccccc2)CC1,772.75,,1,7.26,7.26,1.0,0.0,0,0,True,active_single
CHEMBL6022006,CN1CC[C@@H](COC(=O)Nc2ccc(F)cc2-c2cccc(F)c2)C1,346.38,,1,8.2,8.2,1.0,0.0,0,0,True,active_single
CHEMBL6022182,CN1CCCC1CCOC(=O)Nc1ccccc1-c1cc(Cl)cc(Cl)c1,393.31,,1,8.04,8.04,1.0,0.0,0,0,True,active_single
CHEMBL6022721,CN1CCC[C@H]1COC(=O)Nc1ccccc1-c1ccc(F)c(Cl)c1,362.83,,1,8.8,8.8,1.0,0.0,0,0,True,active_single
CHEMBL6023567,CN1CC[C@@H](COC(=O)Nc2ccccc2-c2cccc(Cl)c2)C1,344.84,,1,8.8,8.8,1.0,0.0,0,0,True,active_single
CHEMBL6023940,CN1CCC[C@H]1COC(=O)Nc1ccc(F)cc1-c1ccc(F)c(Cl)c1,380.82,,1,8.0,8.0,1.0,0.0,0,0,True,active_single
CHEMBL6024691,CN1CC[C@H](COC(=O)Nc2ccc(F)cc2-c2cc(F)cc(Cl)c2)C1,380.82,,1,7.9,7.9,1.0,0.0,0,0,True,active_single
CHEMBL6028144,COc1ccc(C(Cc2c(Cl)c[n+]([O-])cc2Cl)OC(=O)c2ccc(CNC(C(=O)OCC34CCN(CC3)CC4)c3ccccc3)s2)cc1OCC1CC1,780.77,,2,8.63,8.63,1.0,0.0,0,0,True,active
CHEMBL6028900,CN1CC[C@@H](COC(=O)Nc2ccc(F)cc2-c2ccccc2F)C1,346.38,,1,7.76,7.76,1.0,0.0,0,0,True,active_single
CHEMBL6030445,COc1ccc([C@H](Cc2c(Cl)c[n+]([O-])cc2Cl)OC(=O)c2ccc(CNC(C(=O)OC[C@@H]3CCN3C)c3ccccc3)s2)cc1OC,700.64,,3,8.26,8.26,1.0,0.0,0,0,True,active
CHEMBL6031610,CC1(C(=O)O[C@H]2C[N+]3(CCCOc4ccccc4)CCC2CC3)C2C=CC=CC2OC2C=CC=CC21,488.65,,1,7.89,7.89,1.0,0.0,0,0,True,active_single
CHEMBL6031988,Cc1ccc(NC(=O)OC[C@@H]2CCN(C)C2)c(-c2cccc(F)c2)c1,342.41,,1,7.34,7.34,1.0,0.0,0,0,True,active_single
CHEMBL6034616,CN1CC[C@H](COC(=O)Nc2ccccc2-c2ccc(F)c(Cl)c2)C1,362.83,,1,8.76,8.76,1.0,0.0,0,0,True,active_single
CHEMBL6038760,Cc1cccc(-c2cc(F)ccc2NC(=O)OC[C@@H]2CCN(C)C2)c1,342.41,,1,8.34,8.34,1.0,0.0,0,0,True,active_single
CHEMBL6039315,O=C(Nc1ccccc1-c1ccc(F)cc1)OC[C@H]1CCCN1,314.36,,1,7.0,7.0,1.0,0.0,0,0,True,active_single
CHEMBL6039433,CN1CCC[C@H]1COC(=O)Nc1ccccc1-c1cccc(Cl)c1,344.84,,1,9.2,9.2,1.0,0.0,0,0,True,active_single
CHEMBL6042400,CN1CCCC1CCOC(=O)Nc1ccc(F)cc1-c1cc(Cl)cc(Cl)c1,411.3,,1,7.41,7.41,1.0,0.0,0,0,True,active_single
CHEMBL6042652,CN1CC[C@@H](COC(=O)Nc2ccc(CO)cc2-c2ccc(F)c(Cl)c2)C1,392.86,,1,7.11,7.11,1.0,0.0,0,0,True,active_single
CHEMBL604482,O=C1C(=O)N(Cc2ccc(Oc3ccccc3)cc2)c2ccc(OC(F)(F)F)cc21,413.35,,1,4.52,,0.0,1.0,0,0,False,inactive_single
CHEMBL6045030,CN1CC[C@H](COC(=O)Nc2ccccc2-c2cc(F)cc(F)c2)C1,346.38,,1,7.97,7.97,1.0,0.0,0,0,True,active_single
CHEMBL6045352,O=C(O[C@H]1C[N+]2(CCCOc3ccc(F)cc3)CCC1CC2)C(O)(c1cccs1)c1cccs1,502.65,,2,8.25,8.25,1.0,0.0,0,0,True,active
CHEMBL6045840,COc1ccc([C@H](Cc2c(Cl)c[n+]([O-])cc2Cl)OC(=O)c2ccc(CNC(CO)(C(=O)OC3CCN(C)CC3)c3ccccc3)s2)cc1OC,744.69,,2,9.49,9.49,1.0,0.0,0,0,True,active
CHEMBL6046341,CN1CC[C@@H](COC(=O)Nc2ccc(F)cc2-c2cc(Cl)cc(Cl)c2)C1,397.28,,1,7.62,7.62,1.0,0.0,0,0,True,active_single
CHEMBL6047660,COc1ccc([C@H](Cc2c(Cl)c[n+]([O-])cc2Cl)OC(=O)c2ccc(CNC3CC(C(=O)OC4CCN(C)CC4)(c4ccccc4)C3)s2)cc1OC,754.73,,3,7.26,7.26,1.0,0.0,0,0,True,active
CHEMBL6048296,CN1CCC[C@H]1COC(=O)Nc1ccccc1-c1ccccc1,310.4,,1,9.11,9.11,1.0,0.0,0,0,True,active_single
CHEMBL6048516,Cc1cccc(-c2ccccc2NC(=O)OC[C@@H]2CCCN2C)c1,324.42,,1,9.1,9.1,1.0,0.0,0,0,True,active_single
CHEMBL6048712,CN1CCCC1CCOC(=O)Nc1ccc(F)cc1-c1ccc(F)c(F)c1,378.39,,1,8.04,8.04,1.0,0.0,0,0,True,active_single
CHEMBL6048818,COc1ccc([C@H](Cc2c(Cl)c[n+]([O-])cc2Cl)OC(=O)c2ccc(CNCC(C(=O)O[C@H]3CN4CCC3CC4)c3ccccc3)cc2)cc1OC,734.68,,1,8.26,8.26,1.0,0.0,0,0,True,active_single
CHEMBL6049794,COc1ccc([C@H](Cc2c(Cl)c[n+]([O-])cc2Cl)OC(=O)c2ccc(CNCC(C)(C(=O)O[C@H]3CN4CCC3CC4)c3ccccc3)s2)cc1OC,754.73,,3,8.26,8.26,1.0,0.0,0,0,True,active
CHEMBL6050604,O=C(O[C@H]1C[N+]2(CCCOc3ccccc3)CCC1CC2)C(O)(c1ccsc1)c1ccsc1,484.66,,2,8.27,8.27,1.0,0.0,0,0,True,active
CHEMBL6051420,CCN1CC[C@@H](COC(=O)Nc2ccccc2-c2cccc(C)c2)C1,338.45,,1,7.85,7.85,1.0,0.0,0,0,True,active_single
CHEMBL6052472,COc1ccc([C@H](Cc2c(Cl)c[n+]([O-])cc2Cl)OC(=O)c2ccc(CNCC(O)(C(=O)O[C@H]3CN4CCC3CC4)c3cccs3)s2)cc1OC,762.73,,1,8.26,8.26,1.0,0.0,0,0,True,active_single
CHEMBL6054189,CN1CCC[C@H]1COC(=O)Nc1ccc(F)cc1-c1cccc(C(F)(F)F)c1,396.38,,1,8.04,8.04,1.0,0.0,0,0,True,active_single
CHEMBL6056124,O=C(Nc1ccc(F)cc1-c1cc(F)cc(F)c1)OC[C@@H]1CCNC1,350.34,,1,7.46,7.46,1.0,0.0,0,0,True,active_single
CHEMBL6057209,COc1ccc([C@H](Cc2c(Cl)c[n+]([O-])cc2Cl)OC(=O)c2ccc(CNC(CO)(C(=O)OCC3CCN(C)CC3)c3cccs3)s2)cc1OC,764.75,,2,8.26,8.26,1.0,0.0,0,0,True,active
CHEMBL6058265,CN1CCC[C@H]1COC(=O)Nc1ccc(CO)cc1-c1cccc(F)c1,358.41,,1,6.92,6.92,1.0,0.0,0,0,True,active_single
CHEMBL6063206,CN1CC[C@@H](COC(=O)Nc2ccccc2-c2cccc(N)c2)C1,325.41,,1,7.78,7.78,1.0,0.0,0,0,True,active_single
CHEMBL6067677,O=C(O[C@@H]1C[N+]2(CCCCc3ccccc3)CCC1CC2)C(O)(c1cccs1)c1cccs1,482.69,,2,8.42,8.42,1.0,0.0,0,0,True,active
CHEMBL6067687,O=C(NCCCOc1cccc([C@@](O)(C(=O)OCC2CCN(Cc3ccccc3)CC2)c2ccccc2)c1)c1ccc(CNCC(O)c2ccc(O)c3[nH]c(=O)ccc23)cc1,824.98,,1,8.0,8.0,1.0,0.0,0,0,True,active_single
CHEMBL6067688,CN1CCC[C@@H](OC(=O)[C@](O)(c2ccccc2)c2cccc(OCCCNC(=O)c3cccc(CNC[C@H](O)c4ccc(O)c5[nH]c(=O)ccc45)c3)c2)C1,734.85,,1,9.4,9.4,1.0,0.0,0,0,True,active_single
CHEMBL6067689,COc1cc(C(=O)NCCCOc2cccc([C@](O)(C(=O)O[C@@H]3CCCN(C)C3)c3ccccc3)c2)c(OC)cc1CNC[C@H](O)c1ccc(O)c2[nH]c(=O)ccc12,794.9,,1,9.5,9.5,1.0,0.0,0,0,True,active_single
CHEMBL6067690,CN1CCC[C@@H](OC(=O)[C@](O)(c2ccccc2)c2cccc(OCCCNC(=O)c3ccc(CNC[C@H](O)c4ccc(O)c5[nH]c(=O)ccc45)c(F)c3)c2)C1.O=CO,798.87,,1,9.1,9.1,1.0,0.0,0,0,True,active_single
CHEMBL6067691,O=C(c1ccc(CCNC[C@H](O)c2ccc(O)c3[nH]c(=O)ccc23)cc1)N1CCC(c2cccc([C@](O)(C(=O)OCC3CCN(Cc4ccccc4)CC3)c3ccccc3)c2)CC1,849.04,,1,10.2,10.2,1.0,0.0,0,0,True,active_single
CHEMBL6067739,O=C(O[C@H]1C[N+]2(CCCc3cccs3)CCC1CC2)C1(O)C2C=CC=CC2C2C=CC=CC21,464.65,,1,7.51,7.51,1.0,0.0,0,0,True,active_single
CHEMBL6067827,COc1ccc([C@H](Cc2c(Cl)c[n+]([O-])cc2Cl)OC(=O)c2ccc(CNC(C(=O)OC[C@@H]3CN4CCC3CC4)c3ccccc3)s2)cc1OC,740.71,,6,8.26,8.26,1.0,0.0,0,0,True,active
CHEMBL6067830,COc1ccc([C@H](Cc2c(Cl)c[n+]([O-])cc2Cl)OC(=O)c2ccc(CN(C)CC(C)(C(=O)O[C@H]3CN4CCC3CC4)c3ccccc3)s2)cc1OC,768.76,,1,8.26,8.26,1.0,0.0,0,0,True,active_single
CHEMBL6067831,COc1ccc([C@H](Cc2c(Cl)c[n+]([O-])cc2Cl)OC(=O)c2ccc(CNC[C@H](C(=O)O[C@H]3CN4CCC3CC4)c3ccccc3)s2)cc1OC,740.71,,1,9.0,9.0,1.0,0.0,0,0,True,active_single
CHEMBL6067832,COc1ccc([C@H](Cc2c(Cl)c[n+]([O-])cc2Cl)OC(=O)c2ccc(CN(C)CC(C)(C(=O)O[C@@H]3CN4CCC3CC4)c3ccccc3)s2)cc1OC,768.76,,2,8.63,8.63,1.0,0.0,0,0,True,active
CHEMBL608151,CCOC[C@H]1[C@@H]2CNC[C@@]21c1ccc(Cl)c(Cl)c1,286.2,,1,7.2,7.2,1.0,0.0,0,0,True,active_single
CHEMBL608985,C[C@@H]1O[C@H](C[N+](C)(C)C)CO[C@@H]1C.[I-],315.2,,1,4.0,4.0,0.0,1.0,0,0,False,inactive_single
CHEMBL61494,CCOC(=O)c1c[nH]c2ccc3c(c12)CN1CCc2cc(OC)c(OC)cc2C1O3,408.45,,1,4.99,4.99,0.0,1.0,0,0,False,inactive_single
CHEMBL61774,COC(=O)c1c(C)[nH]c2ccc3c(c12)CN1CCc2ccccc2C1O3,348.4,,1,4.9,4.9,0.0,1.0,0,0,False,inactive_single
CHEMBL629,CN(C)CCC=C1c2ccccc2CCc2ccccc21,277.41,AMITRIPTYLINE,2,7.92,7.92,1.0,0.0,0,0,True,active
CHEMBL6373,Br.Oc1noc2c1CNCC2,221.05,,1,4.3,,0.0,1.0,0,0,False,inactive_single
CHEMBL6375,C/C=C/COc1noc2c1CNCC2.Cl,230.69,,1,4.3,,0.0,1.0,0,0,False,inactive_single
CHEMBL6377,CC(C)COc1noc2c1CNCC2.Cl,232.71,,1,4.3,,0.0,1.0,0,0,False,inactive_single
CHEMBL643,CC(CN1c2ccccc2Sc2ccccc21)N(C)C,284.43,PROMETHAZINE,2,8.04,8.04,1.0,0.0,0,0,True,active
CHEMBL64788,COC(=O)C1CC2CCCC1N2,169.22,,1,4.74,4.74,0.0,1.0,0,0,False,inactive_single
CHEMBL648,CN1CCN(C(c2ccccc2)c2ccccc2)CC1,266.39,CYCLIZINE,2,6.46,6.46,1.0,0.0,0,0,True,active
CHEMBL6568,CCN1CCc2onc(OC)c2C1.Cl,218.68,,1,4.7,,0.0,1.0,0,0,False,inactive_single
CHEMBL657,CN(C)CCOC(c1ccccc1)c1ccccc1,255.36,DIPHENHYDRAMINE,2,6.53,6.53,1.0,0.0,0,0,True,active
CHEMBL6587,Cl.c1ccc(COc2noc3c2CNCC3)cc1,266.73,,1,4.3,,0.0,1.0,0,0,False,inactive_single
CHEMBL66322,NCC1CCN(C(=O)[C@](O)(c2ccccc2)[C@@H]2CCC(F)(F)C2)CC1,352.43,,1,7.96,7.96,1.0,0.0,0,0,True,active_single
CHEMBL66400,NCC1CCN(C(=O)[C@](O)(c2ccccc2)C2CCCC2)CC1,316.45,,1,8.77,8.77,1.0,0.0,0,0,True,active_single
CHEMBL66820,NCCCC1CCN(C(=O)[C@](O)(c2ccccc2)[C@@H]2CCC(F)(F)C2)CC1,380.48,,1,7.33,7.33,1.0,0.0,0,0,True,active_single
CHEMBL6702,CC(C)Oc1noc2c1CNCC2.Cl,218.68,,1,4.3,,0.0,1.0,0,0,False,inactive_single
CHEMBL67814,O=C(N1CCNCC1)[C@](O)(c1ccccc1)[C@@H]1CCC(F)(F)C1,324.37,,1,7.3,7.3,1.0,0.0,0,0,True,active_single
CHEMBL67873,O=C(NCCC1CCNCC1)[C@](O)(c1ccccc1)[C@@H]1CCC(F)(F)C1,366.45,,1,7.05,7.05,1.0,0.0,0,0,True,active_single
CHEMBL6807,C=C(Br)COc1noc2c1CNCC2.Cl,295.56,,1,4.3,,0.0,1.0,0,0,False,inactive_single
CHEMBL68384,NCC=C1CCN(C(=O)[C@](O)(c2ccccc2)[C@@H]2CCC(F)(F)C2)CC1,364.44,,1,8.92,8.92,1.0,0.0,0,0,True,active_single
CHEMBL68584,NC1CCN(C(=O)[C@](O)(c2ccccc2)[C@@H]2CCC(F)(F)C2)CC1,338.4,,1,8.29,8.29,1.0,0.0,0,0,True,active_single
CHEMBL6859,CCCOc1noc2c1CNCC2.Cl,218.68,,1,4.3,,0.0,1.0,0,0,False,inactive_single
CHEMBL6860,CCCCOc1noc2c1CNCC2.Cl,232.71,,1,4.3,,0.0,1.0,0,0,False,inactive_single
CHEMBL68609,CC1(N)CCN(C(=O)[C@](O)(c2ccccc2)[C@@H]2CCC(F)(F)C2)CC1,352.43,,1,8.08,8.08,1.0,0.0,0,0,True,active_single
CHEMBL69402,NCC(=O)N1CCN(C(=O)[C@](O)(c2ccccc2)[C@@H]2CCC(F)(F)C2)CC1,381.42,,1,7.8,7.8,1.0,0.0,0,0,True,active_single
CHEMBL69582,NCCN1CCN(C(=O)[C@](O)(c2ccccc2)[C@@H]2CCC(F)(F)C2)CC1,367.44,,1,8.02,8.02,1.0,0.0,0,0,True,active_single
CHEMBL69648,NCCC1CCN(C(=O)[C@](O)(c2ccccc2)C2CCCC2)CC1,330.47,,1,8.96,8.96,1.0,0.0,0,0,True,active_single
CHEMBL69678,Nc1cccc(CN2CCC(NC(=O)[C@](O)(c3ccccc3)[C@@H]3CCC(F)(F)C3)CC2)n1,444.53,,2,8.55,8.55,1.0,0.0,0,0,True,active
CHEMBL71,CN(C)CCCN1c2ccccc2Sc2ccc(Cl)cc21,318.87,CHLORPROMAZINE,2,7.02,7.02,1.0,0.0,0,0,True,active
CHEMBL71124,COc1ccc([S+]([O-])c2ccc(C(C)C3CCN(C4CCCCC4)CC3)cc2)cc1,425.64,,1,9.8,9.8,1.0,0.0,0,0,True,active_single
CHEMBL71147,C=C(c1ccc(S(=O)(=O)c2ccc(OC)cc2)cc1)C1CCN(C2CCCCC2)CC1,439.62,,2,9.32,9.32,1.0,0.0,0,0,True,active
CHEMBL71431,NC1CCN(C(=O)[C@](O)(c2ccccc2)C2CCCC2)CC1,302.42,,1,8.85,8.85,1.0,0.0,0,0,True,active_single
CHEMBL71483,CC(C)(N)CC1CCN(C(=O)[C@](O)(c2ccccc2)[C@@H]2CCC(F)(F)C2)CC1,394.51,,1,7.59,7.59,1.0,0.0,0,0,True,active_single
CHEMBL715,Cc1cc2c(s1)Nc1ccccc1N=C2N1CCN(C)CC1,312.44,OLANZAPINE,3,7.0,7.0,1.0,0.0,0,0,True,active
CHEMBL71531,COc1ccc(S(=O)(=O)c2ccc(C(=O)C3CCN(C4CCCCC4)CC3)cc2)cc1,441.59,,1,7.86,7.86,1.0,0.0,0,0,True,active_single
CHEMBL71799,NCC1CCC(NC(=O)[C@](O)(c2ccccc2)[C@@H]2CCC(F)(F)C2)CC1,366.45,,1,7.0,7.0,1.0,0.0,0,0,True,active_single
CHEMBL71933,CNCCC1CCN(C(=O)[C@](O)(c2ccccc2)[C@@H]2CCC(F)(F)C2)CC1,380.48,,1,6.92,6.92,1.0,0.0,0,0,True,active_single
CHEMBL71971,COc1ccc(S(=O)(=O)c2ccc(C(C#N)N3CCN(C4CCCCC4)CC3)cc2)cc1,453.61,,1,8.17,8.17,1.0,0.0,0,0,True,active_single
CHEMBL72551,C=C(c1ccc(S(=O)(=O)c2ccc(OC)cc2)cc1)C1CCN(C2CCN(C(=O)CCC)CC2)CC1,510.7,,1,6.92,6.92,1.0,0.0,0,0,True,active_single
CHEMBL7482,COc1noc2c1CN(Cc1ccccc1)CC2.Cl,280.75,,1,4.3,,0.0,1.0,0,0,False,inactive_single
CHEMBL76897,C[N+]1(C)CCC(OC(=O)C(c2ccccc2)c2ccccc2)CC1.[I-],451.35,4-DAMP,18,9.35,9.35,1.0,0.0,0,0,True,active
CHEMBL82512,O=C(c1cccs1)N(c1ccc(Br)cc1)C1CCN(Cc2ccccc2)CC1,455.42,,1,8.7,8.7,1.0,0.0,0,0,True,active_single
CHEMBL82850,CC(=O)N(c1ccc(Br)cc1)C1CCN(Cc2ccccc2)CC1,387.32,,1,6.8,6.8,1.0,0.0,0,0,True,active_single
CHEMBL82859,COc1ccc(N(C(=O)c2ccccc2)C2CCN(Cc3ccccc3)CC2)cc1,400.52,,1,8.4,8.4,1.0,0.0,0,0,True,active_single
CHEMBL83363,O=C(C1CCC1)N(c1ccccc1)C1CCN(Cc2ccccc2)CC1,348.49,,1,7.8,7.8,1.0,0.0,0,0,True,active_single
CHEMBL83459,O=C(c1ccc([N+](=O)[O-])s1)N(c1ccc(Br)cc1)C1CCN(Cc2ccccc2)CC1,500.42,,1,8.1,8.1,1.0,0.0,0,0,True,active_single
CHEMBL83982,O=C(c1ccccc1)N(c1ccc(O)cc1)C1CCN(Cc2ccccc2)CC1,386.5,,1,8.6,8.6,1.0,0.0,0,0,True,active_single
CHEMBL84993,O=C(c1ccccc1)N(c1ccc(Cl)cc1)C1CCN(Cc2ccccc2)CC1,404.94,,1,8.9,8.9,1.0,0.0,0,0,True,active_single
CHEMBL85391,O=C(c1cccs1)N(c1ccc(Cl)cc1)C1CCN(Cc2ccccc2)CC1,410.97,,1,8.4,8.4,1.0,0.0,0,0,True,active_single
CHEMBL85568,O=C(c1ccccc1)N(Cc1ccccc1)C1CCN(Cc2ccccc2)CC1,384.52,,1,6.8,6.8,1.0,0.0,0,0,True,active_single
CHEMBL85678,CO/N=C1CN2CCC1C2,140.19,,1,4.84,,0.0,1.0,0,0,False,inactive_single
CHEMBL85892,O=C(c1ccccc1)N(c1ccc(Br)cc1)C1CCN(Cc2ccccc2)CC1,449.39,,1,9.0,9.0,1.0,0.0,0,0,True,active_single
CHEMBL85950,O=C(CCc1ccccc1)N(c1ccccc1)C1CCN(Cc2ccccc2)CC1,398.55,,1,7.1,7.1,1.0,0.0,0,0,True,active_single
CHEMBL85996,O=C(c1ccc(Cl)cc1)N(c1ccc(Br)cc1)C1CCN(Cc2ccccc2)CC1,483.84,,1,9.1,9.1,1.0,0.0,0,0,True,active_single
CHEMBL86012,O=C(c1ccc(Cl)cc1)N(c1ccccc1)C1CCN(Cc2ccccc2)CC1,404.94,,1,7.6,7.6,1.0,0.0,0,0,True,active_single
CHEMBL86309,O=C(Cc1ccccc1)N(c1ccccc1)C1CCN(Cc2ccccc2)CC1,384.52,,1,7.6,7.6,1.0,0.0,0,0,True,active_single
CHEMBL87132,O=C(c1ccc(Br)cc1)N(c1ccccc1)C1CCN(Cc2ccccc2)CC1,449.39,,1,7.5,7.5,1.0,0.0,0,0,True,active_single
CHEMBL87302,O=C(c1ccccc1)N(c1ccccc1)C1CCN(Cc2ccccc2)CC1,370.5,,1,7.6,7.6,1.0,0.0,0,0,True,active_single
CHEMBL88078,O=C(c1cccs1)N(c1ccccc1)C1CCN(Cc2ccccc2)CC1,376.52,,1,7.6,7.6,1.0,0.0,0,0,True,active_single
CHEMBL900,Cc1ccccc1C(OCCN(C)C)c1ccccc1,269.39,ORPHENADRINE,2,7.09,7.09,1.0,0.0,0,0,True,active
CHEMBL91776,CC[C@H]1C(=O)OC[C@@H]1Cc1cncn1C,208.26,,1,4.99,,0.0,1.0,0,0,False,inactive_single
CHEMBL936,OC(CCCN1CCCCC1)(c1ccccc1)c1ccccc1,309.45,DIPHENIDOL,2,6.95,6.95,1.0,0.0,0,0,True,active
CHEMBL9967,CN1CCN(CC(=O)N2c3ccccc3C(=O)Nc3cccnc32)CC1,351.41,PIRENZEPINE,3,6.8,6.8,1.0,0.0,0,0,True,active
